start_time,date,nrpl,close,change
2021-01-01,2021-01-01,1890077056.171835,29337.16,
2021-01-02,2021-01-02,2991779883.461275,32199.91,0.0975810201123763
2021-01-03,2021-01-03,3124216421.440317,33054.53,0.0265410679719291
2021-01-04,2021-01-04,2678476865.323674,32031.07,-0.0309627757526729
2021-01-05,2021-01-05,2647468843.604923,33999.52,0.0614543941242049
2021-01-06,2021-01-06,3198175638.3440466,36823.68,0.083064702089912
2021-01-07,2021-01-07,5582526003.462316,39498.92,0.0726499904409336
2021-01-08,2021-01-08,5076369285.3150425,40637.23,0.0288187626395861
2021-01-09,2021-01-09,3407575478.164597,40136.04,-0.0123332717313655
2021-01-10,2021-01-10,1723423047.2965426,38221.67,-0.047697032392832
2021-01-11,2021-01-11,1055826304.1017526,35408.46,-0.0736024878033848
2021-01-12,2021-01-12,1344937002.6682355,34056.9,-0.038170538905109
2021-01-13,2021-01-13,1117785512.235547,37421.07,0.0987808637897165
2021-01-14,2021-01-14,2230246104.9304285,39163.31,0.0465577280393103
2021-01-15,2021-01-15,1205667003.6262338,36755.24,-0.0614879079424083
2021-01-16,2021-01-16,756994082.4793428,36025.66,-0.0198496867385438
2021-01-17,2021-01-17,512971681.9848896,35869.83,-0.0043255279708963
2021-01-18,2021-01-18,1193503000.419567,36686.86,0.0227776379202242
2021-01-19,2021-01-19,1012047227.7356232,35891.03,-0.0216925078897458
2021-01-20,2021-01-20,387057902.8428865,35500.0,-0.0108949227703969
2021-01-21,2021-01-21,107648560.88811186,30879.97,-0.1301416901408451
2021-01-22,2021-01-22,145633190.52628252,32986.34,0.0682115299982479
2021-01-23,2021-01-23,295936432.7990949,32086.48,-0.0272797770228524
2021-01-24,2021-01-24,176315081.41706628,32275.63,0.0058950062456213
2021-01-25,2021-01-25,487296485.1995666,32253.68,-0.0006800796762139
2021-01-26,2021-01-26,149042158.2867436,32474.14,0.0068351890388942
2021-01-27,2021-01-27,1206942542.9003415,30381.04,-0.0644543627637251
2021-01-28,2021-01-28,903570183.0132812,33399.75,0.0993616413394669
2021-01-29,2021-01-29,2043950520.741024,34269.35,0.0260361230248729
2021-01-30,2021-01-30,533083147.79795927,34289.85,0.0005982021835839
2021-01-31,2021-01-31,643500762.9352206,33126.21,-0.0339354065415858
2021-02-01,2021-02-01,419377502.1503452,33546.09,0.0126751596394516
2021-02-02,2021-02-02,1001552906.9762534,35504.06,0.0583665637336572
2021-02-03,2021-02-03,976964267.928864,37652.51,0.0605127976913064
2021-02-04,2021-02-04,1488951460.0432386,36976.93,-0.0179424957326882
2021-02-05,2021-02-05,1879511644.61134,38362.65,0.0374752582218156
2021-02-06,2021-02-06,1237927466.0704494,39249.54,0.0231185801815045
2021-02-07,2021-02-07,1017542994.7171133,38849.25,-0.0101985908624662
2021-02-08,2021-02-08,2652581643.25563,46451.32,0.195681255107885
2021-02-09,2021-02-09,5193138541.558998,46492.54,0.0008873805954277
2021-02-10,2021-02-10,2716726801.4990687,44850.0,-0.0353291087129247
2021-02-11,2021-02-11,2231809307.7098045,48060.21,0.0715765886287624
2021-02-12,2021-02-12,2298547848.788628,47361.03,-0.0145480013508055
2021-02-13,2021-02-13,1036581554.28753,47221.62,-0.0029435592933683
2021-02-14,2021-02-14,969559944.3380208,48655.21,0.0303587636341149
2021-02-15,2021-02-15,2740623623.513178,47981.58,-0.0138449715868043
2021-02-16,2021-02-16,1650216123.3042843,49197.94,0.0253505616113516
2021-02-17,2021-02-17,2781460067.072556,52194.62,0.0609106804065373
2021-02-18,2021-02-18,3087475394.61,51619.7,-0.0110149283585166
2021-02-19,2021-02-19,4949588187.4471245,56004.1,0.0849365649161075
2021-02-20,2021-02-20,3690009530.4112735,55917.41,-0.0015479223842539
2021-02-21,2021-02-21,2296040874.242572,57487.43,0.0280774806987662
2021-02-22,2021-02-22,2002874980.3229427,54121.1,-0.0585576707812472
2021-02-23,2021-02-23,2608047070.36494,48930.0,-0.0959163801179207
2021-02-24,2021-02-24,2270822349.7946324,49702.03,0.0157782546494993
2021-02-25,2021-02-25,1779504900.1785636,47089.37,-0.0525664645890719
2021-02-26,2021-02-26,2235289647.4692006,46313.13,-0.0164843997700543
2021-02-27,2021-02-27,-237543269.78578755,46102.63,-0.0045451473480631
2021-02-28,2021-02-28,258541266.14304507,45163.36,-0.0203734580868812
2021-03-01,2021-03-01,1286814665.9578354,49592.7,0.0980737482773645
2021-03-02,2021-03-02,1396091391.5644605,48450.57,-0.023030204042127
2021-03-03,2021-03-03,1144029605.8947308,50373.75,0.0396936506629332
2021-03-04,2021-03-04,827659216.0001456,48385.77,-0.0394646020993076
2021-03-05,2021-03-05,820225031.6380029,48770.57,0.0079527513977766
2021-03-06,2021-03-06,488429956.824457,48908.21,0.0028221937943313
2021-03-07,2021-03-07,618568141.5279049,50995.27,0.0426729990731618
2021-03-08,2021-03-08,1557152125.5614743,52429.43,0.0281233926205313
2021-03-09,2021-03-09,1733489201.556047,54917.78,0.0474609393998752
2021-03-10,2021-03-10,1923961261.4338903,55947.98,0.018758952018818
2021-03-11,2021-03-11,3145801689.8572464,57844.52,0.0338982747902603
2021-03-12,2021-03-12,2435530915.351405,57291.03,-0.0095685814317414
2021-03-13,2021-03-13,1848052111.9530168,61267.41,0.0694066767520151
2021-03-14,2021-03-14,1810806110.523618,59037.12,-0.0364025507198688
2021-03-15,2021-03-15,1068138878.3929156,55646.61,-0.0574301388685627
2021-03-16,2021-03-16,1847211361.5755231,56954.19,0.0234979273670039
2021-03-17,2021-03-17,1562452435.7395782,58959.0,0.0352003952650366
2021-03-18,2021-03-18,1075559272.2287934,57700.01,-0.0213536525382044
2021-03-19,2021-03-19,878007542.1118394,58089.11,0.0067434996978337
2021-03-20,2021-03-20,987339598.644298,58145.61,0.0009726435815593
2021-03-21,2021-03-21,757365039.4135559,57415.18,-0.0125620833627853
2021-03-22,2021-03-22,1206708527.4348538,54129.56,-0.0572256326636962
2021-03-23,2021-03-23,1806643501.484753,54400.0,0.0049961610624582
2021-03-24,2021-03-24,1340942485.3568406,52311.54,-0.0383908088235294
2021-03-25,2021-03-25,1221571719.2398546,51325.21,-0.0188549218776583
2021-03-26,2021-03-26,1032597214.2207172,55030.0,0.0721826564372556
2021-03-27,2021-03-27,1501154011.4597423,55828.0,0.014501181173905
2021-03-28,2021-03-28,623594526.9540488,55805.08,-0.0004105466790856
2021-03-29,2021-03-29,1382275574.5090816,57677.64,0.0335553680776015
2021-03-30,2021-03-30,1577038044.8390336,58794.16,0.019357934894701
2021-03-31,2021-03-31,1568465340.0313556,58807.24,0.0002224710753584
2021-04-01,2021-04-01,2007478458.8067243,58794.01,-0.000224972299329
2021-04-02,2021-04-02,1331347093.2221074,59031.36,0.0040369758756035
2021-04-03,2021-04-03,390471303.51615065,57134.65,-0.0321305489150173
2021-04-04,2021-04-04,507206687.9820504,58234.61,0.0192520650778467
2021-04-05,2021-04-05,827075389.824898,59243.39,0.0173226883463286
2021-04-06,2021-04-06,5476999126.178066,58059.99,-0.0199752242402063
2021-04-07,2021-04-07,699474722.3078487,56018.18,-0.0351672468424468
2021-04-08,2021-04-08,878202127.2794359,58122.26,0.0375606633417937
2021-04-09,2021-04-09,786166590.5409925,58176.03,0.000925118878722
2021-04-10,2021-04-10,1105395356.9854758,59832.43,0.028472207539772
2021-04-11,2021-04-11,1242125926.0001774,60090.2,0.004308198747736
2021-04-12,2021-04-12,1588734748.4423242,59911.18,-0.0029791879541088
2021-04-13,2021-04-13,2414126607.6416674,63649.71,0.0624012079214597
2021-04-14,2021-04-14,2905854406.47596,63019.1,-0.0099075078268228
2021-04-15,2021-04-15,2083082428.1445384,63232.55,0.0033870683649879
2021-04-16,2021-04-16,972598282.1219412,61424.67,-0.0285909709477161
2021-04-17,2021-04-17,927741892.3570118,60090.14,-0.0217262868485903
2021-04-18,2021-04-18,3897727078.927443,56140.05,-0.0657360758354032
2021-04-19,2021-04-19,235175090.8858114,55634.39,-0.0090071170225178
2021-04-20,2021-04-20,653496077.9208524,56410.56,0.0139512628789495
2021-04-21,2021-04-21,307983093.25174135,53800.0,-0.0462778600318805
2021-04-22,2021-04-22,1079823981.796402,51714.61,-0.0387618959107806
2021-04-23,2021-04-23,-187427309.01116684,51122.62,-0.011447248659518
2021-04-24,2021-04-24,642817213.0472759,50092.4,-0.0201519405695561
2021-04-25,2021-04-25,15415995.64903118,49063.94,-0.020531258234782
2021-04-26,2021-04-26,1093335971.0001314,53984.33,0.1002852604173247
2021-04-27,2021-04-27,1614299575.6483953,55006.25,0.0189299376319016
2021-04-28,2021-04-28,670884628.6720792,54861.77,-0.0026266106124304
2021-04-29,2021-04-29,1238058301.988347,53558.8,-0.0237500539993513
2021-04-30,2021-04-30,1651245058.6307385,57684.16,0.0770248773310828
2021-05-01,2021-05-01,648781566.342632,57836.34,0.0026381592451028
2021-05-02,2021-05-02,521124307.0032015,56630.33,-0.0208521147776639
2021-05-03,2021-05-03,1060214020.2283412,57214.83,0.010321324279763
2021-05-04,2021-05-04,597709435.4988853,53263.32,-0.0690644366154719
2021-05-05,2021-05-05,1031945540.8623676,57497.77,0.0795003015208213
2021-05-06,2021-05-06,1238652815.8515365,56435.35,-0.0184775861742115
2021-05-07,2021-05-07,2579642479.0922294,57350.88,0.0162226335089619
2021-05-08,2021-05-08,837398246.8469042,58924.98,0.0274468325507821
2021-05-09,2021-05-09,786772037.4785408,58292.53,-0.0107331389845189
2021-05-10,2021-05-10,827470370.5411476,55869.67,-0.0415638161527729
2021-05-11,2021-05-11,315268948.3658132,56710.43,0.0150485943446596
2021-05-12,2021-05-12,1635753816.32872,49595.76,-0.1254561109834645
2021-05-13,2021-05-13,-334651994.2381811,49707.9,0.0022610803826779
2021-05-14,2021-05-14,94432504.94186722,49873.27,0.0033268353722446
2021-05-15,2021-05-15,34706374.39771154,46793.41,-0.0617537209811988
2021-05-16,2021-05-16,-202826102.6156479,46429.28,-0.0077816513051731
2021-05-17,2021-05-17,-958713300.445527,43566.18,-0.0616658281153617
2021-05-18,2021-05-18,-319248791.35029376,42882.53,-0.0156922181380144
2021-05-19,2021-05-19,-2665965676.1754475,36689.14,-0.1444268796640496
2021-05-20,2021-05-20,-1442256003.7757182,40500.3,0.1038770600782685
2021-05-21,2021-05-21,-700060360.7791308,37211.02,-0.0812161885220604
2021-05-22,2021-05-22,-703960008.936995,37432.58,0.0059541501415443
2021-05-23,2021-05-23,-627765064.9011024,34651.6,-0.0742930356390075
2021-05-24,2021-05-24,819589399.3415567,38779.66,0.1191304297637052
2021-05-25,2021-05-25,-552370159.0560232,38326.84,-0.0116767398166979
2021-05-26,2021-05-26,276106060.27354544,39224.2,0.023413357323484
2021-05-27,2021-05-27,-301991271.58013105,38527.38,-0.0177650532069487
2021-05-28,2021-05-28,-660286443.3082025,35670.99,-0.074139222547705
2021-05-29,2021-05-29,-418287645.8472323,34611.94,-0.0296893918559589
2021-05-30,2021-05-30,299805725.4325501,35651.81,0.030043678568725
2021-05-31,2021-05-31,-96875143.52238658,37243.38,0.0446420532365678
2021-06-01,2021-06-01,240698398.73381823,36693.41,-0.0147669196512237
2021-06-02,2021-06-02,-12159403.01472482,37569.99,0.023889303283614
2021-06-03,2021-06-03,287592013.3179301,39247.4,0.0446476030470064
2021-06-04,2021-06-04,-550320578.4958464,36828.03,-0.0616440834297304
2021-06-05,2021-06-05,-237194068.406292,35498.62,-0.0360977766119989
2021-06-06,2021-06-06,-184649245.7266726,35801.71,0.0085380783816384
2021-06-07,2021-06-07,-356637708.2744668,33550.96,-0.06286710886156
2021-06-08,2021-06-08,-1345015571.43901,33372.58,-0.005316688404743
2021-06-09,2021-06-09,472004324.2260864,37368.45,0.1197351238651609
2021-06-10,2021-06-10,115485407.37397853,36669.66,-0.0186999995985917
2021-06-11,2021-06-11,199304164.62721944,37300.42,0.017201141215926
2021-06-12,2021-06-12,-219212075.88375333,35537.05,-0.0472748028038289
2021-06-13,2021-06-13,111563345.98173933,38993.65,0.0972674996939813
2021-06-14,2021-06-14,702843466.2705395,40489.1,0.0383511161432694
2021-06-15,2021-06-15,339928996.84164584,40132.86,-0.0087984173518304
2021-06-16,2021-06-16,63573583.18004098,38344.97,-0.0445492795679151
2021-06-17,2021-06-17,-394641810.8571507,38060.71,-0.0074132278627419
2021-06-18,2021-06-18,-268020259.5641045,35811.41,-0.0590976889290818
2021-06-19,2021-06-19,-143998643.15830782,35483.0,-0.0091705408974402
2021-06-20,2021-06-20,-148069202.96998104,35588.64,0.002977200349463
2021-06-21,2021-06-21,-910557711.2084466,31606.0,-0.1119076199596275
2021-06-22,2021-06-22,-605872338.8444104,32496.0,0.0281592102765297
2021-06-23,2021-06-23,-19723032.89649157,33649.0,0.0354812900049237
2021-06-24,2021-06-24,-58760657.71676422,34644.64,0.0295889922434544
2021-06-25,2021-06-25,-3448028508.27391,31568.07,-0.0888036360025678
2021-06-26,2021-06-26,-509770966.2395648,32255.56,0.0217780181050029
2021-06-27,2021-06-27,173215337.00810567,34687.71,0.0754025042504298
2021-06-28,2021-06-28,78481884.15116358,34487.22,-0.0057798569003257
2021-06-29,2021-06-29,109284034.2717548,35911.26,0.0412918176646306
2021-06-30,2021-06-30,-284521149.7365131,35031.39,-0.0245012288624794
2021-07-01,2021-07-01,-395568470.5759097,33489.96,-0.0440013941781928
2021-07-02,2021-07-02,-1024837205.3238395,33760.94,0.0080913802226101
2021-07-03,2021-07-03,49840238.05609315,34652.94,0.0264210652902436
2021-07-04,2021-07-04,112602489.24098216,35280.16,0.0181000515396385
2021-07-05,2021-07-05,-103093404.0545354,33672.72,-0.0455621516455708
2021-07-06,2021-07-06,-58026258.66881927,34206.01,0.0158374494249351
2021-07-07,2021-07-07,61059624.88488367,33845.64,-0.0105352831271464
2021-07-08,2021-07-08,-395027993.8221932,32852.04,-0.0293568093261051
2021-07-09,2021-07-09,29311038.05379942,33805.01,0.0290079398417877
2021-07-10,2021-07-10,-32828461.05987023,33497.98,-0.0090823815759852
2021-07-11,2021-07-11,27067286.71165281,34253.81,0.0225634500946025
2021-07-12,2021-07-12,144335594.6894358,33070.87,-0.0345345525067136
2021-07-13,2021-07-13,-232909298.4443796,32709.09,-0.0109395368189588
2021-07-14,2021-07-14,-277623683.3004202,32803.01,0.0028713730647964
2021-07-15,2021-07-15,-479275616.22100216,31866.43,-0.0285516481566783
2021-07-16,2021-07-16,-315553244.31837946,31382.95,-0.0151720792068643
2021-07-17,2021-07-17,1417401909.824038,31496.65,0.0036229863668011
2021-07-18,2021-07-18,-164804224.31034124,31767.0,0.0085834525259034
2021-07-19,2021-07-19,-202699480.0696748,30823.62,-0.0296968552271225
2021-07-20,2021-07-20,-213970324.8503442,29775.9,-0.0339908161338609
2021-07-21,2021-07-21,35253818.10436364,32120.0,0.0787247404780375
2021-07-22,2021-07-22,196472976.68391484,32268.11,0.0046111457036115
2021-07-23,2021-07-23,-908492856.5686588,33634.46,0.0423436637596685
2021-07-24,2021-07-24,86889848.99941447,34230.0,0.017706245321019
2021-07-25,2021-07-25,34798613.93973556,35370.66,0.0333234005258546
2021-07-26,2021-07-26,1838200556.3561168,37218.09,0.0522305775464748
2021-07-27,2021-07-27,2410841184.117898,39442.33,0.059762336003809
2021-07-28,2021-07-28,1766715480.8834083,40003.08,0.0142169592922121
2021-07-29,2021-07-29,4315728614.219335,40012.9,0.0002454810979555
2021-07-30,2021-07-30,330884914.47200793,42203.25,0.054741095996541
2021-07-31,2021-07-31,261844004.22420067,41448.11,-0.017892934785828
2021-08-01,2021-08-01,130169442.42949316,39846.78,-0.038634572239844
2021-08-02,2021-08-02,102958061.27511925,39147.48,-0.0175497242186193
2021-08-03,2021-08-03,-136286109.8954045,38203.26,-0.0241195601862496
2021-08-04,2021-08-04,241337297.19457036,39731.31,0.0399978954675595
2021-08-05,2021-08-05,225386302.35183972,40882.4,0.0289718612348801
2021-08-06,2021-08-06,624257294.6082767,42825.43,0.0475272978103047
2021-08-07,2021-08-07,409929602.1572982,44601.11,0.0414632147301263
2021-08-08,2021-08-08,306074506.7213204,43787.71,-0.0182372142756088
2021-08-09,2021-08-09,930777905.4113483,46259.7,0.0564539684765428
2021-08-10,2021-08-10,644715223.3848984,45589.99,-0.014477179921184
2021-08-11,2021-08-11,535227661.8880947,45522.12,-0.0014887039896256
2021-08-12,2021-08-12,246028069.36515364,44385.09,-0.0249775274086533
2021-08-13,2021-08-13,690454718.7384917,47792.52,0.0767696990137905
2021-08-14,2021-08-14,865230091.9371077,47083.74,-0.0148303542060556
2021-08-15,2021-08-15,167565822.4821032,47006.02,-0.0016506760083204
2021-08-16,2021-08-16,460416648.1230231,45926.23,-0.0229713130360748
2021-08-17,2021-08-17,230544823.4922854,44704.84,-0.026594606176035
2021-08-18,2021-08-18,499317414.14754605,44714.09,0.0002069127190702
2021-08-19,2021-08-19,493823318.1732488,46772.0,0.0460237477716756
2021-08-20,2021-08-20,785224394.9909077,49332.74,0.0547494227315488
2021-08-21,2021-08-21,520116124.1465565,48848.29,-0.0098200505384455
2021-08-22,2021-08-22,356329047.5056021,49273.28,0.0087002021974567
2021-08-23,2021-08-23,1033014503.2732714,49523.91,0.0050865296566415
2021-08-24,2021-08-24,247709506.03770572,47719.36,-0.0364379549191492
2021-08-25,2021-08-25,1689399364.366164,48992.65,0.0266828809103893
2021-08-26,2021-08-26,453892275.19533664,46853.06,-0.0436716527887347
2021-08-27,2021-08-27,390852917.3039921,49083.98,0.04761524647483
2021-08-28,2021-08-28,319702789.7548308,48931.99,-0.0030965296620202
2021-08-29,2021-08-29,193832857.11420652,48795.41,-0.002791221039651
2021-08-30,2021-08-30,346127196.8020768,47024.7,-0.036288454180424
2021-08-31,2021-08-31,408330507.42133415,47150.32,0.002671362071422
2021-09-01,2021-09-01,487896170.4080609,48842.94,0.0358983777840744
2021-09-02,2021-09-02,801664976.5604218,49299.14,0.0093401420962784
2021-09-03,2021-09-03,575779133.1692853,50027.08,0.0147657748187899
2021-09-04,2021-09-04,382117437.1248364,49940.74,-0.001725865271369
2021-09-05,2021-09-05,287657642.9190786,51799.57,0.0372207139902212
2021-09-06,2021-09-06,583997482.6489141,52683.97,0.0170735008031919
2021-09-07,2021-09-07,-272391562.82874936,46864.39,-0.1104620627488779
2021-09-08,2021-09-08,10962698.56708885,46062.29,-0.0171153406669755
2021-09-09,2021-09-09,668003635.544883,46413.88,0.0076329248936601
2021-09-10,2021-09-10,-13783214.6463621,44860.83,-0.0334608957492886
2021-09-11,2021-09-11,72004867.81633422,45193.78,0.0074218421727818
2021-09-12,2021-09-12,161013709.85578206,46046.73,0.0188731723701802
2021-09-13,2021-09-13,-153726331.20922172,44975.96,-0.0232539856793306
2021-09-14,2021-09-14,512394958.9095327,47087.18,0.0469410769664504
2021-09-15,2021-09-15,746160051.3986236,48106.12,0.021639435617083
2021-09-16,2021-09-16,501272398.4504986,47745.55,-0.007495304131782
2021-09-17,2021-09-17,236869363.3926483,47303.11,-0.0092666227533246
2021-09-18,2021-09-18,281777548.65671843,48285.15,0.0207605800126038
2021-09-19,2021-09-19,119090413.9455407,47256.91,-0.0212951601061609
2021-09-20,2021-09-20,-651940996.639247,43026.6,-0.0895172790603533
2021-09-21,2021-09-21,-645203687.9623504,40726.1,-0.0534669251114426
2021-09-22,2021-09-22,263147726.70628652,43520.0,0.0686021985900933
2021-09-23,2021-09-23,164753876.38651454,44828.29,0.0300618106617647
2021-09-24,2021-09-24,-395359794.9556146,42798.49,-0.0452794429588994
2021-09-25,2021-09-25,-8951077.65524241,42651.58,-0.0034325977388454
2021-09-26,2021-09-26,2653284132.159724,43150.0,0.011685850793804
2021-09-27,2021-09-27,187953007.8154737,42122.69,-0.0238078794901506
2021-09-28,2021-09-28,-354244272.9628826,41006.32,-0.0265028183147848
2021-09-29,2021-09-29,32088128.88895579,41499.71,0.0120320477428845
2021-09-30,2021-09-30,515218357.86562896,43796.57,0.0553464108544372
2021-10-01,2021-10-01,1064430420.79661,48123.94,0.098806139384888
2021-10-02,2021-10-02,644835706.385783,47626.61,-0.0103343574944196
2021-10-03,2021-10-03,279874386.8476431,48187.3,0.0117726203901558
2021-10-04,2021-10-04,532760108.7553147,49198.22,0.020978971637755
2021-10-05,2021-10-05,1047446513.1969296,51455.12,0.0458736108745398
2021-10-06,2021-10-06,2803096968.556783,55321.6,0.0751427651903249
2021-10-07,2021-10-07,1739305416.0536628,53814.99,-0.0272336664160111
2021-10-08,2021-10-08,757501533.3288815,53975.0,0.0029733351246559
2021-10-09,2021-10-09,493904381.3917489,54960.77,0.0182634553033811
2021-10-10,2021-10-10,650943102.1813412,54700.0,-0.0047446569616836
2021-10-11,2021-10-11,1092488829.1123924,57500.01,0.0511884826325412
2021-10-12,2021-10-12,1091614633.172714,56011.84,-0.0258812128902239
2021-10-13,2021-10-13,929734504.7196498,57393.65,0.0246699626364712
2021-10-14,2021-10-14,1260288692.9801586,57378.19,-0.0002693677784911
2021-10-15,2021-10-15,2031501342.4248028,61702.33,0.0753620844435838
2021-10-16,2021-10-16,946562854.4423,60925.56,-0.0125889897512785
2021-10-17,2021-10-17,450872541.3578483,61571.45,0.0106012977147851
2021-10-18,2021-10-18,1598303968.2413623,62037.92,0.0075760762496255
2021-10-19,2021-10-19,3077360965.8734155,64316.7,0.0367320503330865
2021-10-20,2021-10-20,2931194250.5107074,66064.24,0.0271708592014205
2021-10-21,2021-10-21,1799471577.360889,62260.33,-0.0575789564823572
2021-10-22,2021-10-22,248376198.4572903,60734.27,-0.0245109526403088
2021-10-23,2021-10-23,356841937.9578617,61325.11,0.0097282802608806
2021-10-24,2021-10-24,860848899.9396627,60902.82,-0.0068860863029842
2021-10-25,2021-10-25,1751790880.9884105,63127.04,0.0365208047837521
2021-10-26,2021-10-26,948545679.4137932,60358.75,-0.0438526818301634
2021-10-27,2021-10-27,-226532284.92090943,58449.36,-0.031634021579307
2021-10-28,2021-10-28,954071364.9810818,60622.03,0.0371718355855392
2021-10-29,2021-10-29,1023682960.955492,62308.22,0.0278148059377094
2021-10-30,2021-10-30,375195441.44836587,61895.19,-0.0066288204028296
2021-10-31,2021-10-31,823217754.882326,61348.61,-0.0088307346661348
2021-11-01,2021-11-01,2037714924.7360408,60942.87,-0.0066136787777261
2021-11-02,2021-11-02,2607050894.0492806,63266.69,0.0381311218195008
2021-11-03,2021-11-03,1702847154.2765007,62946.45,-0.0050617473428751
2021-11-04,2021-11-04,232778181.21732652,61431.86,-0.024061563440035
2021-11-05,2021-11-05,1103237968.3501894,61006.0,-0.0069322335348466
2021-11-06,2021-11-06,478876439.3374429,61511.3,0.0082827918565386
2021-11-07,2021-11-07,382980945.6448084,63316.4,0.0293458275146192
2021-11-08,2021-11-08,2571572790.775137,67606.96,0.0677638021113014
2021-11-09,2021-11-09,1788167628.3259025,67009.98,-0.0088301559484409
2021-11-10,2021-11-10,1410897712.2670362,64920.13,-0.0311871455565275
2021-11-11,2021-11-11,850516492.6392425,64831.3,-0.0013682967055055
2021-11-12,2021-11-12,5863687906.291723,64156.08,-0.0104150310112554
2021-11-13,2021-11-13,380810772.7928276,64427.0,0.0042228265816739
2021-11-14,2021-11-14,287087640.37982523,65568.39,0.0177160196811896
2021-11-15,2021-11-15,1231367288.2250082,63654.49,-0.0291893700607869
2021-11-16,2021-11-16,626658890.935066,60106.03,-0.0557456355396139
2021-11-17,2021-11-17,587805198.14765,60366.96,0.0043411617769464
2021-11-18,2021-11-18,-504085877.9834649,56921.05,-0.0570827154456675
2021-11-19,2021-11-19,-3856548.06006087,58069.51,0.0201763670909091
2021-11-20,2021-11-20,308654258.5562144,59716.29,0.0283587720991618
2021-11-21,2021-11-21,127576386.83831324,58661.39,-0.0176651965485464
2021-11-22,2021-11-22,-346211868.9692743,56268.31,-0.0407948055782517
2021-11-23,2021-11-23,79613547.37514652,57574.23,0.0232088008330089
2021-11-24,2021-11-24,218616853.77936697,57165.08,-0.0071064780197668
2021-11-25,2021-11-25,3331770385.5962024,58988.21,0.0318923720565071
2021-11-26,2021-11-26,-859525725.9856654,53755.65,-0.0887051836290675
2021-11-27,2021-11-27,-99514675.4082688,54738.77,0.0182886822129393
2021-11-28,2021-11-28,210234281.86325803,57315.73,0.0470774188020668
2021-11-29,2021-11-29,900415185.5912445,57827.98,0.0089373370975123
2021-11-30,2021-11-30,370650889.9034444,56975.0,-0.0147502990766753
2021-12-01,2021-12-01,794242025.3869904,57209.29,0.0041121544537077
2021-12-02,2021-12-02,-39886122.01200509,56513.57,-0.0121609619696381
2021-12-03,2021-12-03,-317147799.6747586,53612.0,-0.0513428898581349
2021-12-04,2021-12-04,-2166319251.670381,49135.66,-0.0834951130343952
2021-12-05,2021-12-05,-237542255.61507308,49376.6,0.0049035669816992
2021-12-06,2021-12-06,-588909761.2519982,50424.72,0.0212270589712535
2021-12-07,2021-12-07,1315888639.5060515,50577.2,0.0030239136677405
2021-12-08,2021-12-08,-231135694.33794972,50455.61,-0.0024040476736552
2021-12-09,2021-12-09,-589274879.2069806,47539.76,-0.0577904022961965
2021-12-10,2021-12-10,-245953724.7665116,47136.35,-0.0084857390950228
2021-12-11,2021-12-11,168377123.39089093,49381.15,0.0476235431890674
2021-12-12,2021-12-12,72298644.32627444,50057.01,0.013686599036272
2021-12-13,2021-12-13,-365182346.9879474,46679.93,-0.0674646767755405
2021-12-14,2021-12-14,183550121.4605179,48324.04,0.0352209182832965
2021-12-15,2021-12-15,3185159.94232067,48870.48,0.0113078293950588
2021-12-16,2021-12-16,80903420.37738498,47624.5,-0.0254955547807184
2021-12-17,2021-12-17,-454838735.79329085,46125.33,-0.0314789656584321
2021-12-18,2021-12-18,-51006215.03626427,46815.99,0.0149735514087379
2021-12-19,2021-12-19,20176633.24529606,46668.63,-0.0031476425041957
2021-12-20,2021-12-20,-387911323.13399816,46898.14,0.0049178645269853
2021-12-21,2021-12-21,399465051.5416988,48875.15,0.0421554031780364
2021-12-22,2021-12-22,183637727.61318097,48569.69,-0.0062498017908896
2021-12-23,2021-12-23,368118171.983026,50817.92,0.0462887451000819
2021-12-24,2021-12-24,418771083.8074143,50808.55,-0.0001843837764314
2021-12-25,2021-12-25,-45969689.9350964,50403.64,-0.0079693279969612
2021-12-26,2021-12-26,32145278.55033934,50765.73,0.0071838065663512
2021-12-27,2021-12-27,389562312.2190806,50707.72,-0.0011427000064807
2021-12-28,2021-12-28,-428983708.83725154,47522.03,-0.0628245561030944
2021-12-29,2021-12-29,-342750317.04245555,46436.54,-0.0228418272535916
2021-12-30,2021-12-30,30606502.75411579,47095.02,0.0141802123930852
2021-12-31,2021-12-31,43092427.15415857,46210.56,-0.0187803296399491
2022-01-01,2022-01-01,77479255.98178458,47704.35,0.0323257281452551
2022-01-02,2022-01-02,-30515687.49804415,47280.0,-0.008895415197985
2022-01-03,2022-01-03,-229831647.35334376,46445.81,-0.0176436125211506
2022-01-04,2022-01-04,-276583623.6132809,45833.42,-0.0131850429565121
2022-01-05,2022-01-05,-180456035.28812104,43421.69,-0.0526194641377404
2022-01-06,2022-01-06,-882842561.4613357,43080.01,-0.0078688784337965
2022-01-07,2022-01-07,-896656352.3884741,41553.86,-0.0354259434944421
2022-01-08,2022-01-08,-221588065.23949105,41688.05,0.0032293028854599
2022-01-09,2022-01-09,-98244190.5821588,41851.22,0.0039140712986094
2022-01-10,2022-01-10,-297170877.893392,41801.55,-0.0011868232276143
2022-01-11,2022-01-11,-178497709.82523125,42700.68,0.0215094894806531
2022-01-12,2022-01-12,303239876.3930481,43880.72,0.0276351570982007
2022-01-13,2022-01-13,-213385320.375606,42534.32,-0.0306831793097287
2022-01-14,2022-01-14,-104616272.3331527,43042.4,0.0119451774472942
2022-01-15,2022-01-15,63820917.26488112,43070.51,0.0006530769659685
2022-01-16,2022-01-16,7154792.7095606,43060.66,-0.0002286947612182
2022-01-17,2022-01-17,-462007917.3084288,42176.34,-0.0205366104467513
2022-01-18,2022-01-18,-258235732.3363536,42337.58,0.0038229964951914
2022-01-19,2022-01-19,-597328676.908336,41657.89,-0.0160540588290593
2022-01-20,2022-01-20,-220984316.2715872,40661.69,-0.0239138372106699
2022-01-21,2022-01-21,-2508083445.178344,36425.98,-0.1041695512409838
2022-01-22,2022-01-22,-977075795.2066787,35043.73,-0.0379468170794581
2022-01-23,2022-01-23,-174794511.13710558,36230.01,0.0338514193551884
2022-01-24,2022-01-24,-920840214.282328,36648.31,0.0115456771886068
2022-01-25,2022-01-25,-49896419.52066439,36934.26,0.0078025426001908
2022-01-26,2022-01-26,-165215108.42766175,36787.43,-0.0039754417714068
2022-01-27,2022-01-27,-500282986.85030407,37131.0,0.009339331396621
2022-01-28,2022-01-28,-566593585.8972031,37696.21,0.0152220516549512
2022-01-29,2022-01-29,-788138950.5082332,38150.01,0.0120383454994548
2022-01-30,2022-01-30,-396662447.6116723,37870.01,-0.0073394476174448
2022-01-31,2022-01-31,-190617769.1262205,38439.04,0.0150258740359454
2022-02-01,2022-02-01,2457628387.9140854,38680.51,0.0062818946570986
2022-02-02,2022-02-02,-300977116.92313445,36892.03,-0.0462372393745584
2022-02-03,2022-02-03,-345886866.2328202,37289.86,0.0107836299601837
2022-02-04,2022-02-04,623020402.6456559,41550.0,0.11424392582863
2022-02-05,2022-02-05,344779042.0073938,41374.69,-0.0042192539109505
2022-02-06,2022-02-06,35796803.90804997,42361.35,0.0238469460435835
2022-02-07,2022-02-07,773270506.788776,43829.99,0.0346693389138921
2022-02-08,2022-02-08,368350181.0197398,44021.57,0.0043709797789139
2022-02-09,2022-02-09,260269101.5042041,44358.08,0.0076442071466329
2022-02-10,2022-02-10,448664241.0862208,43471.29,-0.0199916227212719
2022-02-11,2022-02-11,122798613.1157656,42366.0,-0.025425746509938
2022-02-12,2022-02-12,149189225.75810316,42199.87,-0.0039213048199027
2022-02-13,2022-02-13,29719162.87038336,42041.13,-0.0037616229623457
2022-02-14,2022-02-14,-58484481.30777379,42525.14,0.0115127733245989
2022-02-15,2022-02-15,517031664.329745,44529.6,0.0471358824450665
2022-02-16,2022-02-16,181696168.23334205,43860.7,-0.0150214688656534
2022-02-17,2022-02-17,-336043232.8129987,40491.7,-0.0768113595998239
2022-02-18,2022-02-18,-389950111.3995786,39966.8,-0.0129631504728128
2022-02-19,2022-02-19,-79369201.71507598,40052.6,0.0021467818289178
2022-02-20,2022-02-20,-324243577.63191533,38368.1,-0.0420571947888526
2022-02-21,2022-02-21,-314155567.57177,36986.4,-0.0360116867918921
2022-02-22,2022-02-22,-309436225.0849278,38212.0,0.0331365042285811
2022-02-23,2022-02-23,182218412.584902,37227.8,-0.0257563069192923
2022-02-24,2022-02-24,-710642945.6709158,38315.1,0.0292066681351033
2022-02-25,2022-02-25,-59449767.44135271,39205.4,0.0232362697735357
2022-02-26,2022-02-26,-78955589.02295738,39099.3,-0.0027062598519591
2022-02-27,2022-02-27,-10751969.5115072,37672.0,-0.036504489850202
2022-02-28,2022-02-28,1078490820.4266393,43155.0,0.1455457634317265
2022-03-01,2022-03-01,591631606.0520046,44394.1,0.0287127795156991
2022-03-02,2022-03-02,276364131.00216496,43885.7,-0.0114519722215339
2022-03-03,2022-03-03,350658459.33665705,42449.5,-0.0327259221113026
2022-03-04,2022-03-04,-499112480.844528,39127.7,-0.0782529829562186
2022-03-05,2022-03-05,-116092878.2870725,39375.1,0.0063228863439457
2022-03-06,2022-03-06,-64150625.56608239,38401.1,-0.0247364451137901
2022-03-07,2022-03-07,-171414354.60318395,37963.8,-0.011387694623331
2022-03-08,2022-03-08,40504091.37160342,38709.9,0.0196529325304632
2022-03-09,2022-03-09,339898220.07645416,41937.5,0.08337918723634
2022-03-10,2022-03-10,-622863342.9115129,39407.2,-0.0603350223546945
2022-03-11,2022-03-11,382632200.11794734,38713.0,-0.0176160701597677
2022-03-12,2022-03-12,49085961.52870887,38792.6,0.0020561568465373
2022-03-13,2022-03-13,-72114772.52986182,37743.7,-0.0270386620128582
2022-03-14,2022-03-14,874950.46634273,39653.8,0.0506071211884369
2022-03-15,2022-03-15,-146621585.1555645,39271.0,-0.0096535514881298
2022-03-16,2022-03-16,438488986.05686927,41105.8,0.0467214993252018
2022-03-17,2022-03-17,-205693791.44776028,40898.1,-0.0050528149312263
2022-03-18,2022-03-18,193847609.4601849,41751.5,0.020866495020551
2022-03-19,2022-03-19,171443786.04075646,42188.2,0.0104595044489419
2022-03-20,2022-03-20,9367592.61543386,41261.0,-0.0219777094068956
2022-03-21,2022-03-21,2239884.19817813,40982.0,-0.0067618332081141
2022-03-22,2022-03-22,503521597.8211129,42349.8,0.0333756283246304
2022-03-23,2022-03-23,129339368.87208416,42867.9,0.0122338240086139
2022-03-24,2022-03-24,508393857.36838233,43973.4,0.0257885270797029
2022-03-25,2022-03-25,2305577348.468725,44290.6,0.0072134517685691
2022-03-26,2022-03-26,89960899.16139056,44489.2,0.0044840214402153
2022-03-27,2022-03-27,375152909.6742678,46820.8,0.0524082249175081
2022-03-28,2022-03-28,1574027781.4518132,47121.9,0.0064309025048696
2022-03-29,2022-03-29,912633050.8699342,47418.5,0.0062943132598642
2022-03-30,2022-03-30,308951374.28231585,47053.2,-0.0077037443192004
2022-03-31,2022-03-31,-78812017.83743438,45506.0,-0.0328819293905621
2022-04-01,2022-04-01,375749973.60811,46266.2,0.016705489386015
2022-04-02,2022-04-02,66158474.42160745,45794.6,-0.0101931863866061
2022-04-03,2022-04-03,130439697.150345,46392.4,0.0130539408576557
2022-04-04,2022-04-04,179712147.35328424,46580.9,0.0040631655184901
2022-04-05,2022-04-05,157359371.6858636,45477.4,-0.0236899673471315
2022-04-06,2022-04-06,-541596723.4591473,43159.7,-0.0509637754137221
2022-04-07,2022-04-07,-236682337.22650453,43417.1,0.0059638968760209
2022-04-08,2022-04-08,-157649072.2110266,42229.2,-0.027360187575863
2022-04-09,2022-04-09,-73449386.40803489,42727.7,0.0118046280772545
2022-04-10,2022-04-10,-3596197.96220658,42140.4,-0.0137451816971191
2022-04-11,2022-04-11,-725019898.930271,39505.6,-0.0625243234520792
2022-04-12,2022-04-12,410560630.85149103,40060.7,0.0140511724920011
2022-04-13,2022-04-13,92697311.1754215,41129.8,0.0266870024737462
2022-04-14,2022-04-14,354580696.6032624,39915.9,-0.0295138804467807
2022-04-15,2022-04-15,19801964.274968,40529.5,0.0153723203034379
2022-04-16,2022-04-16,-54670245.37355332,40361.0,-0.0041574655497846
2022-04-17,2022-04-17,-35796807.89153343,39649.1,-0.0176383142142166
2022-04-18,2022-04-18,-120416000.44659688,40785.6,0.0286639545412128
2022-04-19,2022-04-19,167017563.83252254,41472.9,0.0168515358361776
2022-04-20,2022-04-20,128007629.54204854,41327.7,-0.0035010814290779
2022-04-21,2022-04-21,989022181.7550856,40449.8,-0.0212424112641157
2022-04-22,2022-04-22,-461776802.0302488,39674.2,-0.0191743840513427
2022-04-23,2022-04-23,-69590247.58885261,39415.1,-0.0065306924903337
2022-04-24,2022-04-24,-79913938.39261112,39433.4,0.0004642890668804
2022-04-25,2022-04-25,-259260491.9802688,40411.0,0.0247911668788387
2022-04-26,2022-04-26,-539648417.225203,38093.7,-0.0573432976169855
2022-04-27,2022-04-27,-69356712.28061529,39209.0,0.0292778070914614
2022-04-28,2022-04-28,-15495517.69181228,39732.5,0.0133515264352572
2022-04-29,2022-04-29,-376958157.4318264,38572.2,-0.0292027936827534
2022-04-30,2022-04-30,-160538175.7071814,37614.5,-0.0248287626840054
2022-05-01,2022-05-01,-246645921.56875497,38440.5,0.0219596166372011
2022-05-02,2022-05-02,-625575465.0648252,38525.6,0.0022138109545921
2022-05-03,2022-05-03,-623450806.8614507,37712.9,-0.0210950640612994
2022-05-04,2022-05-04,319987664.0170867,39684.0,0.0522659355286916
2022-05-05,2022-05-05,-697924323.9346714,36534.7,-0.0793594395726238
2022-05-06,2022-05-06,-503393863.5735717,35995.3,-0.0147640462354965
2022-05-07,2022-05-07,-225762531.14179996,35466.7,-0.0146852505743807
2022-05-08,2022-05-08,-495379158.6722491,34032.0,-0.040452029650348
2022-05-09,2022-05-09,-2505814691.028349,30056.6,-0.1168135872120357
2022-05-10,2022-05-10,-1172056365.5462024,31002.1,0.0314573171948922
2022-05-11,2022-05-11,-2540976349.090592,29074.7,-0.0621699820334751
2022-05-12,2022-05-12,-1542063640.2458773,29020.7,-0.0018572848559056
2022-05-13,2022-05-13,-680060701.3979977,29274.3,0.0087385900409018
2022-05-14,2022-05-14,541888961.6118872,30079.8,0.0275156024226028
2022-05-15,2022-05-15,-45671746.8801992,31324.4,0.0413766048976389
2022-05-16,2022-05-16,-444967289.9997532,29866.7,-0.0465356080244154
2022-05-17,2022-05-17,-362217209.6730276,30437.0,0.0190948447602179
2022-05-18,2022-05-18,-598633190.7653261,28700.6,-0.0570489864309886
2022-05-19,2022-05-19,-537496983.3529234,30319.9,0.0564204232664127
2022-05-20,2022-05-20,-596903555.6781987,29188.9,-0.0373022338464177
2022-05-21,2022-05-21,-108406499.40589473,29427.4,0.0081709142859101
2022-05-22,2022-05-22,-6955476.61440415,30284.0,0.0291089256951004
2022-05-23,2022-05-23,-410570670.9511069,29097.7,-0.0391725003302073
2022-05-24,2022-05-24,-253612701.40936732,29643.1,0.0187437495059745
2022-05-25,2022-05-25,-127464662.62174273,29536.7,-0.0035893681834895
2022-05-26,2022-05-26,-445181341.36300224,29194.0,-0.0116025148374734
2022-05-27,2022-05-27,-859221594.2281513,28623.2,-0.0195519627320681
2022-05-28,2022-05-28,-44752675.36000029,29018.8,0.0138209564269542
2022-05-29,2022-05-29,-15322651.85518357,29452.8,0.0149558217431458
2022-05-30,2022-05-30,152321018.63611895,31726.5,0.0771980932203391
2022-05-31,2022-05-31,338096634.68304855,31797.8,0.002247332671426
2022-06-01,2022-06-01,-613127744.9327412,29796.9,-0.0629257370006729
2022-06-02,2022-06-02,-1063137918.6976388,30437.1,0.0214854565407809
2022-06-03,2022-06-03,-408271549.48914254,29682.8,-0.0247822558653747
2022-06-04,2022-06-04,-422687631.3084755,29848.4,0.0055789885051276
2022-06-05,2022-06-05,-128485531.78130846,29909.9,0.0020604119483791
2022-06-06,2022-06-06,-155538964.9085307,31361.2,0.0485223955947695
2022-06-07,2022-06-07,-734068630.6436472,31118.1,-0.0077516166473222
2022-06-08,2022-06-08,-200485995.2312621,30192.5,-0.0297447466265613
2022-06-09,2022-06-09,-586870208.7421327,30093.3,-0.0032855841682537
2022-06-10,2022-06-10,-410331734.7981912,29077.7,-0.0337483758843329
2022-06-11,2022-06-11,-504095692.377865,28416.7,-0.0227321968381267
2022-06-12,2022-06-12,-415520798.8551199,26564.7,-0.0651729440786579
2022-06-13,2022-06-13,-4261871208.561133,22471.5,-0.1540841793809078
2022-06-14,2022-06-14,-3338393044.055328,22122.7,-0.0155218832743697
2022-06-15,2022-06-15,-2496816351.714833,22567.5,0.0201060449221839
2022-06-16,2022-06-16,-1607601650.57504,20387.4,-0.0966035227650381
2022-06-17,2022-06-17,-1426605035.9706252,20457.3,0.003428588245681
2022-06-18,2022-06-18,-2121217312.44971,18959.7,-0.0732061415729348
2022-06-19,2022-06-19,-176394171.09859055,20564.2,0.0846268664588574
2022-06-20,2022-06-20,-428378016.0045653,20570.1,0.0002869063712664
2022-06-21,2022-06-21,-668553415.516434,20713.1,0.0069518378617507
2022-06-22,2022-06-22,-875145585.6602333,19977.4,-0.0355185848569261
2022-06-23,2022-06-23,-220164776.8156659,21096.6,0.0560233063361597
2022-06-24,2022-06-24,-417550781.2441437,21231.2,0.0063801750045031
2022-06-25,2022-06-25,94149770.49687096,21481.9,0.0118080937488225
2022-06-26,2022-06-26,-71762412.51500855,21029.1,-0.0210782100279771
2022-06-27,2022-06-27,-538467994.6063504,20730.0,-0.0142231479235914
2022-06-28,2022-06-28,-399397445.2716413,20268.6,-0.0222575976845152
2022-06-29,2022-06-29,-487307581.4720802,20109.9,-0.0078298451792426
2022-06-30,2022-06-30,-1614520078.518205,19923.5,-0.0092690664796941
2022-07-01,2022-07-01,-575199853.624681,19272.0,-0.0327000777975757
2022-07-02,2022-07-02,-265581105.40036172,19240.9,-0.0016137401411373
2022-07-03,2022-07-03,-273839031.31063855,19305.9,0.0033782203535177
2022-07-04,2022-07-04,-54832089.02514416,20226.6,0.0476900843783505
2022-07-05,2022-07-05,-199262526.5999228,20170.0,-0.0027982953140912
2022-07-06,2022-07-06,-842257236.4280771,20554.1,0.0190431333663856
2022-07-07,2022-07-07,-79674059.21843152,21613.4,0.0515371629018055
2022-07-08,2022-07-08,-138532611.8790693,21587.9,-0.0011798236279345
2022-07-09,2022-07-09,-615151496.869648,21580.0,-0.0003659457381218
2022-07-10,2022-07-10,-128483134.918919,20853.8,-0.0336515291936978
2022-07-11,2022-07-11,-1357748161.679054,19954.3,-0.0431336255262829
2022-07-12,2022-07-12,-327665906.3864806,19322.9,-0.0316423026615816
2022-07-13,2022-07-13,-142970670.57831717,20220.1,0.0464319537957551
2022-07-14,2022-07-14,-389611375.40221536,20578.6,0.0177298826415299
2022-07-15,2022-07-15,-1558910946.011836,20823.1,0.0118812747222842
2022-07-16,2022-07-16,-8083171.91094511,21183.5,0.0173077015429981
2022-07-17,2022-07-17,-49919912.62006315,20794.4,-0.0183680694880449
2022-07-18,2022-07-18,24975940.449896,22423.9,0.0783624437348518
2022-07-19,2022-07-19,-562091650.9104688,23385.9,0.0429006551045982
2022-07-20,2022-07-20,242998205.23555648,23221.5,-0.0070298769771529
2022-07-21,2022-07-21,-808307203.0296533,23144.5,-0.0033158925995305
2022-07-22,2022-07-22,-629499364.2591819,22675.1,-0.0202812763291495
2022-07-23,2022-07-23,-291299445.4100161,22440.2,-0.0103593809950121
2022-07-24,2022-07-24,-87318434.58067448,22570.6,0.0058109999019615
2022-07-25,2022-07-25,-487773544.8043845,21300.0,-0.0562944715692094
2022-07-26,2022-07-26,-443987332.1059129,21241.0,-0.0027699530516431
2022-07-27,2022-07-27,114557652.4375686,22941.1,0.0800386045854715
2022-07-28,2022-07-28,240240037.03516772,23836.2,0.039017309544878
2022-07-29,2022-07-29,18817245.37574193,23771.1,-0.0027311400307097
2022-07-30,2022-07-30,22133883.31675061,23629.9,-0.0059399859493248
2022-07-31,2022-07-31,-115549668.81367752,23290.1,-0.0143800862466622
2022-08-01,2022-08-01,-35272783.30561618,23257.6,-0.001395442698829
2022-08-02,2022-08-02,-170062646.2956606,22975.1,-0.0121465671436433
2022-08-03,2022-08-03,-55141453.17684812,22801.5,-0.007556006285065
2022-08-04,2022-08-04,-364301004.15148926,22608.9,-0.00844681270969
2022-08-05,2022-08-05,-12703705.66898653,23298.1,0.0304835706292654
2022-08-06,2022-08-06,8489480.7838534,22943.3,-0.0152287096372665
2022-08-07,2022-08-07,-11377531.18753767,23167.8,0.0097849916969223
2022-08-08,2022-08-08,74519232.76510946,23804.4,0.0274777924533189
2022-08-09,2022-08-09,-542015632.7095096,23140.2,-0.0279024045974694
2022-08-10,2022-08-10,249350171.93646607,23940.9,0.034602120984261
2022-08-11,2022-08-11,-7357823.67630273,23917.2,-0.0009899377216395
2022-08-12,2022-08-12,55470004.76209069,24387.5,0.0196636730052013
2022-08-13,2022-08-13,15433687.34401039,24429.0,0.0017016914402869
2022-08-14,2022-08-14,-34727898.70457276,24294.1,-0.0055221253428302
2022-08-15,2022-08-15,-123525692.54098909,24085.2,-0.0085987955923453
2022-08-16,2022-08-16,-45633708.57421146,23843.0,-0.0100559679803364
2022-08-17,2022-08-17,-219858161.8090036,23333.1,-0.0213857316612843
2022-08-18,2022-08-18,-49829966.49203342,23185.1,-0.0063429205720628
2022-08-19,2022-08-19,-774752252.6322038,20824.9,-0.101798137596991
2022-08-20,2022-08-20,-119264807.35810952,21127.8,0.0145450878515622
2022-08-21,2022-08-21,-46831998.32251424,21505.6,0.0178816535559782
2022-08-22,2022-08-22,-281752253.77554953,21387.0,-0.0055148426456363
2022-08-23,2022-08-23,-135434939.74506196,21518.2,0.006134567728059
2022-08-24,2022-08-24,-147396307.59302083,21354.9,-0.0075889247241869
2022-08-25,2022-08-25,-176921611.64515668,21548.3,0.0090564694753896
2022-08-26,2022-08-26,-247639230.1459204,20228.7,-0.0612391696792785
2022-08-27,2022-08-27,-316234922.6327214,20023.9,-0.0101242294363947
2022-08-28,2022-08-28,-14104462.71771509,19547.5,-0.0237915690749555
2022-08-29,2022-08-29,-55237379.98028164,20275.5,0.0372426141450312
2022-08-30,2022-08-30,-510330295.5875521,19803.1,-0.023299055510345
2022-08-31,2022-08-31,-167503898.9102354,20041.5,0.012038519221738
2022-09-01,2022-09-01,-305225944.86986613,20122.5,0.0040416136516727
2022-09-02,2022-09-02,-287061695.9924877,19941.0,-0.0090197540067089
2022-09-03,2022-09-03,-72810850.24518663,19820.7,-0.0060327967504136
2022-09-04,2022-09-04,32561374.37058961,19992.7,0.0086777964451305
2022-09-05,2022-09-05,-119907290.67438434,19784.9,-0.0103937937347131
2022-09-06,2022-09-06,-502171668.2433223,18781.5,-0.0507154446067456
2022-09-07,2022-09-07,-275430305.13506055,19287.0,0.0269147831642839
2022-09-08,2022-09-08,-220970620.92609748,19309.3,0.0011562192150151
2022-09-09,2022-09-09,211298828.5275936,21352.0,0.1057884024796342
2022-09-10,2022-09-10,22402812.31741169,21639.5,0.0134647808167853
2022-09-11,2022-09-11,-70116602.36716713,21820.3,0.0083550913838119
2022-09-12,2022-09-12,63989402.5081572,22386.0,0.0259253997424417
2022-09-13,2022-09-13,-1040463645.5698647,20162.5,-0.0993254712766907
2022-09-14,2022-09-14,-481407172.4694135,20217.0,0.0027030378177308
2022-09-15,2022-09-15,-509938878.7635862,19690.8,-0.0260276005342039
2022-09-16,2022-09-16,-166057390.22787458,19792.5,0.0051648485587179
2022-09-17,2022-09-17,-67107032.46323116,20102.0,0.0156372363268915
2022-09-18,2022-09-18,-114973077.17139864,19404.5,-0.0346980399960202
2022-09-19,2022-09-19,-403626237.2104097,19528.6,0.0063954237419154
2022-09-20,2022-09-20,-326595041.3409,18866.8,-0.033888758026689
2022-09-21,2022-09-21,-262510066.1299079,18447.5,-0.0222242245637839
2022-09-22,2022-09-22,-122958018.79976308,19392.5,0.0512264534489768
2022-09-23,2022-09-23,-147118330.3930755,19280.7,-0.005765115379657
2022-09-24,2022-09-24,-50912910.42589835,18911.0,-0.0191746150295373
2022-09-25,2022-09-25,-99292770.9656892,18799.7,-0.0058854634868594
2022-09-26,2022-09-26,-82172166.56465831,19216.3,0.0221599280839586
2022-09-27,2022-09-27,-178684386.08204925,19070.1,-0.007608124352763
2022-09-28,2022-09-28,-342995782.5947402,19407.3,0.0176821306652823
2022-09-29,2022-09-29,-169739834.82240662,19582.5,0.0090275308775564
2022-09-30,2022-09-30,-251118570.9047292,19411.7,-0.0087220732797139
2022-10-01,2022-10-01,-72506237.90587892,19304.0,-0.0055482003121829
2022-10-02,2022-10-02,-75658769.38239546,19049.4,-0.0131889763779526
2022-10-03,2022-10-03,-88214562.50697967,19622.0,0.0300586895125305
2022-10-04,2022-10-04,-60134626.12070745,20333.0,0.0362348384466415
2022-10-05,2022-10-05,-110718448.18556106,20150.0,-0.0090001475434023
2022-10-06,2022-10-06,-99602415.99079327,19954.0,-0.0097270471464019
2022-10-07,2022-10-07,-96650865.42646807,19520.9,-0.0217049213190336
2022-10-08,2022-10-08,-264405922.68786287,19406.2,-0.0058757536793898
2022-10-09,2022-10-09,-36564503.0706941,19430.0,0.0012264121775513
2022-10-10,2022-10-10,-177923089.99448296,19124.0,-0.0157488419969119
2022-10-11,2022-10-11,-162298729.5879879,19055.0,-0.003608031792512
2022-10-12,2022-10-12,-450046637.36383975,19148.0,0.004880608764104
2022-10-13,2022-10-13,-141056642.23586428,19365.5,0.0113588886567788
2022-10-14,2022-10-14,-86982987.20343895,19164.6,-0.0103741189228268
2022-10-15,2022-10-15,-62931383.0882224,19060.4,-0.0054371080012104
2022-10-16,2022-10-16,-63698838.87336821,19251.9,0.0100470084573252
2022-10-17,2022-10-17,-362082512.4136258,19540.6,0.0149959224803783
2022-10-18,2022-10-18,247810270.6610352,19320.9,-0.0112432576277082
2022-10-19,2022-10-19,-211224231.01480892,19116.7,-0.010568865839583
2022-10-20,2022-10-20,-131773086.9957526,19034.7,-0.0042894432616508
2022-10-21,2022-10-21,-108459519.16150992,19150.9,0.0061046404724003
2022-10-22,2022-10-22,-260299668.3275345,19195.1,0.0023079855254843
2022-10-23,2022-10-23,-31829351.65131755,19560.7,0.0190465274992055
2022-10-24,2022-10-24,-68480609.10129382,19318.1,-0.0124024191363295
2022-10-25,2022-10-25,96921899.82892597,20068.3,0.0388340468265513
2022-10-26,2022-10-26,177766221.7994182,20758.3,0.0343825834774245
2022-10-27,2022-10-27,24855739.80566142,20285.5,-0.0227764315960362
2022-10-28,2022-10-28,-68178669.18021736,20582.8,0.0146557886174853
2022-10-29,2022-10-29,18516429.78952653,20796.7,0.0103921721048643
2022-10-30,2022-10-30,-93083552.65674327,20615.6,-0.0087081123447471
2022-10-31,2022-10-31,-109188355.19619532,20482.0,-0.0064805293079026
2022-11-01,2022-11-01,-110970360.6336856,20472.1,-0.000483351235231
2022-11-02,2022-11-02,-97505032.71796076,20140.1,-0.0162171931555629
2022-11-03,2022-11-03,-65484878.32724212,20199.7,0.0029592703114682
2022-11-04,2022-11-04,487088414.5963708,21137.6,0.0464313826442965
2022-11-05,2022-11-05,26638279.45717911,21289.9,0.0072051699341459
2022-11-06,2022-11-06,-162146540.9534353,20900.0,-0.0183138483506264
2022-11-07,2022-11-07,-1055711799.8483208,20578.6,-0.015377990430622
2022-11-08,2022-11-08,-651572445.9333563,18534.0,-0.0993556412972699
2022-11-09,2022-11-09,-1958911398.960227,15905.0,-0.1418474155605913
2022-11-10,2022-11-10,-765482870.4580184,17588.0,0.1058157812008802
2022-11-11,2022-11-11,-667830498.717382,17058.3,-0.0301171253127132
2022-11-12,2022-11-12,-979186017.375844,16806.9,-0.014737693674047
2022-11-13,2022-11-13,-262319886.72655573,16321.2,-0.0288988451171841
2022-11-14,2022-11-14,-675070727.5996776,16605.2,0.0174006813224518
2022-11-15,2022-11-15,-718653199.1739339,16888.3,0.0170488762556306
2022-11-16,2022-11-16,-902296949.4219764,16650.6,-0.014074832872462
2022-11-17,2022-11-17,-1646508266.5949254,16682.1,0.0018918237180642
2022-11-18,2022-11-18,-4302548867.159685,16689.7,0.0004555781346473
2022-11-19,2022-11-19,-224482667.56780297,16692.9,0.0001917350221993
2022-11-20,2022-11-20,-265934752.7870027,16272.6,-0.0251783692468056
2022-11-21,2022-11-21,-691945214.7695558,15773.0,-0.0307019161043717
2022-11-22,2022-11-22,-553309221.6258022,16220.6,0.0283776073036201
2022-11-23,2022-11-23,188458153.4636908,16595.8,0.0231310802313107
2022-11-24,2022-11-24,-232762904.6602444,16592.4,-0.0002048711119679
2022-11-25,2022-11-25,-247436643.56153017,16516.1,-0.0045984908753406
2022-11-26,2022-11-26,-237825187.18830752,16449.2,-0.0040505930576829
2022-11-27,2022-11-27,-90445716.78621969,16422.6,-0.0016170999197531
2022-11-28,2022-11-28,-532386095.5258168,16204.5,-0.0132804793394467
2022-11-29,2022-11-29,-165525372.06663188,16433.2,0.0141133635718473
2022-11-30,2022-11-30,-209106819.91811985,17153.3,0.0438198281527637
2022-12-01,2022-12-01,-157341395.649488,16970.5,-0.0106568415406947
2022-12-02,2022-12-02,-259429905.00094315,17083.0,0.0066291505848383
2022-12-03,2022-12-03,-94835156.73514809,16879.5,-0.0119124275595621
2022-12-04,2022-12-04,-203379889.8329952,17099.5,0.0130335614206582
2022-12-05,2022-12-05,-1057958546.567522,16958.3,-0.0082575513903915
2022-12-06,2022-12-06,-348652074.90099627,17078.6,0.0070938714375849
2022-12-07,2022-12-07,-82087505.76758844,16828.0,-0.0146733338798261
2022-12-08,2022-12-08,-188957535.30604511,17216.0,0.0230568100784407
2022-12-09,2022-12-09,-323523442.0957064,17122.0,-0.0054600371747212
2022-12-10,2022-12-10,-7077030.62760869,17120.0,-0.0001168087840205
2022-12-11,2022-12-11,-123020182.89931904,17077.3,-0.0024941588785046
2022-12-12,2022-12-12,-102506773.84935176,17200.0,0.0071849765478149
2022-12-13,2022-12-13,-208853142.00659657,17777.1,0.0335523255813952
2022-12-14,2022-12-14,-291637832.2752897,17803.9,0.0015075574756289
2022-12-15,2022-12-15,-119446633.11477572,17351.8,-0.0253933127011498
2022-12-16,2022-12-16,-185883979.58943275,16624.1,-0.0419380121947002
2022-12-17,2022-12-17,-159523602.1006486,16768.0,0.0086561076990634
2022-12-18,2022-12-18,-70450360.121084,16730.3,-0.0022483301526717
2022-12-19,2022-12-19,-532460562.98791367,16429.2,-0.0179972863606748
2022-12-20,2022-12-20,-101565892.99631722,16887.2,0.0278771942638715
2022-12-21,2022-12-21,-280322666.7494636,16819.6,-0.0040030318821356
2022-12-22,2022-12-22,-142041321.39531106,16815.5,-0.0002437632286141
2022-12-23,2022-12-23,-159076779.65483132,16776.4,-0.0023252356456839
2022-12-24,2022-12-24,-80252961.3000127,16828.9,0.0031293960563649
2022-12-25,2022-12-25,-207647415.25525248,16824.4,-0.0002673971560827
2022-12-26,2022-12-26,-50581586.04433443,16912.9,0.0052602173034401
2022-12-27,2022-12-27,-192251410.7904108,16698.2,-0.0126944521637331
2022-12-28,2022-12-28,-527750584.0244568,16539.0,-0.0095339617443797
2022-12-29,2022-12-29,-385020408.6022015,16630.3,0.0055202853860572
2022-12-30,2022-12-30,-148998197.0336263,16601.2,-0.0017498181031009
2022-12-31,2022-12-31,-800275834.5330139,16537.6,-0.0038310483579501
2023-01-01,2023-01-01,-63997144.02714976,16610.3,0.0043960429566562
2023-01-02,2023-01-02,-30735270.73624072,16666.0,0.0033533409992594
2023-01-03,2023-01-03,-170483415.58260977,16667.2,7.20028801153294e-05
2023-01-04,2023-01-04,-217980570.32158285,16842.1,0.0104936642027453
2023-01-05,2023-01-05,-135483448.9093464,16823.8,-0.0010865628395508
2023-01-06,2023-01-06,-223785273.78455216,16943.8,0.007132752410276
2023-01-07,2023-01-07,-88806297.91835807,16936.5,-0.000430836058027
2023-01-08,2023-01-08,-40534576.72442618,17124.7,0.011112095179051
2023-01-09,2023-01-09,-20638208.83708693,17169.7,0.0026277832604366
2023-01-10,2023-01-10,-206118008.35060003,17428.8,0.0150905374001875
2023-01-11,2023-01-11,-316219677.71070457,17935.7,0.0290840447994125
2023-01-12,2023-01-12,160692363.9238495,18838.0,0.0503074873018616
2023-01-13,2023-01-13,198924929.4462135,19924.2,0.0576600488374563
2023-01-14,2023-01-14,268149494.69084573,20962.8,0.0521275634655342
2023-01-15,2023-01-15,62289902.80760021,20882.7,-0.0038210544392923
2023-01-16,2023-01-16,174303573.58446807,21188.3,0.0146341229821813
2023-01-17,2023-01-17,245225562.2211845,21130.9,-0.0027090422544516
2023-01-18,2023-01-18,5383688.55166094,20680.0,-0.0213384190924191
2023-01-19,2023-01-19,-118947409.86805728,21068.3,0.0187765957446808
2023-01-20,2023-01-20,175374505.82565868,22661.1,0.0756017334099097
2023-01-21,2023-01-21,254484403.6122281,22781.9,0.0053307209270512
2023-01-22,2023-01-22,135092977.82705775,22704.6,-0.0033930444782921
2023-01-23,2023-01-23,94510487.44232792,22913.1,0.0091831611215349
2023-01-24,2023-01-24,116847980.917439,22627.4,-0.0124688496973346
2023-01-25,2023-01-25,106668393.80812223,23060.6,0.0191449304825122
2023-01-26,2023-01-26,-172217416.98781097,23001.9,-0.002545467160438
2023-01-27,2023-01-27,-225755964.0018542,23068.0,0.0028736756528808
2023-01-28,2023-01-28,60900863.83510678,23015.9,-0.0022585399687878
2023-01-29,2023-01-29,115281175.95690358,23740.3,0.0314738941340551
2023-01-30,2023-01-30,78785102.11816272,22819.9,-0.0387695184980811
2023-01-31,2023-01-31,115675188.97158596,23119.4,0.0131245097480707
2023-02-01,2023-02-01,366506421.5936916,23730.0,0.0264107200013841
2023-02-02,2023-02-02,167738618.6274978,23493.1,-0.0099831436999578
2023-02-03,2023-02-03,100361113.4189014,23424.7,-0.0029114931618219
2023-02-04,2023-02-04,141015112.6751961,23322.6,-0.0043586470691194
2023-02-05,2023-02-05,3282192.85278496,22929.2,-0.0168677591692177
2023-02-06,2023-02-06,35992753.89442779,22757.7,-0.0074795457320796
2023-02-07,2023-02-07,32922961.35531237,23234.1,0.0209335741309533
2023-02-08,2023-02-08,68832197.1248887,22955.9,-0.0119737799183096
2023-02-09,2023-02-09,-16611085.87067201,21793.4,-0.0506405760610562
2023-02-10,2023-02-10,-162916377.27631587,21618.6,-0.0080207769324659
2023-02-11,2023-02-11,-25237883.62937198,21851.3,0.0107638792521256
2023-02-12,2023-02-12,-23763680.82321202,21771.1,-0.0036702621811974
2023-02-13,2023-02-13,-75321540.07731456,21766.2,-0.0002250690135086
2023-02-14,2023-02-14,-6176895.78681799,22187.4,0.0193511040052927
2023-02-15,2023-02-15,160460188.20910475,24332.6,0.0966855061881968
2023-02-16,2023-02-16,369681453.3739273,23526.6,-0.0331242859373843
2023-02-17,2023-02-17,86640196.96290623,24581.5,0.0448386082136815
2023-02-18,2023-02-18,76758657.43127951,24636.9,0.0022537273966194
2023-02-19,2023-02-19,63832458.76772666,24265.9,-0.0150587127438922
2023-02-20,2023-02-20,94398026.6107068,24849.9,0.024066694414796
2023-02-21,2023-02-21,65692937.87792074,24443.4,-0.016358214721186
2023-02-22,2023-02-22,-98989326.29207335,24171.3,-0.0111318392694961
2023-02-23,2023-02-23,94799698.73259196,23928.8,-0.0100325592748424
2023-02-24,2023-02-24,-48375497.88050169,23175.6,-0.0314767142522818
2023-02-25,2023-02-25,-82476273.68771209,23146.2,-0.0012685755708589
2023-02-26,2023-02-26,20561386.49608468,23545.3,0.0172425711347865
2023-02-27,2023-02-27,69138421.46611206,23480.0,-0.0027733772769936
2023-02-28,2023-02-28,-332680719.29147154,23129.6,-0.0149233390119251
2023-03-01,2023-03-01,-170307079.21075034,23619.8,0.0211936220254564
2023-03-02,2023-03-02,-51722099.32097548,23457.1,-0.0068882886391925
2023-03-03,2023-03-03,-151509573.91599545,22342.8,-0.0475037408716336
2023-03-04,2023-03-04,-38171893.79532608,22335.7,-0.0003177757487869
2023-03-05,2023-03-05,-230146927.720656,22419.4,0.0037473640852985
2023-03-06,2023-03-06,-91534190.31166498,22397.1,-0.0009946742553326
2023-03-07,2023-03-07,-1291524485.864005,22187.1,-0.0093762138848333
2023-03-08,2023-03-08,-101960289.4780234,21695.4,-0.0221615262923048
2023-03-09,2023-03-09,-222784333.03368524,20348.3,-0.0620915032679739
2023-03-10,2023-03-10,-401008258.0678124,20140.3,-0.0102219841460957
2023-03-11,2023-03-11,-95184056.42248654,20447.3,0.0152430698648977
2023-03-12,2023-03-12,-23189421.5559059,21986.2,0.0752617705027069
2023-03-13,2023-03-13,510042736.1912587,24119.5,0.0970290454921722
2023-03-14,2023-03-14,603587454.9553691,24682.5,0.0233421090818632
2023-03-15,2023-03-15,227309111.8292545,24288.0,-0.0159829838954724
2023-03-16,2023-03-16,193262715.6521652,24990.4,0.0289196310935442
2023-03-17,2023-03-17,875863472.6061119,27384.0,0.0957807798194505
2023-03-18,2023-03-18,247552258.148362,26907.0,-0.017418930762489
2023-03-19,2023-03-19,242728555.4554784,27955.7,0.0389749879213587
2023-03-20,2023-03-20,399384750.13642734,27704.1,-0.0089999534978556
2023-03-21,2023-03-21,374878301.9180791,28091.1,0.013969051512231
2023-03-22,2023-03-22,271693045.5106187,27233.8,-0.0305185628188287
2023-03-23,2023-03-23,512299679.91691417,28284.1,0.0385660466038524
2023-03-24,2023-03-24,177888587.63022634,27438.9,-0.0298825134969823
2023-03-25,2023-03-25,31011722.71408867,27447.3,0.0003061347211439
2023-03-26,2023-03-26,149377186.761008,27954.3,0.0184717622498387
2023-03-27,2023-03-27,548039115.7404934,27112.0,-0.0301313214782699
2023-03-28,2023-03-28,90925722.28614932,27249.7,0.0050789318383004
2023-03-29,2023-03-29,322400980.7276249,28338.5,0.0399564031897599
2023-03-30,2023-03-30,-5802702048.036558,28015.0,-0.0114155653968982
2023-03-31,2023-03-31,337577224.122575,28454.9,0.0157023023380331
2023-04-01,2023-04-01,169295210.92613995,28443.8,-0.0003900909860867
2023-04-02,2023-04-02,49479494.56363182,28161.2,-0.0099353813484835
2023-04-03,2023-04-03,119233098.84168938,27786.1,-0.0133197448972345
2023-04-04,2023-04-04,107038890.52294068,28155.2,0.01328362022738
2023-04-05,2023-04-05,340421973.3500355,28154.0,-4.262090129003582e-05
2023-04-06,2023-04-06,20860571.44679385,28022.8,-0.0046600838246785
2023-04-07,2023-04-07,-84863367.30558614,27890.7,-0.0047140185848665
2023-04-08,2023-04-08,35709523.1678273,27924.9,0.0012262151900095
2023-04-09,2023-04-09,35087992.71440997,28309.4,0.0137690734792246
2023-04-10,2023-04-10,231344441.00486785,29623.1,0.0464050809978309
2023-04-11,2023-04-11,699357024.824997,30185.1,0.0189716808841748
2023-04-12,2023-04-12,117648451.35568616,29875.0,-0.0102732805258223
2023-04-13,2023-04-13,319631995.7557364,30362.7,0.0163246861924686
2023-04-14,2023-04-14,418908721.9439092,30453.1,0.0029773373250732
2023-04-15,2023-04-15,58510975.41214901,30280.4,-0.0056710154302844
2023-04-16,2023-04-16,78719747.69387375,30286.6,0.0002047529094726
2023-04-17,2023-04-17,13034761.14492163,29420.0,-0.028613314138926
2023-04-18,2023-04-18,270449155.9786725,30365.8,0.0321481985044187
2023-04-19,2023-04-19,259226459.89654475,28795.1,-0.0517259548571089
2023-04-20,2023-04-20,-32058347.74687433,28229.9,-0.0196283395438806
2023-04-21,2023-04-21,48500154.39437883,27252.5,-0.0346228644097216
2023-04-22,2023-04-22,-25802484.54660726,27807.2,0.0203540959544996
2023-04-23,2023-04-23,75783070.84918912,27576.0,-0.0083143933945165
2023-04-24,2023-04-24,-42185958.75817722,27497.5,-0.0028466782709603
2023-04-25,2023-04-25,-20198727.71065408,28286.7,0.0287007909809982
2023-04-26,2023-04-26,285687507.604754,28395.9,0.0038604715290224
2023-04-27,2023-04-27,141030869.35047483,29459.0,0.0374385034459199
2023-04-28,2023-04-28,192753845.2920001,29300.0,-0.0053973318849926
2023-04-29,2023-04-29,145856767.60465217,29212.7,-0.0029795221843003
2023-04-30,2023-04-30,36904295.34218902,29223.0,0.0003525863751039
2023-05-01,2023-05-01,-73546741.26452324,28054.4,-0.03998904972111
2023-05-02,2023-05-02,68893189.8810444,28656.5,0.021461874073229
2023-05-03,2023-05-03,587391088.7393962,29018.4,0.0126288974578194
2023-05-04,2023-05-04,61440462.49950954,28826.0,-0.0066302759628373
2023-05-05,2023-05-05,125269539.68139184,29491.5,0.0230867966419205
2023-05-06,2023-05-06,21774819.90436365,28837.8,-0.022165708763542
2023-05-07,2023-05-07,1992746576.1266432,28419.4,-0.0145087350630075
2023-05-08,2023-05-08,119905353.28002776,27659.8,-0.0267282208632132
2023-05-09,2023-05-09,-94842259.18836594,27610.2,-0.0017932161476221
2023-05-10,2023-05-10,-3519956.23996895,27582.9,-0.0009887650216223
2023-05-11,2023-05-11,-93265695.59686702,26956.4,-0.022713347762563
2023-05-12,2023-05-12,-48306271.15467421,26785.1,-0.0063547061180276
2023-05-13,2023-05-13,-3175643.91000976,26762.7,-0.0008362858454886
2023-05-14,2023-05-14,36163719.96143145,26901.9,0.0052012689302649
2023-05-15,2023-05-15,436970819.4768389,27152.5,0.0093153271701997
2023-05-16,2023-05-16,114677364.61185136,27024.8,-0.0047030660160206
2023-05-17,2023-05-17,10693221.5524934,27395.8,0.0137281311980106
2023-05-18,2023-05-18,-32922336.02126679,26809.3,-0.0214083910672439
2023-05-19,2023-05-19,-77357311.17272429,26870.1,0.0022678697317721
2023-05-20,2023-05-20,19175846.91845583,27089.5,0.0081652096568305
2023-05-21,2023-05-21,11784571.50660014,26732.8,-0.0131674634083316
2023-05-22,2023-05-22,514090994.99598193,26840.2,0.0040175365094565
2023-05-23,2023-05-23,83998554.26008223,27209.9,0.0137741149469825
2023-05-24,2023-05-24,-73113006.06139958,26313.8,-0.0329328663464402
2023-05-25,2023-05-25,200083983.7982596,26461.8,0.0056244252065456
2023-05-26,2023-05-26,16620433.14778796,26689.9,0.0086199729421279
2023-05-27,2023-05-27,-104431.91569233,26841.6,0.0056837979910002
2023-05-28,2023-05-28,109975606.87858844,28055.7,0.0452320278969957
2023-05-29,2023-05-29,128312212.70401508,27722.0,-0.0118941961882969
2023-05-30,2023-05-30,160735337.530492,27680.1,-0.0015114349614026
2023-05-31,2023-05-31,-5191861.6450139,27201.1,-0.0173048507772731
2023-06-01,2023-06-01,58081835.75088004,26805.3,-0.0145508821334431
2023-06-02,2023-06-02,60595274.17504564,27227.8,0.0157618082991051
2023-06-03,2023-06-03,-8291249.2916408,27054.9,-0.0063501274432747
2023-06-04,2023-06-04,4326057.34440665,27102.4,0.0017556893575656
2023-06-05,2023-06-05,-112575376.04198568,25714.7,-0.0512021075624299
2023-06-06,2023-06-06,110261.83774927,27221.5,0.0585968337176789
2023-06-07,2023-06-07,30651696.71333124,26325.9,-0.0329004647062064
2023-06-08,2023-06-08,5658961.02076297,26485.9,0.0060776649611218
2023-06-09,2023-06-09,5290105.80590884,26468.1,-0.0006720556975599
2023-06-10,2023-06-10,-136221885.8142077,25826.6,-0.0242367226963778
2023-06-11,2023-06-11,-19404946.94365763,25909.9,0.0032253568026763
2023-06-12,2023-06-12,-72686386.1818078,25894.8,-0.0005827888181738
2023-06-13,2023-06-13,-28131839.26613374,25918.0,0.0008959327741477
2023-06-14,2023-06-14,12359945.02014144,25115.9,-0.0309476039817886
2023-06-15,2023-06-15,-167133085.73057675,25586.1,0.0187212084774981
2023-06-16,2023-06-16,15305044.13746827,26336.0,0.029308882557326
2023-06-17,2023-06-17,21252243.93648313,26508.9,0.0065651579586878
2023-06-18,2023-06-18,129982414.8848657,26329.7,-0.0067599938133985
2023-06-19,2023-06-19,-246327842.8810564,26828.5,0.0189443859975617
2023-06-20,2023-06-20,-4543698.986421,28290.6,0.0544980151704344
2023-06-21,2023-06-21,535818693.4616557,29988.5,0.0600164012074682
2023-06-22,2023-06-22,405430316.0314575,29875.0,-0.0037847841672641
2023-06-23,2023-06-23,383793918.8933934,30673.4,0.0267246861924685
2023-06-24,2023-06-24,238190505.6530465,30524.2,-0.0048641493932853
2023-06-25,2023-06-25,143920337.76095232,30458.0,-0.0021687710079215
2023-06-26,2023-06-26,233330719.0051839,30260.1,-0.0064974719285574
2023-06-27,2023-06-27,427855131.2744272,30683.2,0.0139821084530455
2023-06-28,2023-06-28,368331407.20624447,30066.3,-0.020105464879804
2023-06-29,2023-06-29,18028199.12604603,30439.9,0.0124258721558689
2023-06-30,2023-06-30,352268193.56644416,30460.2,0.0006668878675686
2023-07-01,2023-07-01,561284970.6607114,30573.6,0.003722890854295
2023-07-02,2023-07-02,84646008.41645235,30612.7,0.0012788811262005
2023-07-03,2023-07-03,183481214.4221735,31149.0,0.0175188728860897
2023-07-04,2023-07-04,147594162.35373232,30756.1,-0.0126135670487014
2023-07-05,2023-07-05,72082862.75456552,30488.4,-0.0087039644168147
2023-07-06,2023-07-06,-421972684.8428525,29874.4,-0.0201388068904895
2023-07-07,2023-07-07,65988622.43773261,30327.9,0.0151802211927267
2023-07-08,2023-07-08,34825286.793064,30269.3,-0.00193221423178
2023-07-09,2023-07-09,71919344.3453998,30147.8,-0.0040139679477225
2023-07-10,2023-07-10,85352502.46407484,30396.9,0.0082626261286065
2023-07-11,2023-07-11,230435666.36063707,30608.4,0.006957946369531
2023-07-12,2023-07-12,143268762.62534824,30368.9,-0.0078246494426366
2023-07-13,2023-07-13,69405555.72716822,31441.7,0.03532561271564
2023-07-14,2023-07-14,95438484.3301354,30293.3,-0.0365247426188788
2023-07-15,2023-07-15,-29618530.24611587,30276.4,-0.0005578791349901
2023-07-16,2023-07-16,25726641.05627255,30216.8,-0.001968529944115
2023-07-17,2023-07-17,-138557161.33086914,30126.1,-0.0030016414709698
2023-07-18,2023-07-18,185956308.77357772,29845.6,-0.0093108633377702
2023-07-19,2023-07-19,164944574.42243025,29895.5,0.001671938242153
2023-07-20,2023-07-20,76953422.68036667,29791.0,-0.0034955093575955
2023-07-21,2023-07-21,-161030621.05692264,29891.4,0.0033701453459098
2023-07-22,2023-07-22,52698469.04049606,29783.5,-0.003609733903397
2023-07-23,2023-07-23,52851313.57788049,30070.8,0.009646280658754
2023-07-24,2023-07-24,-45136760.75025125,29163.8,-0.0301621506577809
2023-07-25,2023-07-25,-21252705.16739013,29216.3,0.0018001769316755
2023-07-26,2023-07-26,-664928.36731533,29336.0,0.0040970280288743
2023-07-27,2023-07-27,-327045103.07196486,29209.7,-0.0043052904281428
2023-07-28,2023-07-28,-1234161977.1260571,29299.9,0.0030880152825945
2023-07-29,2023-07-29,16756201.46691793,29339.1,0.0013378885252166
2023-07-30,2023-07-30,-1107853.23878726,29271.1,-0.0023177261742861
2023-07-31,2023-07-31,-40277398.083915,29220.8,-0.001718418508358
2023-08-01,2023-08-01,-21558535.47167529,29701.2,0.0164403438646443
2023-08-02,2023-08-02,-85406222.80196922,29170.1,-0.0178814324000378
2023-08-03,2023-08-03,4486749.6645846,29180.2,0.000346244956308
2023-08-04,2023-08-04,30055488.39825496,29101.1,-0.002710742215612
2023-08-05,2023-08-05,-5669868.6123304,29057.7,-0.0014913525605561
2023-08-06,2023-08-06,26822656.57192894,29075.9,0.0006263400062633
2023-08-07,2023-08-07,-11164350.94890424,29202.7,0.0043610000034393
2023-08-08,2023-08-08,30934842.2364057,29759.0,0.019049608426618
2023-08-09,2023-08-09,101184043.28326078,29572.8,-0.006256930676434
2023-08-10,2023-08-10,7963329.83957301,29443.7,-0.0043654980252123
2023-08-11,2023-08-11,64183921.63097123,29415.5,-0.0009577600641224
2023-08-12,2023-08-12,54824097.97379102,29420.7,0.0001767775492511
2023-08-13,2023-08-13,47472878.21610214,29293.3,-0.0043302844595812
2023-08-14,2023-08-14,45018910.94547645,29419.5,0.0043081523761405
2023-08-15,2023-08-15,23382452.27212503,29188.8,-0.0078417376230052
2023-08-16,2023-08-16,-8704047.86985607,28714.4,-0.0162528092967164
2023-08-17,2023-08-17,-164291526.11549684,26609.7,-0.0732977182180369
2023-08-18,2023-08-18,-365472807.8696414,26042.1,-0.0213305674246609
2023-08-19,2023-08-19,-70672912.29141422,26088.3,0.0017740504798
2023-08-20,2023-08-20,-25411745.75016834,26175.9,0.0033578270719059
2023-08-21,2023-08-21,-189062002.9472645,26115.4,-0.0023112863359043
2023-08-22,2023-08-22,-152596586.55736277,26044.4,-0.0027187023748439
2023-08-23,2023-08-23,-83533703.03308111,26419.2,0.0143908095406306
2023-08-24,2023-08-24,-171699700.87866366,26164.6,-0.0096369307170542
2023-08-25,2023-08-25,-158336380.64361423,26051.7,-0.0043149904833247
2023-08-26,2023-08-26,-42447558.7517099,26004.3,-0.0018194589988369
2023-08-27,2023-08-27,34089497.71398876,26087.7,0.0032071618924562
2023-08-28,2023-08-28,-79562792.66724639,26106.5,0.000720646128252
2023-08-29,2023-08-29,-221161346.29072845,27700.1,0.0610422691666825
2023-08-30,2023-08-30,36045652.17073947,27290.4,-0.0147905603228868
2023-08-31,2023-08-31,-69136138.76522943,25928.0,-0.0499223170052472
2023-09-01,2023-09-01,-167744590.00356385,25795.6,-0.005106448626967
2023-09-02,2023-09-02,-35450750.35793048,25855.8,0.0023337313340259
2023-09-03,2023-09-03,-40386843.0397435,25962.1,0.0041112632368751
2023-09-04,2023-09-04,-45671303.0636525,25814.0,-0.0057044692070363
2023-09-05,2023-09-05,-111213545.52814656,25779.7,-0.0013287363446191
2023-09-06,2023-09-06,-83895350.64466922,25747.4,-0.0012529238121467
2023-09-07,2023-09-07,-61456374.58899876,26240.7,0.0191592160761862
2023-09-08,2023-09-08,-20881602.98002006,25899.8,-0.0129912692877858
2023-09-09,2023-09-09,-52960181.46946547,25892.6,-0.0002779944246673
2023-09-10,2023-09-10,-17138017.82412654,25828.4,-0.0024794728995928
2023-09-11,2023-09-11,-137574872.77664277,25150.4,-0.02625017422682
2023-09-12,2023-09-12,-42799213.89438124,25825.8,0.0268544436668998
2023-09-13,2023-09-13,-11291926.03358839,26209.9,0.0148727241750499
2023-09-14,2023-09-14,125709558.54804094,26510.3,0.0114613180515759
2023-09-15,2023-09-15,38591977.70793857,26591.1,0.0030478719592006
2023-09-16,2023-09-16,7118536.35539421,26546.9,-0.0016622102884046
2023-09-17,2023-09-17,8061125.36680134,26514.2,-0.0012317822419943
2023-09-18,2023-09-18,138352059.78512195,26749.9,0.0088895761516469
2023-09-19,2023-09-19,279727179.6910716,27196.0,0.0166766978568144
2023-09-20,2023-09-20,-19784301.58757932,27107.7,-0.003246801000147
2023-09-21,2023-09-21,-37960038.77715916,26552.6,-0.020477576481959
2023-09-22,2023-09-22,-17169390.48114327,26566.7,0.0005310214442277
2023-09-23,2023-09-23,-7164704.15981175,26563.1,-0.0001355079855609
2023-09-24,2023-09-24,-1840513.54363193,26232.4,-0.0124496011384211
2023-09-25,2023-09-25,-40844837.63462064,26290.5,0.0022148183162806
2023-09-26,2023-09-26,-22964074.66428081,26208.8,-0.0031075863905213
2023-09-27,2023-09-27,-40509536.15730814,26359.6,0.0057537926192727
2023-09-28,2023-09-28,21864177.58601471,27011.8,0.024742408837767
2023-09-29,2023-09-29,71607645.56933045,26890.9,-0.0044758216779332
2023-09-30,2023-09-30,50319495.77446079,26950.9,0.0022312380768214
2023-10-01,2023-10-01,29270542.9890058,27981.4,0.0382361999042704
2023-10-02,2023-10-02,129716963.69538587,27477.6,-0.0180048174859014
2023-10-03,2023-10-03,23157103.33649637,27412.0,-0.0023873991906133
2023-10-04,2023-10-04,107135813.2963088,27759.8,0.0126878739238289
2023-10-05,2023-10-05,-29255183.21351314,27398.4,-0.0130188257840473
2023-10-06,2023-10-06,116040268.83213198,27916.3,0.0189025636533519
2023-10-07,2023-10-07,109100576.38684478,27943.0,0.0009564304725195
2023-10-08,2023-10-08,22200833.91140135,27901.2,-0.0014959023726872
2023-10-09,2023-10-09,108362756.3249343,27578.3,-0.0115729789399739
2023-10-10,2023-10-10,-2606026.67174984,27381.2,-0.0071469234869443
2023-10-11,2023-10-11,-39123827.33148788,26864.5,-0.0188706119527267
2023-10-12,2023-10-12,-77640427.19857214,26744.0,-0.0044854733942563
2023-10-13,2023-10-13,-23507481.93153278,26849.8,0.0039560275201913
2023-10-14,2023-10-14,182747780.6508309,26836.3,-0.0005027970413187
2023-10-15,2023-10-15,15517007.55166191,27139.8,0.0113093086602846
2023-10-16,2023-10-16,173442228.85820138,28486.3,0.0496134827817449
2023-10-17,2023-10-17,104816947.18478544,28381.9,-0.0036649196280316
2023-10-18,2023-10-18,133581360.248697,28307.1,-0.0026354824729846
2023-10-19,2023-10-19,-159218238.8499124,28696.9,0.0137703968262381
2023-10-20,2023-10-20,281903464.1666007,29653.0,0.0333171875707829
2023-10-21,2023-10-21,99832736.1777908,29895.4,0.0081745523218561
2023-10-22,2023-10-22,82637797.93560238,29981.5,0.0028800417455527
2023-10-23,2023-10-23,575356469.5565628,33074.0,0.1031469406133782
2023-10-24,2023-10-24,1410445684.3699183,33917.0,0.025488298965955
2023-10-25,2023-10-25,575067096.5904993,34487.7,0.0168263702568032
2023-10-26,2023-10-26,700201555.6515677,34154.0,-0.0096759134416037
2023-10-27,2023-10-27,273873956.9340812,33893.1,-0.0076389295543713
2023-10-28,2023-10-28,214530516.4206606,34086.6,0.0057091266363951
2023-10-29,2023-10-29,174276262.69678012,34528.6,0.0129669723586394
2023-10-30,2023-10-30,336658240.3932282,34483.8,-0.0012974751365533
2023-10-31,2023-10-31,298356911.36967367,34651.4,0.0048602532203527
2023-11-01,2023-11-01,693993636.006446,35437.4,0.0226830661964596
2023-11-02,2023-11-02,403998256.4085014,34940.1,-0.0140331965663396
2023-11-03,2023-11-03,311052599.661557,34700.4,-0.0068603123631585
2023-11-04,2023-11-04,157408906.3915895,35069.7,0.0106425286163847
2023-11-05,2023-11-05,125508143.29408342,35025.5,-0.0012603472513308
2023-11-06,2023-11-06,259945272.60262576,35057.4,0.0009107650140611
2023-11-07,2023-11-07,319942014.27159256,35406.5,0.009957954668629
2023-11-08,2023-11-08,347813825.524326,35626.7,0.0062191970400913
2023-11-09,2023-11-09,1054948253.2982718,36719.5,0.0306736239954865
2023-11-10,2023-11-10,529074368.2228952,37330.4,0.0166369367774616
2023-11-11,2023-11-11,186286623.0902596,37162.1,-0.0045083899449243
2023-11-12,2023-11-12,129582775.50715289,37085.5,-0.0020612398115283
2023-11-13,2023-11-13,235252076.09115413,36486.2,-0.0161599546992761
2023-11-14,2023-11-14,154883778.94253913,35559.0,-0.0254123476821372
2023-11-15,2023-11-15,351770234.3960588,37885.6,0.0654292865378665
2023-11-16,2023-11-16,362722464.0454829,36176.0,-0.0451253246616127
2023-11-17,2023-11-17,198659336.9918056,36621.9,0.0123258513931889
2023-11-18,2023-11-18,105661905.14239892,36580.9,-0.0011195486853494
2023-11-19,2023-11-19,135351219.13175192,37375.9,0.021732652832489
2023-11-20,2023-11-20,399446285.8473317,37462.5,0.0023170010621818
2023-11-21,2023-11-21,534418123.3242056,35737.0,-0.0460593927260594
2023-11-22,2023-11-22,259648676.5706869,37413.4,0.0469093656434507
2023-11-23,2023-11-23,211319064.95856452,37294.3,-0.0031833514195448
2023-11-24,2023-11-24,273666541.34652174,37706.3,0.0110472645953938
2023-11-25,2023-11-25,116778516.2855129,37766.6,0.0015992022553259
2023-11-26,2023-11-26,134124796.55741954,37437.9,-0.0087034575524403
2023-11-27,2023-11-27,92152916.7296908,37234.3,-0.0054383392230866
2023-11-28,2023-11-28,295161032.2117741,37812.1,0.0155179498473181
2023-11-29,2023-11-29,338266024.195986,37837.1,0.0006611640189251
2023-11-30,2023-11-30,241013864.758577,37716.8,-0.0031794191415303
2023-12-01,2023-12-01,573342420.7906666,38660.0,0.0250074237475077
2023-12-02,2023-12-02,251795129.62387693,39435.0,0.0200465597516812
2023-12-03,2023-12-03,275027893.10345185,39979.7,0.0138126030176237
2023-12-04,2023-12-04,1249309166.321707,41993.1,0.0503605579831765
2023-12-05,2023-12-05,921377891.244788,44081.7,0.0497367424648333
2023-12-06,2023-12-06,1420952254.138311,43774.8,-0.0069620726968332
2023-12-07,2023-12-07,727987174.0172609,43296.0,-0.0109377998300392
2023-12-08,2023-12-08,569735492.078508,44209.5,0.0210989467849223
2023-12-09,2023-12-09,396016323.6126146,43734.3,-0.0107488209547721
2023-12-10,2023-12-10,200259175.55041656,43810.0,0.0017309068625768
2023-12-11,2023-12-11,329536689.1800727,41271.0,-0.0579548048390778
2023-12-12,2023-12-12,832236049.8485699,41515.0,0.00591214169756
2023-12-13,2023-12-13,307777411.42712355,42875.0,0.0327592436468746
2023-12-14,2023-12-14,433200016.98809135,43032.4,0.003671137026239
2023-12-15,2023-12-15,629573642.5278751,41968.0,-0.0247348509495171
2023-12-16,2023-12-16,283157064.1005547,42287.4,0.007610560426992
2023-12-17,2023-12-17,76921824.86482817,41396.5,-0.0210677412184244
2023-12-18,2023-12-18,450600423.5849107,42671.7,0.0308045366154143
2023-12-19,2023-12-19,544110120.7541193,42298.3,-0.008750530210889
2023-12-20,2023-12-20,660291954.0240248,43708.9,0.0333488579919287
2023-12-21,2023-12-21,420824489.7001079,43896.3,0.004287456330404
2023-12-22,2023-12-22,495249292.5221185,43999.2,0.0023441611251973
2023-12-23,2023-12-23,259716257.2605535,43725.2,-0.0062273859524718
2023-12-24,2023-12-24,513598945.8454616,43008.4,-0.0163932926550363
2023-12-25,2023-12-25,151383472.36813483,43611.9,0.0140321425581979
2023-12-26,2023-12-26,587083384.9737588,42538.5,-0.0246125484099524
2023-12-27,2023-12-27,1282503184.5372517,43453.8,0.0215169787369089
2023-12-28,2023-12-28,324501613.1245105,42600.1,-0.019646152925636
2023-12-29,2023-12-29,563453505.9325061,42095.1,-0.0118544322665908
2023-12-30,2023-12-30,220884816.55903,42174.2,0.0018790785625879
2023-12-31,2023-12-31,242052860.60373068,42314.0,0.0033148228063604
2024-01-01,2024-01-01,176316528.89048144,44230.2,0.0452852483811503
2024-01-02,2024-01-02,902416950.0382042,44979.8,0.0169476963703534
2024-01-03,2024-01-03,483281538.130143,42849.5,-0.0473612599433523
2024-01-04,2024-01-04,3262638414.6128783,44143.8,0.0302057200200702
2024-01-05,2024-01-05,550069653.5536546,44145.4,3.6245180523586384e-05
2024-01-06,2024-01-06,188124592.86747912,43956.7,-0.0042745110475838
2024-01-07,2024-01-07,188779301.91052103,43916.9,-0.0009054364863603
2024-01-08,2024-01-08,614702059.3457977,46972.7,0.0695814139886921
2024-01-09,2024-01-09,999503472.944956,46114.0,-0.0182808312062111
2024-01-10,2024-01-10,565016893.9448292,46662.9,0.0119031096846944
2024-01-11,2024-01-11,847549110.7690542,46337.8,-0.0069669909071231
2024-01-12,2024-01-12,49667076.99307064,42788.9,-0.0765875807655952
2024-01-13,2024-01-13,10497270.3317756,42846.4,0.0013438064544777
2024-01-14,2024-01-14,48797271.07371897,41734.9,-0.0259415026700026
2024-01-15,2024-01-15,101238218.4428262,42515.0,0.018691790324165
2024-01-16,2024-01-16,2062649254.5964563,43133.0,0.0145360461013759
2024-01-17,2024-01-17,188732549.1554088,42783.4,-0.0081051631001785
2024-01-18,2024-01-18,894996247.487939,41323.1,-0.034132397144687
2024-01-19,2024-01-19,201748610.4201528,41662.2,0.0082060639206642
2024-01-20,2024-01-20,46002903.98017221,41691.8,0.0007104761630447
2024-01-21,2024-01-21,43542713.35343744,41580.0,-0.0026815824694544
2024-01-22,2024-01-22,4340874.66199256,39567.0,-0.0484126984126984
2024-01-23,2024-01-23,62235309.79486101,39890.0,0.0081633684636186
2024-01-24,2024-01-24,829534857.5189085,40078.7,0.0047305088994735
2024-01-25,2024-01-25,331355806.5693131,39953.3,-0.0031288439994309
2024-01-26,2024-01-26,293574005.7667323,41806.4,0.0463816505770486
2024-01-27,2024-01-27,175923892.47470176,42102.2,0.0070754716981131
2024-01-28,2024-01-28,137414589.5461586,42021.2,-0.0019238899629948
2024-01-29,2024-01-29,338509009.8216535,43287.7,0.0301395486087974
2024-01-30,2024-01-30,1124306722.6868858,42918.3,-0.0085336019238719
2024-01-31,2024-01-31,672148152.4409832,42560.5,-0.00833677009574
2024-02-01,2024-02-01,97097841.14289317,43072.6,0.0120322834553165
2024-02-02,2024-02-02,257290815.7488599,43182.0,0.0025398977540247
2024-02-03,2024-02-03,66926876.64509946,42992.4,-0.00439071835487
2024-02-04,2024-02-04,95316129.86206415,42570.3,-0.0098180143467216
2024-02-05,2024-02-05,245066853.82389435,42692.9,0.0028799421192708
2024-02-06,2024-02-06,560890174.2211893,43079.1,0.0090460006230543
2024-02-07,2024-02-07,318217413.609469,44326.2,0.0289490727522161
2024-02-08,2024-02-08,612031246.9120191,45269.1,0.021271843740271
2024-02-09,2024-02-09,832914165.2757673,47116.1,0.0408004577073544
2024-02-10,2024-02-10,354003217.16535103,47732.6,0.0130846992853823
2024-02-11,2024-02-11,401693424.2610576,48303.4,0.0119582842753172
2024-02-12,2024-02-12,1069692125.2176278,49943.6,0.0339562018408641
2024-02-13,2024-02-13,736185005.6441267,49696.4,-0.0049495831297703
2024-02-14,2024-02-14,2354366088.847127,51823.2,0.0427958564403054
2024-02-15,2024-02-15,992439694.3364615,51898.5,0.0014530171814941
2024-02-16,2024-02-16,724057081.3725032,52148.6,0.0048190217443664
2024-02-17,2024-02-17,300933632.1348381,51679.4,-0.0089973652216933
2024-02-18,2024-02-18,387953038.2046325,52175.9,0.0096073096823878
2024-02-19,2024-02-19,1493884315.0871377,51813.8,-0.0069399857022111
2024-02-20,2024-02-20,454528512.43331885,52297.4,0.0093334208261119
2024-02-21,2024-02-21,602662224.3147739,51877.8,-0.0080233434166898
2024-02-22,2024-02-22,883516289.4246942,51316.9,-0.0108119465358978
2024-02-23,2024-02-23,848169578.1348809,50771.9,-0.0106202829866963
2024-02-24,2024-02-24,253241934.7994072,51602.1,0.0163515645465306
2024-02-25,2024-02-25,249692710.8436262,51764.9,0.0031549103621753
2024-02-26,2024-02-26,1043901865.4832228,54511.6,0.0530610510210585
2024-02-27,2024-02-27,2440449655.32923,57074.5,0.0470156810660482
2024-02-28,2024-02-28,6505809553.075482,62487.9,0.0948479618743922
2024-02-29,2024-02-29,2688828723.997587,61203.3,-0.0205575799474777
2024-03-01,2024-03-01,3179114309.4785366,62430.6,0.0200528402880235
2024-03-02,2024-03-02,453293117.223389,62039.9,-0.0062581490487035
2024-03-03,2024-03-03,626623967.7318666,63178.5,0.0183527052751535
2024-03-04,2024-03-04,3339890595.1024404,68296.4,0.0810069881367869
2024-03-05,2024-03-05,4119604416.732031,63747.4,-0.0666067318335957
2024-03-06,2024-03-06,7552365146.537018,66128.1,0.0373458368498167
2024-03-07,2024-03-07,3663377276.6712794,66870.0,0.0112191337721785
2024-03-08,2024-03-08,3072613132.620534,68180.2,0.0195932406161207
2024-03-09,2024-03-09,1010989277.2362112,68360.1,0.0026385959560109
2024-03-10,2024-03-10,1152846289.379642,69001.8,0.0093870547292937
2024-03-11,2024-03-11,4492469735.749444,72153.8,0.0456799677689567
2024-03-12,2024-03-12,2650042321.250119,71503.2,-0.0090168501173881
2024-03-13,2024-03-13,9443060851.908075,73127.6,0.0227178643753007
2024-03-14,2024-03-14,2245170834.269263,71455.5,-0.0228655117903501
2024-03-15,2024-03-15,857006567.5024446,69552.2,-0.0266361581683706
2024-03-16,2024-03-16,427121896.5565321,65351.0,-0.0604035530148578
2024-03-17,2024-03-17,1339234458.4727893,68447.9,0.047388716316506
2024-03-18,2024-03-18,1001089806.1440256,67660.0,-0.0115109448208052
2024-03-19,2024-03-19,-252295020.3104964,61974.1,-0.0840363582618977
2024-03-20,2024-03-20,477203093.8418295,67876.4,0.0952381720751087
2024-03-21,2024-03-21,1375020807.4169974,65539.9,-0.0344228627328496
2024-03-22,2024-03-22,1239724516.5704713,63826.0,-0.0261504823779101
2024-03-23,2024-03-23,5394104269.801718,64020.3,0.0030442139566948
2024-03-24,2024-03-24,480943341.9642115,67260.9,0.0506183195017828
2024-03-25,2024-03-25,5353428434.5584345,69920.5,0.0395415464259325
2024-03-26,2024-03-26,952128007.1348848,70044.1,0.0017677219127438
2024-03-27,2024-03-27,815393224.1175523,69532.6,-0.0073025422555218
2024-03-28,2024-03-28,2295508501.6139555,70838.7,0.018783994845583
2024-03-29,2024-03-29,543326550.4440594,69903.6,-0.0132004116394003
2024-03-30,2024-03-30,397219459.7830986,69642.1,-0.0037408659925954
2024-03-31,2024-03-31,409044646.0412724,71363.0,0.0247106276232336
2024-04-01,2024-04-01,2800981740.1527166,69700.0,-0.0233033925143281
2024-04-02,2024-04-02,1576638807.3592036,65505.3,-0.0601822094691534
2024-04-03,2024-04-03,759277686.1224277,65971.9,0.0071230877501513
2024-04-04,2024-04-04,535738548.5556016,68489.9,0.0381677653667698
2024-04-05,2024-04-05,338206728.29293704,67825.7,-0.0096977802566509
2024-04-06,2024-04-06,551362159.1516494,68901.6,0.0158627187039721
2024-04-07,2024-04-07,377999398.7006241,69362.7,0.0066921522867391
2024-04-08,2024-04-08,1240582629.3275816,71678.4,0.0333853785968538
2024-04-09,2024-04-09,617109529.1884533,69189.3,-0.0347259425433602
2024-04-10,2024-04-10,391019994.4791133,70681.7,0.0215698092046023
2024-04-11,2024-04-11,611732932.9077854,70055.7,-0.0088566064483451
2024-04-12,2024-04-12,582618753.4199935,67136.4,-0.0416711274029094
2024-04-13,2024-04-13,-136192667.43454304,63939.7,-0.0476150046770454
2024-04-14,2024-04-14,-4796424.90159848,65615.9,0.026215324751289
2024-04-15,2024-04-15,293470422.782925,63392.7,-0.0338820316417209
2024-04-16,2024-04-16,433400308.0454812,63765.0,0.005872915966665
2024-04-17,2024-04-17,-79044875.69188763,61254.5,-0.039371128361954
2024-04-18,2024-04-18,567738289.4703232,63445.0,0.0357606379939432
2024-04-19,2024-04-19,686034358.1672972,63787.4,0.0053968003782804
2024-04-20,2024-04-20,130592831.50850414,64897.2,0.017398420377692
2024-04-21,2024-04-21,226997454.19846916,64912.6,0.0002372983734275
2024-04-22,2024-04-22,570175729.9550828,66778.0,0.0287371018877691
2024-04-23,2024-04-23,324075317.4265202,66386.3,-0.0058657042738625
2024-04-24,2024-04-24,2756521173.251252,64250.0,-0.0321798322846732
2024-04-25,2024-04-25,194329336.68233243,64478.8,0.0035610894941635
2024-04-26,2024-04-26,118214641.369405,63748.8,-0.0113215506492055
2024-04-27,2024-04-27,248604592.2007072,63421.0,-0.0051420575759857
2024-04-28,2024-04-28,552926089.3553476,63088.3,-0.0052458964696235
2024-04-29,2024-04-29,274255312.15156955,63842.4,0.0119530879735227
2024-04-30,2024-04-30,248617365.35032684,60651.2,-0.0499855895141787
2024-05-01,2024-05-01,-702770528.9958836,58307.6,-0.038640620465877
2024-05-02,2024-05-02,-116979491.4207704,59036.7,0.0125043733578469
2024-05-03,2024-05-03,296362751.7127867,62853.7,0.0646546978404958
2024-05-04,2024-05-04,318069646.11364514,63864.2,0.0160770169457009
2024-05-05,2024-05-05,171150727.1129059,63988.0,0.0019384882297124
2024-05-06,2024-05-06,506631018.66142136,63142.8,-0.0132087266362442
2024-05-07,2024-05-07,236610387.2247377,62296.0,-0.0134108718650424
2024-05-08,2024-05-08,411713396.3637835,61157.9,-0.0182692307692307
2024-05-09,2024-05-09,191187918.02201,63050.1,0.0309395842564901
2024-05-10,2024-05-10,37857474.27017386,60778.1,-0.0360348357893167
2024-05-11,2024-05-11,144597020.99916524,60809.2,0.0005116974699768
2024-05-12,2024-05-12,237041253.03601143,61455.8,0.0106332594410056
2024-05-13,2024-05-13,392975974.70112336,62912.1,0.0236967055997967
2024-05-14,2024-05-14,304543421.8029683,61550.5,-0.0216428954048585
2024-05-15,2024-05-15,1661741647.9527946,66175.4,0.0751399257520246
2024-05-16,2024-05-16,767248383.8418798,65217.7,-0.0144721452382606
2024-05-17,2024-05-17,655146149.4075147,66980.0,0.027021805430121
2024-05-18,2024-05-18,224844337.1671054,66884.9,-0.0014198268139744
2024-05-19,2024-05-19,328081904.13803774,66239.4,-0.0096509077534689
2024-05-20,2024-05-20,915331567.7875712,71466.5,0.0789122486012856
2024-05-21,2024-05-21,1583077019.051767,70168.8,-0.0181581580180923
2024-05-22,2024-05-22,817541581.4021962,69219.1,-0.0135345053642074
2024-05-23,2024-05-23,648693699.6129315,67999.9,-0.017613635542791
2024-05-24,2024-05-24,428301389.6436958,68584.1,0.0085911891046899
2024-05-25,2024-05-25,251617448.74184707,69314.4,0.0106482406272006
2024-05-26,2024-05-26,413197428.7393757,68524.3,-0.0113987858222821
2024-05-27,2024-05-27,752288007.6690215,69461.6,0.0136783593557321
2024-05-28,2024-05-28,10014748153.702288,68440.5,-0.014700208460502
2024-05-29,2024-05-29,290037681.3237601,67686.7,-0.0110139464206135
2024-05-30,2024-05-30,428000051.4642713,68402.5,0.010575194240523
2024-05-31,2024-05-31,331888028.939116,67577.9,-0.0120551149446292
2024-06-01,2024-06-01,174467865.63221788,67799.2,0.0032747392268774
2024-06-02,2024-06-02,238539217.73635137,67805.9,9.882122502924418e-05
2024-06-03,2024-06-03,1121795809.5691178,68851.4,0.0154190122098518
2024-06-04,2024-06-04,798548491.3032582,70580.0,0.0251062433007898
2024-06-05,2024-06-05,991425435.3319032,71133.3,0.0078393312553131
2024-06-06,2024-06-06,1644701673.4780858,70830.0,-0.0042638258031049
2024-06-07,2024-06-07,754820807.0120095,69377.0,-0.0205139065367782
2024-06-08,2024-06-08,223575154.8615156,69346.5,-0.000439626965709
2024-06-09,2024-06-09,216816344.75022972,69667.1,0.004623160505577
2024-06-10,2024-06-10,345929410.036104,69558.7,-0.0015559711829544
2024-06-11,2024-06-11,1231168287.6920528,67320.7,-0.032174264326389
2024-06-12,2024-06-12,592099887.6581404,68270.3,0.014105616845933
2024-06-13,2024-06-13,136948626.8786535,66786.9,-0.0217283357477557
2024-06-14,2024-06-14,163617596.63930354,66039.7,-0.0111878227616493
2024-06-15,2024-06-15,255988507.44527987,66213.7,0.0026347787770084
2024-06-16,2024-06-16,115722132.48123837,66653.6,0.0066436402134302
2024-06-17,2024-06-17,209455985.6984216,66472.1,-0.002723033714608
2024-06-18,2024-06-18,-43500554.04441298,65150.0,-0.0198895476448014
2024-06-19,2024-06-19,306101666.8828852,64933.6,-0.003321565617805
2024-06-20,2024-06-20,126552792.38237664,64854.0,-0.0012258676555743
2024-06-21,2024-06-21,374627601.2152575,64124.0,-0.0112560520553859
2024-06-22,2024-06-22,1736088568.865353,64240.0,0.0018089950720479
2024-06-23,2024-06-23,25590503.793024,63194.9,-0.0162686799501867
2024-06-24,2024-06-24,-384006188.8664475,60273.6,-0.0462268315955877
2024-06-25,2024-06-25,-86695818.5082989,61777.8,0.0249561997292346
2024-06-26,2024-06-26,37626976.40905781,60860.1,-0.0148548507716365
2024-06-27,2024-06-27,1053387012.0173056,61682.0,0.0135047428446553
2024-06-28,2024-06-28,97575109.32556166,60429.8,-0.0203008981550533
2024-06-29,2024-06-29,55902269.17757617,60982.4,0.0091444949346182
2024-06-30,2024-06-30,132381867.91931744,62766.0,0.0292477829668886
2024-07-01,2024-07-01,516536162.445138,62883.6,0.0018736258483891
2024-07-02,2024-07-02,8026210.21743778,62123.6,-0.0120858220585335
2024-07-03,2024-07-03,480800155.84022087,60208.0,-0.0308353025259321
2024-07-04,2024-07-04,145669220.39132968,57045.9,-0.052519598724422
2024-07-05,2024-07-05,-146225391.40707996,56604.9,-0.0077306169242662
2024-07-06,2024-07-06,36599656.1730817,58216.0,0.0284622002688812
2024-07-07,2024-07-07,88121799.11759248,55830.9,-0.0409698364710732
2024-07-08,2024-07-08,-540804420.1438257,56686.4,0.0153230558704946
2024-07-09,2024-07-09,419658698.7489644,58023.2,0.0235823760196447
2024-07-10,2024-07-10,293453770.0188921,57707.0,-0.0054495443202029
2024-07-11,2024-07-11,-23402236.3277779,57315.5,-0.0067842722719947
2024-07-12,2024-07-12,118882859.38612255,57870.0,0.0096745208538702
2024-07-13,2024-07-13,192897707.07542711,59174.0,0.022533264212891
2024-07-14,2024-07-14,305236920.0384312,60766.0,0.0269037077094669
2024-07-15,2024-07-15,1077888089.0747218,64680.6,0.0644208932626797
2024-07-16,2024-07-16,658085734.3439667,65010.0,0.0050927171362047
2024-07-17,2024-07-17,672327049.7722814,64055.7,-0.0146792801107522
2024-07-18,2024-07-18,571849963.7098249,63959.9,-0.0014955733837893
2024-07-19,2024-07-19,1338239554.8591793,66627.9,0.0417136362001815
2024-07-20,2024-07-20,417523271.0233976,67095.6,0.0070195818868674
2024-07-21,2024-07-21,308798478.5410852,68138.0,0.0155360411114886
2024-07-22,2024-07-22,664307346.6458762,67499.2,-0.0093750917256156
2024-07-23,2024-07-23,1955875828.406716,65916.4,-0.0234491668049399
2024-07-24,2024-07-24,354133248.3184851,65350.8,-0.0085805656862327
2024-07-25,2024-07-25,63947888.33495347,65773.0,0.0064605176983296
2024-07-26,2024-07-26,851289177.9609258,67882.5,0.0320724309367066
2024-07-27,2024-07-27,553978041.7353033,67873.8,-0.000128162633963
2024-07-28,2024-07-28,161153707.96479362,68215.5,0.0050343431486081
2024-07-29,2024-07-29,967221945.872591,66750.0,-0.0214833872067198
2024-07-30,2024-07-30,223974255.53626505,66159.3,-0.0088494382022471
2024-07-31,2024-07-31,121807096.5889366,64601.8,-0.023541663832598
2024-08-01,2024-08-01,206845992.0254832,65328.9,0.0112551043469377
2024-08-02,2024-08-02,-13524955.36971779,61483.7,-0.0588590960509055
2024-08-03,2024-08-03,6052985.99961537,60684.6,-0.0129969406525631
2024-08-04,2024-08-04,-125494363.80487916,58144.5,-0.0418574069862864
2024-08-05,2024-08-05,-1966267551.065576,54003.1,-0.0712259972998305
2024-08-06,2024-08-06,-312368972.1027346,55991.2,0.0368145532386103
2024-08-07,2024-08-07,131470082.53708024,55102.9,-0.0158649930703395
2024-08-08,2024-08-08,499722620.9316577,61659.8,0.1189937371717277
2024-08-09,2024-08-09,569945141.114908,60808.6,-0.0138047804241986
2024-08-10,2024-08-10,785500409.1341747,60889.9,0.0013369819400546
2024-08-11,2024-08-11,-16224113.70571367,58693.1,-0.0360782330074446
2024-08-12,2024-08-12,107200610.48151322,59323.6,0.010742318943794
2024-08-13,2024-08-13,-179889998.63946754,60550.5,0.0206814825802885
2024-08-14,2024-08-14,-56566043.01200322,58648.1,-0.031418402820786
2024-08-15,2024-08-15,-152121998.55558485,57511.0,-0.0193885223903246
2024-08-16,2024-08-16,-10175311.14547812,58854.9,0.0233677035697519
2024-08-17,2024-08-17,14030576.33248633,59468.5,0.0104256400061846
2024-08-18,2024-08-18,95762301.07869013,58390.0,-0.0181356516475108
2024-08-19,2024-08-19,-70836979.0733108,59398.5,0.0172717931152595
2024-08-20,2024-08-20,56775346.52811607,58982.9,-0.0069968096837461
2024-08-21,2024-08-21,169614761.17350978,61120.0,0.0362325351924031
2024-08-22,2024-08-22,275041509.3101086,60349.9,-0.0125998036649214
2024-08-23,2024-08-23,614539071.2917819,64019.9,0.0608120311715512
2024-08-24,2024-08-24,528211465.0376144,64116.5,0.0015089058245951
2024-08-25,2024-08-25,136320708.65900594,64190.2,0.001149470105199
2024-08-26,2024-08-26,297276939.04221094,62807.6,-0.021539113447224
2024-08-27,2024-08-27,-191833248.9004724,59384.5,-0.0545013660767168
2024-08-28,2024-08-28,-350049957.5954597,59010.0,-0.006306359403548
2024-08-29,2024-08-29,870580221.4623958,59323.2,0.0053075749872901
2024-08-30,2024-08-30,-4094251.51946802,59096.3,-0.0038248105294386
2024-08-31,2024-08-31,132888170.35633714,58941.9,-0.0026126847196863
2024-09-01,2024-09-01,-144311822.40698475,57268.1,-0.0283974557996943
2024-09-02,2024-09-02,-83637712.27126321,59112.1,0.0321994269060785
2024-09-03,2024-09-03,-141648694.8897047,57451.9,-0.0280856203721403
2024-09-04,2024-09-04,-15660204.53226373,57944.8,0.0085793507264337
2024-09-05,2024-09-05,-216613331.9611257,56145.7,-0.0310485151385457
2024-09-06,2024-09-06,-297286913.2547179,53927.7,-0.0395043609751057
2024-09-07,2024-09-07,-121060073.00014082,54134.9,0.0038421812908766
2024-09-08,2024-09-08,-68387215.46789318,54839.6,0.0130174804054314
2024-09-09,2024-09-09,389866415.2555225,57010.0,0.0395772398048126
2024-09-10,2024-09-10,-58858969.94784526,57609.1,0.0105086826872478
2024-09-11,2024-09-11,-98352389.5316712,57306.0,-0.0052613215620448
2024-09-12,2024-09-12,258662164.6073973,58097.0,0.0138030921718492
2024-09-13,2024-09-13,696716647.811337,60456.2,0.0406079487753239
2024-09-14,2024-09-14,166376550.50901642,59964.0,-0.008141431317218
2024-09-15,2024-09-15,111408246.19399787,59100.5,-0.014400306850777
2024-09-16,2024-09-16,75246192.3453437,58187.0,-0.0154567220243483
2024-09-17,2024-09-17,404500792.6143997,60281.0,0.0359874198704177
2024-09-18,2024-09-18,406481467.109178,61735.3,0.0241253462948525
2024-09-19,2024-09-19,860210165.3222926,62926.9,0.0193017609050252
2024-09-20,2024-09-20,1004339229.861845,63175.7,0.0039537940054252
2024-09-21,2024-09-21,282196899.959506,63320.6,0.0022936033949763
2024-09-22,2024-09-22,147800877.41491556,63558.4,0.0037554918936333
2024-09-23,2024-09-23,800891361.7362946,63302.0,-0.0040340851877957
2024-09-24,2024-09-24,389006901.0876548,64243.1,0.0148668288521689
2024-09-25,2024-09-25,830604409.6426033,63118.4,-0.0175069384883356
2024-09-26,2024-09-26,720298326.4560153,65139.2,0.0320160206849349
2024-09-27,2024-09-27,666990694.582048,65749.6,0.0093707015130675
2024-09-28,2024-09-28,517854655.58150536,65822.6,0.0011102729142078
2024-09-29,2024-09-29,161068527.63696316,65568.1,-0.003866453163503
2024-09-30,2024-09-30,93409404.4504492,63309.1,-0.0344527292997662
2024-10-01,2024-10-01,-5189142.26383466,60776.8,-0.0399989890868768
2024-10-02,2024-10-02,-194441693.4880979,60622.6,-0.0025371523344435
2024-10-03,2024-10-03,-137118283.58268055,60727.2,0.0017254291303903
2024-10-04,2024-10-04,363127658.99371576,62054.4,0.0218551159941509
2024-10-05,2024-10-05,117979095.3655856,62023.1,-0.0005043961427393
2024-10-06,2024-10-06,134230349.43186313,62789.3,0.0123534618553411
2024-10-07,2024-10-07,392781763.0153147,62190.7,-0.0095334714672723
2024-10-08,2024-10-08,5263084515.243571,62131.7,-0.0009486949013276
2024-10-09,2024-10-09,195747957.9495952,60606.4,-0.0245494650878697
2024-10-10,2024-10-10,-312306739.74563134,60293.2,-0.0051677710604821
2024-10-11,2024-10-11,1637756885.6332371,62509.0,0.0367504129818951
2024-10-12,2024-10-12,505780302.4496694,63176.0,0.0106704634532628
2024-10-13,2024-10-13,185867779.0222415,62839.8,-0.0053216411295428
2024-10-14,2024-10-14,711797997.7449435,66064.9,0.0513225694543901
2024-10-15,2024-10-15,1518957458.6820138,67044.1,0.0148217888773012
2024-10-16,2024-10-16,901957616.1044548,67592.0,0.0081722329034172
2024-10-17,2024-10-17,623769607.2449439,67401.5,-0.0028183808734761
2024-10-18,2024-10-18,755295942.8945023,68407.8,0.0149299347937361
2024-10-19,2024-10-19,432005311.4046229,68357.1,-0.0007411435538052
2024-10-20,2024-10-20,1488991225.075348,69020.1,0.0096990656420474
2024-10-21,2024-10-21,1771413017.6421103,67368.8,-0.023924914626319
2024-10-22,2024-10-22,447764644.0554025,67406.4,0.0005581218605643
2024-10-23,2024-10-23,257525490.4527841,66647.2,-0.0112630254693916
2024-10-24,2024-10-24,467408573.71155953,68173.8,0.0229056884610308
2024-10-25,2024-10-25,458079843.34138966,66662.8,-0.0221639398126552
2024-10-26,2024-10-26,185111389.7724418,67071.8,0.0061353558506394
2024-10-27,2024-10-27,195436769.6314605,67992.6,0.0137285714711696
2024-10-28,2024-10-28,712284380.0675097,69940.0,0.0286413521471453
2024-10-29,2024-10-29,1917670653.888004,72739.5,0.0400271661424078
2024-10-30,2024-10-30,930248963.9920576,72349.0,-0.0053684724255734
2024-10-31,2024-10-31,606989882.7365289,70321.9,-0.0280183554713956
2024-11-01,2024-11-01,526991955.53028953,69495.5,-0.0117516733762881
2024-11-02,2024-11-02,259459512.38869447,69366.6,-0.0018547963537206
2024-11-03,2024-11-03,136461031.3521881,68762.5,-0.0087088022189354
2024-11-04,2024-11-04,447967748.4456855,67834.3,-0.0134986366115251
2024-11-05,2024-11-05,500885043.00843847,69353.1,0.0223898529210149
2024-11-06,2024-11-06,3570158047.68172,75579.9,0.0897840183063192
2024-11-07,2024-11-07,1592632137.087509,75859.4,0.0036980731649551
2024-11-08,2024-11-08,1603306404.8331866,76482.2,0.0082099252037322
2024-11-09,2024-11-09,480466403.9751165,76675.1,0.0025221554819292
2024-11-10,2024-11-10,1723964411.8212607,80410.0,0.0487107287763561
2024-11-11,2024-11-11,4132702109.0113134,88728.9,0.103456037806243
2024-11-12,2024-11-12,5131161766.439169,87972.0,-0.008530478795522
2024-11-13,2024-11-13,4751040577.044537,90413.3,0.0277508752784978
2024-11-14,2024-11-14,4800257327.381092,87382.7,-0.0335194047778369
2024-11-15,2024-11-15,3184732217.6579857,91074.6,0.0422497817073632
2024-11-16,2024-11-16,1174743918.515226,90643.3,-0.004735678224225
2024-11-17,2024-11-17,685939552.7005415,89899.9,-0.0082013783699402
2024-11-18,2024-11-18,2412456428.095661,90507.4,0.0067575158593058
2024-11-19,2024-11-19,4718992153.092921,92335.9,0.0202027679504659
2024-11-20,2024-11-20,3986242743.229843,94288.0,0.021141289574261
2024-11-21,2024-11-21,10507657718.188854,98366.8,0.0432589512981502
2024-11-22,2024-11-22,5309474967.977182,98921.4,0.005638081141198
2024-11-23,2024-11-23,2994023955.2915926,97725.5,-0.0120893962277119
2024-11-24,2024-11-24,1440443544.7178369,97960.4,0.0024036715084598
2024-11-25,2024-11-25,2698581882.252732,93064.0,-0.049983462705338
2024-11-26,2024-11-26,1758113706.5005393,92021.4,-0.0112030430671367
2024-11-27,2024-11-27,2265727729.4682226,95905.2,0.0422054000482496
2024-11-28,2024-11-28,1761177725.5258806,95694.4,-0.0021980038621471
2024-11-29,2024-11-29,2123321705.1668231,97516.3,0.019038731629019
2024-11-30,2024-11-30,661215643.1807702,96475.1,-0.0106771893519339
2024-12-01,2024-12-01,734309154.0799893,97265.1,0.0081886414214651
2024-12-02,2024-12-02,2397428618.771028,95890.5,-0.0141325100164396
2024-12-03,2024-12-03,2337269928.9622536,95913.3,0.0002377712077838
2024-12-04,2024-12-04,2846463413.8630457,98669.8,0.0287394970249172
2024-12-05,2024-12-05,8955543800.74172,97001.5,-0.0169079090055924
2024-12-06,2024-12-06,5470200862.339151,99802.5,0.0288758421261527
2024-12-07,2024-12-07,829499515.1333711,99899.2,0.0009689136043686
2024-12-08,2024-12-08,738231488.0847195,101200.0,0.0130211252942966
2024-12-09,2024-12-09,5845356405.913611,97349.1,-0.0380523715415018
2024-12-10,2024-12-10,2812982732.612048,96602.4,-0.0076703328536166
2024-12-11,2024-12-11,2923419725.1185746,101115.3,0.0467162306526547
2024-12-12,2024-12-12,1644832650.019379,99982.4,-0.0112040413270791
2024-12-13,2024-12-13,1816687715.2206032,101371.9,0.0138974459504872
2024-12-14,2024-12-14,838220837.8083929,101381.0,8.976846640940117e-05
2024-12-15,2024-12-15,1342817205.1764011,104460.4,0.0303745277714757
2024-12-16,2024-12-16,3893036596.453719,106023.2,0.0149606932387775
2024-12-17,2024-12-17,4636988553.038136,106074.6,0.0004847995533054
2024-12-18,2024-12-18,2537552403.5535183,100181.1,-0.0555599549750835
2024-12-19,2024-12-19,4987770181.346103,97434.4,-0.0274173471842494
2024-12-20,2024-12-20,1974683912.0632384,97764.4,0.0033868941564785
2024-12-21,2024-12-21,461597058.62334096,97261.8,-0.0051409306455109
2024-12-22,2024-12-22,478048619.7286142,95153.5,-0.0216765472158648
2024-12-23,2024-12-23,6326015469.607879,94861.1,-0.0030729295296546
2024-12-24,2024-12-24,2519005337.695008,98627.2,0.0397012052358658
2024-12-25,2024-12-25,531617155.5436977,99379.7,0.0076297410856234
2024-12-26,2024-12-26,872263079.8556515,95751.0,-0.0365134931983091
2024-12-27,2024-12-27,1352039979.9366257,94258.9,-0.015583127069169
2024-12-28,2024-12-28,357856822.5586018,95259.1,0.0106111995790318
2024-12-29,2024-12-29,1038852925.1565216,93700.0,-0.0163669402713232
