start_time,date,exchange_whale_ratio,close,change
2021-01-01,2021-01-01,0.25285184,29337.16,
2021-01-02,2021-01-02,0.13972852,32199.91,0.0975810201123763
2021-01-03,2021-01-03,0.18448842,33054.53,0.0265410679719291
2021-01-04,2021-01-04,0.13731467,32031.07,-0.0309627757526729
2021-01-05,2021-01-05,0.14853645,33999.52,0.0614543941242049
2021-01-06,2021-01-06,0.16809059,36823.68,0.083064702089912
2021-01-07,2021-01-07,0.17298969,39498.92,0.0726499904409336
2021-01-08,2021-01-08,0.14918173,40637.23,0.0288187626395861
2021-01-09,2021-01-09,0.22727844,40136.04,-0.0123332717313655
2021-01-10,2021-01-10,0.23228364,38221.67,-0.047697032392832
2021-01-11,2021-01-11,0.12755185,35408.46,-0.0736024878033848
2021-01-12,2021-01-12,0.19554289,34056.9,-0.038170538905109
2021-01-13,2021-01-13,0.2389238,37421.07,0.0987808637897165
2021-01-14,2021-01-14,0.33469826,39163.31,0.0465577280393103
2021-01-15,2021-01-15,0.18472529,36755.24,-0.0614879079424083
2021-01-16,2021-01-16,0.21812376,36025.66,-0.0198496867385438
2021-01-17,2021-01-17,0.24580454,35869.83,-0.0043255279708963
2021-01-18,2021-01-18,0.18328312,36686.86,0.0227776379202242
2021-01-19,2021-01-19,0.57755661,35891.03,-0.0216925078897458
2021-01-20,2021-01-20,0.43412685,35500.0,-0.0108949227703969
2021-01-21,2021-01-21,0.26437065,30879.97,-0.1301416901408451
2021-01-22,2021-01-22,0.15357783,32986.34,0.0682115299982479
2021-01-23,2021-01-23,0.27996592,32086.48,-0.0272797770228524
2021-01-24,2021-01-24,0.12955872,32275.63,0.0058950062456213
2021-01-25,2021-01-25,0.2082175,32253.68,-0.0006800796762139
2021-01-26,2021-01-26,0.23594354,32474.14,0.0068351890388942
2021-01-27,2021-01-27,0.24563975,30381.04,-0.0644543627637251
2021-01-28,2021-01-28,0.20627274,33399.75,0.0993616413394669
2021-01-29,2021-01-29,0.13000874,34269.35,0.0260361230248729
2021-01-30,2021-01-30,0.19851163,34289.85,0.0005982021835839
2021-01-31,2021-01-31,0.16863188,33126.21,-0.0339354065415858
2021-02-01,2021-02-01,0.10402119,33546.09,0.0126751596394516
2021-02-02,2021-02-02,0.19884047,35504.06,0.0583665637336572
2021-02-03,2021-02-03,0.19266887,37652.51,0.0605127976913064
2021-02-04,2021-02-04,0.18668144,36976.93,-0.0179424957326882
2021-02-05,2021-02-05,0.1753899,38362.65,0.0374752582218156
2021-02-06,2021-02-06,0.10896059,39249.54,0.0231185801815045
2021-02-07,2021-02-07,0.21058881,38849.25,-0.0101985908624662
2021-02-08,2021-02-08,0.21879089,46451.32,0.195681255107885
2021-02-09,2021-02-09,0.14765363,46492.54,0.0008873805954277
2021-02-10,2021-02-10,0.25638596,44850.0,-0.0353291087129247
2021-02-11,2021-02-11,0.17987614,48060.21,0.0715765886287624
2021-02-12,2021-02-12,0.30063296,47361.03,-0.0145480013508055
2021-02-13,2021-02-13,0.21172419,47221.62,-0.0029435592933683
2021-02-14,2021-02-14,0.16119011,48655.21,0.0303587636341149
2021-02-15,2021-02-15,0.15216747,47981.58,-0.0138449715868043
2021-02-16,2021-02-16,0.15811044,49197.94,0.0253505616113516
2021-02-17,2021-02-17,0.15402778,52194.62,0.0609106804065373
2021-02-18,2021-02-18,0.14575991,51619.7,-0.0110149283585166
2021-02-19,2021-02-19,0.15130998,56004.1,0.0849365649161075
2021-02-20,2021-02-20,0.23448598,55917.41,-0.0015479223842539
2021-02-21,2021-02-21,0.14177493,57487.43,0.0280774806987662
2021-02-22,2021-02-22,0.18350124,54121.1,-0.0585576707812472
2021-02-23,2021-02-23,0.23765787,48930.0,-0.0959163801179207
2021-02-24,2021-02-24,0.29987824,49702.03,0.0157782546494993
2021-02-25,2021-02-25,0.23729063,47089.37,-0.0525664645890719
2021-02-26,2021-02-26,0.28436001,46313.13,-0.0164843997700543
2021-02-27,2021-02-27,0.18937112,46102.63,-0.0045451473480631
2021-02-28,2021-02-28,0.25557953,45163.36,-0.0203734580868812
2021-03-01,2021-03-01,0.17741894,49592.7,0.0980737482773645
2021-03-02,2021-03-02,0.26885835,48450.57,-0.023030204042127
2021-03-03,2021-03-03,0.21252831,50373.75,0.0396936506629332
2021-03-04,2021-03-04,0.27854276,48385.77,-0.0394646020993076
2021-03-05,2021-03-05,0.41682851,48770.57,0.0079527513977766
2021-03-06,2021-03-06,0.43103325,48908.21,0.0028221937943313
2021-03-07,2021-03-07,0.28790238,50995.27,0.0426729990731618
2021-03-08,2021-03-08,0.27850367,52429.43,0.0281233926205313
2021-03-09,2021-03-09,0.26616067,54917.78,0.0474609393998752
2021-03-10,2021-03-10,0.16958515,55947.98,0.018758952018818
2021-03-11,2021-03-11,0.21507325,57844.52,0.0338982747902603
2021-03-12,2021-03-12,0.21426322,57291.03,-0.0095685814317414
2021-03-13,2021-03-13,0.18167154,61267.41,0.0694066767520151
2021-03-14,2021-03-14,0.29008971,59037.12,-0.0364025507198688
2021-03-15,2021-03-15,0.32782509,55646.61,-0.0574301388685627
2021-03-16,2021-03-16,0.25166602,56954.19,0.0234979273670039
2021-03-17,2021-03-17,0.48344952,58959.0,0.0352003952650366
2021-03-18,2021-03-18,0.24285788,57700.01,-0.0213536525382044
2021-03-19,2021-03-19,0.35179405,58089.11,0.0067434996978337
2021-03-20,2021-03-20,0.27586089,58145.61,0.0009726435815593
2021-03-21,2021-03-21,0.12850545,57415.18,-0.0125620833627853
2021-03-22,2021-03-22,0.37159378,54129.56,-0.0572256326636962
2021-03-23,2021-03-23,0.22752393,54400.0,0.0049961610624582
2021-03-24,2021-03-24,0.27857548,52311.54,-0.0383908088235294
2021-03-25,2021-03-25,0.15373785,51325.21,-0.0188549218776583
2021-03-26,2021-03-26,0.32358816,55030.0,0.0721826564372556
2021-03-27,2021-03-27,0.18061579,55828.0,0.014501181173905
2021-03-28,2021-03-28,0.25671353,55805.08,-0.0004105466790856
2021-03-29,2021-03-29,0.29758892,57677.64,0.0335553680776015
2021-03-30,2021-03-30,0.21347588,58794.16,0.019357934894701
2021-03-31,2021-03-31,0.25107109,58807.24,0.0002224710753584
2021-04-01,2021-04-01,0.26481136,58794.01,-0.000224972299329
2021-04-02,2021-04-02,0.21383081,59031.36,0.0040369758756035
2021-04-03,2021-04-03,0.12431778,57134.65,-0.0321305489150173
2021-04-04,2021-04-04,0.2488004,58234.61,0.0192520650778467
2021-04-05,2021-04-05,0.1227192,59243.39,0.0173226883463286
2021-04-06,2021-04-06,0.13954993,58059.99,-0.0199752242402063
2021-04-07,2021-04-07,0.07674463,56018.18,-0.0351672468424468
2021-04-08,2021-04-08,0.22148115,58122.26,0.0375606633417937
2021-04-09,2021-04-09,0.23702535,58176.03,0.000925118878722
2021-04-10,2021-04-10,0.21390893,59832.43,0.028472207539772
2021-04-11,2021-04-11,0.17865923,60090.2,0.004308198747736
2021-04-12,2021-04-12,0.2427499,59911.18,-0.0029791879541088
2021-04-13,2021-04-13,0.21958652,63649.71,0.0624012079214597
2021-04-14,2021-04-14,0.17152571,63019.1,-0.0099075078268228
2021-04-15,2021-04-15,0.2487781,63232.55,0.0033870683649879
2021-04-16,2021-04-16,0.20841773,61424.67,-0.0285909709477161
2021-04-17,2021-04-17,0.20598451,60090.14,-0.0217262868485903
2021-04-18,2021-04-18,0.26302097,56140.05,-0.0657360758354032
2021-04-19,2021-04-19,0.24614389,55634.39,-0.0090071170225178
2021-04-20,2021-04-20,0.22273672,56410.56,0.0139512628789495
2021-04-21,2021-04-21,0.17934986,53800.0,-0.0462778600318805
2021-04-22,2021-04-22,0.32002012,51714.61,-0.0387618959107806
2021-04-23,2021-04-23,0.16091855,51122.62,-0.011447248659518
2021-04-24,2021-04-24,0.22011293,50092.4,-0.0201519405695561
2021-04-25,2021-04-25,0.18313435,49063.94,-0.020531258234782
2021-04-26,2021-04-26,0.21277425,53984.33,0.1002852604173247
2021-04-27,2021-04-27,0.24951167,55006.25,0.0189299376319016
2021-04-28,2021-04-28,0.19921605,54861.77,-0.0026266106124304
2021-04-29,2021-04-29,0.19022441,53558.8,-0.0237500539993513
2021-04-30,2021-04-30,0.19228754,57684.16,0.0770248773310828
2021-05-01,2021-05-01,0.13627011,57836.34,0.0026381592451028
2021-05-02,2021-05-02,0.15061041,56630.33,-0.0208521147776639
2021-05-03,2021-05-03,0.17031132,57214.83,0.010321324279763
2021-05-04,2021-05-04,0.12958301,53263.32,-0.0690644366154719
2021-05-05,2021-05-05,0.21011053,57497.77,0.0795003015208213
2021-05-06,2021-05-06,0.18054024,56435.35,-0.0184775861742115
2021-05-07,2021-05-07,0.2001585,57350.88,0.0162226335089619
2021-05-08,2021-05-08,0.17455754,58924.98,0.0274468325507821
2021-05-09,2021-05-09,0.19770679,58292.53,-0.0107331389845189
2021-05-10,2021-05-10,0.14346862,55869.67,-0.0415638161527729
2021-05-11,2021-05-11,0.13967836,56710.43,0.0150485943446596
2021-05-12,2021-05-12,0.25770363,49595.76,-0.1254561109834645
2021-05-13,2021-05-13,0.16338672,49707.9,0.0022610803826779
2021-05-14,2021-05-14,0.32505495,49873.27,0.0033268353722446
2021-05-15,2021-05-15,0.18747724,46793.41,-0.0617537209811988
2021-05-16,2021-05-16,0.20596954,46429.28,-0.0077816513051731
2021-05-17,2021-05-17,0.21921636,43566.18,-0.0616658281153617
2021-05-18,2021-05-18,0.30156669,42882.53,-0.0156922181380144
2021-05-19,2021-05-19,0.22138302,36689.14,-0.1444268796640496
2021-05-20,2021-05-20,0.17221118,40500.3,0.1038770600782685
2021-05-21,2021-05-21,0.19576715,37211.02,-0.0812161885220604
2021-05-22,2021-05-22,0.21080027,37432.58,0.0059541501415443
2021-05-23,2021-05-23,0.10729246,34651.6,-0.0742930356390075
2021-05-24,2021-05-24,0.24972326,38779.66,0.1191304297637052
2021-05-25,2021-05-25,0.29107236,38326.84,-0.0116767398166979
2021-05-26,2021-05-26,0.22162371,39224.2,0.023413357323484
2021-05-27,2021-05-27,0.23199763,38527.38,-0.0177650532069487
2021-05-28,2021-05-28,0.24989693,35670.99,-0.074139222547705
2021-05-29,2021-05-29,0.26657113,34611.94,-0.0296893918559589
2021-05-30,2021-05-30,0.2441611,35651.81,0.030043678568725
2021-05-31,2021-05-31,0.21911404,37243.38,0.0446420532365678
2021-06-01,2021-06-01,0.15117543,36693.41,-0.0147669196512237
2021-06-02,2021-06-02,0.33019275,37569.99,0.023889303283614
2021-06-03,2021-06-03,0.17787775,39247.4,0.0446476030470064
2021-06-04,2021-06-04,0.28103798,36828.03,-0.0616440834297304
2021-06-05,2021-06-05,0.21541037,35498.62,-0.0360977766119989
2021-06-06,2021-06-06,0.29192122,35801.71,0.0085380783816384
2021-06-07,2021-06-07,0.20442275,33550.96,-0.06286710886156
2021-06-08,2021-06-08,0.13894795,33372.58,-0.005316688404743
2021-06-09,2021-06-09,0.22184434,37368.45,0.1197351238651609
2021-06-10,2021-06-10,0.21335746,36669.66,-0.0186999995985917
2021-06-11,2021-06-11,0.21694834,37300.42,0.017201141215926
2021-06-12,2021-06-12,0.21089618,35537.05,-0.0472748028038289
2021-06-13,2021-06-13,0.28054331,38993.65,0.0972674996939813
2021-06-14,2021-06-14,0.15525666,40489.1,0.0383511161432694
2021-06-15,2021-06-15,0.36488121,40132.86,-0.0087984173518304
2021-06-16,2021-06-16,0.34049563,38344.97,-0.0445492795679151
2021-06-17,2021-06-17,0.32300957,38060.71,-0.0074132278627419
2021-06-18,2021-06-18,0.63181507,35811.41,-0.0590976889290818
2021-06-19,2021-06-19,0.3390378,35483.0,-0.0091705408974402
2021-06-20,2021-06-20,0.2339409,35588.64,0.002977200349463
2021-06-21,2021-06-21,0.15854799,31606.0,-0.1119076199596275
2021-06-22,2021-06-22,0.2051578,32496.0,0.0281592102765297
2021-06-23,2021-06-23,0.22360033,33649.0,0.0354812900049237
2021-06-24,2021-06-24,0.17922088,34644.64,0.0295889922434544
2021-06-25,2021-06-25,0.2141216,31568.07,-0.0888036360025678
2021-06-26,2021-06-26,0.42410939,32255.56,0.0217780181050029
2021-06-27,2021-06-27,0.2453542,34687.71,0.0754025042504298
2021-06-28,2021-06-28,0.23050454,34487.22,-0.0057798569003257
2021-06-29,2021-06-29,0.25458188,35911.26,0.0412918176646306
2021-06-30,2021-06-30,0.2333793,35031.39,-0.0245012288624794
2021-07-01,2021-07-01,0.18841918,33489.96,-0.0440013941781928
2021-07-02,2021-07-02,0.25612533,33760.94,0.0080913802226101
2021-07-03,2021-07-03,0.23267521,34652.94,0.0264210652902436
2021-07-04,2021-07-04,0.29074037,35280.16,0.0181000515396385
2021-07-05,2021-07-05,0.18438958,33672.72,-0.0455621516455708
2021-07-06,2021-07-06,0.19157175,34206.01,0.0158374494249351
2021-07-07,2021-07-07,0.21960281,33845.64,-0.0105352831271464
2021-07-08,2021-07-08,0.16420704,32852.04,-0.0293568093261051
2021-07-09,2021-07-09,0.45856137,33805.01,0.0290079398417877
2021-07-10,2021-07-10,0.15769621,33497.98,-0.0090823815759852
2021-07-11,2021-07-11,0.28427545,34253.81,0.0225634500946025
2021-07-12,2021-07-12,0.26614081,33070.87,-0.0345345525067136
2021-07-13,2021-07-13,0.22179754,32709.09,-0.0109395368189588
2021-07-14,2021-07-14,0.26962336,32803.01,0.0028713730647964
2021-07-15,2021-07-15,0.16992133,31866.43,-0.0285516481566783
2021-07-16,2021-07-16,0.34830877,31382.95,-0.0151720792068643
2021-07-17,2021-07-17,0.17843257,31496.65,0.0036229863668011
2021-07-18,2021-07-18,0.17231506,31767.0,0.0085834525259034
2021-07-19,2021-07-19,0.31880016,30823.62,-0.0296968552271225
2021-07-20,2021-07-20,0.20756919,29775.9,-0.0339908161338609
2021-07-21,2021-07-21,0.18281846,32120.0,0.0787247404780375
2021-07-22,2021-07-22,0.23908877,32268.11,0.0046111457036115
2021-07-23,2021-07-23,0.23643647,33634.46,0.0423436637596685
2021-07-24,2021-07-24,0.12666026,34230.0,0.017706245321019
2021-07-25,2021-07-25,0.267636,35370.66,0.0333234005258546
2021-07-26,2021-07-26,0.23990137,37218.09,0.0522305775464748
2021-07-27,2021-07-27,0.31024333,39442.33,0.059762336003809
2021-07-28,2021-07-28,0.63275847,40003.08,0.0142169592922121
2021-07-29,2021-07-29,0.33820216,40012.9,0.0002454810979555
2021-07-30,2021-07-30,0.37236011,42203.25,0.054741095996541
2021-07-31,2021-07-31,0.18045157,41448.11,-0.017892934785828
2021-08-01,2021-08-01,0.30278174,39846.78,-0.038634572239844
2021-08-02,2021-08-02,0.24451653,39147.48,-0.0175497242186193
2021-08-03,2021-08-03,0.59481712,38203.26,-0.0241195601862496
2021-08-04,2021-08-04,0.18392793,39731.31,0.0399978954675595
2021-08-05,2021-08-05,0.20935514,40882.4,0.0289718612348801
2021-08-06,2021-08-06,0.48507551,42825.43,0.0475272978103047
2021-08-07,2021-08-07,0.2558331,44601.11,0.0414632147301263
2021-08-08,2021-08-08,0.28074681,43787.71,-0.0182372142756088
2021-08-09,2021-08-09,0.50770298,46259.7,0.0564539684765428
2021-08-10,2021-08-10,0.50159792,45589.99,-0.014477179921184
2021-08-11,2021-08-11,0.26797162,45522.12,-0.0014887039896256
2021-08-12,2021-08-12,0.2377392,44385.09,-0.0249775274086533
2021-08-13,2021-08-13,0.36196629,47792.52,0.0767696990137905
2021-08-14,2021-08-14,0.27252613,47083.74,-0.0148303542060556
2021-08-15,2021-08-15,0.26673873,47006.02,-0.0016506760083204
2021-08-16,2021-08-16,0.2188411,45926.23,-0.0229713130360748
2021-08-17,2021-08-17,0.23937901,44704.84,-0.026594606176035
2021-08-18,2021-08-18,0.37253076,44714.09,0.0002069127190702
2021-08-19,2021-08-19,0.2106514,46772.0,0.0460237477716756
2021-08-20,2021-08-20,0.38822757,49332.74,0.0547494227315488
2021-08-21,2021-08-21,0.31202608,48848.29,-0.0098200505384455
2021-08-22,2021-08-22,0.19979181,49273.28,0.0087002021974567
2021-08-23,2021-08-23,0.16785244,49523.91,0.0050865296566415
2021-08-24,2021-08-24,0.14198802,47719.36,-0.0364379549191492
2021-08-25,2021-08-25,0.22094047,48992.65,0.0266828809103893
2021-08-26,2021-08-26,0.2589021,46853.06,-0.0436716527887347
2021-08-27,2021-08-27,0.24705825,49083.98,0.04761524647483
2021-08-28,2021-08-28,0.30015706,48931.99,-0.0030965296620202
2021-08-29,2021-08-29,0.16601916,48795.41,-0.002791221039651
2021-08-30,2021-08-30,0.28793209,47024.7,-0.036288454180424
2021-08-31,2021-08-31,0.27656326,47150.32,0.002671362071422
2021-09-01,2021-09-01,0.44490032,48842.94,0.0358983777840744
2021-09-02,2021-09-02,0.17469844,49299.14,0.0093401420962784
2021-09-03,2021-09-03,0.25200159,50027.08,0.0147657748187899
2021-09-04,2021-09-04,0.32152038,49940.74,-0.001725865271369
2021-09-05,2021-09-05,0.15625992,51799.57,0.0372207139902212
2021-09-06,2021-09-06,0.18644164,52683.97,0.0170735008031919
2021-09-07,2021-09-07,0.24320684,46864.39,-0.1104620627488779
2021-09-08,2021-09-08,0.24078603,46062.29,-0.0171153406669755
2021-09-09,2021-09-09,0.22210532,46413.88,0.0076329248936601
2021-09-10,2021-09-10,0.26537728,44860.83,-0.0334608957492886
2021-09-11,2021-09-11,0.32562321,45193.78,0.0074218421727818
2021-09-12,2021-09-12,0.26006251,46046.73,0.0188731723701802
2021-09-13,2021-09-13,0.23563061,44975.96,-0.0232539856793306
2021-09-14,2021-09-14,0.22667271,47087.18,0.0469410769664504
2021-09-15,2021-09-15,0.21433132,48106.12,0.021639435617083
2021-09-16,2021-09-16,0.27144234,47745.55,-0.007495304131782
2021-09-17,2021-09-17,0.24308323,47303.11,-0.0092666227533246
2021-09-18,2021-09-18,0.32165346,48285.15,0.0207605800126038
2021-09-19,2021-09-19,0.23835593,47256.91,-0.0212951601061609
2021-09-20,2021-09-20,0.14397206,43026.6,-0.0895172790603533
2021-09-21,2021-09-21,0.23420335,40726.1,-0.0534669251114426
2021-09-22,2021-09-22,0.23253462,43520.0,0.0686021985900933
2021-09-23,2021-09-23,0.26009483,44828.29,0.0300618106617647
2021-09-24,2021-09-24,0.21452215,42798.49,-0.0452794429588994
2021-09-25,2021-09-25,0.26788499,42651.58,-0.0034325977388454
2021-09-26,2021-09-26,0.21984797,43150.0,0.011685850793804
2021-09-27,2021-09-27,0.3025859,42122.69,-0.0238078794901506
2021-09-28,2021-09-28,0.24477536,41006.32,-0.0265028183147848
2021-09-29,2021-09-29,0.50401917,41499.71,0.0120320477428845
2021-09-30,2021-09-30,0.27691218,43796.57,0.0553464108544372
2021-10-01,2021-10-01,0.17150286,48123.94,0.098806139384888
2021-10-02,2021-10-02,0.22937882,47626.61,-0.0103343574944196
2021-10-03,2021-10-03,0.33344258,48187.3,0.0117726203901558
2021-10-04,2021-10-04,0.22608087,49198.22,0.020978971637755
2021-10-05,2021-10-05,0.23081445,51455.12,0.0458736108745398
2021-10-06,2021-10-06,0.23876138,55321.6,0.0751427651903249
2021-10-07,2021-10-07,0.17158,53814.99,-0.0272336664160111
2021-10-08,2021-10-08,0.19646872,53975.0,0.0029733351246559
2021-10-09,2021-10-09,0.27817279,54960.77,0.0182634553033811
2021-10-10,2021-10-10,0.14928072,54700.0,-0.0047446569616836
2021-10-11,2021-10-11,0.19569973,57500.01,0.0511884826325412
2021-10-12,2021-10-12,0.19969162,56011.84,-0.0258812128902239
2021-10-13,2021-10-13,0.25274029,57393.65,0.0246699626364712
2021-10-14,2021-10-14,0.33206274,57378.19,-0.0002693677784911
2021-10-15,2021-10-15,0.22100939,61702.33,0.0753620844435838
2021-10-16,2021-10-16,0.27200599,60925.56,-0.0125889897512785
2021-10-17,2021-10-17,0.26884886,61571.45,0.0106012977147851
2021-10-18,2021-10-18,0.16844253,62037.92,0.0075760762496255
2021-10-19,2021-10-19,0.59339994,64316.7,0.0367320503330865
2021-10-20,2021-10-20,0.24535484,66064.24,0.0271708592014205
2021-10-21,2021-10-21,0.34313135,62260.33,-0.0575789564823572
2021-10-22,2021-10-22,0.27286971,60734.27,-0.0245109526403088
2021-10-23,2021-10-23,0.33750636,61325.11,0.0097282802608806
2021-10-24,2021-10-24,0.40698177,60902.82,-0.0068860863029842
2021-10-25,2021-10-25,0.24840475,63127.04,0.0365208047837521
2021-10-26,2021-10-26,0.31239274,60358.75,-0.0438526818301634
2021-10-27,2021-10-27,0.23216946,58449.36,-0.031634021579307
2021-10-28,2021-10-28,0.32244741,60622.03,0.0371718355855392
2021-10-29,2021-10-29,0.25964527,62308.22,0.0278148059377094
2021-10-30,2021-10-30,0.28890699,61895.19,-0.0066288204028296
2021-10-31,2021-10-31,0.23237624,61348.61,-0.0088307346661348
2021-11-01,2021-11-01,0.28637517,60942.87,-0.0066136787777261
2021-11-02,2021-11-02,0.4346556,63266.69,0.0381311218195008
2021-11-03,2021-11-03,0.26144292,62946.45,-0.0050617473428751
2021-11-04,2021-11-04,0.24693655,61431.86,-0.024061563440035
2021-11-05,2021-11-05,0.25648213,61006.0,-0.0069322335348466
2021-11-06,2021-11-06,0.29279673,61511.3,0.0082827918565386
2021-11-07,2021-11-07,0.26926105,63316.4,0.0293458275146192
2021-11-08,2021-11-08,0.20206216,67606.96,0.0677638021113014
2021-11-09,2021-11-09,0.2123339,67009.98,-0.0088301559484409
2021-11-10,2021-11-10,0.16900125,64920.13,-0.0311871455565275
2021-11-11,2021-11-11,0.26085951,64831.3,-0.0013682967055055
2021-11-12,2021-11-12,0.35019423,64156.08,-0.0104150310112554
2021-11-13,2021-11-13,0.19232702,64427.0,0.0042228265816739
2021-11-14,2021-11-14,0.38609266,65568.39,0.0177160196811896
2021-11-15,2021-11-15,0.34534648,63654.49,-0.0291893700607869
2021-11-16,2021-11-16,0.29447265,60106.03,-0.0557456355396139
2021-11-17,2021-11-17,0.53751279,60366.96,0.0043411617769464
2021-11-18,2021-11-18,0.60898441,56921.05,-0.0570827154456675
2021-11-19,2021-11-19,0.38513203,58069.51,0.0201763670909091
2021-11-20,2021-11-20,0.42325547,59716.29,0.0283587720991618
2021-11-21,2021-11-21,0.42969928,58661.39,-0.0176651965485464
2021-11-22,2021-11-22,0.28610123,56268.31,-0.0407948055782517
2021-11-23,2021-11-23,0.39559204,57574.23,0.0232088008330089
2021-11-24,2021-11-24,0.30240629,57165.08,-0.0071064780197668
2021-11-25,2021-11-25,0.38289558,58988.21,0.0318923720565071
2021-11-26,2021-11-26,0.59838767,53755.65,-0.0887051836290675
2021-11-27,2021-11-27,0.45414603,54738.77,0.0182886822129393
2021-11-28,2021-11-28,0.31534873,57315.73,0.0470774188020668
2021-11-29,2021-11-29,0.2672956,57827.98,0.0089373370975123
2021-11-30,2021-11-30,0.3364868,56975.0,-0.0147502990766753
2021-12-01,2021-12-01,0.32056533,57209.29,0.0041121544537077
2021-12-02,2021-12-02,0.23055986,56513.57,-0.0121609619696381
2021-12-03,2021-12-03,0.2507136,53612.0,-0.0513428898581349
2021-12-04,2021-12-04,0.13392288,49135.66,-0.0834951130343952
2021-12-05,2021-12-05,0.27977425,49376.6,0.0049035669816992
2021-12-06,2021-12-06,0.23495288,50424.72,0.0212270589712535
2021-12-07,2021-12-07,0.21410466,50577.2,0.0030239136677405
2021-12-08,2021-12-08,0.22300648,50455.61,-0.0024040476736552
2021-12-09,2021-12-09,0.22137519,47539.76,-0.0577904022961965
2021-12-10,2021-12-10,0.21940028,47136.35,-0.0084857390950228
2021-12-11,2021-12-11,0.70113607,49381.15,0.0476235431890674
2021-12-12,2021-12-12,0.18996074,50057.01,0.013686599036272
2021-12-13,2021-12-13,0.28916037,46679.93,-0.0674646767755405
2021-12-14,2021-12-14,0.30691159,48324.04,0.0352209182832965
2021-12-15,2021-12-15,0.29524248,48870.48,0.0113078293950588
2021-12-16,2021-12-16,0.30338138,47624.5,-0.0254955547807184
2021-12-17,2021-12-17,0.22836577,46125.33,-0.0314789656584321
2021-12-18,2021-12-18,0.63049628,46815.99,0.0149735514087379
2021-12-19,2021-12-19,0.19040548,46668.63,-0.0031476425041957
2021-12-20,2021-12-20,0.1956515,46898.14,0.0049178645269853
2021-12-21,2021-12-21,0.29437298,48875.15,0.0421554031780364
2021-12-22,2021-12-22,0.23984094,48569.69,-0.0062498017908896
2021-12-23,2021-12-23,0.27473391,50817.92,0.0462887451000819
2021-12-24,2021-12-24,0.23549973,50808.55,-0.0001843837764314
2021-12-25,2021-12-25,0.23616893,50403.64,-0.0079693279969612
2021-12-26,2021-12-26,0.34407576,50765.73,0.0071838065663512
2021-12-27,2021-12-27,0.32915468,50707.72,-0.0011427000064807
2021-12-28,2021-12-28,0.40954006,47522.03,-0.0628245561030944
2021-12-29,2021-12-29,0.23719025,46436.54,-0.0228418272535916
2021-12-30,2021-12-30,0.27637765,47095.02,0.0141802123930852
2021-12-31,2021-12-31,0.33597552,46210.56,-0.0187803296399491
2022-01-01,2022-01-01,0.43514592,47704.35,0.0323257281452551
2022-01-02,2022-01-02,0.39788422,47280.0,-0.008895415197985
2022-01-03,2022-01-03,0.2691876,46445.81,-0.0176436125211506
2022-01-04,2022-01-04,0.45833009,45833.42,-0.0131850429565121
2022-01-05,2022-01-05,0.15579266,43421.69,-0.0526194641377404
2022-01-06,2022-01-06,0.29474896,43080.01,-0.0078688784337965
2022-01-07,2022-01-07,0.1950216,41553.86,-0.0354259434944421
2022-01-08,2022-01-08,0.19382159,41688.05,0.0032293028854599
2022-01-09,2022-01-09,0.26547713,41851.22,0.0039140712986094
2022-01-10,2022-01-10,0.28048738,41801.55,-0.0011868232276143
2022-01-11,2022-01-11,0.30113577,42700.68,0.0215094894806531
2022-01-12,2022-01-12,0.25652877,43880.72,0.0276351570982007
2022-01-13,2022-01-13,0.30416967,42534.32,-0.0306831793097287
2022-01-14,2022-01-14,0.22225173,43042.4,0.0119451774472942
2022-01-15,2022-01-15,0.22155364,43070.51,0.0006530769659685
2022-01-16,2022-01-16,0.22085518,43060.66,-0.0002286947612182
2022-01-17,2022-01-17,0.33452605,42176.34,-0.0205366104467513
2022-01-18,2022-01-18,0.33548267,42337.58,0.0038229964951914
2022-01-19,2022-01-19,0.27210938,41657.89,-0.0160540588290593
2022-01-20,2022-01-20,0.21315865,40661.69,-0.0239138372106699
2022-01-21,2022-01-21,0.23476278,36425.98,-0.1041695512409838
2022-01-22,2022-01-22,0.13970485,35043.73,-0.0379468170794581
2022-01-23,2022-01-23,0.22261892,36230.01,0.0338514193551884
2022-01-24,2022-01-24,0.20829907,36648.31,0.0115456771886068
2022-01-25,2022-01-25,0.19082131,36934.26,0.0078025426001908
2022-01-26,2022-01-26,0.22793131,36787.43,-0.0039754417714068
2022-01-27,2022-01-27,0.30370382,37131.0,0.009339331396621
2022-01-28,2022-01-28,0.43637479,37696.21,0.0152220516549512
2022-01-29,2022-01-29,0.45579629,38150.01,0.0120383454994548
2022-01-30,2022-01-30,0.15308949,37870.01,-0.0073394476174448
2022-01-31,2022-01-31,0.30486581,38439.04,0.0150258740359454
2022-02-01,2022-02-01,0.24819538,38680.51,0.0062818946570986
2022-02-02,2022-02-02,0.27355929,36892.03,-0.0462372393745584
2022-02-03,2022-02-03,0.40316898,37289.86,0.0107836299601837
2022-02-04,2022-02-04,0.27911168,41550.0,0.11424392582863
2022-02-05,2022-02-05,0.18679353,41374.69,-0.0042192539109505
2022-02-06,2022-02-06,0.42984881,42361.35,0.0238469460435835
2022-02-07,2022-02-07,0.21352458,43829.99,0.0346693389138921
2022-02-08,2022-02-08,0.29446418,44021.57,0.0043709797789139
2022-02-09,2022-02-09,0.26066143,44358.08,0.0076442071466329
2022-02-10,2022-02-10,0.24672479,43471.29,-0.0199916227212719
2022-02-11,2022-02-11,0.24023541,42366.0,-0.025425746509938
2022-02-12,2022-02-12,0.39658977,42199.87,-0.0039213048199027
2022-02-13,2022-02-13,0.35071438,42041.13,-0.0037616229623457
2022-02-14,2022-02-14,0.24584143,42525.14,0.0115127733245989
2022-02-15,2022-02-15,0.32105228,44529.6,0.0471358824450665
2022-02-16,2022-02-16,0.26061673,43860.7,-0.0150214688656534
2022-02-17,2022-02-17,0.30015272,40491.7,-0.0768113595998239
2022-02-18,2022-02-18,0.24486905,39966.8,-0.0129631504728128
2022-02-19,2022-02-19,0.35559958,40052.6,0.0021467818289178
2022-02-20,2022-02-20,0.17044294,38368.1,-0.0420571947888526
2022-02-21,2022-02-21,0.25359364,36986.4,-0.0360116867918921
2022-02-22,2022-02-22,0.32740696,38212.0,0.0331365042285811
2022-02-23,2022-02-23,0.20681957,37227.8,-0.0257563069192923
2022-02-24,2022-02-24,0.29717684,38315.1,0.0292066681351033
2022-02-25,2022-02-25,0.42841888,39205.4,0.0232362697735357
2022-02-26,2022-02-26,0.37053349,39099.3,-0.0027062598519591
2022-02-27,2022-02-27,0.42095642,37672.0,-0.036504489850202
2022-02-28,2022-02-28,0.31444687,43155.0,0.1455457634317265
2022-03-01,2022-03-01,0.29250594,44394.1,0.0287127795156991
2022-03-02,2022-03-02,0.31351278,43885.7,-0.0114519722215339
2022-03-03,2022-03-03,0.32556228,42449.5,-0.0327259221113026
2022-03-04,2022-03-04,0.18667771,39127.7,-0.0782529829562186
2022-03-05,2022-03-05,0.23885348,39375.1,0.0063228863439457
2022-03-06,2022-03-06,0.16638469,38401.1,-0.0247364451137901
2022-03-07,2022-03-07,0.26612331,37963.8,-0.011387694623331
2022-03-08,2022-03-08,0.26365716,38709.9,0.0196529325304632
2022-03-09,2022-03-09,0.14945361,41937.5,0.08337918723634
2022-03-10,2022-03-10,0.31635778,39407.2,-0.0603350223546945
2022-03-11,2022-03-11,0.22085444,38713.0,-0.0176160701597677
2022-03-12,2022-03-12,0.3036779,38792.6,0.0020561568465373
2022-03-13,2022-03-13,0.25891789,37743.7,-0.0270386620128582
2022-03-14,2022-03-14,0.34071679,39653.8,0.0506071211884369
2022-03-15,2022-03-15,0.27377729,39271.0,-0.0096535514881298
2022-03-16,2022-03-16,0.24748155,41105.8,0.0467214993252018
2022-03-17,2022-03-17,0.36257045,40898.1,-0.0050528149312263
2022-03-18,2022-03-18,0.41789419,41751.5,0.020866495020551
2022-03-19,2022-03-19,0.32908329,42188.2,0.0104595044489419
2022-03-20,2022-03-20,0.3235068,41261.0,-0.0219777094068956
2022-03-21,2022-03-21,0.22984306,40982.0,-0.0067618332081141
2022-03-22,2022-03-22,0.26770576,42349.8,0.0333756283246304
2022-03-23,2022-03-23,0.23677902,42867.9,0.0122338240086139
2022-03-24,2022-03-24,0.2990998,43973.4,0.0257885270797029
2022-03-25,2022-03-25,0.28351381,44290.6,0.0072134517685691
2022-03-26,2022-03-26,0.35577034,44489.2,0.0044840214402153
2022-03-27,2022-03-27,0.24612893,46820.8,0.0524082249175081
2022-03-28,2022-03-28,0.20433592,47121.9,0.0064309025048696
2022-03-29,2022-03-29,0.25579407,47418.5,0.0062943132598642
2022-03-30,2022-03-30,0.31740322,47053.2,-0.0077037443192004
2022-03-31,2022-03-31,0.39804807,45506.0,-0.0328819293905621
2022-04-01,2022-04-01,0.25571602,46266.2,0.016705489386015
2022-04-02,2022-04-02,0.23988862,45794.6,-0.0101931863866061
2022-04-03,2022-04-03,0.22227671,46392.4,0.0130539408576557
2022-04-04,2022-04-04,0.26142577,46580.9,0.0040631655184901
2022-04-05,2022-04-05,0.26911542,45477.4,-0.0236899673471315
2022-04-06,2022-04-06,0.29862033,43159.7,-0.0509637754137221
2022-04-07,2022-04-07,0.42829558,43417.1,0.0059638968760209
2022-04-08,2022-04-08,0.26638091,42229.2,-0.027360187575863
2022-04-09,2022-04-09,0.24005657,42727.7,0.0118046280772545
2022-04-10,2022-04-10,0.43008232,42140.4,-0.0137451816971191
2022-04-11,2022-04-11,0.25570386,39505.6,-0.0625243234520792
2022-04-12,2022-04-12,0.16790847,40060.7,0.0140511724920011
2022-04-13,2022-04-13,0.26852631,41129.8,0.0266870024737462
2022-04-14,2022-04-14,0.23987588,39915.9,-0.0295138804467807
2022-04-15,2022-04-15,0.201345,40529.5,0.0153723203034379
2022-04-16,2022-04-16,0.3501007,40361.0,-0.0041574655497846
2022-04-17,2022-04-17,0.19408574,39649.1,-0.0176383142142166
2022-04-18,2022-04-18,0.31593561,40785.6,0.0286639545412128
2022-04-19,2022-04-19,0.41416008,41472.9,0.0168515358361776
2022-04-20,2022-04-20,0.30447061,41327.7,-0.0035010814290779
2022-04-21,2022-04-21,0.23981583,40449.8,-0.0212424112641157
2022-04-22,2022-04-22,0.23906183,39674.2,-0.0191743840513427
2022-04-23,2022-04-23,0.3924277,39415.1,-0.0065306924903337
2022-04-24,2022-04-24,0.25382052,39433.4,0.0004642890668804
2022-04-25,2022-04-25,0.12467698,40411.0,0.0247911668788387
2022-04-26,2022-04-26,0.28079149,38093.7,-0.0573432976169855
2022-04-27,2022-04-27,0.43080555,39209.0,0.0292778070914614
2022-04-28,2022-04-28,0.22930588,39732.5,0.0133515264352572
2022-04-29,2022-04-29,0.30397648,38572.2,-0.0292027936827534
2022-04-30,2022-04-30,0.25943544,37614.5,-0.0248287626840054
2022-05-01,2022-05-01,0.29745339,38440.5,0.0219596166372011
2022-05-02,2022-05-02,0.26979533,38525.6,0.0022138109545921
2022-05-03,2022-05-03,0.36489491,37712.9,-0.0210950640612994
2022-05-04,2022-05-04,0.20514468,39684.0,0.0522659355286916
2022-05-05,2022-05-05,0.25712852,36534.7,-0.0793594395726238
2022-05-06,2022-05-06,0.35453348,35995.3,-0.0147640462354965
2022-05-07,2022-05-07,0.33806109,35466.7,-0.0146852505743807
2022-05-08,2022-05-08,0.60910563,34032.0,-0.040452029650348
2022-05-09,2022-05-09,0.63774099,30056.6,-0.1168135872120357
2022-05-10,2022-05-10,0.75344082,31002.1,0.0314573171948922
2022-05-11,2022-05-11,0.43051484,29074.7,-0.0621699820334751
2022-05-12,2022-05-12,0.17438104,29020.7,-0.0018572848559056
2022-05-13,2022-05-13,0.2426923,29274.3,0.0087385900409018
2022-05-14,2022-05-14,0.20717939,30079.8,0.0275156024226028
2022-05-15,2022-05-15,0.27624958,31324.4,0.0413766048976389
2022-05-16,2022-05-16,0.41621168,29866.7,-0.0465356080244154
2022-05-17,2022-05-17,0.28155847,30437.0,0.0190948447602179
2022-05-18,2022-05-18,0.31941642,28700.6,-0.0570489864309886
2022-05-19,2022-05-19,0.27034386,30319.9,0.0564204232664127
2022-05-20,2022-05-20,0.2763365,29188.9,-0.0373022338464177
2022-05-21,2022-05-21,0.25345786,29427.4,0.0081709142859101
2022-05-22,2022-05-22,0.2444549,30284.0,0.0291089256951004
2022-05-23,2022-05-23,0.27332321,29097.7,-0.0391725003302073
2022-05-24,2022-05-24,0.30404277,29643.1,0.0187437495059745
2022-05-25,2022-05-25,0.39849248,29536.7,-0.0035893681834895
2022-05-26,2022-05-26,0.3167648,29194.0,-0.0116025148374734
2022-05-27,2022-05-27,0.23000938,28623.2,-0.0195519627320681
2022-05-28,2022-05-28,0.24317944,29018.8,0.0138209564269542
2022-05-29,2022-05-29,0.28436933,29452.8,0.0149558217431458
2022-05-30,2022-05-30,0.46813919,31726.5,0.0771980932203391
2022-05-31,2022-05-31,0.32713342,31797.8,0.002247332671426
2022-06-01,2022-06-01,0.3678525,29796.9,-0.0629257370006729
2022-06-02,2022-06-02,0.34334694,30437.1,0.0214854565407809
2022-06-03,2022-06-03,0.27997771,29682.8,-0.0247822558653747
2022-06-04,2022-06-04,0.85407818,29848.4,0.0055789885051276
2022-06-05,2022-06-05,0.27756929,29909.9,0.0020604119483791
2022-06-06,2022-06-06,0.37599323,31361.2,0.0485223955947695
2022-06-07,2022-06-07,0.33656636,31118.1,-0.0077516166473222
2022-06-08,2022-06-08,0.39244701,30192.5,-0.0297447466265613
2022-06-09,2022-06-09,0.34140962,30093.3,-0.0032855841682537
2022-06-10,2022-06-10,0.22321657,29077.7,-0.0337483758843329
2022-06-11,2022-06-11,0.14101709,28416.7,-0.0227321968381267
2022-06-12,2022-06-12,0.21355818,26564.7,-0.0651729440786579
2022-06-13,2022-06-13,0.46826213,22471.5,-0.1540841793809078
2022-06-14,2022-06-14,0.25879718,22122.7,-0.0155218832743697
2022-06-15,2022-06-15,0.16956905,22567.5,0.0201060449221839
2022-06-16,2022-06-16,0.38442831,20387.4,-0.0966035227650381
2022-06-17,2022-06-17,0.23093281,20457.3,0.003428588245681
2022-06-18,2022-06-18,0.21520639,18959.7,-0.0732061415729348
2022-06-19,2022-06-19,0.25111356,20564.2,0.0846268664588574
2022-06-20,2022-06-20,0.34420072,20570.1,0.0002869063712664
2022-06-21,2022-06-21,0.26715589,20713.1,0.0069518378617507
2022-06-22,2022-06-22,0.46731891,19977.4,-0.0355185848569261
2022-06-23,2022-06-23,0.27820303,21096.6,0.0560233063361597
2022-06-24,2022-06-24,0.37547617,21231.2,0.0063801750045031
2022-06-25,2022-06-25,0.16432685,21481.9,0.0118080937488225
2022-06-26,2022-06-26,0.39464007,21029.1,-0.0210782100279771
2022-06-27,2022-06-27,0.29726765,20730.0,-0.0142231479235914
2022-06-28,2022-06-28,0.31688474,20268.6,-0.0222575976845152
2022-06-29,2022-06-29,0.26362005,20109.9,-0.0078298451792426
2022-06-30,2022-06-30,0.22503604,19923.5,-0.0092690664796941
2022-07-01,2022-07-01,0.41626507,19272.0,-0.0327000777975757
2022-07-02,2022-07-02,0.22544492,19240.9,-0.0016137401411373
2022-07-03,2022-07-03,0.35988169,19305.9,0.0033782203535177
2022-07-04,2022-07-04,0.29794854,20226.6,0.0476900843783505
2022-07-05,2022-07-05,0.37403032,20170.0,-0.0027982953140912
2022-07-06,2022-07-06,0.27271413,20554.1,0.0190431333663856
2022-07-07,2022-07-07,0.2473512,21613.4,0.0515371629018055
2022-07-08,2022-07-08,0.29417651,21587.9,-0.0011798236279345
2022-07-09,2022-07-09,0.26440445,21580.0,-0.0003659457381218
2022-07-10,2022-07-10,0.42336204,20853.8,-0.0336515291936978
2022-07-11,2022-07-11,0.41224767,19954.3,-0.0431336255262829
2022-07-12,2022-07-12,0.2612489,19322.9,-0.0316423026615816
2022-07-13,2022-07-13,0.32154579,20220.1,0.0464319537957551
2022-07-14,2022-07-14,0.35668347,20578.6,0.0177298826415299
2022-07-15,2022-07-15,0.25949958,20823.1,0.0118812747222842
2022-07-16,2022-07-16,0.26730766,21183.5,0.0173077015429981
2022-07-17,2022-07-17,0.83226126,20794.4,-0.0183680694880449
2022-07-18,2022-07-18,0.28451521,22423.9,0.0783624437348518
2022-07-19,2022-07-19,0.20038058,23385.9,0.0429006551045982
2022-07-20,2022-07-20,0.39240419,23221.5,-0.0070298769771529
2022-07-21,2022-07-21,0.29213211,23144.5,-0.0033158925995305
2022-07-22,2022-07-22,0.27886457,22675.1,-0.0202812763291495
2022-07-23,2022-07-23,0.33934079,22440.2,-0.0103593809950121
2022-07-24,2022-07-24,0.34596477,22570.6,0.0058109999019615
2022-07-25,2022-07-25,0.3001989,21300.0,-0.0562944715692094
2022-07-26,2022-07-26,0.2599936,21241.0,-0.0027699530516431
2022-07-27,2022-07-27,0.21942676,22941.1,0.0800386045854715
2022-07-28,2022-07-28,0.30617974,23836.2,0.039017309544878
2022-07-29,2022-07-29,0.42095616,23771.1,-0.0027311400307097
2022-07-30,2022-07-30,0.20695367,23629.9,-0.0059399859493248
2022-07-31,2022-07-31,0.28952623,23290.1,-0.0143800862466622
2022-08-01,2022-08-01,0.30815856,23257.6,-0.001395442698829
2022-08-02,2022-08-02,0.23414445,22975.1,-0.0121465671436433
2022-08-03,2022-08-03,0.24958,22801.5,-0.007556006285065
2022-08-04,2022-08-04,0.28708846,22608.9,-0.00844681270969
2022-08-05,2022-08-05,0.25623617,23298.1,0.0304835706292654
2022-08-06,2022-08-06,0.2748684,22943.3,-0.0152287096372665
2022-08-07,2022-08-07,0.36433774,23167.8,0.0097849916969223
2022-08-08,2022-08-08,0.24185891,23804.4,0.0274777924533189
2022-08-09,2022-08-09,0.31614627,23140.2,-0.0279024045974694
2022-08-10,2022-08-10,0.42999591,23940.9,0.034602120984261
2022-08-11,2022-08-11,0.27114685,23917.2,-0.0009899377216395
2022-08-12,2022-08-12,0.22854843,24387.5,0.0196636730052013
2022-08-13,2022-08-13,0.26399849,24429.0,0.0017016914402869
2022-08-14,2022-08-14,0.18548283,24294.1,-0.0055221253428302
2022-08-15,2022-08-15,0.21192816,24085.2,-0.0085987955923453
2022-08-16,2022-08-16,0.44691148,23843.0,-0.0100559679803364
2022-08-17,2022-08-17,0.30919581,23333.1,-0.0213857316612843
2022-08-18,2022-08-18,0.40348844,23185.1,-0.0063429205720628
2022-08-19,2022-08-19,0.33296414,20824.9,-0.101798137596991
2022-08-20,2022-08-20,0.22403499,21127.8,0.0145450878515622
2022-08-21,2022-08-21,0.3498872,21505.6,0.0178816535559782
2022-08-22,2022-08-22,0.35771664,21387.0,-0.0055148426456363
2022-08-23,2022-08-23,0.1897752,21518.2,0.006134567728059
2022-08-24,2022-08-24,0.25901258,21354.9,-0.0075889247241869
2022-08-25,2022-08-25,0.35444131,21548.3,0.0090564694753896
2022-08-26,2022-08-26,0.29649532,20228.7,-0.0612391696792785
2022-08-27,2022-08-27,0.35265807,20023.9,-0.0101242294363947
2022-08-28,2022-08-28,0.5446535,19547.5,-0.0237915690749555
2022-08-29,2022-08-29,0.34022019,20275.5,0.0372426141450312
2022-08-30,2022-08-30,0.33018984,19803.1,-0.023299055510345
2022-08-31,2022-08-31,0.378614,20041.5,0.012038519221738
2022-09-01,2022-09-01,0.2830655,20122.5,0.0040416136516727
2022-09-02,2022-09-02,0.46245684,19941.0,-0.0090197540067089
2022-09-03,2022-09-03,0.34882383,19820.7,-0.0060327967504136
2022-09-04,2022-09-04,0.51597517,19992.7,0.0086777964451305
2022-09-05,2022-09-05,0.52529743,19784.9,-0.0103937937347131
2022-09-06,2022-09-06,0.29875762,18781.5,-0.0507154446067456
2022-09-07,2022-09-07,0.22058253,19287.0,0.0269147831642839
2022-09-08,2022-09-08,0.46700854,19309.3,0.0011562192150151
2022-09-09,2022-09-09,0.35428922,21352.0,0.1057884024796342
2022-09-10,2022-09-10,0.44287322,21639.5,0.0134647808167853
2022-09-11,2022-09-11,0.48135092,21820.3,0.0083550913838119
2022-09-12,2022-09-12,0.29429492,22386.0,0.0259253997424417
2022-09-13,2022-09-13,0.32535839,20162.5,-0.0993254712766907
2022-09-14,2022-09-14,0.27391771,20217.0,0.0027030378177308
2022-09-15,2022-09-15,0.25810533,19690.8,-0.0260276005342039
2022-09-16,2022-09-16,0.20361427,19792.5,0.0051648485587179
2022-09-17,2022-09-17,0.50940507,20102.0,0.0156372363268915
2022-09-18,2022-09-18,0.33949368,19404.5,-0.0346980399960202
2022-09-19,2022-09-19,0.32568333,19528.6,0.0063954237419154
2022-09-20,2022-09-20,0.25852287,18866.8,-0.033888758026689
2022-09-21,2022-09-21,0.41730918,18447.5,-0.0222242245637839
2022-09-22,2022-09-22,0.23224952,19392.5,0.0512264534489768
2022-09-23,2022-09-23,0.36534849,19280.7,-0.005765115379657
2022-09-24,2022-09-24,0.35180987,18911.0,-0.0191746150295373
2022-09-25,2022-09-25,0.4808373,18799.7,-0.0058854634868594
2022-09-26,2022-09-26,0.25188182,19216.3,0.0221599280839586
2022-09-27,2022-09-27,0.20486286,19070.1,-0.007608124352763
2022-09-28,2022-09-28,0.57462556,19407.3,0.0176821306652823
2022-09-29,2022-09-29,0.45775822,19582.5,0.0090275308775564
2022-09-30,2022-09-30,0.30099822,19411.7,-0.0087220732797139
2022-10-01,2022-10-01,0.4106994,19304.0,-0.0055482003121829
2022-10-02,2022-10-02,0.2259558,19049.4,-0.0131889763779526
2022-10-03,2022-10-03,0.27279643,19622.0,0.0300586895125305
2022-10-04,2022-10-04,0.25746058,20333.0,0.0362348384466415
2022-10-05,2022-10-05,0.28297397,20150.0,-0.0090001475434023
2022-10-06,2022-10-06,0.24318412,19954.0,-0.0097270471464019
2022-10-07,2022-10-07,0.32276641,19520.9,-0.0217049213190336
2022-10-08,2022-10-08,0.51089189,19406.2,-0.0058757536793898
2022-10-09,2022-10-09,0.31879362,19430.0,0.0012264121775513
2022-10-10,2022-10-10,0.23205181,19124.0,-0.0157488419969119
2022-10-11,2022-10-11,0.20544733,19055.0,-0.003608031792512
2022-10-12,2022-10-12,0.23776947,19148.0,0.004880608764104
2022-10-13,2022-10-13,0.22558648,19365.5,0.0113588886567788
2022-10-14,2022-10-14,0.27365352,19164.6,-0.0103741189228268
2022-10-15,2022-10-15,0.3647225,19060.4,-0.0054371080012104
2022-10-16,2022-10-16,0.22426717,19251.9,0.0100470084573252
2022-10-17,2022-10-17,0.25988491,19540.6,0.0149959224803783
2022-10-18,2022-10-18,0.2450255,19320.9,-0.0112432576277082
2022-10-19,2022-10-19,0.32952559,19116.7,-0.010568865839583
2022-10-20,2022-10-20,0.26030828,19034.7,-0.0042894432616508
2022-10-21,2022-10-21,0.19603728,19150.9,0.0061046404724003
2022-10-22,2022-10-22,0.33552999,19195.1,0.0023079855254843
2022-10-23,2022-10-23,0.18795003,19560.7,0.0190465274992055
2022-10-24,2022-10-24,0.36247612,19318.1,-0.0124024191363295
2022-10-25,2022-10-25,0.20567404,20068.3,0.0388340468265513
2022-10-26,2022-10-26,0.19333716,20758.3,0.0343825834774245
2022-10-27,2022-10-27,0.28471188,20285.5,-0.0227764315960362
2022-10-28,2022-10-28,0.270566,20582.8,0.0146557886174853
2022-10-29,2022-10-29,0.29044936,20796.7,0.0103921721048643
2022-10-30,2022-10-30,0.15247627,20615.6,-0.0087081123447471
2022-10-31,2022-10-31,0.27765452,20482.0,-0.0064805293079026
2022-11-01,2022-11-01,0.23760693,20472.1,-0.000483351235231
2022-11-02,2022-11-02,0.27429592,20140.1,-0.0162171931555629
2022-11-03,2022-11-03,0.26395639,20199.7,0.0029592703114682
2022-11-04,2022-11-04,0.29855013,21137.6,0.0464313826442965
2022-11-05,2022-11-05,0.26297119,21289.9,0.0072051699341459
2022-11-06,2022-11-06,0.31343396,20900.0,-0.0183138483506264
2022-11-07,2022-11-07,0.18950774,20578.6,-0.015377990430622
2022-11-08,2022-11-08,0.14128521,18534.0,-0.0993556412972699
2022-11-09,2022-11-09,0.14337708,15905.0,-0.1418474155605913
2022-11-10,2022-11-10,0.15416959,17588.0,0.1058157812008802
2022-11-11,2022-11-11,0.19170614,17058.3,-0.0301171253127132
2022-11-12,2022-11-12,0.16640958,16806.9,-0.014737693674047
2022-11-13,2022-11-13,0.23956808,16321.2,-0.0288988451171841
2022-11-14,2022-11-14,0.34466726,16605.2,0.0174006813224518
2022-11-15,2022-11-15,0.17491664,16888.3,0.0170488762556306
2022-11-16,2022-11-16,0.23990843,16650.6,-0.014074832872462
2022-11-17,2022-11-17,0.18330495,16682.1,0.0018918237180642
2022-11-18,2022-11-18,0.88339976,16689.7,0.0004555781346473
2022-11-19,2022-11-19,0.18954382,16692.9,0.0001917350221993
2022-11-20,2022-11-20,0.2330068,16272.6,-0.0251783692468056
2022-11-21,2022-11-21,0.16909357,15773.0,-0.0307019161043717
2022-11-22,2022-11-22,0.16689748,16220.6,0.0283776073036201
2022-11-23,2022-11-23,0.19536011,16595.8,0.0231310802313107
2022-11-24,2022-11-24,0.18123098,16592.4,-0.0002048711119679
2022-11-25,2022-11-25,0.23644824,16516.1,-0.0045984908753406
2022-11-26,2022-11-26,0.37784307,16449.2,-0.0040505930576829
2022-11-27,2022-11-27,0.4991409,16422.6,-0.0016170999197531
2022-11-28,2022-11-28,0.16817896,16204.5,-0.0132804793394467
2022-11-29,2022-11-29,0.21050105,16433.2,0.0141133635718473
2022-11-30,2022-11-30,0.29289236,17153.3,0.0438198281527637
2022-12-01,2022-12-01,0.22263836,16970.5,-0.0106568415406947
2022-12-02,2022-12-02,0.19958497,17083.0,0.0066291505848383
2022-12-03,2022-12-03,0.21242959,16879.5,-0.0119124275595621
2022-12-04,2022-12-04,0.20490166,17099.5,0.0130335614206582
2022-12-05,2022-12-05,0.22459975,16958.3,-0.0082575513903915
2022-12-06,2022-12-06,0.17212071,17078.6,0.0070938714375849
2022-12-07,2022-12-07,0.1656951,16828.0,-0.0146733338798261
2022-12-08,2022-12-08,0.14457383,17216.0,0.0230568100784407
2022-12-09,2022-12-09,0.19996423,17122.0,-0.0054600371747212
2022-12-10,2022-12-10,0.2123761,17120.0,-0.0001168087840205
2022-12-11,2022-12-11,0.2471516,17077.3,-0.0024941588785046
2022-12-12,2022-12-12,0.1624215,17200.0,0.0071849765478149
2022-12-13,2022-12-13,0.1609554,17777.1,0.0335523255813952
2022-12-14,2022-12-14,0.16293681,17803.9,0.0015075574756289
2022-12-15,2022-12-15,0.14480845,17351.8,-0.0253933127011498
2022-12-16,2022-12-16,0.21124465,16624.1,-0.0419380121947002
2022-12-17,2022-12-17,0.28413936,16768.0,0.0086561076990634
2022-12-18,2022-12-18,0.49724949,16730.3,-0.0022483301526717
2022-12-19,2022-12-19,0.21489658,16429.2,-0.0179972863606748
2022-12-20,2022-12-20,0.20081137,16887.2,0.0278771942638715
2022-12-21,2022-12-21,0.1947951,16819.6,-0.0040030318821356
2022-12-22,2022-12-22,0.1836193,16815.5,-0.0002437632286141
2022-12-23,2022-12-23,0.21182421,16776.4,-0.0023252356456839
2022-12-24,2022-12-24,0.32245117,16828.9,0.0031293960563649
2022-12-25,2022-12-25,0.16577452,16824.4,-0.0002673971560827
2022-12-26,2022-12-26,0.20982104,16912.9,0.0052602173034401
2022-12-27,2022-12-27,0.35577055,16698.2,-0.0126944521637331
2022-12-28,2022-12-28,0.14991616,16539.0,-0.0095339617443797
2022-12-29,2022-12-29,0.19846665,16630.3,0.0055202853860572
2022-12-30,2022-12-30,0.24445885,16601.2,-0.0017498181031009
2022-12-31,2022-12-31,0.33872949,16537.6,-0.0038310483579501
2023-01-01,2023-01-01,0.35961605,16610.3,0.0043960429566562
2023-01-02,2023-01-02,0.15924527,16666.0,0.0033533409992594
2023-01-03,2023-01-03,0.20786481,16667.2,7.20028801153294e-05
2023-01-04,2023-01-04,0.56178236,16842.1,0.0104936642027453
2023-01-05,2023-01-05,0.25533624,16823.8,-0.0010865628395508
2023-01-06,2023-01-06,0.22741888,16943.8,0.007132752410276
2023-01-07,2023-01-07,0.32499055,16936.5,-0.000430836058027
2023-01-08,2023-01-08,0.21001995,17124.7,0.011112095179051
2023-01-09,2023-01-09,0.14508092,17169.7,0.0026277832604366
2023-01-10,2023-01-10,0.12868308,17428.8,0.0150905374001875
2023-01-11,2023-01-11,0.14998624,17935.7,0.0290840447994125
2023-01-12,2023-01-12,0.1574575,18838.0,0.0503074873018616
2023-01-13,2023-01-13,0.12494887,19924.2,0.0576600488374563
2023-01-14,2023-01-14,0.17291854,20962.8,0.0521275634655342
2023-01-15,2023-01-15,0.26012495,20882.7,-0.0038210544392923
2023-01-16,2023-01-16,0.14386921,21188.3,0.0146341229821813
2023-01-17,2023-01-17,0.11254177,21130.9,-0.0027090422544516
2023-01-18,2023-01-18,0.1811753,20680.0,-0.0213384190924191
2023-01-19,2023-01-19,0.54564312,21068.3,0.0187765957446808
2023-01-20,2023-01-20,0.15140412,22661.1,0.0756017334099097
2023-01-21,2023-01-21,0.25116817,22781.9,0.0053307209270512
2023-01-22,2023-01-22,0.21710494,22704.6,-0.0033930444782921
2023-01-23,2023-01-23,0.23459887,22913.1,0.0091831611215349
2023-01-24,2023-01-24,0.15285882,22627.4,-0.0124688496973346
2023-01-25,2023-01-25,0.16433153,23060.6,0.0191449304825122
2023-01-26,2023-01-26,0.16388803,23001.9,-0.002545467160438
2023-01-27,2023-01-27,0.20161339,23068.0,0.0028736756528808
2023-01-28,2023-01-28,0.36619598,23015.9,-0.0022585399687878
2023-01-29,2023-01-29,0.19875258,23740.3,0.0314738941340551
2023-01-30,2023-01-30,0.48028248,22819.9,-0.0387695184980811
2023-01-31,2023-01-31,0.16160489,23119.4,0.0131245097480707
2023-02-01,2023-02-01,0.19462647,23730.0,0.0264107200013841
2023-02-02,2023-02-02,0.14286188,23493.1,-0.0099831436999578
2023-02-03,2023-02-03,0.21812976,23424.7,-0.0029114931618219
2023-02-04,2023-02-04,0.29100702,23322.6,-0.0043586470691194
2023-02-05,2023-02-05,0.22287903,22929.2,-0.0168677591692177
2023-02-06,2023-02-06,0.14880044,22757.7,-0.0074795457320796
2023-02-07,2023-02-07,0.27079188,23234.1,0.0209335741309533
2023-02-08,2023-02-08,0.18724435,22955.9,-0.0119737799183096
2023-02-09,2023-02-09,0.243371,21793.4,-0.0506405760610562
2023-02-10,2023-02-10,0.13514137,21618.6,-0.0080207769324659
2023-02-11,2023-02-11,0.18250839,21851.3,0.0107638792521256
2023-02-12,2023-02-12,0.23820944,21771.1,-0.0036702621811974
2023-02-13,2023-02-13,0.20711169,21766.2,-0.0002250690135086
2023-02-14,2023-02-14,0.16938245,22187.4,0.0193511040052927
2023-02-15,2023-02-15,0.16992337,24332.6,0.0966855061881968
2023-02-16,2023-02-16,0.15793628,23526.6,-0.0331242859373843
2023-02-17,2023-02-17,0.11728461,24581.5,0.0448386082136815
2023-02-18,2023-02-18,0.23804987,24636.9,0.0022537273966194
2023-02-19,2023-02-19,0.16282816,24265.9,-0.0150587127438922
2023-02-20,2023-02-20,0.12242215,24849.9,0.024066694414796
2023-02-21,2023-02-21,0.14887447,24443.4,-0.016358214721186
2023-02-22,2023-02-22,0.15254428,24171.3,-0.0111318392694961
2023-02-23,2023-02-23,0.14648855,23928.8,-0.0100325592748424
2023-02-24,2023-02-24,0.16929129,23175.6,-0.0314767142522818
2023-02-25,2023-02-25,0.17085904,23146.2,-0.0012685755708589
2023-02-26,2023-02-26,0.16654531,23545.3,0.0172425711347865
2023-02-27,2023-02-27,0.14316219,23480.0,-0.0027733772769936
2023-02-28,2023-02-28,0.24798443,23129.6,-0.0149233390119251
2023-03-01,2023-03-01,0.24508704,23619.8,0.0211936220254564
2023-03-02,2023-03-02,0.11926894,23457.1,-0.0068882886391925
2023-03-03,2023-03-03,0.17270248,22342.8,-0.0475037408716336
2023-03-04,2023-03-04,0.29255621,22335.7,-0.0003177757487869
2023-03-05,2023-03-05,0.29747691,22419.4,0.0037473640852985
2023-03-06,2023-03-06,0.19025607,22397.1,-0.0009946742553326
2023-03-07,2023-03-07,0.11515178,22187.1,-0.0093762138848333
2023-03-08,2023-03-08,0.14599875,21695.4,-0.0221615262923048
2023-03-09,2023-03-09,0.2104959,20348.3,-0.0620915032679739
2023-03-10,2023-03-10,0.16739368,20140.3,-0.0102219841460957
2023-03-11,2023-03-11,0.25398302,20447.3,0.0152430698648977
2023-03-12,2023-03-12,0.20078632,21986.2,0.0752617705027069
2023-03-13,2023-03-13,0.43630177,24119.5,0.0970290454921722
2023-03-14,2023-03-14,0.22222789,24682.5,0.0233421090818632
2023-03-15,2023-03-15,0.25814829,24288.0,-0.0159829838954724
2023-03-16,2023-03-16,0.14811297,24990.4,0.0289196310935442
2023-03-17,2023-03-17,0.13514372,27384.0,0.0957807798194505
2023-03-18,2023-03-18,0.20814278,26907.0,-0.017418930762489
2023-03-19,2023-03-19,0.14609486,27955.7,0.0389749879213587
2023-03-20,2023-03-20,0.18214599,27704.1,-0.0089999534978556
2023-03-21,2023-03-21,0.16901235,28091.1,0.013969051512231
2023-03-22,2023-03-22,0.16578423,27233.8,-0.0305185628188287
2023-03-23,2023-03-23,0.16227342,28284.1,0.0385660466038524
2023-03-24,2023-03-24,0.17869006,27438.9,-0.0298825134969823
2023-03-25,2023-03-25,0.16864041,27447.3,0.0003061347211439
2023-03-26,2023-03-26,0.16076161,27954.3,0.0184717622498387
2023-03-27,2023-03-27,0.11542683,27112.0,-0.0301313214782699
2023-03-28,2023-03-28,0.3524547,27249.7,0.0050789318383004
2023-03-29,2023-03-29,0.12485092,28338.5,0.0399564031897599
2023-03-30,2023-03-30,0.33770809,28015.0,-0.0114155653968982
2023-03-31,2023-03-31,0.22755786,28454.9,0.0157023023380331
2023-04-01,2023-04-01,0.19713066,28443.8,-0.0003900909860867
2023-04-02,2023-04-02,0.18113497,28161.2,-0.0099353813484835
2023-04-03,2023-04-03,0.16480112,27786.1,-0.0133197448972345
2023-04-04,2023-04-04,0.1289578,28155.2,0.01328362022738
2023-04-05,2023-04-05,0.15837792,28154.0,-4.262090129003582e-05
2023-04-06,2023-04-06,0.20953769,28022.8,-0.0046600838246785
2023-04-07,2023-04-07,0.22776439,27890.7,-0.0047140185848665
2023-04-08,2023-04-08,0.25207216,27924.9,0.0012262151900095
2023-04-09,2023-04-09,0.18418752,28309.4,0.0137690734792246
2023-04-10,2023-04-10,0.16351472,29623.1,0.0464050809978309
2023-04-11,2023-04-11,0.2180122,30185.1,0.0189716808841748
2023-04-12,2023-04-12,0.15553065,29875.0,-0.0102732805258223
2023-04-13,2023-04-13,0.16558685,30362.7,0.0163246861924686
2023-04-14,2023-04-14,0.14824146,30453.1,0.0029773373250732
2023-04-15,2023-04-15,0.17556294,30280.4,-0.0056710154302844
2023-04-16,2023-04-16,0.43894583,30286.6,0.0002047529094726
2023-04-17,2023-04-17,0.17349297,29420.0,-0.028613314138926
2023-04-18,2023-04-18,0.12291062,30365.8,0.0321481985044187
2023-04-19,2023-04-19,0.20763715,28795.1,-0.0517259548571089
2023-04-20,2023-04-20,0.2516709,28229.9,-0.0196283395438806
2023-04-21,2023-04-21,0.39160251,27252.5,-0.0346228644097216
2023-04-22,2023-04-22,0.25338994,27807.2,0.0203540959544996
2023-04-23,2023-04-23,0.1618571,27576.0,-0.0083143933945165
2023-04-24,2023-04-24,0.14326309,27497.5,-0.0028466782709603
2023-04-25,2023-04-25,0.15112054,28286.7,0.0287007909809982
2023-04-26,2023-04-26,0.11765615,28395.9,0.0038604715290224
2023-04-27,2023-04-27,0.19702979,29459.0,0.0374385034459199
2023-04-28,2023-04-28,0.140941,29300.0,-0.0053973318849926
2023-04-29,2023-04-29,0.14460357,29212.7,-0.0029795221843003
2023-04-30,2023-04-30,0.29897689,29223.0,0.0003525863751039
2023-05-01,2023-05-01,0.21452085,28054.4,-0.03998904972111
2023-05-02,2023-05-02,0.17383108,28656.5,0.021461874073229
2023-05-03,2023-05-03,0.12834189,29018.4,0.0126288974578194
2023-05-04,2023-05-04,0.13797852,28826.0,-0.0066302759628373
2023-05-05,2023-05-05,0.16763368,29491.5,0.0230867966419205
2023-05-06,2023-05-06,0.19209798,28837.8,-0.022165708763542
2023-05-07,2023-05-07,0.30007539,28419.4,-0.0145087350630075
2023-05-08,2023-05-08,0.18226387,27659.8,-0.0267282208632132
2023-05-09,2023-05-09,0.14810838,27610.2,-0.0017932161476221
2023-05-10,2023-05-10,0.161684,27582.9,-0.0009887650216223
2023-05-11,2023-05-11,0.3533879,26956.4,-0.022713347762563
2023-05-12,2023-05-12,0.1530071,26785.1,-0.0063547061180276
2023-05-13,2023-05-13,0.21235124,26762.7,-0.0008362858454886
2023-05-14,2023-05-14,0.16643685,26901.9,0.0052012689302649
2023-05-15,2023-05-15,0.14958492,27152.5,0.0093153271701997
2023-05-16,2023-05-16,0.16682317,27024.8,-0.0047030660160206
2023-05-17,2023-05-17,0.14106015,27395.8,0.0137281311980106
2023-05-18,2023-05-18,0.32146727,26809.3,-0.0214083910672439
2023-05-19,2023-05-19,0.22067089,26870.1,0.0022678697317721
2023-05-20,2023-05-20,0.15512536,27089.5,0.0081652096568305
2023-05-21,2023-05-21,0.20888426,26732.8,-0.0131674634083316
2023-05-22,2023-05-22,0.2241206,26840.2,0.0040175365094565
2023-05-23,2023-05-23,0.20494756,27209.9,0.0137741149469825
2023-05-24,2023-05-24,0.129405,26313.8,-0.0329328663464402
2023-05-25,2023-05-25,0.13454196,26461.8,0.0056244252065456
2023-05-26,2023-05-26,0.19784181,26689.9,0.0086199729421279
2023-05-27,2023-05-27,0.13512556,26841.6,0.0056837979910002
2023-05-28,2023-05-28,0.11939626,28055.7,0.0452320278969957
2023-05-29,2023-05-29,0.13689849,27722.0,-0.0118941961882969
2023-05-30,2023-05-30,0.13559565,27680.1,-0.0015114349614026
2023-05-31,2023-05-31,0.27154188,27201.1,-0.0173048507772731
2023-06-01,2023-06-01,0.13583151,26805.3,-0.0145508821334431
2023-06-02,2023-06-02,0.10925916,27227.8,0.0157618082991051
2023-06-03,2023-06-03,0.34892418,27054.9,-0.0063501274432747
2023-06-04,2023-06-04,0.20195785,27102.4,0.0017556893575656
2023-06-05,2023-06-05,0.16653376,25714.7,-0.0512021075624299
2023-06-06,2023-06-06,0.15624221,27221.5,0.0585968337176789
2023-06-07,2023-06-07,0.12108134,26325.9,-0.0329004647062064
2023-06-08,2023-06-08,0.20689363,26485.9,0.0060776649611218
2023-06-09,2023-06-09,0.16842172,26468.1,-0.0006720556975599
2023-06-10,2023-06-10,0.16150552,25826.6,-0.0242367226963778
2023-06-11,2023-06-11,0.22370166,25909.9,0.0032253568026763
2023-06-12,2023-06-12,0.2707955,25894.8,-0.0005827888181738
2023-06-13,2023-06-13,0.1465021,25918.0,0.0008959327741477
2023-06-14,2023-06-14,0.25466789,25115.9,-0.0309476039817886
2023-06-15,2023-06-15,0.11496211,25586.1,0.0187212084774981
2023-06-16,2023-06-16,0.10718524,26336.0,0.029308882557326
2023-06-17,2023-06-17,0.12872872,26508.9,0.0065651579586878
2023-06-18,2023-06-18,0.14576663,26329.7,-0.0067599938133985
2023-06-19,2023-06-19,0.14801267,26828.5,0.0189443859975617
2023-06-20,2023-06-20,0.20722949,28290.6,0.0544980151704344
2023-06-21,2023-06-21,0.08517517,29988.5,0.0600164012074682
2023-06-22,2023-06-22,0.10252786,29875.0,-0.0037847841672641
2023-06-23,2023-06-23,0.11339903,30673.4,0.0267246861924685
2023-06-24,2023-06-24,0.13843639,30524.2,-0.0048641493932853
2023-06-25,2023-06-25,0.11835767,30458.0,-0.0021687710079215
2023-06-26,2023-06-26,0.09770521,30260.1,-0.0064974719285574
2023-06-27,2023-06-27,0.12413022,30683.2,0.0139821084530455
2023-06-28,2023-06-28,0.11759987,30066.3,-0.020105464879804
2023-06-29,2023-06-29,0.07834128,30439.9,0.0124258721558689
2023-06-30,2023-06-30,0.09867808,30460.2,0.0006668878675686
2023-07-01,2023-07-01,0.09840451,30573.6,0.003722890854295
2023-07-02,2023-07-02,0.11403944,30612.7,0.0012788811262005
2023-07-03,2023-07-03,0.19885661,31149.0,0.0175188728860897
2023-07-04,2023-07-04,0.13263644,30756.1,-0.0126135670487014
2023-07-05,2023-07-05,0.17854112,30488.4,-0.0087039644168147
2023-07-06,2023-07-06,0.11921718,29874.4,-0.0201388068904895
2023-07-07,2023-07-07,0.09284554,30327.9,0.0151802211927267
2023-07-08,2023-07-08,0.14355027,30269.3,-0.00193221423178
2023-07-09,2023-07-09,0.11439151,30147.8,-0.0040139679477225
2023-07-10,2023-07-10,0.16638282,30396.9,0.0082626261286065
2023-07-11,2023-07-11,0.14188715,30608.4,0.006957946369531
2023-07-12,2023-07-12,0.09923522,30368.9,-0.0078246494426366
2023-07-13,2023-07-13,0.1556272,31441.7,0.03532561271564
2023-07-14,2023-07-14,0.14069103,30293.3,-0.0365247426188788
2023-07-15,2023-07-15,0.1716513,30276.4,-0.0005578791349901
2023-07-16,2023-07-16,0.19754702,30216.8,-0.001968529944115
2023-07-17,2023-07-17,0.12032525,30126.1,-0.0030016414709698
2023-07-18,2023-07-18,0.14463925,29845.6,-0.0093108633377702
2023-07-19,2023-07-19,0.31467735,29895.5,0.001671938242153
2023-07-20,2023-07-20,0.11971135,29791.0,-0.0034955093575955
2023-07-21,2023-07-21,0.14060925,29891.4,0.0033701453459098
2023-07-22,2023-07-22,0.16527716,29783.5,-0.003609733903397
2023-07-23,2023-07-23,0.17624162,30070.8,0.009646280658754
2023-07-24,2023-07-24,0.228789,29163.8,-0.0301621506577809
2023-07-25,2023-07-25,0.24047902,29216.3,0.0018001769316755
2023-07-26,2023-07-26,0.16439714,29336.0,0.0040970280288743
2023-07-27,2023-07-27,0.33553387,29209.7,-0.0043052904281428
2023-07-28,2023-07-28,0.15760639,29299.9,0.0030880152825945
2023-07-29,2023-07-29,0.16446605,29339.1,0.0013378885252166
2023-07-30,2023-07-30,0.2389509,29271.1,-0.0023177261742861
2023-07-31,2023-07-31,0.21449039,29220.8,-0.001718418508358
2023-08-01,2023-08-01,0.17431254,29701.2,0.0164403438646443
2023-08-02,2023-08-02,0.17186232,29170.1,-0.0178814324000378
2023-08-03,2023-08-03,0.17798284,29180.2,0.000346244956308
2023-08-04,2023-08-04,0.21461888,29101.1,-0.002710742215612
2023-08-05,2023-08-05,0.25471599,29057.7,-0.0014913525605561
2023-08-06,2023-08-06,0.28465471,29075.9,0.0006263400062633
2023-08-07,2023-08-07,0.25033302,29202.7,0.0043610000034393
2023-08-08,2023-08-08,0.15729185,29759.0,0.019049608426618
2023-08-09,2023-08-09,0.18754927,29572.8,-0.006256930676434
2023-08-10,2023-08-10,0.20996998,29443.7,-0.0043654980252123
2023-08-11,2023-08-11,0.2194769,29415.5,-0.0009577600641224
2023-08-12,2023-08-12,0.26188021,29420.7,0.0001767775492511
2023-08-13,2023-08-13,0.27021031,29293.3,-0.0043302844595812
2023-08-14,2023-08-14,0.23354146,29419.5,0.0043081523761405
2023-08-15,2023-08-15,0.20970856,29188.8,-0.0078417376230052
2023-08-16,2023-08-16,0.20590311,28714.4,-0.0162528092967164
2023-08-17,2023-08-17,0.23445522,26609.7,-0.0732977182180369
2023-08-18,2023-08-18,0.17699026,26042.1,-0.0213305674246609
2023-08-19,2023-08-19,0.22687494,26088.3,0.0017740504798
2023-08-20,2023-08-20,0.21541722,26175.9,0.0033578270719059
2023-08-21,2023-08-21,0.15415573,26115.4,-0.0023112863359043
2023-08-22,2023-08-22,0.19730419,26044.4,-0.0027187023748439
2023-08-23,2023-08-23,0.4631288,26419.2,0.0143908095406306
2023-08-24,2023-08-24,0.21330942,26164.6,-0.0096369307170542
2023-08-25,2023-08-25,0.18383183,26051.7,-0.0043149904833247
2023-08-26,2023-08-26,0.21718901,26004.3,-0.0018194589988369
2023-08-27,2023-08-27,0.34877508,26087.7,0.0032071618924562
2023-08-28,2023-08-28,0.16590048,26106.5,0.000720646128252
2023-08-29,2023-08-29,0.24210136,27700.1,0.0610422691666825
2023-08-30,2023-08-30,0.15863318,27290.4,-0.0147905603228868
2023-08-31,2023-08-31,0.23053554,25928.0,-0.0499223170052472
2023-09-01,2023-09-01,0.26855261,25795.6,-0.005106448626967
2023-09-02,2023-09-02,0.20068808,25855.8,0.0023337313340259
2023-09-03,2023-09-03,0.22851711,25962.1,0.0041112632368751
2023-09-04,2023-09-04,0.18725925,25814.0,-0.0057044692070363
2023-09-05,2023-09-05,0.18989454,25779.7,-0.0013287363446191
2023-09-06,2023-09-06,0.1804079,25747.4,-0.0012529238121467
2023-09-07,2023-09-07,0.19329498,26240.7,0.0191592160761862
2023-09-08,2023-09-08,0.20666879,25899.8,-0.0129912692877858
2023-09-09,2023-09-09,0.28695556,25892.6,-0.0002779944246673
2023-09-10,2023-09-10,0.25823765,25828.4,-0.0024794728995928
2023-09-11,2023-09-11,0.17755382,25150.4,-0.02625017422682
2023-09-12,2023-09-12,0.1617309,25825.8,0.0268544436668998
2023-09-13,2023-09-13,0.16507655,26209.9,0.0148727241750499
2023-09-14,2023-09-14,0.17710082,26510.3,0.0114613180515759
2023-09-15,2023-09-15,0.1869462,26591.1,0.0030478719592006
2023-09-16,2023-09-16,0.20662448,26546.9,-0.0016622102884046
2023-09-17,2023-09-17,0.23466402,26514.2,-0.0012317822419943
2023-09-18,2023-09-18,0.1514861,26749.9,0.0088895761516469
2023-09-19,2023-09-19,0.24338263,27196.0,0.0166766978568144
2023-09-20,2023-09-20,0.24184723,27107.7,-0.003246801000147
2023-09-21,2023-09-21,0.22272064,26552.6,-0.020477576481959
2023-09-22,2023-09-22,0.41515902,26566.7,0.0005310214442277
2023-09-23,2023-09-23,0.19673927,26563.1,-0.0001355079855609
2023-09-24,2023-09-24,0.24269016,26232.4,-0.0124496011384211
2023-09-25,2023-09-25,0.17858201,26290.5,0.0022148183162806
2023-09-26,2023-09-26,0.18365915,26208.8,-0.0031075863905213
2023-09-27,2023-09-27,0.16380849,26359.6,0.0057537926192727
2023-09-28,2023-09-28,0.35007492,27011.8,0.024742408837767
2023-09-29,2023-09-29,0.18862991,26890.9,-0.0044758216779332
2023-09-30,2023-09-30,0.17742001,26950.9,0.0022312380768214
2023-10-01,2023-10-01,0.29701245,27981.4,0.0382361999042704
2023-10-02,2023-10-02,0.16726001,27477.6,-0.0180048174859014
2023-10-03,2023-10-03,0.15659622,27412.0,-0.0023873991906133
2023-10-04,2023-10-04,0.18760803,27759.8,0.0126878739238289
2023-10-05,2023-10-05,0.13272564,27398.4,-0.0130188257840473
2023-10-06,2023-10-06,0.19708901,27916.3,0.0189025636533519
2023-10-07,2023-10-07,0.16977483,27943.0,0.0009564304725195
2023-10-08,2023-10-08,0.25285065,27901.2,-0.0014959023726872
2023-10-09,2023-10-09,0.18593094,27578.3,-0.0115729789399739
2023-10-10,2023-10-10,0.17834623,27381.2,-0.0071469234869443
2023-10-11,2023-10-11,0.28166018,26864.5,-0.0188706119527267
2023-10-12,2023-10-12,0.22739475,26744.0,-0.0044854733942563
2023-10-13,2023-10-13,0.15482016,26849.8,0.0039560275201913
2023-10-14,2023-10-14,0.17623211,26836.3,-0.0005027970413187
2023-10-15,2023-10-15,0.26148225,27139.8,0.0113093086602846
2023-10-16,2023-10-16,0.20287059,28486.3,0.0496134827817449
2023-10-17,2023-10-17,0.12964147,28381.9,-0.0036649196280316
2023-10-18,2023-10-18,0.29966143,28307.1,-0.0026354824729846
2023-10-19,2023-10-19,0.19146486,28696.9,0.0137703968262381
2023-10-20,2023-10-20,0.1423116,29653.0,0.0333171875707829
2023-10-21,2023-10-21,0.16839401,29895.4,0.0081745523218561
2023-10-22,2023-10-22,0.17857402,29981.5,0.0028800417455527
2023-10-23,2023-10-23,0.1571582,33074.0,0.1031469406133782
2023-10-24,2023-10-24,0.1814098,33917.0,0.025488298965955
2023-10-25,2023-10-25,0.18822458,34487.7,0.0168263702568032
2023-10-26,2023-10-26,0.14404867,34154.0,-0.0096759134416037
2023-10-27,2023-10-27,0.25219557,33893.1,-0.0076389295543713
2023-10-28,2023-10-28,0.20004311,34086.6,0.0057091266363951
2023-10-29,2023-10-29,0.17263331,34528.6,0.0129669723586394
2023-10-30,2023-10-30,0.1851125,34483.8,-0.0012974751365533
2023-10-31,2023-10-31,0.12919673,34651.4,0.0048602532203527
2023-11-01,2023-11-01,0.26795189,35437.4,0.0226830661964596
2023-11-02,2023-11-02,0.32152356,34940.1,-0.0140331965663396
2023-11-03,2023-11-03,0.1700319,34700.4,-0.0068603123631585
2023-11-04,2023-11-04,0.21547349,35069.7,0.0106425286163847
2023-11-05,2023-11-05,0.21437665,35025.5,-0.0012603472513308
2023-11-06,2023-11-06,0.19710407,35057.4,0.0009107650140611
2023-11-07,2023-11-07,0.35076314,35406.5,0.009957954668629
2023-11-08,2023-11-08,0.42504317,35626.7,0.0062191970400913
2023-11-09,2023-11-09,0.30207708,36719.5,0.0306736239954865
2023-11-10,2023-11-10,0.18774472,37330.4,0.0166369367774616
2023-11-11,2023-11-11,0.24654648,37162.1,-0.0045083899449243
2023-11-12,2023-11-12,0.25852896,37085.5,-0.0020612398115283
2023-11-13,2023-11-13,0.21736623,36486.2,-0.0161599546992761
2023-11-14,2023-11-14,0.24200037,35559.0,-0.0254123476821372
2023-11-15,2023-11-15,0.26192924,37885.6,0.0654292865378665
2023-11-16,2023-11-16,0.23214394,36176.0,-0.0451253246616127
2023-11-17,2023-11-17,0.32606412,36621.9,0.0123258513931889
2023-11-18,2023-11-18,0.41055601,36580.9,-0.0011195486853494
2023-11-19,2023-11-19,0.35809725,37375.9,0.021732652832489
2023-11-20,2023-11-20,0.18629938,37462.5,0.0023170010621818
2023-11-21,2023-11-21,0.32593761,35737.0,-0.0460593927260594
2023-11-22,2023-11-22,0.31750622,37413.4,0.0469093656434507
2023-11-23,2023-11-23,0.2094681,37294.3,-0.0031833514195448
2023-11-24,2023-11-24,0.22466845,37706.3,0.0110472645953938
2023-11-25,2023-11-25,0.30823157,37766.6,0.0015992022553259
2023-11-26,2023-11-26,0.3055111,37437.9,-0.0087034575524403
2023-11-27,2023-11-27,0.31120447,37234.3,-0.0054383392230866
2023-11-28,2023-11-28,0.22598283,37812.1,0.0155179498473181
2023-11-29,2023-11-29,0.25627076,37837.1,0.0006611640189251
2023-11-30,2023-11-30,0.25040207,37716.8,-0.0031794191415303
2023-12-01,2023-12-01,0.18504952,38660.0,0.0250074237475077
2023-12-02,2023-12-02,0.26843584,39435.0,0.0200465597516812
2023-12-03,2023-12-03,0.24677733,39979.7,0.0138126030176237
2023-12-04,2023-12-04,0.21627875,41993.1,0.0503605579831765
2023-12-05,2023-12-05,0.23821354,44081.7,0.0497367424648333
2023-12-06,2023-12-06,0.16810286,43774.8,-0.0069620726968332
2023-12-07,2023-12-07,0.44624313,43296.0,-0.0109377998300392
2023-12-08,2023-12-08,0.29685539,44209.5,0.0210989467849223
2023-12-09,2023-12-09,0.33514536,43734.3,-0.0107488209547721
2023-12-10,2023-12-10,0.33054945,43810.0,0.0017309068625768
2023-12-11,2023-12-11,0.3131065,41271.0,-0.0579548048390778
2023-12-12,2023-12-12,0.31477964,41515.0,0.00591214169756
2023-12-13,2023-12-13,0.30197266,42875.0,0.0327592436468746
2023-12-14,2023-12-14,0.29112839,43032.4,0.003671137026239
2023-12-15,2023-12-15,0.23494404,41968.0,-0.0247348509495171
2023-12-16,2023-12-16,0.54037793,42287.4,0.007610560426992
2023-12-17,2023-12-17,0.30114445,41396.5,-0.0210677412184244
2023-12-18,2023-12-18,0.24090391,42671.7,0.0308045366154143
2023-12-19,2023-12-19,0.39985473,42298.3,-0.008750530210889
2023-12-20,2023-12-20,0.2443821,43708.9,0.0333488579919287
2023-12-21,2023-12-21,0.27003483,43896.3,0.004287456330404
2023-12-22,2023-12-22,0.25931581,43999.2,0.0023441611251973
2023-12-23,2023-12-23,0.32671891,43725.2,-0.0062273859524718
2023-12-24,2023-12-24,0.43662917,43008.4,-0.0163932926550363
2023-12-25,2023-12-25,0.13430422,43611.9,0.0140321425581979
2023-12-26,2023-12-26,0.35330015,42538.5,-0.0246125484099524
2023-12-27,2023-12-27,0.46107748,43453.8,0.0215169787369089
2023-12-28,2023-12-28,0.33083452,42600.1,-0.019646152925636
2023-12-29,2023-12-29,0.34570318,42095.1,-0.0118544322665908
2023-12-30,2023-12-30,0.14735164,42174.2,0.0018790785625879
2023-12-31,2023-12-31,0.39570062,42314.0,0.0033148228063604
2024-01-01,2024-01-01,0.38706884,44230.2,0.0452852483811503
2024-01-02,2024-01-02,0.16809071,44979.8,0.0169476963703534
2024-01-03,2024-01-03,0.36202348,42849.5,-0.0473612599433523
2024-01-04,2024-01-04,0.20731259,44143.8,0.0302057200200702
2024-01-05,2024-01-05,0.25599494,44145.4,3.6245180523586384e-05
2024-01-06,2024-01-06,0.41445355,43956.7,-0.0042745110475838
2024-01-07,2024-01-07,0.34397211,43916.9,-0.0009054364863603
2024-01-08,2024-01-08,0.2808669,46972.7,0.0695814139886921
2024-01-09,2024-01-09,0.19152788,46114.0,-0.0182808312062111
2024-01-10,2024-01-10,0.21875633,46662.9,0.0119031096846944
2024-01-11,2024-01-11,0.31670177,46337.8,-0.0069669909071231
2024-01-12,2024-01-12,0.26140768,42788.9,-0.0765875807655952
2024-01-13,2024-01-13,0.30211137,42846.4,0.0013438064544777
2024-01-14,2024-01-14,0.3400731,41734.9,-0.0259415026700026
2024-01-15,2024-01-15,0.29749716,42515.0,0.018691790324165
2024-01-16,2024-01-16,0.26529242,43133.0,0.0145360461013759
2024-01-17,2024-01-17,0.25096205,42783.4,-0.0081051631001785
2024-01-18,2024-01-18,0.25391476,41323.1,-0.034132397144687
2024-01-19,2024-01-19,0.21976416,41662.2,0.0082060639206642
2024-01-20,2024-01-20,0.30370669,41691.8,0.0007104761630447
2024-01-21,2024-01-21,0.38517459,41580.0,-0.0026815824694544
2024-01-22,2024-01-22,0.27704687,39567.0,-0.0484126984126984
2024-01-23,2024-01-23,0.20402498,39890.0,0.0081633684636186
2024-01-24,2024-01-24,0.26798357,40078.7,0.0047305088994735
2024-01-25,2024-01-25,0.22730656,39953.3,-0.0031288439994309
2024-01-26,2024-01-26,0.31259389,41806.4,0.0463816505770486
2024-01-27,2024-01-27,0.3405648,42102.2,0.0070754716981131
2024-01-28,2024-01-28,0.35808766,42021.2,-0.0019238899629948
2024-01-29,2024-01-29,0.34245886,43287.7,0.0301395486087974
2024-01-30,2024-01-30,0.37669578,42918.3,-0.0085336019238719
2024-01-31,2024-01-31,0.22480989,42560.5,-0.00833677009574
2024-02-01,2024-02-01,0.2930094,43072.6,0.0120322834553165
2024-02-02,2024-02-02,0.25947352,43182.0,0.0025398977540247
2024-02-03,2024-02-03,0.32887981,42992.4,-0.00439071835487
2024-02-04,2024-02-04,0.33416161,42570.3,-0.0098180143467216
2024-02-05,2024-02-05,0.3169647,42692.9,0.0028799421192708
2024-02-06,2024-02-06,0.23294263,43079.1,0.0090460006230543
2024-02-07,2024-02-07,0.24135451,44326.2,0.0289490727522161
2024-02-08,2024-02-08,0.26327972,45269.1,0.021271843740271
2024-02-09,2024-02-09,0.23109243,47116.1,0.0408004577073544
2024-02-10,2024-02-10,0.28083625,47732.6,0.0130846992853823
2024-02-11,2024-02-11,0.47179074,48303.4,0.0119582842753172
2024-02-12,2024-02-12,0.21566214,49943.6,0.0339562018408641
2024-02-13,2024-02-13,0.21376629,49696.4,-0.0049495831297703
2024-02-14,2024-02-14,0.3861657,51823.2,0.0427958564403054
2024-02-15,2024-02-15,0.20402841,51898.5,0.0014530171814941
2024-02-16,2024-02-16,0.21446118,52148.6,0.0048190217443664
2024-02-17,2024-02-17,0.35882114,51679.4,-0.0089973652216933
2024-02-18,2024-02-18,0.4239475,52175.9,0.0096073096823878
2024-02-19,2024-02-19,0.28620037,51813.8,-0.0069399857022111
2024-02-20,2024-02-20,0.36261715,52297.4,0.0093334208261119
2024-02-21,2024-02-21,0.43716833,51877.8,-0.0080233434166898
2024-02-22,2024-02-22,0.33419276,51316.9,-0.0108119465358978
2024-02-23,2024-02-23,0.32926542,50771.9,-0.0106202829866963
2024-02-24,2024-02-24,0.28203243,51602.1,0.0163515645465306
2024-02-25,2024-02-25,0.26199916,51764.9,0.0031549103621753
2024-02-26,2024-02-26,0.25054428,54511.6,0.0530610510210585
2024-02-27,2024-02-27,0.20679813,57074.5,0.0470156810660482
2024-02-28,2024-02-28,0.16599162,62487.9,0.0948479618743922
2024-02-29,2024-02-29,0.23966751,61203.3,-0.0205575799474777
2024-03-01,2024-03-01,0.25168935,62430.6,0.0200528402880235
2024-03-02,2024-03-02,0.31962263,62039.9,-0.0062581490487035
2024-03-03,2024-03-03,0.2987345,63178.5,0.0183527052751535
2024-03-04,2024-03-04,0.21601819,68296.4,0.0810069881367869
2024-03-05,2024-03-05,0.20249709,63747.4,-0.0666067318335957
2024-03-06,2024-03-06,0.194108,66128.1,0.0373458368498167
2024-03-07,2024-03-07,0.30760265,66870.0,0.0112191337721785
2024-03-08,2024-03-08,0.30547598,68180.2,0.0195932406161207
2024-03-09,2024-03-09,0.31187107,68360.1,0.0026385959560109
2024-03-10,2024-03-10,0.40753513,69001.8,0.0093870547292937
2024-03-11,2024-03-11,0.27835333,72153.8,0.0456799677689567
2024-03-12,2024-03-12,0.28373439,71503.2,-0.0090168501173881
2024-03-13,2024-03-13,0.25346446,73127.6,0.0227178643753007
2024-03-14,2024-03-14,0.35744021,71455.5,-0.0228655117903501
2024-03-15,2024-03-15,0.36265929,69552.2,-0.0266361581683706
2024-03-16,2024-03-16,0.27043878,65351.0,-0.0604035530148578
2024-03-17,2024-03-17,0.2977303,68447.9,0.047388716316506
2024-03-18,2024-03-18,0.32179617,67660.0,-0.0115109448208052
2024-03-19,2024-03-19,0.3309164,61974.1,-0.0840363582618977
2024-03-20,2024-03-20,0.27279242,67876.4,0.0952381720751087
2024-03-21,2024-03-21,0.38055222,65539.9,-0.0344228627328496
2024-03-22,2024-03-22,0.35231775,63826.0,-0.0261504823779101
2024-03-23,2024-03-23,0.42822171,64020.3,0.0030442139566948
2024-03-24,2024-03-24,0.39005445,67260.9,0.0506183195017828
2024-03-25,2024-03-25,0.31542654,69920.5,0.0395415464259325
2024-03-26,2024-03-26,0.30203959,70044.1,0.0017677219127438
2024-03-27,2024-03-27,0.29777244,69532.6,-0.0073025422555218
2024-03-28,2024-03-28,0.30838534,70838.7,0.018783994845583
2024-03-29,2024-03-29,0.30382758,69903.6,-0.0132004116394003
2024-03-30,2024-03-30,0.25913126,69642.1,-0.0037408659925954
2024-03-31,2024-03-31,0.35393526,71363.0,0.0247106276232336
2024-04-01,2024-04-01,0.35538231,69700.0,-0.0233033925143281
2024-04-02,2024-04-02,0.35892759,65505.3,-0.0601822094691534
2024-04-03,2024-04-03,0.4141504,65971.9,0.0071230877501513
2024-04-04,2024-04-04,0.27058449,68489.9,0.0381677653667698
2024-04-05,2024-04-05,0.54309531,67825.7,-0.0096977802566509
2024-04-06,2024-04-06,0.34724992,68901.6,0.0158627187039721
2024-04-07,2024-04-07,0.32929965,69362.7,0.0066921522867391
2024-04-08,2024-04-08,0.29439362,71678.4,0.0333853785968538
2024-04-09,2024-04-09,0.47239348,69189.3,-0.0347259425433602
2024-04-10,2024-04-10,0.46446024,70681.7,0.0215698092046023
2024-04-11,2024-04-11,0.42842433,70055.7,-0.0088566064483451
2024-04-12,2024-04-12,0.29164307,67136.4,-0.0416711274029094
2024-04-13,2024-04-13,0.33067767,63939.7,-0.0476150046770454
2024-04-14,2024-04-14,0.35943019,65615.9,0.026215324751289
2024-04-15,2024-04-15,0.40707763,63392.7,-0.0338820316417209
2024-04-16,2024-04-16,0.38663336,63765.0,0.005872915966665
2024-04-17,2024-04-17,0.42140234,61254.5,-0.039371128361954
2024-04-18,2024-04-18,0.77156837,63445.0,0.0357606379939432
2024-04-19,2024-04-19,0.34072898,63787.4,0.0053968003782804
2024-04-20,2024-04-20,0.50198943,64897.2,0.017398420377692
2024-04-21,2024-04-21,0.48753725,64912.6,0.0002372983734275
2024-04-22,2024-04-22,0.43023861,66778.0,0.0287371018877691
2024-04-23,2024-04-23,0.61998111,66386.3,-0.0058657042738625
2024-04-24,2024-04-24,0.30125076,64250.0,-0.0321798322846732
2024-04-25,2024-04-25,0.33497924,64478.8,0.0035610894941635
2024-04-26,2024-04-26,0.35561505,63748.8,-0.0113215506492055
2024-04-27,2024-04-27,0.34750824,63421.0,-0.0051420575759857
2024-04-28,2024-04-28,0.26442768,63088.3,-0.0052458964696235
2024-04-29,2024-04-29,0.39481491,63842.4,0.0119530879735227
2024-04-30,2024-04-30,0.41507365,60651.2,-0.0499855895141787
2024-05-01,2024-05-01,0.3081825,58307.6,-0.038640620465877
2024-05-02,2024-05-02,0.29404421,59036.7,0.0125043733578469
2024-05-03,2024-05-03,0.3073547,62853.7,0.0646546978404958
2024-05-04,2024-05-04,0.41150768,63864.2,0.0160770169457009
2024-05-05,2024-05-05,0.42285143,63988.0,0.0019384882297124
2024-05-06,2024-05-06,0.38570375,63142.8,-0.0132087266362442
2024-05-07,2024-05-07,0.35057906,62296.0,-0.0134108718650424
2024-05-08,2024-05-08,0.3981025,61157.9,-0.0182692307692307
2024-05-09,2024-05-09,0.38695988,63050.1,0.0309395842564901
2024-05-10,2024-05-10,0.3662371,60778.1,-0.0360348357893167
2024-05-11,2024-05-11,0.44691836,60809.2,0.0005116974699768
2024-05-12,2024-05-12,0.52364813,61455.8,0.0106332594410056
2024-05-13,2024-05-13,0.38052894,62912.1,0.0236967055997967
2024-05-14,2024-05-14,0.36146782,61550.5,-0.0216428954048585
2024-05-15,2024-05-15,0.31051935,66175.4,0.0751399257520246
2024-05-16,2024-05-16,0.3467746,65217.7,-0.0144721452382606
2024-05-17,2024-05-17,0.39040835,66980.0,0.027021805430121
2024-05-18,2024-05-18,0.34474366,66884.9,-0.0014198268139744
2024-05-19,2024-05-19,0.46967709,66239.4,-0.0096509077534689
2024-05-20,2024-05-20,0.32000693,71466.5,0.0789122486012856
2024-05-21,2024-05-21,0.28615858,70168.8,-0.0181581580180923
2024-05-22,2024-05-22,0.30156122,69219.1,-0.0135345053642074
2024-05-23,2024-05-23,0.37513574,67999.9,-0.017613635542791
2024-05-24,2024-05-24,0.40296624,68584.1,0.0085911891046899
2024-05-25,2024-05-25,0.4314222,69314.4,0.0106482406272006
2024-05-26,2024-05-26,0.46752754,68524.3,-0.0113987858222821
2024-05-27,2024-05-27,0.46132873,69461.6,0.0136783593557321
2024-05-28,2024-05-28,0.45645594,68440.5,-0.014700208460502
2024-05-29,2024-05-29,0.56317644,67686.7,-0.0110139464206135
2024-05-30,2024-05-30,0.39409877,68402.5,0.010575194240523
2024-05-31,2024-05-31,0.38286231,67577.9,-0.0120551149446292
2024-06-01,2024-06-01,0.41552324,67799.2,0.0032747392268774
2024-06-02,2024-06-02,0.53508604,67805.9,9.882122502924418e-05
2024-06-03,2024-06-03,0.34185307,68851.4,0.0154190122098518
2024-06-04,2024-06-04,0.32944969,70580.0,0.0251062433007898
2024-06-05,2024-06-05,0.28063104,71133.3,0.0078393312553131
2024-06-06,2024-06-06,0.37110154,70830.0,-0.0042638258031049
2024-06-07,2024-06-07,0.57730367,69377.0,-0.0205139065367782
2024-06-08,2024-06-08,0.41743654,69346.5,-0.000439626965709
2024-06-09,2024-06-09,0.39838088,69667.1,0.004623160505577
2024-06-10,2024-06-10,0.31621347,69558.7,-0.0015559711829544
2024-06-11,2024-06-11,0.44016821,67320.7,-0.032174264326389
2024-06-12,2024-06-12,0.43618095,68270.3,0.014105616845933
2024-06-13,2024-06-13,0.45697011,66786.9,-0.0217283357477557
2024-06-14,2024-06-14,0.36023837,66039.7,-0.0111878227616493
2024-06-15,2024-06-15,0.42216951,66213.7,0.0026347787770084
2024-06-16,2024-06-16,0.47278231,66653.6,0.0066436402134302
2024-06-17,2024-06-17,0.45786124,66472.1,-0.002723033714608
2024-06-18,2024-06-18,0.36291676,65150.0,-0.0198895476448014
2024-06-19,2024-06-19,0.39803248,64933.6,-0.003321565617805
2024-06-20,2024-06-20,0.44111401,64854.0,-0.0012258676555743
2024-06-21,2024-06-21,0.50708866,64124.0,-0.0112560520553859
2024-06-22,2024-06-22,0.40405431,64240.0,0.0018089950720479
2024-06-23,2024-06-23,0.47355533,63194.9,-0.0162686799501867
2024-06-24,2024-06-24,0.40416257,60273.6,-0.0462268315955877
2024-06-25,2024-06-25,0.43132997,61777.8,0.0249561997292346
2024-06-26,2024-06-26,0.45968666,60860.1,-0.0148548507716365
2024-06-27,2024-06-27,0.50748324,61682.0,0.0135047428446553
2024-06-28,2024-06-28,0.38754244,60429.8,-0.0203008981550533
2024-06-29,2024-06-29,0.36397904,60982.4,0.0091444949346182
2024-06-30,2024-06-30,0.40962451,62766.0,0.0292477829668886
2024-07-01,2024-07-01,0.4527992,62883.6,0.0018736258483891
2024-07-02,2024-07-02,0.41715532,62123.6,-0.0120858220585335
2024-07-03,2024-07-03,0.42427769,60208.0,-0.0308353025259321
2024-07-04,2024-07-04,0.47194394,57045.9,-0.052519598724422
2024-07-05,2024-07-05,0.3620939,56604.9,-0.0077306169242662
2024-07-06,2024-07-06,0.44320389,58216.0,0.0284622002688812
2024-07-07,2024-07-07,0.56260427,55830.9,-0.0409698364710732
2024-07-08,2024-07-08,0.43847348,56686.4,0.0153230558704946
2024-07-09,2024-07-09,0.46104811,58023.2,0.0235823760196447
2024-07-10,2024-07-10,0.39691455,57707.0,-0.0054495443202029
2024-07-11,2024-07-11,0.3712704,57315.5,-0.0067842722719947
2024-07-12,2024-07-12,0.48754135,57870.0,0.0096745208538702
2024-07-13,2024-07-13,0.50790009,59174.0,0.022533264212891
2024-07-14,2024-07-14,0.41134625,60766.0,0.0269037077094669
2024-07-15,2024-07-15,0.34518899,64680.6,0.0644208932626797
2024-07-16,2024-07-16,0.3130147,65010.0,0.0050927171362047
2024-07-17,2024-07-17,0.37252822,64055.7,-0.0146792801107522
2024-07-18,2024-07-18,0.42899131,63959.9,-0.0014955733837893
2024-07-19,2024-07-19,0.3297871,66627.9,0.0417136362001815
2024-07-20,2024-07-20,0.40101963,67095.6,0.0070195818868674
2024-07-21,2024-07-21,0.52612922,68138.0,0.0155360411114886
2024-07-22,2024-07-22,0.38584787,67499.2,-0.0093750917256156
2024-07-23,2024-07-23,0.44466436,65916.4,-0.0234491668049399
2024-07-24,2024-07-24,0.44582563,65350.8,-0.0085805656862327
2024-07-25,2024-07-25,0.50795875,65773.0,0.0064605176983296
2024-07-26,2024-07-26,0.35528409,67882.5,0.0320724309367066
2024-07-27,2024-07-27,0.4285537,67873.8,-0.000128162633963
2024-07-28,2024-07-28,0.40594822,68215.5,0.0050343431486081
2024-07-29,2024-07-29,0.40214806,66750.0,-0.0214833872067198
2024-07-30,2024-07-30,0.35795021,66159.3,-0.0088494382022471
2024-07-31,2024-07-31,0.41351721,64601.8,-0.023541663832598
2024-08-01,2024-08-01,0.4334186,65328.9,0.0112551043469377
2024-08-02,2024-08-02,0.37607408,61483.7,-0.0588590960509055
2024-08-03,2024-08-03,0.40359485,60684.6,-0.0129969406525631
2024-08-04,2024-08-04,0.398222,58144.5,-0.0418574069862864
2024-08-05,2024-08-05,0.18234676,54003.1,-0.0712259972998305
2024-08-06,2024-08-06,0.33983069,55991.2,0.0368145532386103
2024-08-07,2024-08-07,0.47354077,55102.9,-0.0158649930703395
2024-08-08,2024-08-08,0.37304556,61659.8,0.1189937371717277
2024-08-09,2024-08-09,0.43757124,60808.6,-0.0138047804241986
2024-08-10,2024-08-10,0.46540828,60889.9,0.0013369819400546
2024-08-11,2024-08-11,0.59378404,58693.1,-0.0360782330074446
2024-08-12,2024-08-12,0.38540087,59323.6,0.010742318943794
2024-08-13,2024-08-13,0.40618686,60550.5,0.0206814825802885
2024-08-14,2024-08-14,0.37272495,58648.1,-0.031418402820786
2024-08-15,2024-08-15,0.37976769,57511.0,-0.0193885223903246
2024-08-16,2024-08-16,0.43123571,58854.9,0.0233677035697519
2024-08-17,2024-08-17,0.40731235,59468.5,0.0104256400061846
2024-08-18,2024-08-18,0.47349646,58390.0,-0.0181356516475108
2024-08-19,2024-08-19,0.35763724,59398.5,0.0172717931152595
2024-08-20,2024-08-20,0.36859454,58982.9,-0.0069968096837461
2024-08-21,2024-08-21,0.34290884,61120.0,0.0362325351924031
2024-08-22,2024-08-22,0.33170752,60349.9,-0.0125998036649214
2024-08-23,2024-08-23,0.30017241,64019.9,0.0608120311715512
2024-08-24,2024-08-24,0.37265453,64116.5,0.0015089058245951
2024-08-25,2024-08-25,0.43957025,64190.2,0.001149470105199
2024-08-26,2024-08-26,0.39763355,62807.6,-0.021539113447224
2024-08-27,2024-08-27,0.3892814,59384.5,-0.0545013660767168
2024-08-28,2024-08-28,0.36960329,59010.0,-0.006306359403548
2024-08-29,2024-08-29,0.364834,59323.2,0.0053075749872901
2024-08-30,2024-08-30,0.34287504,59096.3,-0.0038248105294386
2024-08-31,2024-08-31,0.59094385,58941.9,-0.0026126847196863
2024-09-01,2024-09-01,0.45081527,57268.1,-0.0283974557996943
2024-09-02,2024-09-02,0.57488389,59112.1,0.0321994269060785
2024-09-03,2024-09-03,0.5030372,57451.9,-0.0280856203721403
2024-09-04,2024-09-04,0.38111157,57944.8,0.0085793507264337
2024-09-05,2024-09-05,0.42585741,56145.7,-0.0310485151385457
2024-09-06,2024-09-06,0.40538778,53927.7,-0.0395043609751057
2024-09-07,2024-09-07,0.41063829,54134.9,0.0038421812908766
2024-09-08,2024-09-08,0.4380148,54839.6,0.0130174804054314
2024-09-09,2024-09-09,0.44563265,57010.0,0.0395772398048126
2024-09-10,2024-09-10,0.33749452,57609.1,0.0105086826872478
2024-09-11,2024-09-11,0.40627184,57306.0,-0.0052613215620448
2024-09-12,2024-09-12,0.411959,58097.0,0.0138030921718492
2024-09-13,2024-09-13,0.53697944,60456.2,0.0406079487753239
2024-09-14,2024-09-14,0.43571067,59964.0,-0.008141431317218
2024-09-15,2024-09-15,0.52439132,59100.5,-0.014400306850777
2024-09-16,2024-09-16,0.38073354,58187.0,-0.0154567220243483
2024-09-17,2024-09-17,0.36589442,60281.0,0.0359874198704177
2024-09-18,2024-09-18,0.47424233,61735.3,0.0241253462948525
2024-09-19,2024-09-19,0.35972069,62926.9,0.0193017609050252
2024-09-20,2024-09-20,0.31755035,63175.7,0.0039537940054252
2024-09-21,2024-09-21,0.41751975,63320.6,0.0022936033949763
2024-09-22,2024-09-22,0.51422711,63558.4,0.0037554918936333
2024-09-23,2024-09-23,0.36223544,63302.0,-0.0040340851877957
2024-09-24,2024-09-24,0.49457889,64243.1,0.0148668288521689
2024-09-25,2024-09-25,0.45164993,63118.4,-0.0175069384883356
2024-09-26,2024-09-26,0.40007914,65139.2,0.0320160206849349
2024-09-27,2024-09-27,0.37834643,65749.6,0.0093707015130675
2024-09-28,2024-09-28,0.39428867,65822.6,0.0011102729142078
2024-09-29,2024-09-29,0.5208514,65568.1,-0.003866453163503
2024-09-30,2024-09-30,0.32065156,63309.1,-0.0344527292997662
2024-10-01,2024-10-01,0.41207503,60776.8,-0.0399989890868768
2024-10-02,2024-10-02,0.53284627,60622.6,-0.0025371523344435
2024-10-03,2024-10-03,0.38933325,60727.2,0.0017254291303903
2024-10-04,2024-10-04,0.43876842,62054.4,0.0218551159941509
2024-10-05,2024-10-05,0.44609239,62023.1,-0.0005043961427393
2024-10-06,2024-10-06,0.49572857,62789.3,0.0123534618553411
2024-10-07,2024-10-07,0.40315911,62190.7,-0.0095334714672723
2024-10-08,2024-10-08,0.31444919,62131.7,-0.0009486949013276
2024-10-09,2024-10-09,0.42865779,60606.4,-0.0245494650878697
2024-10-10,2024-10-10,0.49536216,60293.2,-0.0051677710604821
2024-10-11,2024-10-11,0.47908185,62509.0,0.0367504129818951
2024-10-12,2024-10-12,0.40118316,63176.0,0.0106704634532628
2024-10-13,2024-10-13,0.43919481,62839.8,-0.0053216411295428
2024-10-14,2024-10-14,0.30512574,66064.9,0.0513225694543901
2024-10-15,2024-10-15,0.2832643,67044.1,0.0148217888773012
2024-10-16,2024-10-16,0.4535619,67592.0,0.0081722329034172
2024-10-17,2024-10-17,0.31592485,67401.5,-0.0028183808734761
2024-10-18,2024-10-18,0.40792188,68407.8,0.0149299347937361
2024-10-19,2024-10-19,0.36095875,68357.1,-0.0007411435538052
2024-10-20,2024-10-20,0.44914292,69020.1,0.0096990656420474
2024-10-21,2024-10-21,0.29305601,67368.8,-0.023924914626319
2024-10-22,2024-10-22,0.50536838,67406.4,0.0005581218605643
2024-10-23,2024-10-23,0.45217246,66647.2,-0.0112630254693916
2024-10-24,2024-10-24,0.48333625,68173.8,0.0229056884610308
2024-10-25,2024-10-25,0.41756825,66662.8,-0.0221639398126552
2024-10-26,2024-10-26,0.39593168,67071.8,0.0061353558506394
2024-10-27,2024-10-27,0.65703742,67992.6,0.0137285714711696
2024-10-28,2024-10-28,0.35061797,69940.0,0.0286413521471453
2024-10-29,2024-10-29,0.29940432,72739.5,0.0400271661424078
2024-10-30,2024-10-30,0.32836502,72349.0,-0.0053684724255734
2024-10-31,2024-10-31,0.43687225,70321.9,-0.0280183554713956
2024-11-01,2024-11-01,0.4791195,69495.5,-0.0117516733762881
2024-11-02,2024-11-02,0.43784426,69366.6,-0.0018547963537206
2024-11-03,2024-11-03,0.47982156,68762.5,-0.0087088022189354
2024-11-04,2024-11-04,0.36740548,67834.3,-0.0134986366115251
2024-11-05,2024-11-05,0.34267328,69353.1,0.0223898529210149
2024-11-06,2024-11-06,0.1670362,75579.9,0.0897840183063192
2024-11-07,2024-11-07,0.21100569,75859.4,0.0036980731649551
2024-11-08,2024-11-08,0.31295432,76482.2,0.0082099252037322
2024-11-09,2024-11-09,0.33284589,76675.1,0.0025221554819292
2024-11-10,2024-11-10,0.25767235,80410.0,0.0487107287763561
2024-11-11,2024-11-11,0.20788329,88728.9,0.103456037806243
2024-11-12,2024-11-12,0.28061078,87972.0,-0.008530478795522
2024-11-13,2024-11-13,0.284795,90413.3,0.0277508752784978
2024-11-14,2024-11-14,0.27538514,87382.7,-0.0335194047778369
2024-11-15,2024-11-15,0.31980743,91074.6,0.0422497817073632
2024-11-16,2024-11-16,0.36563139,90643.3,-0.004735678224225
2024-11-17,2024-11-17,0.30243057,89899.9,-0.0082013783699402
2024-11-18,2024-11-18,0.37859519,90507.4,0.0067575158593058
2024-11-19,2024-11-19,0.41283496,92335.9,0.0202027679504659
2024-11-20,2024-11-20,0.27403222,94288.0,0.021141289574261
2024-11-21,2024-11-21,0.2228616,98366.8,0.0432589512981502
2024-11-22,2024-11-22,0.23897826,98921.4,0.005638081141198
2024-11-23,2024-11-23,0.34163418,97725.5,-0.0120893962277119
2024-11-24,2024-11-24,0.35021865,97960.4,0.0024036715084598
2024-11-25,2024-11-25,0.38007635,93064.0,-0.049983462705338
2024-11-26,2024-11-26,0.37453436,92021.4,-0.0112030430671367
2024-11-27,2024-11-27,0.51165063,95905.2,0.0422054000482496
2024-11-28,2024-11-28,0.36696204,95694.4,-0.0021980038621471
2024-11-29,2024-11-29,0.38629391,97516.3,0.019038731629019
2024-11-30,2024-11-30,0.46600199,96475.1,-0.0106771893519339
2024-12-01,2024-12-01,0.50475602,97265.1,0.0081886414214651
2024-12-02,2024-12-02,0.32137505,95890.5,-0.0141325100164396
2024-12-03,2024-12-03,0.38695214,95913.3,0.0002377712077838
2024-12-04,2024-12-04,0.24628163,98669.8,0.0287394970249172
2024-12-05,2024-12-05,0.21988559,97001.5,-0.0169079090055924
2024-12-06,2024-12-06,0.37520219,99802.5,0.0288758421261527
2024-12-07,2024-12-07,0.4863419,99899.2,0.0009689136043686
2024-12-08,2024-12-08,0.3845061,101200.0,0.0130211252942966
2024-12-09,2024-12-09,0.37402575,97349.1,-0.0380523715415018
2024-12-10,2024-12-10,0.38241205,96602.4,-0.0076703328536166
2024-12-11,2024-12-11,0.41176006,101115.3,0.0467162306526547
2024-12-12,2024-12-12,0.29656399,99982.4,-0.0112040413270791
2024-12-13,2024-12-13,0.36555566,101371.9,0.0138974459504872
2024-12-14,2024-12-14,0.37758748,101381.0,8.976846640940117e-05
2024-12-15,2024-12-15,0.43344639,104460.4,0.0303745277714757
2024-12-16,2024-12-16,0.32335246,106023.2,0.0149606932387775
2024-12-17,2024-12-17,0.32017021,106074.6,0.0004847995533054
2024-12-18,2024-12-18,0.392196,100181.1,-0.0555599549750835
2024-12-19,2024-12-19,0.4522428,97434.4,-0.0274173471842494
2024-12-20,2024-12-20,0.32791375,97764.4,0.0033868941564785
2024-12-21,2024-12-21,0.3938144,97261.8,-0.0051409306455109
2024-12-22,2024-12-22,0.43116781,95153.5,-0.0216765472158648
2024-12-23,2024-12-23,0.4321105,94861.1,-0.0030729295296546
2024-12-24,2024-12-24,0.42533836,98627.2,0.0397012052358658
2024-12-25,2024-12-25,0.43368374,99379.7,0.0076297410856234
2024-12-26,2024-12-26,0.41945535,95751.0,-0.0365134931983091
2024-12-27,2024-12-27,0.42188435,94258.9,-0.015583127069169
2024-12-28,2024-12-28,0.51267042,95259.1,0.0106111995790318
2024-12-29,2024-12-29,0.44649882,93700.0,-0.0163669402713232
