start_time,date,exchange_supply_ratio,close,change
2021-01-01,2021-01-01,0.0170364,29337.16,
2021-01-02,2021-01-02,0.01708511,32199.91,0.0975810201123763
2021-01-03,2021-01-03,0.01738809,33054.53,0.0265410679719291
2021-01-04,2021-01-04,0.01725094,32031.07,-0.0309627757526729
2021-01-05,2021-01-05,0.01707901,33999.52,0.0614543941242049
2021-01-06,2021-01-06,0.0167912,36823.68,0.083064702089912
2021-01-07,2021-01-07,0.01684623,39498.92,0.0726499904409336
2021-01-08,2021-01-08,0.01709502,40637.23,0.0288187626395861
2021-01-09,2021-01-09,0.01717085,40136.04,-0.0123332717313655
2021-01-10,2021-01-10,0.01756359,38221.67,-0.047697032392832
2021-01-11,2021-01-11,0.01750297,35408.46,-0.0736024878033848
2021-01-12,2021-01-12,0.01768121,34056.9,-0.038170538905109
2021-01-13,2021-01-13,0.01760726,37421.07,0.0987808637897165
2021-01-14,2021-01-14,0.01744855,39163.31,0.0465577280393103
2021-01-15,2021-01-15,0.01754663,36755.24,-0.0614879079424083
2021-01-16,2021-01-16,0.01744738,36025.66,-0.0198496867385438
2021-01-17,2021-01-17,0.01748308,35869.83,-0.0043255279708963
2021-01-18,2021-01-18,0.01754901,36686.86,0.0227776379202242
2021-01-19,2021-01-19,0.0173682,35891.03,-0.0216925078897458
2021-01-20,2021-01-20,0.01762125,35500.0,-0.0108949227703969
2021-01-21,2021-01-21,0.017593,30879.97,-0.1301416901408451
2021-01-22,2021-01-22,0.0176133,32986.34,0.0682115299982479
2021-01-23,2021-01-23,0.01754744,32086.48,-0.0272797770228524
2021-01-24,2021-01-24,0.01753497,32275.63,0.0058950062456213
2021-01-25,2021-01-25,0.01756167,32253.68,-0.0006800796762139
2021-01-26,2021-01-26,0.01764534,32474.14,0.0068351890388942
2021-01-27,2021-01-27,0.01751439,30381.04,-0.0644543627637251
2021-01-28,2021-01-28,0.01770124,33399.75,0.0993616413394669
2021-01-29,2021-01-29,0.01803453,34269.35,0.0260361230248729
2021-01-30,2021-01-30,0.01797747,34289.85,0.0005982021835839
2021-01-31,2021-01-31,0.01784443,33126.21,-0.0339354065415858
2021-02-01,2021-02-01,0.01771112,33546.09,0.0126751596394516
2021-02-02,2021-02-02,0.01767498,35504.06,0.0583665637336572
2021-02-03,2021-02-03,0.01760522,37652.51,0.0605127976913064
2021-02-04,2021-02-04,0.01740734,36976.93,-0.0179424957326882
2021-02-05,2021-02-05,0.01728337,38362.65,0.0374752582218156
2021-02-06,2021-02-06,0.01778625,39249.54,0.0231185801815045
2021-02-07,2021-02-07,0.01776399,38849.25,-0.0101985908624662
2021-02-08,2021-02-08,0.0181896,46451.32,0.195681255107885
2021-02-09,2021-02-09,0.01807916,46492.54,0.0008873805954277
2021-02-10,2021-02-10,0.01816112,44850.0,-0.0353291087129247
2021-02-11,2021-02-11,0.01829576,48060.21,0.0715765886287624
2021-02-12,2021-02-12,0.01824972,47361.03,-0.0145480013508055
2021-02-13,2021-02-13,0.01829155,47221.62,-0.0029435592933683
2021-02-14,2021-02-14,0.01843485,48655.21,0.0303587636341149
2021-02-15,2021-02-15,0.01830635,47981.58,-0.0138449715868043
2021-02-16,2021-02-16,0.0185487,49197.94,0.0253505616113516
2021-02-17,2021-02-17,0.01865932,52194.62,0.0609106804065373
2021-02-18,2021-02-18,0.01847273,51619.7,-0.0110149283585166
2021-02-19,2021-02-19,0.01869774,56004.1,0.0849365649161075
2021-02-20,2021-02-20,0.01888964,55917.41,-0.0015479223842539
2021-02-21,2021-02-21,0.01909756,57487.43,0.0280774806987662
2021-02-22,2021-02-22,0.01888223,54121.1,-0.0585576707812472
2021-02-23,2021-02-23,0.01852091,48930.0,-0.0959163801179207
2021-02-24,2021-02-24,0.01852331,49702.03,0.0157782546494993
2021-02-25,2021-02-25,0.01864216,47089.37,-0.0525664645890719
2021-02-26,2021-02-26,0.01876358,46313.13,-0.0164843997700543
2021-02-27,2021-02-27,0.01885091,46102.63,-0.0045451473480631
2021-02-28,2021-02-28,0.0189682,45163.36,-0.0203734580868812
2021-03-01,2021-03-01,0.01874959,49592.7,0.0980737482773645
2021-03-02,2021-03-02,0.01873614,48450.57,-0.023030204042127
2021-03-03,2021-03-03,0.01908436,50373.75,0.0396936506629332
2021-03-04,2021-03-04,0.019242,48385.77,-0.0394646020993076
2021-03-05,2021-03-05,0.01933093,48770.57,0.0079527513977766
2021-03-06,2021-03-06,0.01947193,48908.21,0.0028221937943313
2021-03-07,2021-03-07,0.01941242,50995.27,0.0426729990731618
2021-03-08,2021-03-08,0.01934735,52429.43,0.0281233926205313
2021-03-09,2021-03-09,0.01949869,54917.78,0.0474609393998752
2021-03-10,2021-03-10,0.01953674,55947.98,0.018758952018818
2021-03-11,2021-03-11,0.01959785,57844.52,0.0338982747902603
2021-03-12,2021-03-12,0.01958679,57291.03,-0.0095685814317414
2021-03-13,2021-03-13,0.01979939,61267.41,0.0694066767520151
2021-03-14,2021-03-14,0.02004745,59037.12,-0.0364025507198688
2021-03-15,2021-03-15,0.01995655,55646.61,-0.0574301388685627
2021-03-16,2021-03-16,0.01985476,56954.19,0.0234979273670039
2021-03-17,2021-03-17,0.01999669,58959.0,0.0352003952650366
2021-03-18,2021-03-18,0.02002728,57700.01,-0.0213536525382044
2021-03-19,2021-03-19,0.01997447,58089.11,0.0067434996978337
2021-03-20,2021-03-20,0.01982803,58145.61,0.0009726435815593
2021-03-21,2021-03-21,0.01993594,57415.18,-0.0125620833627853
2021-03-22,2021-03-22,0.0200735,54129.56,-0.0572256326636962
2021-03-23,2021-03-23,0.0201318,54400.0,0.0049961610624582
2021-03-24,2021-03-24,0.02031036,52311.54,-0.0383908088235294
2021-03-25,2021-03-25,0.02004287,51325.21,-0.0188549218776583
2021-03-26,2021-03-26,0.02031479,55030.0,0.0721826564372556
2021-03-27,2021-03-27,0.02034971,55828.0,0.014501181173905
2021-03-28,2021-03-28,0.02040386,55805.08,-0.0004105466790856
2021-03-29,2021-03-29,0.02062145,57677.64,0.0335553680776015
2021-03-30,2021-03-30,0.02070921,58794.16,0.019357934894701
2021-03-31,2021-03-31,0.02083062,58807.24,0.0002224710753584
2021-04-01,2021-04-01,0.02084605,58794.01,-0.000224972299329
2021-04-02,2021-04-02,0.02094281,59031.36,0.0040369758756035
2021-04-03,2021-04-03,0.0209844,57134.65,-0.0321305489150173
2021-04-04,2021-04-04,0.02086744,58234.61,0.0192520650778467
2021-04-05,2021-04-05,0.02088723,59243.39,0.0173226883463286
2021-04-06,2021-04-06,0.01953744,58059.99,-0.0199752242402063
2021-04-07,2021-04-07,0.01952502,56018.18,-0.0351672468424468
2021-04-08,2021-04-08,0.01933798,58122.26,0.0375606633417937
2021-04-09,2021-04-09,0.01964563,58176.03,0.000925118878722
2021-04-10,2021-04-10,0.02003869,59832.43,0.028472207539772
2021-04-11,2021-04-11,0.02006097,60090.2,0.004308198747736
2021-04-12,2021-04-12,0.02042949,59911.18,-0.0029791879541088
2021-04-13,2021-04-13,0.02083858,63649.71,0.0624012079214597
2021-04-14,2021-04-14,0.02099184,63019.1,-0.0099075078268228
2021-04-15,2021-04-15,0.02109298,63232.55,0.0033870683649879
2021-04-16,2021-04-16,0.02056091,61424.67,-0.0285909709477161
2021-04-17,2021-04-17,0.02059743,60090.14,-0.0217262868485903
2021-04-18,2021-04-18,0.02017671,56140.05,-0.0657360758354032
2021-04-19,2021-04-19,0.01960479,55634.39,-0.0090071170225178
2021-04-20,2021-04-20,0.01979666,56410.56,0.0139512628789495
2021-04-21,2021-04-21,0.01997022,53800.0,-0.0462778600318805
2021-04-22,2021-04-22,0.02046386,51714.61,-0.0387618959107806
2021-04-23,2021-04-23,0.02047504,51122.62,-0.011447248659518
2021-04-24,2021-04-24,0.02052174,50092.4,-0.0201519405695561
2021-04-25,2021-04-25,0.02035915,49063.94,-0.020531258234782
2021-04-26,2021-04-26,0.02036652,53984.33,0.1002852604173247
2021-04-27,2021-04-27,0.02057601,55006.25,0.0189299376319016
2021-04-28,2021-04-28,0.02076042,54861.77,-0.0026266106124304
2021-04-29,2021-04-29,0.02085909,53558.8,-0.0237500539993513
2021-04-30,2021-04-30,0.02113452,57684.16,0.0770248773310828
2021-05-01,2021-05-01,0.02113627,57836.34,0.0026381592451028
2021-05-02,2021-05-02,0.02114515,56630.33,-0.0208521147776639
2021-05-03,2021-05-03,0.02133905,57214.83,0.010321324279763
2021-05-04,2021-05-04,0.02153789,53263.32,-0.0690644366154719
2021-05-05,2021-05-05,0.0215016,57497.77,0.0795003015208213
2021-05-06,2021-05-06,0.02152889,56435.35,-0.0184775861742115
2021-05-07,2021-05-07,0.02168936,57350.88,0.0162226335089619
2021-05-08,2021-05-08,0.0218797,58924.98,0.0274468325507821
2021-05-09,2021-05-09,0.02215454,58292.53,-0.0107331389845189
2021-05-10,2021-05-10,0.02229848,55869.67,-0.0415638161527729
2021-05-11,2021-05-11,0.02225356,56710.43,0.0150485943446596
2021-05-12,2021-05-12,0.02272605,49595.76,-0.1254561109834645
2021-05-13,2021-05-13,0.02273991,49707.9,0.0022610803826779
2021-05-14,2021-05-14,0.02303059,49873.27,0.0033268353722446
2021-05-15,2021-05-15,0.02302982,46793.41,-0.0617537209811988
2021-05-16,2021-05-16,0.02307748,46429.28,-0.0077816513051731
2021-05-17,2021-05-17,0.02349315,43566.18,-0.0616658281153617
2021-05-18,2021-05-18,0.02358747,42882.53,-0.0156922181380144
2021-05-19,2021-05-19,0.02472555,36689.14,-0.1444268796640496
2021-05-20,2021-05-20,0.02482143,40500.3,0.1038770600782685
2021-05-21,2021-05-21,0.02488553,37211.02,-0.0812161885220604
2021-05-22,2021-05-22,0.02501208,37432.58,0.0059541501415443
2021-05-23,2021-05-23,0.02546181,34651.6,-0.0742930356390075
2021-05-24,2021-05-24,0.02498857,38779.66,0.1191304297637052
2021-05-25,2021-05-25,0.02527539,38326.84,-0.0116767398166979
2021-05-26,2021-05-26,0.02530195,39224.2,0.023413357323484
2021-05-27,2021-05-27,0.02524386,38527.38,-0.0177650532069487
2021-05-28,2021-05-28,0.0254198,35670.99,-0.074139222547705
2021-05-29,2021-05-29,0.02560309,34611.94,-0.0296893918559589
2021-05-30,2021-05-30,0.02556379,35651.81,0.030043678568725
2021-05-31,2021-05-31,0.0253294,37243.38,0.0446420532365678
2021-06-01,2021-06-01,0.02525797,36693.41,-0.0147669196512237
2021-06-02,2021-06-02,0.02534873,37569.99,0.023889303283614
2021-06-03,2021-06-03,0.02527231,39247.4,0.0446476030470064
2021-06-04,2021-06-04,0.02522958,36828.03,-0.0616440834297304
2021-06-05,2021-06-05,0.02528273,35498.62,-0.0360977766119989
2021-06-06,2021-06-06,0.02534125,35801.71,0.0085380783816384
2021-06-07,2021-06-07,0.02548714,33550.96,-0.06286710886156
2021-06-08,2021-06-08,0.02547724,33372.58,-0.005316688404743
2021-06-09,2021-06-09,0.02557273,37368.45,0.1197351238651609
2021-06-10,2021-06-10,0.02584589,36669.66,-0.0186999995985917
2021-06-11,2021-06-11,0.02599469,37300.42,0.017201141215926
2021-06-12,2021-06-12,0.02604124,35537.05,-0.0472748028038289
2021-06-13,2021-06-13,0.0260618,38993.65,0.0972674996939813
2021-06-14,2021-06-14,0.02616353,40489.1,0.0383511161432694
2021-06-15,2021-06-15,0.02635511,40132.86,-0.0087984173518304
2021-06-16,2021-06-16,0.0265035,38344.97,-0.0445492795679151
2021-06-17,2021-06-17,0.02634956,38060.71,-0.0074132278627419
2021-06-18,2021-06-18,0.02629259,35811.41,-0.0590976889290818
2021-06-19,2021-06-19,0.02634587,35483.0,-0.0091705408974402
2021-06-20,2021-06-20,0.02640295,35588.64,0.002977200349463
2021-06-21,2021-06-21,0.02666184,31606.0,-0.1119076199596275
2021-06-22,2021-06-22,0.02651849,32496.0,0.0281592102765297
2021-06-23,2021-06-23,0.02665391,33649.0,0.0354812900049237
2021-06-24,2021-06-24,0.02688633,34644.64,0.0295889922434544
2021-06-25,2021-06-25,0.02713571,31568.07,-0.0888036360025678
2021-06-26,2021-06-26,0.0269657,32255.56,0.0217780181050029
2021-06-27,2021-06-27,0.0267096,34687.71,0.0754025042504298
2021-06-28,2021-06-28,0.02651355,34487.22,-0.0057798569003257
2021-06-29,2021-06-29,0.02663716,35911.26,0.0412918176646306
2021-06-30,2021-06-30,0.02654826,35031.39,-0.0245012288624794
2021-07-01,2021-07-01,0.0264259,33489.96,-0.0440013941781928
2021-07-02,2021-07-02,0.02633236,33760.94,0.0080913802226101
2021-07-03,2021-07-03,0.02628023,34652.94,0.0264210652902436
2021-07-04,2021-07-04,0.02640492,35280.16,0.0181000515396385
2021-07-05,2021-07-05,0.02634554,33672.72,-0.0455621516455708
2021-07-06,2021-07-06,0.02633034,34206.01,0.0158374494249351
2021-07-07,2021-07-07,0.02587229,33845.64,-0.0105352831271464
2021-07-08,2021-07-08,0.02588328,32852.04,-0.0293568093261051
2021-07-09,2021-07-09,0.02599367,33805.01,0.0290079398417877
2021-07-10,2021-07-10,0.0259727,33497.98,-0.0090823815759852
2021-07-11,2021-07-11,0.02591381,34253.81,0.0225634500946025
2021-07-12,2021-07-12,0.02595387,33070.87,-0.0345345525067136
2021-07-13,2021-07-13,0.0259569,32709.09,-0.0109395368189588
2021-07-14,2021-07-14,0.0258902,32803.01,0.0028713730647964
2021-07-15,2021-07-15,0.02611123,31866.43,-0.0285516481566783
2021-07-16,2021-07-16,0.02620573,31382.95,-0.0151720792068643
2021-07-17,2021-07-17,0.02609041,31496.65,0.0036229863668011
2021-07-18,2021-07-18,0.02588487,31767.0,0.0085834525259034
2021-07-19,2021-07-19,0.02602124,30823.62,-0.0296968552271225
2021-07-20,2021-07-20,0.02589056,29775.9,-0.0339908161338609
2021-07-21,2021-07-21,0.02579229,32120.0,0.0787247404780375
2021-07-22,2021-07-22,0.0258844,32268.11,0.0046111457036115
2021-07-23,2021-07-23,0.02576351,33634.46,0.0423436637596685
2021-07-24,2021-07-24,0.02573519,34230.0,0.017706245321019
2021-07-25,2021-07-25,0.02553431,35370.66,0.0333234005258546
2021-07-26,2021-07-26,0.02544494,37218.09,0.0522305775464748
2021-07-27,2021-07-27,0.02565824,39442.33,0.059762336003809
2021-07-28,2021-07-28,0.02452861,40003.08,0.0142169592922121
2021-07-29,2021-07-29,0.02344967,40012.9,0.0002454810979555
2021-07-30,2021-07-30,0.02346865,42203.25,0.054741095996541
2021-07-31,2021-07-31,0.02340501,41448.11,-0.017892934785828
2021-08-01,2021-08-01,0.02356389,39846.78,-0.038634572239844
2021-08-02,2021-08-02,0.02365876,39147.48,-0.0175497242186193
2021-08-03,2021-08-03,0.02357564,38203.26,-0.0241195601862496
2021-08-04,2021-08-04,0.02361844,39731.31,0.0399978954675595
2021-08-05,2021-08-05,0.0235885,40882.4,0.0289718612348801
2021-08-06,2021-08-06,0.02387626,42825.43,0.0475272978103047
2021-08-07,2021-08-07,0.02380206,44601.11,0.0414632147301263
2021-08-08,2021-08-08,0.02387215,43787.71,-0.0182372142756088
2021-08-09,2021-08-09,0.02402235,46259.7,0.0564539684765428
2021-08-10,2021-08-10,0.02464675,45589.99,-0.014477179921184
2021-08-11,2021-08-11,0.02396908,45522.12,-0.0014887039896256
2021-08-12,2021-08-12,0.02406354,44385.09,-0.0249775274086533
2021-08-13,2021-08-13,0.02412664,47792.52,0.0767696990137905
2021-08-14,2021-08-14,0.02408865,47083.74,-0.0148303542060556
2021-08-15,2021-08-15,0.02408516,47006.02,-0.0016506760083204
2021-08-16,2021-08-16,0.0242155,45926.23,-0.0229713130360748
2021-08-17,2021-08-17,0.02416097,44704.84,-0.026594606176035
2021-08-18,2021-08-18,0.02427031,44714.09,0.0002069127190702
2021-08-19,2021-08-19,0.02418362,46772.0,0.0460237477716756
2021-08-20,2021-08-20,0.02426973,49332.74,0.0547494227315488
2021-08-21,2021-08-21,0.02495468,48848.29,-0.0098200505384455
2021-08-22,2021-08-22,0.02494102,49273.28,0.0087002021974567
2021-08-23,2021-08-23,0.02493038,49523.91,0.0050865296566415
2021-08-24,2021-08-24,0.02509512,47719.36,-0.0364379549191492
2021-08-25,2021-08-25,0.02489615,48992.65,0.0266828809103893
2021-08-26,2021-08-26,0.0251845,46853.06,-0.0436716527887347
2021-08-27,2021-08-27,0.02515924,49083.98,0.04761524647483
2021-08-28,2021-08-28,0.02520431,48931.99,-0.0030965296620202
2021-08-29,2021-08-29,0.02515972,48795.41,-0.002791221039651
2021-08-30,2021-08-30,0.02516145,47024.7,-0.036288454180424
2021-08-31,2021-08-31,0.0251533,47150.32,0.002671362071422
2021-09-01,2021-09-01,0.0251967,48842.94,0.0358983777840744
2021-09-02,2021-09-02,0.02521967,49299.14,0.0093401420962784
2021-09-03,2021-09-03,0.02518276,50027.08,0.0147657748187899
2021-09-04,2021-09-04,0.02520093,49940.74,-0.001725865271369
2021-09-05,2021-09-05,0.02525702,51799.57,0.0372207139902212
2021-09-06,2021-09-06,0.02500577,52683.97,0.0170735008031919
2021-09-07,2021-09-07,0.02533486,46864.39,-0.1104620627488779
2021-09-08,2021-09-08,0.02536725,46062.29,-0.0171153406669755
2021-09-09,2021-09-09,0.02536829,46413.88,0.0076329248936601
2021-09-10,2021-09-10,0.0254797,44860.83,-0.0334608957492886
2021-09-11,2021-09-11,0.02538527,45193.78,0.0074218421727818
2021-09-12,2021-09-12,0.02532829,46046.73,0.0188731723701802
2021-09-13,2021-09-13,0.02510865,44975.96,-0.0232539856793306
2021-09-14,2021-09-14,0.02502413,47087.18,0.0469410769664504
2021-09-15,2021-09-15,0.02495101,48106.12,0.021639435617083
2021-09-16,2021-09-16,0.02505276,47745.55,-0.007495304131782
2021-09-17,2021-09-17,0.02514367,47303.11,-0.0092666227533246
2021-09-18,2021-09-18,0.02521313,48285.15,0.0207605800126038
2021-09-19,2021-09-19,0.02528494,47256.91,-0.0212951601061609
2021-09-20,2021-09-20,0.02544253,43026.6,-0.0895172790603533
2021-09-21,2021-09-21,0.0254596,40726.1,-0.0534669251114426
2021-09-22,2021-09-22,0.02539465,43520.0,0.0686021985900933
2021-09-23,2021-09-23,0.02536022,44828.29,0.0300618106617647
2021-09-24,2021-09-24,0.02528027,42798.49,-0.0452794429588994
2021-09-25,2021-09-25,0.02518683,42651.58,-0.0034325977388454
2021-09-26,2021-09-26,0.02523463,43150.0,0.011685850793804
2021-09-27,2021-09-27,0.02517977,42122.69,-0.0238078794901506
2021-09-28,2021-09-28,0.02527874,41006.32,-0.0265028183147848
2021-09-29,2021-09-29,0.02575743,41499.71,0.0120320477428845
2021-09-30,2021-09-30,0.02588409,43796.57,0.0553464108544372
2021-10-01,2021-10-01,0.02576676,48123.94,0.098806139384888
2021-10-02,2021-10-02,0.02569724,47626.61,-0.0103343574944196
2021-10-03,2021-10-03,0.02564742,48187.3,0.0117726203901558
2021-10-04,2021-10-04,0.02558961,49198.22,0.020978971637755
2021-10-05,2021-10-05,0.02548152,51455.12,0.0458736108745398
2021-10-06,2021-10-06,0.02560586,55321.6,0.0751427651903249
2021-10-07,2021-10-07,0.02542901,53814.99,-0.0272336664160111
2021-10-08,2021-10-08,0.02533732,53975.0,0.0029733351246559
2021-10-09,2021-10-09,0.02536546,54960.77,0.0182634553033811
2021-10-10,2021-10-10,0.02543481,54700.0,-0.0047446569616836
2021-10-11,2021-10-11,0.02575377,57500.01,0.0511884826325412
2021-10-12,2021-10-12,0.02576032,56011.84,-0.0258812128902239
2021-10-13,2021-10-13,0.02573015,57393.65,0.0246699626364712
2021-10-14,2021-10-14,0.02571643,57378.19,-0.0002693677784911
2021-10-15,2021-10-15,0.02577075,61702.33,0.0753620844435838
2021-10-16,2021-10-16,0.02600574,60925.56,-0.0125889897512785
2021-10-17,2021-10-17,0.02597979,61571.45,0.0106012977147851
2021-10-18,2021-10-18,0.02606816,62037.92,0.0075760762496255
2021-10-19,2021-10-19,0.02594696,64316.7,0.0367320503330865
2021-10-20,2021-10-20,0.02610569,66064.24,0.0271708592014205
2021-10-21,2021-10-21,0.02596835,62260.33,-0.0575789564823572
2021-10-22,2021-10-22,0.02572973,60734.27,-0.0245109526403088
2021-10-23,2021-10-23,0.02576965,61325.11,0.0097282802608806
2021-10-24,2021-10-24,0.02580556,60902.82,-0.0068860863029842
2021-10-25,2021-10-25,0.02579494,63127.04,0.0365208047837521
2021-10-26,2021-10-26,0.02591066,60358.75,-0.0438526818301634
2021-10-27,2021-10-27,0.02589036,58449.36,-0.031634021579307
2021-10-28,2021-10-28,0.02604887,60622.03,0.0371718355855392
2021-10-29,2021-10-29,0.02600834,62308.22,0.0278148059377094
2021-10-30,2021-10-30,0.02608641,61895.19,-0.0066288204028296
2021-10-31,2021-10-31,0.02605919,61348.61,-0.0088307346661348
2021-11-01,2021-11-01,0.02613293,60942.87,-0.0066136787777261
2021-11-02,2021-11-02,0.026063,63266.69,0.0381311218195008
2021-11-03,2021-11-03,0.02585821,62946.45,-0.0050617473428751
2021-11-04,2021-11-04,0.02585155,61431.86,-0.024061563440035
2021-11-05,2021-11-05,0.02594741,61006.0,-0.0069322335348466
2021-11-06,2021-11-06,0.02598439,61511.3,0.0082827918565386
2021-11-07,2021-11-07,0.02604184,63316.4,0.0293458275146192
2021-11-08,2021-11-08,0.0264262,67606.96,0.0677638021113014
2021-11-09,2021-11-09,0.0266,67009.98,-0.0088301559484409
2021-11-10,2021-11-10,0.0266311,64920.13,-0.0311871455565275
2021-11-11,2021-11-11,0.0266432,64831.3,-0.0013682967055055
2021-11-12,2021-11-12,0.02667037,64156.08,-0.0104150310112554
2021-11-13,2021-11-13,0.02662948,64427.0,0.0042228265816739
2021-11-14,2021-11-14,0.02665461,65568.39,0.0177160196811896
2021-11-15,2021-11-15,0.02675338,63654.49,-0.0291893700607869
2021-11-16,2021-11-16,0.02677908,60106.03,-0.0557456355396139
2021-11-17,2021-11-17,0.02683436,60366.96,0.0043411617769464
2021-11-18,2021-11-18,0.02697551,56921.05,-0.0570827154456675
2021-11-19,2021-11-19,0.02708119,58069.51,0.0201763670909091
2021-11-20,2021-11-20,0.02717115,59716.29,0.0283587720991618
2021-11-21,2021-11-21,0.02719556,58661.39,-0.0176651965485464
2021-11-22,2021-11-22,0.02709796,56268.31,-0.0407948055782517
2021-11-23,2021-11-23,0.02727163,57574.23,0.0232088008330089
2021-11-24,2021-11-24,0.02736581,57165.08,-0.0071064780197668
2021-11-25,2021-11-25,0.02716805,58988.21,0.0318923720565071
2021-11-26,2021-11-26,0.02781891,53755.65,-0.0887051836290675
2021-11-27,2021-11-27,0.02800576,54738.77,0.0182886822129393
2021-11-28,2021-11-28,0.02800929,57315.73,0.0470774188020668
2021-11-29,2021-11-29,0.02798971,57827.98,0.0089373370975123
2021-11-30,2021-11-30,0.02790025,56975.0,-0.0147502990766753
2021-12-01,2021-12-01,0.02794343,57209.29,0.0041121544537077
2021-12-02,2021-12-02,0.02786042,56513.57,-0.0121609619696381
2021-12-03,2021-12-03,0.02793452,53612.0,-0.0513428898581349
2021-12-04,2021-12-04,0.02777227,49135.66,-0.0834951130343952
2021-12-05,2021-12-05,0.02756875,49376.6,0.0049035669816992
2021-12-06,2021-12-06,0.02796528,50424.72,0.0212270589712535
2021-12-07,2021-12-07,0.02706408,50577.2,0.0030239136677405
2021-12-08,2021-12-08,0.02704615,50455.61,-0.0024040476736552
2021-12-09,2021-12-09,0.02720321,47539.76,-0.0577904022961965
2021-12-10,2021-12-10,0.0271736,47136.35,-0.0084857390950228
2021-12-11,2021-12-11,0.02763643,49381.15,0.0476235431890674
2021-12-12,2021-12-12,0.02763935,50057.01,0.013686599036272
2021-12-13,2021-12-13,0.02768883,46679.93,-0.0674646767755405
2021-12-14,2021-12-14,0.02779132,48324.04,0.0352209182832965
2021-12-15,2021-12-15,0.0279478,48870.48,0.0113078293950588
2021-12-16,2021-12-16,0.02805302,47624.5,-0.0254955547807184
2021-12-17,2021-12-17,0.02815559,46125.33,-0.0314789656584321
2021-12-18,2021-12-18,0.02826868,46815.99,0.0149735514087379
2021-12-19,2021-12-19,0.02834774,46668.63,-0.0031476425041957
2021-12-20,2021-12-20,0.0283844,46898.14,0.0049178645269853
2021-12-21,2021-12-21,0.02840514,48875.15,0.0421554031780364
2021-12-22,2021-12-22,0.02825143,48569.69,-0.0062498017908896
2021-12-23,2021-12-23,0.02826233,50817.92,0.0462887451000819
2021-12-24,2021-12-24,0.02835419,50808.55,-0.0001843837764314
2021-12-25,2021-12-25,0.02853198,50403.64,-0.0079693279969612
2021-12-26,2021-12-26,0.02856171,50765.73,0.0071838065663512
2021-12-27,2021-12-27,0.02874277,50707.72,-0.0011427000064807
2021-12-28,2021-12-28,0.02897451,47522.03,-0.0628245561030944
2021-12-29,2021-12-29,0.028786,46436.54,-0.0228418272535916
2021-12-30,2021-12-30,0.02862504,47095.02,0.0141802123930852
2021-12-31,2021-12-31,0.0287207,46210.56,-0.0187803296399491
2022-01-01,2022-01-01,0.02866569,47704.35,0.0323257281452551
2022-01-02,2022-01-02,0.02868752,47280.0,-0.008895415197985
2022-01-03,2022-01-03,0.02863115,46445.81,-0.0176436125211506
2022-01-04,2022-01-04,0.02652747,45833.42,-0.0131850429565121
2022-01-05,2022-01-05,0.02654533,43421.69,-0.0526194641377404
2022-01-06,2022-01-06,0.02690473,43080.01,-0.0078688784337965
2022-01-07,2022-01-07,0.02697463,41553.86,-0.0354259434944421
2022-01-08,2022-01-08,0.02701647,41688.05,0.0032293028854599
2022-01-09,2022-01-09,0.02702355,41851.22,0.0039140712986094
2022-01-10,2022-01-10,0.02697404,41801.55,-0.0011868232276143
2022-01-11,2022-01-11,0.0268408,42700.68,0.0215094894806531
2022-01-12,2022-01-12,0.02678676,43880.72,0.0276351570982007
2022-01-13,2022-01-13,0.02689045,42534.32,-0.0306831793097287
2022-01-14,2022-01-14,0.02682433,43042.4,0.0119451774472942
2022-01-15,2022-01-15,0.02680355,43070.51,0.0006530769659685
2022-01-16,2022-01-16,0.02672934,43060.66,-0.0002286947612182
2022-01-17,2022-01-17,0.02678779,42176.34,-0.0205366104467513
2022-01-18,2022-01-18,0.02674974,42337.58,0.0038229964951914
2022-01-19,2022-01-19,0.026728,41657.89,-0.0160540588290593
2022-01-20,2022-01-20,0.0267044,40661.69,-0.0239138372106699
2022-01-21,2022-01-21,0.02684132,36425.98,-0.1041695512409838
2022-01-22,2022-01-22,0.02669605,35043.73,-0.0379468170794581
2022-01-23,2022-01-23,0.02658454,36230.01,0.0338514193551884
2022-01-24,2022-01-24,0.0266833,36648.31,0.0115456771886068
2022-01-25,2022-01-25,0.02663127,36934.26,0.0078025426001908
2022-01-26,2022-01-26,0.02652349,36787.43,-0.0039754417714068
2022-01-27,2022-01-27,0.0262499,37131.0,0.009339331396621
2022-01-28,2022-01-28,0.02624963,37696.21,0.0152220516549512
2022-01-29,2022-01-29,0.02619502,38150.01,0.0120383454994548
2022-01-30,2022-01-30,0.02620214,37870.01,-0.0073394476174448
2022-01-31,2022-01-31,0.02610651,38439.04,0.0150258740359454
2022-02-01,2022-02-01,0.02607845,38680.51,0.0062818946570986
2022-02-02,2022-02-02,0.02598738,36892.03,-0.0462372393745584
2022-02-03,2022-02-03,0.02618744,37289.86,0.0107836299601837
2022-02-04,2022-02-04,0.02621237,41550.0,0.11424392582863
2022-02-05,2022-02-05,0.02616161,41374.69,-0.0042192539109505
2022-02-06,2022-02-06,0.02634488,42361.35,0.0238469460435835
2022-02-07,2022-02-07,0.02626296,43829.99,0.0346693389138921
2022-02-08,2022-02-08,0.02621863,44021.57,0.0043709797789139
2022-02-09,2022-02-09,0.02615731,44358.08,0.0076442071466329
2022-02-10,2022-02-10,0.02615981,43471.29,-0.0199916227212719
2022-02-11,2022-02-11,0.02611671,42366.0,-0.025425746509938
2022-02-12,2022-02-12,0.02618356,42199.87,-0.0039213048199027
2022-02-13,2022-02-13,0.02616622,42041.13,-0.0037616229623457
2022-02-14,2022-02-14,0.02612982,42525.14,0.0115127733245989
2022-02-15,2022-02-15,0.02623037,44529.6,0.0471358824450665
2022-02-16,2022-02-16,0.02614923,43860.7,-0.0150214688656534
2022-02-17,2022-02-17,0.02612827,40491.7,-0.0768113595998239
2022-02-18,2022-02-18,0.02609936,39966.8,-0.0129631504728128
2022-02-19,2022-02-19,0.02615293,40052.6,0.0021467818289178
2022-02-20,2022-02-20,0.02611931,38368.1,-0.0420571947888526
2022-02-21,2022-02-21,0.02610413,36986.4,-0.0360116867918921
2022-02-22,2022-02-22,0.02612872,38212.0,0.0331365042285811
2022-02-23,2022-02-23,0.02609601,37227.8,-0.0257563069192923
2022-02-24,2022-02-24,0.02607119,38315.1,0.0292066681351033
2022-02-25,2022-02-25,0.0261364,39205.4,0.0232362697735357
2022-02-26,2022-02-26,0.02612003,39099.3,-0.0027062598519591
2022-02-27,2022-02-27,0.02614181,37672.0,-0.036504489850202
2022-02-28,2022-02-28,0.02612369,43155.0,0.1455457634317265
2022-03-01,2022-03-01,0.02611892,44394.1,0.0287127795156991
2022-03-02,2022-03-02,0.0261562,43885.7,-0.0114519722215339
2022-03-03,2022-03-03,0.02624787,42449.5,-0.0327259221113026
2022-03-04,2022-03-04,0.02632484,39127.7,-0.0782529829562186
2022-03-05,2022-03-05,0.02626365,39375.1,0.0063228863439457
2022-03-06,2022-03-06,0.02623355,38401.1,-0.0247364451137901
2022-03-07,2022-03-07,0.02624805,37963.8,-0.011387694623331
2022-03-08,2022-03-08,0.02623834,38709.9,0.0196529325304632
2022-03-09,2022-03-09,0.02618795,41937.5,0.08337918723634
2022-03-10,2022-03-10,0.02617061,39407.2,-0.0603350223546945
2022-03-11,2022-03-11,0.02625229,38713.0,-0.0176160701597677
2022-03-12,2022-03-12,0.02626456,38792.6,0.0020561568465373
2022-03-13,2022-03-13,0.02624004,37743.7,-0.0270386620128582
2022-03-14,2022-03-14,0.02635706,39653.8,0.0506071211884369
2022-03-15,2022-03-15,0.02652769,39271.0,-0.0096535514881298
2022-03-16,2022-03-16,0.02657959,41105.8,0.0467214993252018
2022-03-17,2022-03-17,0.02661129,40898.1,-0.0050528149312263
2022-03-18,2022-03-18,0.02658188,41751.5,0.020866495020551
2022-03-19,2022-03-19,0.02647332,42188.2,0.0104595044489419
2022-03-20,2022-03-20,0.02642413,41261.0,-0.0219777094068956
2022-03-21,2022-03-21,0.02640051,40982.0,-0.0067618332081141
2022-03-22,2022-03-22,0.0265584,42349.8,0.0333756283246304
2022-03-23,2022-03-23,0.02632926,42867.9,0.0122338240086139
2022-03-24,2022-03-24,0.02613584,43973.4,0.0257885270797029
2022-03-25,2022-03-25,0.02603716,44290.6,0.0072134517685691
2022-03-26,2022-03-26,0.025992,44489.2,0.0044840214402153
2022-03-27,2022-03-27,0.02595422,46820.8,0.0524082249175081
2022-03-28,2022-03-28,0.02578037,47121.9,0.0064309025048696
2022-03-29,2022-03-29,0.0258022,47418.5,0.0062943132598642
2022-03-30,2022-03-30,0.02560596,47053.2,-0.0077037443192004
2022-03-31,2022-03-31,0.02575463,45506.0,-0.0328819293905621
2022-04-01,2022-04-01,0.02571562,46266.2,0.016705489386015
2022-04-02,2022-04-02,0.02562834,45794.6,-0.0101931863866061
2022-04-03,2022-04-03,0.02564628,46392.4,0.0130539408576557
2022-04-04,2022-04-04,0.02574923,46580.9,0.0040631655184901
2022-04-05,2022-04-05,0.02592259,45477.4,-0.0236899673471315
2022-04-06,2022-04-06,0.02585266,43159.7,-0.0509637754137221
2022-04-07,2022-04-07,0.02590148,43417.1,0.0059638968760209
2022-04-08,2022-04-08,0.02572477,42229.2,-0.027360187575863
2022-04-09,2022-04-09,0.02576563,42727.7,0.0118046280772545
2022-04-10,2022-04-10,0.02559675,42140.4,-0.0137451816971191
2022-04-11,2022-04-11,0.02572358,39505.6,-0.0625243234520792
2022-04-12,2022-04-12,0.02552719,40060.7,0.0140511724920011
2022-04-13,2022-04-13,0.02552188,41129.8,0.0266870024737462
2022-04-14,2022-04-14,0.0255424,39915.9,-0.0295138804467807
2022-04-15,2022-04-15,0.02546414,40529.5,0.0153723203034379
2022-04-16,2022-04-16,0.02549061,40361.0,-0.0041574655497846
2022-04-17,2022-04-17,0.02546486,39649.1,-0.0176383142142166
2022-04-18,2022-04-18,0.02549332,40785.6,0.0286639545412128
2022-04-19,2022-04-19,0.02538485,41472.9,0.0168515358361776
2022-04-20,2022-04-20,0.02541913,41327.7,-0.0035010814290779
2022-04-21,2022-04-21,0.02531,40449.8,-0.0212424112641157
2022-04-22,2022-04-22,0.02534262,39674.2,-0.0191743840513427
2022-04-23,2022-04-23,0.02536007,39415.1,-0.0065306924903337
2022-04-24,2022-04-24,0.02532117,39433.4,0.0004642890668804
2022-04-25,2022-04-25,0.02568384,40411.0,0.0247911668788387
2022-04-26,2022-04-26,0.02568163,38093.7,-0.0573432976169855
2022-04-27,2022-04-27,0.02572311,39209.0,0.0292778070914614
2022-04-28,2022-04-28,0.02571625,39732.5,0.0133515264352572
2022-04-29,2022-04-29,0.02573125,38572.2,-0.0292027936827534
2022-04-30,2022-04-30,0.0257647,37614.5,-0.0248287626840054
2022-05-01,2022-05-01,0.0258339,38440.5,0.0219596166372011
2022-05-02,2022-05-02,0.02587042,38525.6,0.0022138109545921
2022-05-03,2022-05-03,0.0262217,37712.9,-0.0210950640612994
2022-05-04,2022-05-04,0.02622594,39684.0,0.0522659355286916
2022-05-05,2022-05-05,0.02638357,36534.7,-0.0793594395726238
2022-05-06,2022-05-06,0.02642782,35995.3,-0.0147640462354965
2022-05-07,2022-05-07,0.02644347,35466.7,-0.0146852505743807
2022-05-08,2022-05-08,0.02698357,34032.0,-0.040452029650348
2022-05-09,2022-05-09,0.0281741,30056.6,-0.1168135872120357
2022-05-10,2022-05-10,0.02897027,31002.1,0.0314573171948922
2022-05-11,2022-05-11,0.0284798,29074.7,-0.0621699820334751
2022-05-12,2022-05-12,0.02792147,29020.7,-0.0018572848559056
2022-05-13,2022-05-13,0.02785441,29274.3,0.0087385900409018
2022-05-14,2022-05-14,0.02788477,30079.8,0.0275156024226028
2022-05-15,2022-05-15,0.02795308,31324.4,0.0413766048976389
2022-05-16,2022-05-16,0.02789016,29866.7,-0.0465356080244154
2022-05-17,2022-05-17,0.02782249,30437.0,0.0190948447602179
2022-05-18,2022-05-18,0.02800435,28700.6,-0.0570489864309886
2022-05-19,2022-05-19,0.02793413,30319.9,0.0564204232664127
2022-05-20,2022-05-20,0.02804708,29188.9,-0.0373022338464177
2022-05-21,2022-05-21,0.02799582,29427.4,0.0081709142859101
2022-05-22,2022-05-22,0.02796683,30284.0,0.0291089256951004
2022-05-23,2022-05-23,0.02803183,29097.7,-0.0391725003302073
2022-05-24,2022-05-24,0.02808044,29643.1,0.0187437495059745
2022-05-25,2022-05-25,0.02826538,29536.7,-0.0035893681834895
2022-05-26,2022-05-26,0.02841649,29194.0,-0.0116025148374734
2022-05-27,2022-05-27,0.02847679,28623.2,-0.0195519627320681
2022-05-28,2022-05-28,0.0283242,29018.8,0.0138209564269542
2022-05-29,2022-05-29,0.0282578,29452.8,0.0149558217431458
2022-05-30,2022-05-30,0.02818837,31726.5,0.0771980932203391
2022-05-31,2022-05-31,0.02840772,31797.8,0.002247332671426
2022-06-01,2022-06-01,0.02843082,29796.9,-0.0629257370006729
2022-06-02,2022-06-02,0.02821621,30437.1,0.0214854565407809
2022-06-03,2022-06-03,0.02811659,29682.8,-0.0247822558653747
2022-06-04,2022-06-04,0.02832991,29848.4,0.0055789885051276
2022-06-05,2022-06-05,0.02819845,29909.9,0.0020604119483791
2022-06-06,2022-06-06,0.02808691,31361.2,0.0485223955947695
2022-06-07,2022-06-07,0.02802276,31118.1,-0.0077516166473222
2022-06-08,2022-06-08,0.02809052,30192.5,-0.0297447466265613
2022-06-09,2022-06-09,0.02814576,30093.3,-0.0032855841682537
2022-06-10,2022-06-10,0.02823671,29077.7,-0.0337483758843329
2022-06-11,2022-06-11,0.02830515,28416.7,-0.0227321968381267
2022-06-12,2022-06-12,0.02834335,26564.7,-0.0651729440786579
2022-06-13,2022-06-13,0.02828341,22471.5,-0.1540841793809078
2022-06-14,2022-06-14,0.02821339,22122.7,-0.0155218832743697
2022-06-15,2022-06-15,0.02855562,22567.5,0.0201060449221839
2022-06-16,2022-06-16,0.02875626,20387.4,-0.0966035227650381
2022-06-17,2022-06-17,0.0288905,20457.3,0.003428588245681
2022-06-18,2022-06-18,0.02922728,18959.7,-0.0732061415729348
2022-06-19,2022-06-19,0.0294093,20564.2,0.0846268664588574
2022-06-20,2022-06-20,0.0292583,20570.1,0.0002869063712664
2022-06-21,2022-06-21,0.02905826,20713.1,0.0069518378617507
2022-06-22,2022-06-22,0.02943028,19977.4,-0.0355185848569261
2022-06-23,2022-06-23,0.02936711,21096.6,0.0560233063361597
2022-06-24,2022-06-24,0.02931335,21231.2,0.0063801750045031
2022-06-25,2022-06-25,0.02933016,21481.9,0.0118080937488225
2022-06-26,2022-06-26,0.02924607,21029.1,-0.0210782100279771
2022-06-27,2022-06-27,0.02923429,20730.0,-0.0142231479235914
2022-06-28,2022-06-28,0.02919512,20268.6,-0.0222575976845152
2022-06-29,2022-06-29,0.02919596,20109.9,-0.0078298451792426
2022-06-30,2022-06-30,0.02930765,19923.5,-0.0092690664796941
2022-07-01,2022-07-01,0.02927668,19272.0,-0.0327000777975757
2022-07-02,2022-07-02,0.02931948,19240.9,-0.0016137401411373
2022-07-03,2022-07-03,0.02937665,19305.9,0.0033782203535177
2022-07-04,2022-07-04,0.02923713,20226.6,0.0476900843783505
2022-07-05,2022-07-05,0.02905785,20170.0,-0.0027982953140912
2022-07-06,2022-07-06,0.0289643,20554.1,0.0190431333663856
2022-07-07,2022-07-07,0.02886806,21613.4,0.0515371629018055
2022-07-08,2022-07-08,0.0287758,21587.9,-0.0011798236279345
2022-07-09,2022-07-09,0.0287752,21580.0,-0.0003659457381218
2022-07-10,2022-07-10,0.02867348,20853.8,-0.0336515291936978
2022-07-11,2022-07-11,0.02891167,19954.3,-0.0431336255262829
2022-07-12,2022-07-12,0.02910555,19322.9,-0.0316423026615816
2022-07-13,2022-07-13,0.02914604,20220.1,0.0464319537957551
2022-07-14,2022-07-14,0.02915977,20578.6,0.0177298826415299
2022-07-15,2022-07-15,0.02917678,20823.1,0.0118812747222842
2022-07-16,2022-07-16,0.02920672,21183.5,0.0173077015429981
2022-07-17,2022-07-17,0.03002062,20794.4,-0.0183680694880449
2022-07-18,2022-07-18,0.02983358,22423.9,0.0783624437348518
2022-07-19,2022-07-19,0.02975085,23385.9,0.0429006551045982
2022-07-20,2022-07-20,0.02983163,23221.5,-0.0070298769771529
2022-07-21,2022-07-21,0.0298813,23144.5,-0.0033158925995305
2022-07-22,2022-07-22,0.02984397,22675.1,-0.0202812763291495
2022-07-23,2022-07-23,0.02981829,22440.2,-0.0103593809950121
2022-07-24,2022-07-24,0.0298628,22570.6,0.0058109999019615
2022-07-25,2022-07-25,0.0297954,21300.0,-0.0562944715692094
2022-07-26,2022-07-26,0.02974851,21241.0,-0.0027699530516431
2022-07-27,2022-07-27,0.02962766,22941.1,0.0800386045854715
2022-07-28,2022-07-28,0.02966124,23836.2,0.039017309544878
2022-07-29,2022-07-29,0.02982782,23771.1,-0.0027311400307097
2022-07-30,2022-07-30,0.02986888,23629.9,-0.0059399859493248
2022-07-31,2022-07-31,0.02988109,23290.1,-0.0143800862466622
2022-08-01,2022-08-01,0.02991177,23257.6,-0.001395442698829
2022-08-02,2022-08-02,0.02995383,22975.1,-0.0121465671436433
2022-08-03,2022-08-03,0.02992937,22801.5,-0.007556006285065
2022-08-04,2022-08-04,0.03005452,22608.9,-0.00844681270969
2022-08-05,2022-08-05,0.02989125,23298.1,0.0304835706292654
2022-08-06,2022-08-06,0.0298864,22943.3,-0.0152287096372665
2022-08-07,2022-08-07,0.02990106,23167.8,0.0097849916969223
2022-08-08,2022-08-08,0.02987568,23804.4,0.0274777924533189
2022-08-09,2022-08-09,0.02985018,23140.2,-0.0279024045974694
2022-08-10,2022-08-10,0.02996118,23940.9,0.034602120984261
2022-08-11,2022-08-11,0.02997362,23917.2,-0.0009899377216395
2022-08-12,2022-08-12,0.02979509,24387.5,0.0196636730052013
2022-08-13,2022-08-13,0.02977578,24429.0,0.0017016914402869
2022-08-14,2022-08-14,0.02953668,24294.1,-0.0055221253428302
2022-08-15,2022-08-15,0.02956471,24085.2,-0.0085987955923453
2022-08-16,2022-08-16,0.02967993,23843.0,-0.0100559679803364
2022-08-17,2022-08-17,0.02984312,23333.1,-0.0213857316612843
2022-08-18,2022-08-18,0.02978386,23185.1,-0.0063429205720628
2022-08-19,2022-08-19,0.02957804,20824.9,-0.101798137596991
2022-08-20,2022-08-20,0.02953035,21127.8,0.0145450878515622
2022-08-21,2022-08-21,0.02939922,21505.6,0.0178816535559782
2022-08-22,2022-08-22,0.02941037,21387.0,-0.0055148426456363
2022-08-23,2022-08-23,0.02940175,21518.2,0.006134567728059
2022-08-24,2022-08-24,0.02916036,21354.9,-0.0075889247241869
2022-08-25,2022-08-25,0.02921198,21548.3,0.0090564694753896
2022-08-26,2022-08-26,0.02931467,20228.7,-0.0612391696792785
2022-08-27,2022-08-27,0.02942459,20023.9,-0.0101242294363947
2022-08-28,2022-08-28,0.02950294,19547.5,-0.0237915690749555
2022-08-29,2022-08-29,0.02942676,20275.5,0.0372426141450312
2022-08-30,2022-08-30,0.0295442,19803.1,-0.023299055510345
2022-08-31,2022-08-31,0.02970775,20041.5,0.012038519221738
2022-09-01,2022-09-01,0.02963042,20122.5,0.0040416136516727
2022-09-02,2022-09-02,0.02996233,19941.0,-0.0090197540067089
2022-09-03,2022-09-03,0.02992126,19820.7,-0.0060327967504136
2022-09-04,2022-09-04,0.02980031,19992.7,0.0086777964451305
2022-09-05,2022-09-05,0.03005155,19784.9,-0.0103937937347131
2022-09-06,2022-09-06,0.02971654,18781.5,-0.0507154446067456
2022-09-07,2022-09-07,0.0295029,19287.0,0.0269147831642839
2022-09-08,2022-09-08,0.0294956,19309.3,0.0011562192150151
2022-09-09,2022-09-09,0.0296138,21352.0,0.1057884024796342
2022-09-10,2022-09-10,0.0296595,21639.5,0.0134647808167853
2022-09-11,2022-09-11,0.0297389,21820.3,0.0083550913838119
2022-09-12,2022-09-12,0.03002759,22386.0,0.0259253997424417
2022-09-13,2022-09-13,0.03007205,20162.5,-0.0993254712766907
2022-09-14,2022-09-14,0.03002081,20217.0,0.0027030378177308
2022-09-15,2022-09-15,0.02998791,19690.8,-0.0260276005342039
2022-09-16,2022-09-16,0.03003138,19792.5,0.0051648485587179
2022-09-17,2022-09-17,0.0301493,20102.0,0.0156372363268915
2022-09-18,2022-09-18,0.03027741,19404.5,-0.0346980399960202
2022-09-19,2022-09-19,0.03004492,19528.6,0.0063954237419154
2022-09-20,2022-09-20,0.02996224,18866.8,-0.033888758026689
2022-09-21,2022-09-21,0.03004676,18447.5,-0.0222242245637839
2022-09-22,2022-09-22,0.03024402,19392.5,0.0512264534489768
2022-09-23,2022-09-23,0.03049548,19280.7,-0.005765115379657
2022-09-24,2022-09-24,0.03057918,18911.0,-0.0191746150295373
2022-09-25,2022-09-25,0.03064872,18799.7,-0.0058854634868594
2022-09-26,2022-09-26,0.03061506,19216.3,0.0221599280839586
2022-09-27,2022-09-27,0.03094614,19070.1,-0.007608124352763
2022-09-28,2022-09-28,0.0312825,19407.3,0.0176821306652823
2022-09-29,2022-09-29,0.03156818,19582.5,0.0090275308775564
2022-09-30,2022-09-30,0.03149722,19411.7,-0.0087220732797139
2022-10-01,2022-10-01,0.03117719,19304.0,-0.0055482003121829
2022-10-02,2022-10-02,0.03109719,19049.4,-0.0131889763779526
2022-10-03,2022-10-03,0.0310359,19622.0,0.0300586895125305
2022-10-04,2022-10-04,0.03074908,20333.0,0.0362348384466415
2022-10-05,2022-10-05,0.03068462,20150.0,-0.0090001475434023
2022-10-06,2022-10-06,0.03036602,19954.0,-0.0097270471464019
2022-10-07,2022-10-07,0.03048048,19520.9,-0.0217049213190336
2022-10-08,2022-10-08,0.03052498,19406.2,-0.0058757536793898
2022-10-09,2022-10-09,0.03054249,19430.0,0.0012264121775513
2022-10-10,2022-10-10,0.03060942,19124.0,-0.0157488419969119
2022-10-11,2022-10-11,0.0307817,19055.0,-0.003608031792512
2022-10-12,2022-10-12,0.03078833,19148.0,0.004880608764104
2022-10-13,2022-10-13,0.03073047,19365.5,0.0113588886567788
2022-10-14,2022-10-14,0.03091718,19164.6,-0.0103741189228268
2022-10-15,2022-10-15,0.03091653,19060.4,-0.0054371080012104
2022-10-16,2022-10-16,0.03086674,19251.9,0.0100470084573252
2022-10-17,2022-10-17,0.03079029,19540.6,0.0149959224803783
2022-10-18,2022-10-18,0.03078763,19320.9,-0.0112432576277082
2022-10-19,2022-10-19,0.03094908,19116.7,-0.010568865839583
2022-10-20,2022-10-20,0.03088634,19034.7,-0.0042894432616508
2022-10-21,2022-10-21,0.03075336,19150.9,0.0061046404724003
2022-10-22,2022-10-22,0.03077316,19195.1,0.0023079855254843
2022-10-23,2022-10-23,0.03067158,19560.7,0.0190465274992055
2022-10-24,2022-10-24,0.03060808,19318.1,-0.0124024191363295
2022-10-25,2022-10-25,0.03031669,20068.3,0.0388340468265513
2022-10-26,2022-10-26,0.03012276,20758.3,0.0343825834774245
2022-10-27,2022-10-27,0.03005095,20285.5,-0.0227764315960362
2022-10-28,2022-10-28,0.02995813,20582.8,0.0146557886174853
2022-10-29,2022-10-29,0.02988104,20796.7,0.0103921721048643
2022-10-30,2022-10-30,0.02987282,20615.6,-0.0087081123447471
2022-10-31,2022-10-31,0.03012281,20482.0,-0.0064805293079026
2022-11-01,2022-11-01,0.03007672,20472.1,-0.000483351235231
2022-11-02,2022-11-02,0.03019752,20140.1,-0.0162171931555629
2022-11-03,2022-11-03,0.03036254,20199.7,0.0029592703114682
2022-11-04,2022-11-04,0.0302469,21137.6,0.0464313826442965
2022-11-05,2022-11-05,0.03035875,21289.9,0.0072051699341459
2022-11-06,2022-11-06,0.03049235,20900.0,-0.0183138483506264
2022-11-07,2022-11-07,0.031149,20578.6,-0.015377990430622
2022-11-08,2022-11-08,0.03149886,18534.0,-0.0993556412972699
2022-11-09,2022-11-09,0.03081145,15905.0,-0.1418474155605913
2022-11-10,2022-11-10,0.02997267,17588.0,0.1058157812008802
2022-11-11,2022-11-11,0.02943909,17058.3,-0.0301171253127132
2022-11-12,2022-11-12,0.02919853,16806.9,-0.014737693674047
2022-11-13,2022-11-13,0.02887953,16321.2,-0.0288988451171841
2022-11-14,2022-11-14,0.02866371,16605.2,0.0174006813224518
2022-11-15,2022-11-15,0.02834725,16888.3,0.0170488762556306
2022-11-16,2022-11-16,0.02843405,16650.6,-0.014074832872462
2022-11-17,2022-11-17,0.02810172,16682.1,0.0018918237180642
2022-11-18,2022-11-18,0.03070289,16689.7,0.0004555781346473
2022-11-19,2022-11-19,0.03072995,16692.9,0.0001917350221993
2022-11-20,2022-11-20,0.03055529,16272.6,-0.0251783692468056
2022-11-21,2022-11-21,0.03068188,15773.0,-0.0307019161043717
2022-11-22,2022-11-22,0.0310196,16220.6,0.0283776073036201
2022-11-23,2022-11-23,0.03120137,16595.8,0.0231310802313107
2022-11-24,2022-11-24,0.03118549,16592.4,-0.0002048711119679
2022-11-25,2022-11-25,0.03127876,16516.1,-0.0045984908753406
2022-11-26,2022-11-26,0.03134198,16449.2,-0.0040505930576829
2022-11-27,2022-11-27,0.03143307,16422.6,-0.0016170999197531
2022-11-28,2022-11-28,0.03127567,16204.5,-0.0132804793394467
2022-11-29,2022-11-29,0.03143776,16433.2,0.0141133635718473
2022-11-30,2022-11-30,0.03145796,17153.3,0.0438198281527637
2022-12-01,2022-12-01,0.03161195,16970.5,-0.0106568415406947
2022-12-02,2022-12-02,0.03149636,17083.0,0.0066291505848383
2022-12-03,2022-12-03,0.03146393,16879.5,-0.0119124275595621
2022-12-04,2022-12-04,0.031347,17099.5,0.0130335614206582
2022-12-05,2022-12-05,0.03141968,16958.3,-0.0082575513903915
2022-12-06,2022-12-06,0.03132721,17078.6,0.0070938714375849
2022-12-07,2022-12-07,0.0313362,16828.0,-0.0146733338798261
2022-12-08,2022-12-08,0.03123841,17216.0,0.0230568100784407
2022-12-09,2022-12-09,0.03101427,17122.0,-0.0054600371747212
2022-12-10,2022-12-10,0.03095157,17120.0,-0.0001168087840205
2022-12-11,2022-12-11,0.03086254,17077.3,-0.0024941588785046
2022-12-12,2022-12-12,0.03037386,17200.0,0.0071849765478149
2022-12-13,2022-12-13,0.02827604,17777.1,0.0335523255813952
2022-12-14,2022-12-14,0.02794849,17803.9,0.0015075574756289
2022-12-15,2022-12-15,0.0277706,17351.8,-0.0253933127011498
2022-12-16,2022-12-16,0.02729173,16624.1,-0.0419380121947002
2022-12-17,2022-12-17,0.02675418,16768.0,0.0086561076990634
2022-12-18,2022-12-18,0.02677687,16730.3,-0.0022483301526717
2022-12-19,2022-12-19,0.02682873,16429.2,-0.0179972863606748
2022-12-20,2022-12-20,0.0268183,16887.2,0.0278771942638715
2022-12-21,2022-12-21,0.02684954,16819.6,-0.0040030318821356
2022-12-22,2022-12-22,0.02692339,16815.5,-0.0002437632286141
2022-12-23,2022-12-23,0.02708234,16776.4,-0.0023252356456839
2022-12-24,2022-12-24,0.02698076,16828.9,0.0031293960563649
2022-12-25,2022-12-25,0.02694961,16824.4,-0.0002673971560827
2022-12-26,2022-12-26,0.02692674,16912.9,0.0052602173034401
2022-12-27,2022-12-27,0.02715046,16698.2,-0.0126944521637331
2022-12-28,2022-12-28,0.0273272,16539.0,-0.0095339617443797
2022-12-29,2022-12-29,0.0275038,16630.3,0.0055202853860572
2022-12-30,2022-12-30,0.02755428,16601.2,-0.0017498181031009
2022-12-31,2022-12-31,0.02784467,16537.6,-0.0038310483579501
2023-01-01,2023-01-01,0.02786269,16610.3,0.0043960429566562
2023-01-02,2023-01-02,0.02786564,16666.0,0.0033533409992594
2023-01-03,2023-01-03,0.02772691,16667.2,7.20028801153294e-05
2023-01-04,2023-01-04,0.02854102,16842.1,0.0104936642027453
2023-01-05,2023-01-05,0.02842148,16823.8,-0.0010865628395508
2023-01-06,2023-01-06,0.02833642,16943.8,0.007132752410276
2023-01-07,2023-01-07,0.02842753,16936.5,-0.000430836058027
2023-01-08,2023-01-08,0.02842436,17124.7,0.011112095179051
2023-01-09,2023-01-09,0.02828071,17169.7,0.0026277832604366
2023-01-10,2023-01-10,0.02818872,17428.8,0.0150905374001875
2023-01-11,2023-01-11,0.02805008,17935.7,0.0290840447994125
2023-01-12,2023-01-12,0.02825037,18838.0,0.0503074873018616
2023-01-13,2023-01-13,0.02805054,19924.2,0.0576600488374563
2023-01-14,2023-01-14,0.02825548,20962.8,0.0521275634655342
2023-01-15,2023-01-15,0.02838999,20882.7,-0.0038210544392923
2023-01-16,2023-01-16,0.02831887,21188.3,0.0146341229821813
2023-01-17,2023-01-17,0.02832435,21130.9,-0.0027090422544516
2023-01-18,2023-01-18,0.02842747,20680.0,-0.0213384190924191
2023-01-19,2023-01-19,0.0289186,21068.3,0.0187765957446808
2023-01-20,2023-01-20,0.02825268,22661.1,0.0756017334099097
2023-01-21,2023-01-21,0.02842401,22781.9,0.0053307209270512
2023-01-22,2023-01-22,0.02846103,22704.6,-0.0033930444782921
2023-01-23,2023-01-23,0.02856224,22913.1,0.0091831611215349
2023-01-24,2023-01-24,0.02840268,22627.4,-0.0124688496973346
2023-01-25,2023-01-25,0.02839948,23060.6,0.0191449304825122
2023-01-26,2023-01-26,0.02841327,23001.9,-0.002545467160438
2023-01-27,2023-01-27,0.02836855,23068.0,0.0028736756528808
2023-01-28,2023-01-28,0.02839132,23015.9,-0.0022585399687878
2023-01-29,2023-01-29,0.02845703,23740.3,0.0314738941340551
2023-01-30,2023-01-30,0.02878296,22819.9,-0.0387695184980811
2023-01-31,2023-01-31,0.02877182,23119.4,0.0131245097480707
2023-02-01,2023-02-01,0.02880473,23730.0,0.0264107200013841
2023-02-02,2023-02-02,0.0286469,23493.1,-0.0099831436999578
2023-02-03,2023-02-03,0.02855591,23424.7,-0.0029114931618219
2023-02-04,2023-02-04,0.0285471,23322.6,-0.0043586470691194
2023-02-05,2023-02-05,0.02856367,22929.2,-0.0168677591692177
2023-02-06,2023-02-06,0.02854591,22757.7,-0.0074795457320796
2023-02-07,2023-02-07,0.02847918,23234.1,0.0209335741309533
2023-02-08,2023-02-08,0.02849338,22955.9,-0.0119737799183096
2023-02-09,2023-02-09,0.02851843,21793.4,-0.0506405760610562
2023-02-10,2023-02-10,0.02880752,21618.6,-0.0080207769324659
2023-02-11,2023-02-11,0.02887825,21851.3,0.0107638792521256
2023-02-12,2023-02-12,0.02881189,21771.1,-0.0036702621811974
2023-02-13,2023-02-13,0.02855363,21766.2,-0.0002250690135086
2023-02-14,2023-02-14,0.02860565,22187.4,0.0193511040052927
2023-02-15,2023-02-15,0.02866592,24332.6,0.0966855061881968
2023-02-16,2023-02-16,0.02891449,23526.6,-0.0331242859373843
2023-02-17,2023-02-17,0.02881167,24581.5,0.0448386082136815
2023-02-18,2023-02-18,0.02884727,24636.9,0.0022537273966194
2023-02-19,2023-02-19,0.02886744,24265.9,-0.0150587127438922
2023-02-20,2023-02-20,0.02893992,24849.9,0.024066694414796
2023-02-21,2023-02-21,0.02912402,24443.4,-0.016358214721186
2023-02-22,2023-02-22,0.02917747,24171.3,-0.0111318392694961
2023-02-23,2023-02-23,0.02906206,23928.8,-0.0100325592748424
2023-02-24,2023-02-24,0.0291015,23175.6,-0.0314767142522818
2023-02-25,2023-02-25,0.029119,23146.2,-0.0012685755708589
2023-02-26,2023-02-26,0.02913216,23545.3,0.0172425711347865
2023-02-27,2023-02-27,0.0291479,23480.0,-0.0027733772769936
2023-02-28,2023-02-28,0.02919997,23129.6,-0.0149233390119251
2023-03-01,2023-03-01,0.02915212,23619.8,0.0211936220254564
2023-03-02,2023-03-02,0.02915503,23457.1,-0.0068882886391925
2023-03-03,2023-03-03,0.02900186,22342.8,-0.0475037408716336
2023-03-04,2023-03-04,0.02907828,22335.7,-0.0003177757487869
2023-03-05,2023-03-05,0.02919744,22419.4,0.0037473640852985
2023-03-06,2023-03-06,0.02929845,22397.1,-0.0009946742553326
2023-03-07,2023-03-07,0.02943178,22187.1,-0.0093762138848333
2023-03-08,2023-03-08,0.02905323,21695.4,-0.0221615262923048
2023-03-09,2023-03-09,0.0291617,20348.3,-0.0620915032679739
2023-03-10,2023-03-10,0.02878057,20140.3,-0.0102219841460957
2023-03-11,2023-03-11,0.02848529,20447.3,0.0152430698648977
2023-03-12,2023-03-12,0.02867531,21986.2,0.0752617705027069
2023-03-13,2023-03-13,0.02991619,24119.5,0.0970290454921722
2023-03-14,2023-03-14,0.03035908,24682.5,0.0233421090818632
2023-03-15,2023-03-15,0.03042727,24288.0,-0.0159829838954724
2023-03-16,2023-03-16,0.03060078,24990.4,0.0289196310935442
2023-03-17,2023-03-17,0.03073313,27384.0,0.0957807798194505
2023-03-18,2023-03-18,0.03104121,26907.0,-0.017418930762489
2023-03-19,2023-03-19,0.03103926,27955.7,0.0389749879213587
2023-03-20,2023-03-20,0.03132946,27704.1,-0.0089999534978556
2023-03-21,2023-03-21,0.03122734,28091.1,0.013969051512231
2023-03-22,2023-03-22,0.03122197,27233.8,-0.0305185628188287
2023-03-23,2023-03-23,0.03128014,28284.1,0.0385660466038524
2023-03-24,2023-03-24,0.03124116,27438.9,-0.0298825134969823
2023-03-25,2023-03-25,0.03123666,27447.3,0.0003061347211439
2023-03-26,2023-03-26,0.03128246,27954.3,0.0184717622498387
2023-03-27,2023-03-27,0.0310479,27112.0,-0.0301313214782699
2023-03-28,2023-03-28,0.03113502,27249.7,0.0050789318383004
2023-03-29,2023-03-29,0.03112431,28338.5,0.0399564031897599
2023-03-30,2023-03-30,0.03135108,28015.0,-0.0114155653968982
2023-03-31,2023-03-31,0.03135842,28454.9,0.0157023023380331
2023-04-01,2023-04-01,0.03132761,28443.8,-0.0003900909860867
2023-04-02,2023-04-02,0.03134504,28161.2,-0.0099353813484835
2023-04-03,2023-04-03,0.0314363,27786.1,-0.0133197448972345
2023-04-04,2023-04-04,0.0313947,28155.2,0.01328362022738
2023-04-05,2023-04-05,0.03144787,28154.0,-4.262090129003582e-05
2023-04-06,2023-04-06,0.03149883,28022.8,-0.0046600838246785
2023-04-07,2023-04-07,0.03156145,27890.7,-0.0047140185848665
2023-04-08,2023-04-08,0.0315944,27924.9,0.0012262151900095
2023-04-09,2023-04-09,0.03163716,28309.4,0.0137690734792246
2023-04-10,2023-04-10,0.03172385,29623.1,0.0464050809978309
2023-04-11,2023-04-11,0.03193335,30185.1,0.0189716808841748
2023-04-12,2023-04-12,0.03213225,29875.0,-0.0102732805258223
2023-04-13,2023-04-13,0.03198613,30362.7,0.0163246861924686
2023-04-14,2023-04-14,0.03187682,30453.1,0.0029773373250732
2023-04-15,2023-04-15,0.03185166,30280.4,-0.0056710154302844
2023-04-16,2023-04-16,0.03197827,30286.6,0.0002047529094726
2023-04-17,2023-04-17,0.0320992,29420.0,-0.028613314138926
2023-04-18,2023-04-18,0.03212766,30365.8,0.0321481985044187
2023-04-19,2023-04-19,0.03234757,28795.1,-0.0517259548571089
2023-04-20,2023-04-20,0.03258825,28229.9,-0.0196283395438806
2023-04-21,2023-04-21,0.03298919,27252.5,-0.0346228644097216
2023-04-22,2023-04-22,0.03312466,27807.2,0.0203540959544996
2023-04-23,2023-04-23,0.03307895,27576.0,-0.0083143933945165
2023-04-24,2023-04-24,0.03323088,27497.5,-0.0028466782709603
2023-04-25,2023-04-25,0.03337211,28286.7,0.0287007909809982
2023-04-26,2023-04-26,0.03352164,28395.9,0.0038604715290224
2023-04-27,2023-04-27,0.03371018,29459.0,0.0374385034459199
2023-04-28,2023-04-28,0.03366676,29300.0,-0.0053973318849926
2023-04-29,2023-04-29,0.03370215,29212.7,-0.0029795221843003
2023-04-30,2023-04-30,0.03379894,29223.0,0.0003525863751039
2023-05-01,2023-05-01,0.0338316,28054.4,-0.03998904972111
2023-05-02,2023-05-02,0.03368373,28656.5,0.021461874073229
2023-05-03,2023-05-03,0.03369359,29018.4,0.0126288974578194
2023-05-04,2023-05-04,0.03360844,28826.0,-0.0066302759628373
2023-05-05,2023-05-05,0.03337734,29491.5,0.0230867966419205
2023-05-06,2023-05-06,0.03336108,28837.8,-0.022165708763542
2023-05-07,2023-05-07,0.03335735,28419.4,-0.0145087350630075
2023-05-08,2023-05-08,0.03301691,27659.8,-0.0267282208632132
2023-05-09,2023-05-09,0.03315236,27610.2,-0.0017932161476221
2023-05-10,2023-05-10,0.0331664,27582.9,-0.0009887650216223
2023-05-11,2023-05-11,0.03345534,26956.4,-0.022713347762563
2023-05-12,2023-05-12,0.03355495,26785.1,-0.0063547061180276
2023-05-13,2023-05-13,0.03353081,26762.7,-0.0008362858454886
2023-05-14,2023-05-14,0.03356347,26901.9,0.0052012689302649
2023-05-15,2023-05-15,0.03348613,27152.5,0.0093153271701997
2023-05-16,2023-05-16,0.03357918,27024.8,-0.0047030660160206
2023-05-17,2023-05-17,0.03372495,27395.8,0.0137281311980106
2023-05-18,2023-05-18,0.03384055,26809.3,-0.0214083910672439
2023-05-19,2023-05-19,0.03386725,26870.1,0.0022678697317721
2023-05-20,2023-05-20,0.03385035,27089.5,0.0081652096568305
2023-05-21,2023-05-21,0.03387475,26732.8,-0.0131674634083316
2023-05-22,2023-05-22,0.03389406,26840.2,0.0040175365094565
2023-05-23,2023-05-23,0.03394522,27209.9,0.0137741149469825
2023-05-24,2023-05-24,0.03401704,26313.8,-0.0329328663464402
2023-05-25,2023-05-25,0.03364817,26461.8,0.0056244252065456
2023-05-26,2023-05-26,0.03363278,26689.9,0.0086199729421279
2023-05-27,2023-05-27,0.03364506,26841.6,0.0056837979910002
2023-05-28,2023-05-28,0.0337236,28055.7,0.0452320278969957
2023-05-29,2023-05-29,0.03368662,27722.0,-0.0118941961882969
2023-05-30,2023-05-30,0.03357934,27680.1,-0.0015114349614026
2023-05-31,2023-05-31,0.03372836,27201.1,-0.0173048507772731
2023-06-01,2023-06-01,0.03382536,26805.3,-0.0145508821334431
2023-06-02,2023-06-02,0.03385657,27227.8,0.0157618082991051
2023-06-03,2023-06-03,0.03397913,27054.9,-0.0063501274432747
2023-06-04,2023-06-04,0.03397315,27102.4,0.0017556893575656
2023-06-05,2023-06-05,0.0333316,25714.7,-0.0512021075624299
2023-06-06,2023-06-06,0.03310128,27221.5,0.0585968337176789
2023-06-07,2023-06-07,0.03239146,26325.9,-0.0329004647062064
2023-06-08,2023-06-08,0.03217715,26485.9,0.0060776649611218
2023-06-09,2023-06-09,0.03208322,26468.1,-0.0006720556975599
2023-06-10,2023-06-10,0.03181588,25826.6,-0.0242367226963778
2023-06-11,2023-06-11,0.03164482,25909.9,0.0032253568026763
2023-06-12,2023-06-12,0.03159326,25894.8,-0.0005827888181738
2023-06-13,2023-06-13,0.03161099,25918.0,0.0008959327741477
2023-06-14,2023-06-14,0.03171338,25115.9,-0.0309476039817886
2023-06-15,2023-06-15,0.0315452,25586.1,0.0187212084774981
2023-06-16,2023-06-16,0.03133515,26336.0,0.029308882557326
2023-06-17,2023-06-17,0.03137878,26508.9,0.0065651579586878
2023-06-18,2023-06-18,0.03131457,26329.7,-0.0067599938133985
2023-06-19,2023-06-19,0.03125442,26828.5,0.0189443859975617
2023-06-20,2023-06-20,0.03105116,28290.6,0.0544980151704344
2023-06-21,2023-06-21,0.03119444,29988.5,0.0600164012074682
2023-06-22,2023-06-22,0.0311865,29875.0,-0.0037847841672641
2023-06-23,2023-06-23,0.03101233,30673.4,0.0267246861924685
2023-06-24,2023-06-24,0.03116341,30524.2,-0.0048641493932853
2023-06-25,2023-06-25,0.03115487,30458.0,-0.0021687710079215
2023-06-26,2023-06-26,0.0312222,30260.1,-0.0064974719285574
2023-06-27,2023-06-27,0.0312497,30683.2,0.0139821084530455
2023-06-28,2023-06-28,0.03113452,30066.3,-0.020105464879804
2023-06-29,2023-06-29,0.03122079,30439.9,0.0124258721558689
2023-06-30,2023-06-30,0.03138009,30460.2,0.0006668878675686
2023-07-01,2023-07-01,0.03142756,30573.6,0.003722890854295
2023-07-02,2023-07-02,0.0313999,30612.7,0.0012788811262005
2023-07-03,2023-07-03,0.0313502,31149.0,0.0175188728860897
2023-07-04,2023-07-04,0.03125467,30756.1,-0.0126135670487014
2023-07-05,2023-07-05,0.03131574,30488.4,-0.0087039644168147
2023-07-06,2023-07-06,0.03123677,29874.4,-0.0201388068904895
2023-07-07,2023-07-07,0.03108593,30327.9,0.0151802211927267
2023-07-08,2023-07-08,0.0310654,30269.3,-0.00193221423178
2023-07-09,2023-07-09,0.03105914,30147.8,-0.0040139679477225
2023-07-10,2023-07-10,0.03107952,30396.9,0.0082626261286065
2023-07-11,2023-07-11,0.03098597,30608.4,0.006957946369531
2023-07-12,2023-07-12,0.03096671,30368.9,-0.0078246494426366
2023-07-13,2023-07-13,0.03097774,31441.7,0.03532561271564
2023-07-14,2023-07-14,0.03098104,30293.3,-0.0365247426188788
2023-07-15,2023-07-15,0.03079463,30276.4,-0.0005578791349901
2023-07-16,2023-07-16,0.03083523,30216.8,-0.001968529944115
2023-07-17,2023-07-17,0.03076427,30126.1,-0.0030016414709698
2023-07-18,2023-07-18,0.03074895,29845.6,-0.0093108633377702
2023-07-19,2023-07-19,0.03075558,29895.5,0.001671938242153
2023-07-20,2023-07-20,0.03073194,29791.0,-0.0034955093575955
2023-07-21,2023-07-21,0.03069042,29891.4,0.0033701453459098
2023-07-22,2023-07-22,0.0306962,29783.5,-0.003609733903397
2023-07-23,2023-07-23,0.03071466,30070.8,0.009646280658754
2023-07-24,2023-07-24,0.0308488,29163.8,-0.0301621506577809
2023-07-25,2023-07-25,0.03093868,29216.3,0.0018001769316755
2023-07-26,2023-07-26,0.0309667,29336.0,0.0040970280288743
2023-07-27,2023-07-27,0.03129933,29209.7,-0.0043052904281428
2023-07-28,2023-07-28,0.03136514,29299.9,0.0030880152825945
2023-07-29,2023-07-29,0.03135663,29339.1,0.0013378885252166
2023-07-30,2023-07-30,0.03133347,29271.1,-0.0023177261742861
2023-07-31,2023-07-31,0.03140893,29220.8,-0.001718418508358
2023-08-01,2023-08-01,0.03155137,29701.2,0.0164403438646443
2023-08-02,2023-08-02,0.0315295,29170.1,-0.0178814324000378
2023-08-03,2023-08-03,0.03142358,29180.2,0.000346244956308
2023-08-04,2023-08-04,0.03139602,29101.1,-0.002710742215612
2023-08-05,2023-08-05,0.03156658,29057.7,-0.0014913525605561
2023-08-06,2023-08-06,0.03157888,29075.9,0.0006263400062633
2023-08-07,2023-08-07,0.03161213,29202.7,0.0043610000034393
2023-08-08,2023-08-08,0.03149456,29759.0,0.019049608426618
2023-08-09,2023-08-09,0.03149568,29572.8,-0.006256930676434
2023-08-10,2023-08-10,0.03152213,29443.7,-0.0043654980252123
2023-08-11,2023-08-11,0.0315977,29415.5,-0.0009577600641224
2023-08-12,2023-08-12,0.03158018,29420.7,0.0001767775492511
2023-08-13,2023-08-13,0.03158558,29293.3,-0.0043302844595812
2023-08-14,2023-08-14,0.03174159,29419.5,0.0043081523761405
2023-08-15,2023-08-15,0.03177544,29188.8,-0.0078417376230052
2023-08-16,2023-08-16,0.03196188,28714.4,-0.0162528092967164
2023-08-17,2023-08-17,0.03209848,26609.7,-0.0732977182180369
2023-08-18,2023-08-18,0.03199676,26042.1,-0.0213305674246609
2023-08-19,2023-08-19,0.03188499,26088.3,0.0017740504798
2023-08-20,2023-08-20,0.03177807,26175.9,0.0033578270719059
2023-08-21,2023-08-21,0.0315473,26115.4,-0.0023112863359043
2023-08-22,2023-08-22,0.03149764,26044.4,-0.0027187023748439
2023-08-23,2023-08-23,0.03133706,26419.2,0.0143908095406306
2023-08-24,2023-08-24,0.03138194,26164.6,-0.0096369307170542
2023-08-25,2023-08-25,0.03138808,26051.7,-0.0043149904833247
2023-08-26,2023-08-26,0.03142106,26004.3,-0.0018194589988369
2023-08-27,2023-08-27,0.03142854,26087.7,0.0032071618924562
2023-08-28,2023-08-28,0.03139248,26106.5,0.000720646128252
2023-08-29,2023-08-29,0.03108815,27700.1,0.0610422691666825
2023-08-30,2023-08-30,0.03097254,27290.4,-0.0147905603228868
2023-08-31,2023-08-31,0.03115069,25928.0,-0.0499223170052472
2023-09-01,2023-09-01,0.03144723,25795.6,-0.005106448626967
2023-09-02,2023-09-02,0.03143311,25855.8,0.0023337313340259
2023-09-03,2023-09-03,0.03132869,25962.1,0.0041112632368751
2023-09-04,2023-09-04,0.0312805,25814.0,-0.0057044692070363
2023-09-05,2023-09-05,0.03126686,25779.7,-0.0013287363446191
2023-09-06,2023-09-06,0.0312225,25747.4,-0.0012529238121467
2023-09-07,2023-09-07,0.03124251,26240.7,0.0191592160761862
2023-09-08,2023-09-08,0.03104966,25899.8,-0.0129912692877858
2023-09-09,2023-09-09,0.03110101,25892.6,-0.0002779944246673
2023-09-10,2023-09-10,0.0311073,25828.4,-0.0024794728995928
2023-09-11,2023-09-11,0.03109856,25150.4,-0.02625017422682
2023-09-12,2023-09-12,0.0309981,25825.8,0.0268544436668998
2023-09-13,2023-09-13,0.0309736,26209.9,0.0148727241750499
2023-09-14,2023-09-14,0.03092429,26510.3,0.0114613180515759
2023-09-15,2023-09-15,0.03084032,26591.1,0.0030478719592006
2023-09-16,2023-09-16,0.0308309,26546.9,-0.0016622102884046
2023-09-17,2023-09-17,0.03078592,26514.2,-0.0012317822419943
2023-09-18,2023-09-18,0.0306643,26749.9,0.0088895761516469
2023-09-19,2023-09-19,0.03061349,27196.0,0.0166766978568144
2023-09-20,2023-09-20,0.03066979,27107.7,-0.003246801000147
2023-09-21,2023-09-21,0.0306657,26552.6,-0.020477576481959
2023-09-22,2023-09-22,0.03082397,26566.7,0.0005310214442277
2023-09-23,2023-09-23,0.03080828,26563.1,-0.0001355079855609
2023-09-24,2023-09-24,0.03081038,26232.4,-0.0124496011384211
2023-09-25,2023-09-25,0.03084848,26290.5,0.0022148183162806
2023-09-26,2023-09-26,0.03094809,26208.8,-0.0031075863905213
2023-09-27,2023-09-27,0.03097767,26359.6,0.0057537926192727
2023-09-28,2023-09-28,0.03097249,27011.8,0.024742408837767
2023-09-29,2023-09-29,0.03093749,26890.9,-0.0044758216779332
2023-09-30,2023-09-30,0.03090921,26950.9,0.0022312380768214
2023-10-01,2023-10-01,0.03083022,27981.4,0.0382361999042704
2023-10-02,2023-10-02,0.03070461,27477.6,-0.0180048174859014
2023-10-03,2023-10-03,0.03070658,27412.0,-0.0023873991906133
2023-10-04,2023-10-04,0.03052579,27759.8,0.0126878739238289
2023-10-05,2023-10-05,0.0304089,27398.4,-0.0130188257840473
2023-10-06,2023-10-06,0.03034608,27916.3,0.0189025636533519
2023-10-07,2023-10-07,0.0303234,27943.0,0.0009564304725195
2023-10-08,2023-10-08,0.0302836,27901.2,-0.0014959023726872
2023-10-09,2023-10-09,0.03038968,27578.3,-0.0115729789399739
2023-10-10,2023-10-10,0.03036908,27381.2,-0.0071469234869443
2023-10-11,2023-10-11,0.03067001,26864.5,-0.0188706119527267
2023-10-12,2023-10-12,0.03091623,26744.0,-0.0044854733942563
2023-10-13,2023-10-13,0.0309121,26849.8,0.0039560275201913
2023-10-14,2023-10-14,0.03082971,26836.3,-0.0005027970413187
2023-10-15,2023-10-15,0.03081906,27139.8,0.0113093086602846
2023-10-16,2023-10-16,0.03062527,28486.3,0.0496134827817449
2023-10-17,2023-10-17,0.0304413,28381.9,-0.0036649196280316
2023-10-18,2023-10-18,0.03046543,28307.1,-0.0026354824729846
2023-10-19,2023-10-19,0.03017068,28696.9,0.0137703968262381
2023-10-20,2023-10-20,0.0300238,29653.0,0.0333171875707829
2023-10-21,2023-10-21,0.03012816,29895.4,0.0081745523218561
2023-10-22,2023-10-22,0.03014387,29981.5,0.0028800417455527
2023-10-23,2023-10-23,0.03002971,33074.0,0.1031469406133782
2023-10-24,2023-10-24,0.03051119,33917.0,0.025488298965955
2023-10-25,2023-10-25,0.03053983,34487.7,0.0168263702568032
2023-10-26,2023-10-26,0.0305018,34154.0,-0.0096759134416037
2023-10-27,2023-10-27,0.03043563,33893.1,-0.0076389295543713
2023-10-28,2023-10-28,0.03048854,34086.6,0.0057091266363951
2023-10-29,2023-10-29,0.0304105,34528.6,0.0129669723586394
2023-10-30,2023-10-30,0.03034649,34483.8,-0.0012974751365533
2023-10-31,2023-10-31,0.03030983,34651.4,0.0048602532203527
2023-11-01,2023-11-01,0.03026662,35437.4,0.0226830661964596
2023-11-02,2023-11-02,0.03028522,34940.1,-0.0140331965663396
2023-11-03,2023-11-03,0.03000407,34700.4,-0.0068603123631585
2023-11-04,2023-11-04,0.03000541,35069.7,0.0106425286163847
2023-11-05,2023-11-05,0.03003005,35025.5,-0.0012603472513308
2023-11-06,2023-11-06,0.03011446,35057.4,0.0009107650140611
2023-11-07,2023-11-07,0.02978072,35406.5,0.009957954668629
2023-11-08,2023-11-08,0.02929228,35626.7,0.0062191970400913
2023-11-09,2023-11-09,0.0289708,36719.5,0.0306736239954865
2023-11-10,2023-11-10,0.03003327,37330.4,0.0166369367774616
2023-11-11,2023-11-11,0.03003707,37162.1,-0.0045083899449243
2023-11-12,2023-11-12,0.03003965,37085.5,-0.0020612398115283
2023-11-13,2023-11-13,0.02999167,36486.2,-0.0161599546992761
2023-11-14,2023-11-14,0.03002247,35559.0,-0.0254123476821372
2023-11-15,2023-11-15,0.02988245,37885.6,0.0654292865378665
2023-11-16,2023-11-16,0.02987018,36176.0,-0.0451253246616127
2023-11-17,2023-11-17,0.02998113,36621.9,0.0123258513931889
2023-11-18,2023-11-18,0.03000485,36580.9,-0.0011195486853494
2023-11-19,2023-11-19,0.02995534,37375.9,0.021732652832489
2023-11-20,2023-11-20,0.02983672,37462.5,0.0023170010621818
2023-11-21,2023-11-21,0.0297007,35737.0,-0.0460593927260594
2023-11-22,2023-11-22,0.02945035,37413.4,0.0469093656434507
2023-11-23,2023-11-23,0.02938604,37294.3,-0.0031833514195448
2023-11-24,2023-11-24,0.02915161,37706.3,0.0110472645953938
2023-11-25,2023-11-25,0.02911181,37766.6,0.0015992022553259
2023-11-26,2023-11-26,0.02905515,37437.9,-0.0087034575524403
2023-11-27,2023-11-27,0.02909006,37234.3,-0.0054383392230866
2023-11-28,2023-11-28,0.02881974,37812.1,0.0155179498473181
2023-11-29,2023-11-29,0.02875361,37837.1,0.0006611640189251
2023-11-30,2023-11-30,0.02878763,37716.8,-0.0031794191415303
2023-12-01,2023-12-01,0.02864243,38660.0,0.0250074237475077
2023-12-02,2023-12-02,0.02856302,39435.0,0.0200465597516812
2023-12-03,2023-12-03,0.02855562,39979.7,0.0138126030176237
2023-12-04,2023-12-04,0.02873218,41993.1,0.0503605579831765
2023-12-05,2023-12-05,0.02855476,44081.7,0.0497367424648333
2023-12-06,2023-12-06,0.02887089,43774.8,-0.0069620726968332
2023-12-07,2023-12-07,0.02905444,43296.0,-0.0109377998300392
2023-12-08,2023-12-08,0.02899947,44209.5,0.0210989467849223
2023-12-09,2023-12-09,0.02915256,43734.3,-0.0107488209547721
2023-12-10,2023-12-10,0.02924513,43810.0,0.0017309068625768
2023-12-11,2023-12-11,0.02962067,41271.0,-0.0579548048390778
2023-12-12,2023-12-12,0.02978972,41515.0,0.00591214169756
2023-12-13,2023-12-13,0.02969246,42875.0,0.0327592436468746
2023-12-14,2023-12-14,0.02954509,43032.4,0.003671137026239
2023-12-15,2023-12-15,0.02953719,41968.0,-0.0247348509495171
2023-12-16,2023-12-16,0.02941859,42287.4,0.007610560426992
2023-12-17,2023-12-17,0.02963143,41396.5,-0.0210677412184244
2023-12-18,2023-12-18,0.02962759,42671.7,0.0308045366154143
2023-12-19,2023-12-19,0.0296346,42298.3,-0.008750530210889
2023-12-20,2023-12-20,0.02962646,43708.9,0.0333488579919287
2023-12-21,2023-12-21,0.02955826,43896.3,0.004287456330404
2023-12-22,2023-12-22,0.02927165,43999.2,0.0023441611251973
2023-12-23,2023-12-23,0.02915102,43725.2,-0.0062273859524718
2023-12-24,2023-12-24,0.02888652,43008.4,-0.0163932926550363
2023-12-25,2023-12-25,0.02945076,43611.9,0.0140321425581979
2023-12-26,2023-12-26,0.02935029,42538.5,-0.0246125484099524
2023-12-27,2023-12-27,0.02911623,43453.8,0.0215169787369089
2023-12-28,2023-12-28,0.02888103,42600.1,-0.019646152925636
2023-12-29,2023-12-29,0.02857706,42095.1,-0.0118544322665908
2023-12-30,2023-12-30,0.02934372,42174.2,0.0018790785625879
2023-12-31,2023-12-31,0.02972349,42314.0,0.0033148228063604
2024-01-01,2024-01-01,0.02958821,44230.2,0.0452852483811503
2024-01-02,2024-01-02,0.02974597,44979.8,0.0169476963703534
2024-01-03,2024-01-03,0.02995542,42849.5,-0.0473612599433523
2024-01-04,2024-01-04,0.02993964,44143.8,0.0302057200200702
2024-01-05,2024-01-05,0.02993426,44145.4,3.6245180523586384e-05
2024-01-06,2024-01-06,0.03005414,43956.7,-0.0042745110475838
2024-01-07,2024-01-07,0.03006682,43916.9,-0.0009054364863603
2024-01-08,2024-01-08,0.03013368,46972.7,0.0695814139886921
2024-01-09,2024-01-09,0.030127,46114.0,-0.0182808312062111
2024-01-10,2024-01-10,0.03025621,46662.9,0.0119031096846944
2024-01-11,2024-01-11,0.03043022,46337.8,-0.0069669909071231
2024-01-12,2024-01-12,0.03074144,42788.9,-0.0765875807655952
2024-01-13,2024-01-13,0.03063908,42846.4,0.0013438064544777
2024-01-14,2024-01-14,0.03058896,41734.9,-0.0259415026700026
2024-01-15,2024-01-15,0.03073607,42515.0,0.018691790324165
2024-01-16,2024-01-16,0.03057055,43133.0,0.0145360461013759
2024-01-17,2024-01-17,0.03063443,42783.4,-0.0081051631001785
2024-01-18,2024-01-18,0.03070259,41323.1,-0.034132397144687
2024-01-19,2024-01-19,0.0307481,41662.2,0.0082060639206642
2024-01-20,2024-01-20,0.03073246,41691.8,0.0007104761630447
2024-01-21,2024-01-21,0.03066094,41580.0,-0.0026815824694544
2024-01-22,2024-01-22,0.03069954,39567.0,-0.0484126984126984
2024-01-23,2024-01-23,0.03075416,39890.0,0.0081633684636186
2024-01-24,2024-01-24,0.03077192,40078.7,0.0047305088994735
2024-01-25,2024-01-25,0.03076353,39953.3,-0.0031288439994309
2024-01-26,2024-01-26,0.03063367,41806.4,0.0463816505770486
2024-01-27,2024-01-27,0.03056717,42102.2,0.0070754716981131
2024-01-28,2024-01-28,0.03056892,42021.2,-0.0019238899629948
2024-01-29,2024-01-29,0.03062918,43287.7,0.0301395486087974
2024-01-30,2024-01-30,0.03044767,42918.3,-0.0085336019238719
2024-01-31,2024-01-31,0.03041895,42560.5,-0.00833677009574
2024-02-01,2024-02-01,0.03059489,43072.6,0.0120322834553165
2024-02-02,2024-02-02,0.03042421,43182.0,0.0025398977540247
2024-02-03,2024-02-03,0.03042224,42992.4,-0.00439071835487
2024-02-04,2024-02-04,0.03048517,42570.3,-0.0098180143467216
2024-02-05,2024-02-05,0.03063144,42692.9,0.0028799421192708
2024-02-06,2024-02-06,0.03060407,43079.1,0.0090460006230543
2024-02-07,2024-02-07,0.03034943,44326.2,0.0289490727522161
2024-02-08,2024-02-08,0.03005757,45269.1,0.021271843740271
2024-02-09,2024-02-09,0.02990552,47116.1,0.0408004577073544
2024-02-10,2024-02-10,0.02991825,47732.6,0.0130846992853823
2024-02-11,2024-02-11,0.03011542,48303.4,0.0119582842753172
2024-02-12,2024-02-12,0.03010703,49943.6,0.0339562018408641
2024-02-13,2024-02-13,0.02979099,49696.4,-0.0049495831297703
2024-02-14,2024-02-14,0.02977525,51823.2,0.0427958564403054
2024-02-15,2024-02-15,0.02941142,51898.5,0.0014530171814941
2024-02-16,2024-02-16,0.02926999,52148.6,0.0048190217443664
2024-02-17,2024-02-17,0.02928247,51679.4,-0.0089973652216933
2024-02-18,2024-02-18,0.02932137,52175.9,0.0096073096823878
2024-02-19,2024-02-19,0.02929413,51813.8,-0.0069399857022111
2024-02-20,2024-02-20,0.0292888,52297.4,0.0093334208261119
2024-02-21,2024-02-21,0.02951767,51877.8,-0.0080233434166898
2024-02-22,2024-02-22,0.02950125,51316.9,-0.0108119465358978
2024-02-23,2024-02-23,0.02955977,50771.9,-0.0106202829866963
2024-02-24,2024-02-24,0.02954876,51602.1,0.0163515645465306
2024-02-25,2024-02-25,0.02950059,51764.9,0.0031549103621753
2024-02-26,2024-02-26,0.02911183,54511.6,0.0530610510210585
2024-02-27,2024-02-27,0.0292043,57074.5,0.0470156810660482
2024-02-28,2024-02-28,0.02930972,62487.9,0.0948479618743922
2024-02-29,2024-02-29,0.02927978,61203.3,-0.0205575799474777
2024-03-01,2024-03-01,0.02917126,62430.6,0.0200528402880235
2024-03-02,2024-03-02,0.02919341,62039.9,-0.0062581490487035
2024-03-03,2024-03-03,0.0291851,63178.5,0.0183527052751535
2024-03-04,2024-03-04,0.02915636,68296.4,0.0810069881367869
2024-03-05,2024-03-05,0.02940278,63747.4,-0.0666067318335957
2024-03-06,2024-03-06,0.02953639,66128.1,0.0373458368498167
2024-03-07,2024-03-07,0.02953086,66870.0,0.0112191337721785
2024-03-08,2024-03-08,0.02934239,68180.2,0.0195932406161207
2024-03-09,2024-03-09,0.02930068,68360.1,0.0026385959560109
2024-03-10,2024-03-10,0.02936454,69001.8,0.0093870547292937
2024-03-11,2024-03-11,0.02967724,72153.8,0.0456799677689567
2024-03-12,2024-03-12,0.02973885,71503.2,-0.0090168501173881
2024-03-13,2024-03-13,0.02957282,73127.6,0.0227178643753007
2024-03-14,2024-03-14,0.02945286,71455.5,-0.0228655117903501
2024-03-15,2024-03-15,0.02922128,69552.2,-0.0266361581683706
2024-03-16,2024-03-16,0.02932759,65351.0,-0.0604035530148578
2024-03-17,2024-03-17,0.02935155,68447.9,0.047388716316506
2024-03-18,2024-03-18,0.02926122,67660.0,-0.0115109448208052
2024-03-19,2024-03-19,0.02953748,61974.1,-0.0840363582618977
2024-03-20,2024-03-20,0.0294385,67876.4,0.0952381720751087
2024-03-21,2024-03-21,0.02949343,65539.9,-0.0344228627328496
2024-03-22,2024-03-22,0.029384,63826.0,-0.0261504823779101
2024-03-23,2024-03-23,0.02933522,64020.3,0.0030442139566948
2024-03-24,2024-03-24,0.0293036,67260.9,0.0506183195017828
2024-03-25,2024-03-25,0.0292708,69920.5,0.0395415464259325
2024-03-26,2024-03-26,0.02946143,70044.1,0.0017677219127438
2024-03-27,2024-03-27,0.02957661,69532.6,-0.0073025422555218
2024-03-28,2024-03-28,0.02947782,70838.7,0.018783994845583
2024-03-29,2024-03-29,0.02954911,69903.6,-0.0132004116394003
2024-03-30,2024-03-30,0.02960434,69642.1,-0.0037408659925954
2024-03-31,2024-03-31,0.029623,71363.0,0.0247106276232336
2024-04-01,2024-04-01,0.02956986,69700.0,-0.0233033925143281
2024-04-02,2024-04-02,0.02946727,65505.3,-0.0601822094691534
2024-04-03,2024-04-03,0.02936262,65971.9,0.0071230877501513
2024-04-04,2024-04-04,0.02916067,68489.9,0.0381677653667698
2024-04-05,2024-04-05,0.02920631,67825.7,-0.0096977802566509
2024-04-06,2024-04-06,0.02918216,68901.6,0.0158627187039721
2024-04-07,2024-04-07,0.02923021,69362.7,0.0066921522867391
2024-04-08,2024-04-08,0.02935502,71678.4,0.0333853785968538
2024-04-09,2024-04-09,0.0294833,69189.3,-0.0347259425433602
2024-04-10,2024-04-10,0.02946593,70681.7,0.0215698092046023
2024-04-11,2024-04-11,0.02941198,70055.7,-0.0088566064483451
2024-04-12,2024-04-12,0.02957904,67136.4,-0.0416711274029094
2024-04-13,2024-04-13,0.02960882,63939.7,-0.0476150046770454
2024-04-14,2024-04-14,0.02972991,65615.9,0.026215324751289
2024-04-15,2024-04-15,0.02966444,63392.7,-0.0338820316417209
2024-04-16,2024-04-16,0.02979136,63765.0,0.005872915966665
2024-04-17,2024-04-17,0.02971401,61254.5,-0.039371128361954
2024-04-18,2024-04-18,0.02958746,63445.0,0.0357606379939432
2024-04-19,2024-04-19,0.02961891,63787.4,0.0053968003782804
2024-04-20,2024-04-20,0.02958955,64897.2,0.017398420377692
2024-04-21,2024-04-21,0.02955048,64912.6,0.0002372983734275
2024-04-22,2024-04-22,0.02935178,66778.0,0.0287371018877691
2024-04-23,2024-04-23,0.02923108,66386.3,-0.0058657042738625
2024-04-24,2024-04-24,0.02969819,64250.0,-0.0321798322846732
2024-04-25,2024-04-25,0.02965074,64478.8,0.0035610894941635
2024-04-26,2024-04-26,0.02957395,63748.8,-0.0113215506492055
2024-04-27,2024-04-27,0.02962732,63421.0,-0.0051420575759857
2024-04-28,2024-04-28,0.02973788,63088.3,-0.0052458964696235
2024-04-29,2024-04-29,0.02970477,63842.4,0.0119530879735227
2024-04-30,2024-04-30,0.03003445,60651.2,-0.0499855895141787
2024-05-01,2024-05-01,0.03003791,58307.6,-0.038640620465877
2024-05-02,2024-05-02,0.0300919,59036.7,0.0125043733578469
2024-05-03,2024-05-03,0.02991054,62853.7,0.0646546978404958
2024-05-04,2024-05-04,0.02992198,63864.2,0.0160770169457009
2024-05-05,2024-05-05,0.029885,63988.0,0.0019384882297124
2024-05-06,2024-05-06,0.02982834,63142.8,-0.0132087266362442
2024-05-07,2024-05-07,0.02986824,62296.0,-0.0134108718650424
2024-05-08,2024-05-08,0.02989466,61157.9,-0.0182692307692307
2024-05-09,2024-05-09,0.02980895,63050.1,0.0309395842564901
2024-05-10,2024-05-10,0.02989091,60778.1,-0.0360348357893167
2024-05-11,2024-05-11,0.02989251,60809.2,0.0005116974699768
2024-05-12,2024-05-12,0.02996211,61455.8,0.0106332594410056
2024-05-13,2024-05-13,0.02997023,62912.1,0.0236967055997967
2024-05-14,2024-05-14,0.03003847,61550.5,-0.0216428954048585
2024-05-15,2024-05-15,0.02970157,66175.4,0.0751399257520246
2024-05-16,2024-05-16,0.02967609,65217.7,-0.0144721452382606
2024-05-17,2024-05-17,0.02958179,66980.0,0.027021805430121
2024-05-18,2024-05-18,0.02957902,66884.9,-0.0014198268139744
2024-05-19,2024-05-19,0.02961326,66239.4,-0.0096509077534689
2024-05-20,2024-05-20,0.02948784,71466.5,0.0789122486012856
2024-05-21,2024-05-21,0.02986481,70168.8,-0.0181581580180923
2024-05-22,2024-05-22,0.02969474,69219.1,-0.0135345053642074
2024-05-23,2024-05-23,0.02986727,67999.9,-0.017613635542791
2024-05-24,2024-05-24,0.02979412,68584.1,0.0085911891046899
2024-05-25,2024-05-25,0.02978719,69314.4,0.0106482406272006
2024-05-26,2024-05-26,0.02977826,68524.3,-0.0113987858222821
2024-05-27,2024-05-27,0.02983141,69461.6,0.0136783593557321
2024-05-28,2024-05-28,0.02988936,68440.5,-0.014700208460502
2024-05-29,2024-05-29,0.03006161,67686.7,-0.0110139464206135
2024-05-30,2024-05-30,0.02995474,68402.5,0.010575194240523
2024-05-31,2024-05-31,0.03000631,67577.9,-0.0120551149446292
2024-06-01,2024-06-01,0.0300427,67799.2,0.0032747392268774
2024-06-02,2024-06-02,0.02998217,67805.9,9.882122502924418e-05
2024-06-03,2024-06-03,0.02986251,68851.4,0.0154190122098518
2024-06-04,2024-06-04,0.02969584,70580.0,0.0251062433007898
2024-06-05,2024-06-05,0.02958327,71133.3,0.0078393312553131
2024-06-06,2024-06-06,0.02966071,70830.0,-0.0042638258031049
2024-06-07,2024-06-07,0.02949417,69377.0,-0.0205139065367782
2024-06-08,2024-06-08,0.02986063,69346.5,-0.000439626965709
2024-06-09,2024-06-09,0.02992661,69667.1,0.004623160505577
2024-06-10,2024-06-10,0.02998669,69558.7,-0.0015559711829544
2024-06-11,2024-06-11,0.0300981,67320.7,-0.032174264326389
2024-06-12,2024-06-12,0.03010328,68270.3,0.014105616845933
2024-06-13,2024-06-13,0.03004837,66786.9,-0.0217283357477557
2024-06-14,2024-06-14,0.03019971,66039.7,-0.0111878227616493
2024-06-15,2024-06-15,0.03028845,66213.7,0.0026347787770084
2024-06-16,2024-06-16,0.03028579,66653.6,0.0066436402134302
2024-06-17,2024-06-17,0.03035087,66472.1,-0.002723033714608
2024-06-18,2024-06-18,0.030369,65150.0,-0.0198895476448014
2024-06-19,2024-06-19,0.03018535,64933.6,-0.003321565617805
2024-06-20,2024-06-20,0.03021935,64854.0,-0.0012258676555743
2024-06-21,2024-06-21,0.03026666,64124.0,-0.0112560520553859
2024-06-22,2024-06-22,0.03028659,64240.0,0.0018089950720479
2024-06-23,2024-06-23,0.03029031,63194.9,-0.0162686799501867
2024-06-24,2024-06-24,0.03057749,60273.6,-0.0462268315955877
2024-06-25,2024-06-25,0.03048279,61777.8,0.0249561997292346
2024-06-26,2024-06-26,0.03066026,60860.1,-0.0148548507716365
2024-06-27,2024-06-27,0.03083088,61682.0,0.0135047428446553
2024-06-28,2024-06-28,0.03099434,60429.8,-0.0203008981550533
2024-06-29,2024-06-29,0.03107757,60982.4,0.0091444949346182
2024-06-30,2024-06-30,0.03112023,62766.0,0.0292477829668886
2024-07-01,2024-07-01,0.03125588,62883.6,0.0018736258483891
2024-07-02,2024-07-02,0.0313963,62123.6,-0.0120858220585335
2024-07-03,2024-07-03,0.03145363,60208.0,-0.0308353025259321
2024-07-04,2024-07-04,0.03163071,57045.9,-0.052519598724422
2024-07-05,2024-07-05,0.03156362,56604.9,-0.0077306169242662
2024-07-06,2024-07-06,0.03151624,58216.0,0.0284622002688812
2024-07-07,2024-07-07,0.03145799,55830.9,-0.0409698364710732
2024-07-08,2024-07-08,0.03157436,56686.4,0.0153230558704946
2024-07-09,2024-07-09,0.0316564,58023.2,0.0235823760196447
2024-07-10,2024-07-10,0.03165507,57707.0,-0.0054495443202029
2024-07-11,2024-07-11,0.03180833,57315.5,-0.0067842722719947
2024-07-12,2024-07-12,0.03175498,57870.0,0.0096745208538702
2024-07-13,2024-07-13,0.03183259,59174.0,0.022533264212891
2024-07-14,2024-07-14,0.03179586,60766.0,0.0269037077094669
2024-07-15,2024-07-15,0.0315476,64680.6,0.0644208932626797
2024-07-16,2024-07-16,0.03142455,65010.0,0.0050927171362047
2024-07-17,2024-07-17,0.03150019,64055.7,-0.0146792801107522
2024-07-18,2024-07-18,0.03147544,63959.9,-0.0014955733837893
2024-07-19,2024-07-19,0.03124333,66627.9,0.0417136362001815
2024-07-20,2024-07-20,0.03122811,67095.6,0.0070195818868674
2024-07-21,2024-07-21,0.03115897,68138.0,0.0155360411114886
2024-07-22,2024-07-22,0.0311256,67499.2,-0.0093750917256156
2024-07-23,2024-07-23,0.03136789,65916.4,-0.0234491668049399
2024-07-24,2024-07-24,0.03148427,65350.8,-0.0085805656862327
2024-07-25,2024-07-25,0.03191288,65773.0,0.0064605176983296
2024-07-26,2024-07-26,0.03184338,67882.5,0.0320724309367066
2024-07-27,2024-07-27,0.03184657,67873.8,-0.000128162633963
2024-07-28,2024-07-28,0.03186866,68215.5,0.0050343431486081
2024-07-29,2024-07-29,0.03178355,66750.0,-0.0214833872067198
2024-07-30,2024-07-30,0.03166126,66159.3,-0.0088494382022471
2024-07-31,2024-07-31,0.03161089,64601.8,-0.023541663832598
2024-08-01,2024-08-01,0.0317407,65328.9,0.0112551043469377
2024-08-02,2024-08-02,0.03183268,61483.7,-0.0588590960509055
2024-08-03,2024-08-03,0.03190386,60684.6,-0.0129969406525631
2024-08-04,2024-08-04,0.03193196,58144.5,-0.0418574069862864
2024-08-05,2024-08-05,0.03210991,54003.1,-0.0712259972998305
2024-08-06,2024-08-06,0.03202252,55991.2,0.0368145532386103
2024-08-07,2024-08-07,0.03204178,55102.9,-0.0158649930703395
2024-08-08,2024-08-08,0.03210727,61659.8,0.1189937371717277
2024-08-09,2024-08-09,0.03213178,60808.6,-0.0138047804241986
2024-08-10,2024-08-10,0.03217202,60889.9,0.0013369819400546
2024-08-11,2024-08-11,0.03216055,58693.1,-0.0360782330074446
2024-08-12,2024-08-12,0.03230941,59323.6,0.010742318943794
2024-08-13,2024-08-13,0.03223941,60550.5,0.0206814825802885
2024-08-14,2024-08-14,0.0321418,58648.1,-0.031418402820786
2024-08-15,2024-08-15,0.03189807,57511.0,-0.0193885223903246
2024-08-16,2024-08-16,0.03171485,58854.9,0.0233677035697519
2024-08-17,2024-08-17,0.03176185,59468.5,0.0104256400061846
2024-08-18,2024-08-18,0.03178515,58390.0,-0.0181356516475108
2024-08-19,2024-08-19,0.03176795,59398.5,0.0172717931152595
2024-08-20,2024-08-20,0.03174724,58982.9,-0.0069968096837461
2024-08-21,2024-08-21,0.03159167,61120.0,0.0362325351924031
2024-08-22,2024-08-22,0.03157661,60349.9,-0.0125998036649214
2024-08-23,2024-08-23,0.03138216,64019.9,0.0608120311715512
2024-08-24,2024-08-24,0.03140523,64116.5,0.0015089058245951
2024-08-25,2024-08-25,0.03135645,64190.2,0.001149470105199
2024-08-26,2024-08-26,0.03138194,62807.6,-0.021539113447224
2024-08-27,2024-08-27,0.03142229,59384.5,-0.0545013660767168
2024-08-28,2024-08-28,0.03147552,59010.0,-0.006306359403548
2024-08-29,2024-08-29,0.03137437,59323.2,0.0053075749872901
2024-08-30,2024-08-30,0.03139876,59096.3,-0.0038248105294386
2024-08-31,2024-08-31,0.03151798,58941.9,-0.0026126847196863
2024-09-01,2024-09-01,0.0315116,57268.1,-0.0283974557996943
2024-09-02,2024-09-02,0.0314842,59112.1,0.0321994269060785
2024-09-03,2024-09-03,0.03154775,57451.9,-0.0280856203721403
2024-09-04,2024-09-04,0.03150568,57944.8,0.0085793507264337
2024-09-05,2024-09-05,0.03162582,56145.7,-0.0310485151385457
2024-09-06,2024-09-06,0.03180078,53927.7,-0.0395043609751057
2024-09-07,2024-09-07,0.03177264,54134.9,0.0038421812908766
2024-09-08,2024-09-08,0.03171615,54839.6,0.0130174804054314
2024-09-09,2024-09-09,0.03154859,57010.0,0.0395772398048126
2024-09-10,2024-09-10,0.03145999,57609.1,0.0105086826872478
2024-09-11,2024-09-11,0.03136399,57306.0,-0.0052613215620448
2024-09-12,2024-09-12,0.03128807,58097.0,0.0138030921718492
2024-09-13,2024-09-13,0.03105999,60456.2,0.0406079487753239
2024-09-14,2024-09-14,0.03098652,59964.0,-0.008141431317218
2024-09-15,2024-09-15,0.03100976,59100.5,-0.014400306850777
2024-09-16,2024-09-16,0.03113364,58187.0,-0.0154567220243483
2024-09-17,2024-09-17,0.03107047,60281.0,0.0359874198704177
2024-09-18,2024-09-18,0.03108344,61735.3,0.0241253462948525
2024-09-19,2024-09-19,0.03103557,62926.9,0.0193017609050252
2024-09-20,2024-09-20,0.03105907,63175.7,0.0039537940054252
2024-09-21,2024-09-21,0.03113462,63320.6,0.0022936033949763
2024-09-22,2024-09-22,0.03116703,63558.4,0.0037554918936333
2024-09-23,2024-09-23,0.0313018,63302.0,-0.0040340851877957
2024-09-24,2024-09-24,0.03108145,64243.1,0.0148668288521689
2024-09-25,2024-09-25,0.03101689,63118.4,-0.0175069384883356
2024-09-26,2024-09-26,0.03092205,65139.2,0.0320160206849349
2024-09-27,2024-09-27,0.0307969,65749.6,0.0093707015130675
2024-09-28,2024-09-28,0.03083055,65822.6,0.0011102729142078
2024-09-29,2024-09-29,0.03084458,65568.1,-0.003866453163503
2024-09-30,2024-09-30,0.03097238,63309.1,-0.0344527292997662
2024-10-01,2024-10-01,0.0312313,60776.8,-0.0399989890868768
2024-10-02,2024-10-02,0.03130059,60622.6,-0.0025371523344435
2024-10-03,2024-10-03,0.03137099,60727.2,0.0017254291303903
2024-10-04,2024-10-04,0.03132515,62054.4,0.0218551159941509
2024-10-05,2024-10-05,0.03126551,62023.1,-0.0005043961427393
2024-10-06,2024-10-06,0.03119145,62789.3,0.0123534618553411
2024-10-07,2024-10-07,0.03105283,62190.7,-0.0095334714672723
2024-10-08,2024-10-08,0.03112092,62131.7,-0.0009486949013276
2024-10-09,2024-10-09,0.03121816,60606.4,-0.0245494650878697
2024-10-10,2024-10-10,0.03128876,60293.2,-0.0051677710604821
2024-10-11,2024-10-11,0.03108584,62509.0,0.0367504129818951
2024-10-12,2024-10-12,0.03100336,63176.0,0.0106704634532628
2024-10-13,2024-10-13,0.03098192,62839.8,-0.0053216411295428
2024-10-14,2024-10-14,0.03103319,66064.9,0.0513225694543901
2024-10-15,2024-10-15,0.03089294,67044.1,0.0148217888773012
2024-10-16,2024-10-16,0.03088494,67592.0,0.0081722329034172
2024-10-17,2024-10-17,0.03105322,67401.5,-0.0028183808734761
2024-10-18,2024-10-18,0.03089219,68407.8,0.0149299347937361
2024-10-19,2024-10-19,0.03092183,68357.1,-0.0007411435538052
2024-10-20,2024-10-20,0.03091677,69020.1,0.0096990656420474
2024-10-21,2024-10-21,0.03100821,67368.8,-0.023924914626319
2024-10-22,2024-10-22,0.03108679,67406.4,0.0005581218605643
2024-10-23,2024-10-23,0.03117878,66647.2,-0.0112630254693916
2024-10-24,2024-10-24,0.03107004,68173.8,0.0229056884610308
2024-10-25,2024-10-25,0.03101655,66662.8,-0.0221639398126552
2024-10-26,2024-10-26,0.03106116,67071.8,0.0061353558506394
2024-10-27,2024-10-27,0.03114425,67992.6,0.0137285714711696
2024-10-28,2024-10-28,0.03108908,69940.0,0.0286413521471453
2024-10-29,2024-10-29,0.03123574,72739.5,0.0400271661424078
2024-10-30,2024-10-30,0.03112962,72349.0,-0.0053684724255734
2024-10-31,2024-10-31,0.03131472,70321.9,-0.0280183554713956
2024-11-01,2024-11-01,0.031463,69495.5,-0.0117516733762881
2024-11-02,2024-11-02,0.03144175,69366.6,-0.0018547963537206
2024-11-03,2024-11-03,0.03156297,68762.5,-0.0087088022189354
2024-11-04,2024-11-04,0.03175689,67834.3,-0.0134986366115251
2024-11-05,2024-11-05,0.03177761,69353.1,0.0223898529210149
2024-11-06,2024-11-06,0.03130188,75579.9,0.0897840183063192
2024-11-07,2024-11-07,0.03106804,75859.4,0.0036980731649551
2024-11-08,2024-11-08,0.03073044,76482.2,0.0082099252037322
2024-11-09,2024-11-09,0.03075983,76675.1,0.0025221554819292
2024-11-10,2024-11-10,0.03085421,80410.0,0.0487107287763561
2024-11-11,2024-11-11,0.0308384,88728.9,0.103456037806243
2024-11-12,2024-11-12,0.03093252,87972.0,-0.008530478795522
2024-11-13,2024-11-13,0.03083282,90413.3,0.0277508752784978
2024-11-14,2024-11-14,0.03096687,87382.7,-0.0335194047778369
2024-11-15,2024-11-15,0.0309395,91074.6,0.0422497817073632
2024-11-16,2024-11-16,0.0310245,90643.3,-0.004735678224225
2024-11-17,2024-11-17,0.03109379,89899.9,-0.0082013783699402
2024-11-18,2024-11-18,0.03112654,90507.4,0.0067575158593058
2024-11-19,2024-11-19,0.0309613,92335.9,0.0202027679504659
2024-11-20,2024-11-20,0.03061815,94288.0,0.021141289574261
2024-11-21,2024-11-21,0.03060806,98366.8,0.0432589512981502
2024-11-22,2024-11-22,0.03029687,98921.4,0.005638081141198
2024-11-23,2024-11-23,0.03038527,97725.5,-0.0120893962277119
2024-11-24,2024-11-24,0.03041926,97960.4,0.0024036715084598
2024-11-25,2024-11-25,0.03056293,93064.0,-0.049983462705338
2024-11-26,2024-11-26,0.03070135,92021.4,-0.0112030430671367
2024-11-27,2024-11-27,0.03039721,95905.2,0.0422054000482496
2024-11-28,2024-11-28,0.03035537,95694.4,-0.0021980038621471
2024-11-29,2024-11-29,0.0301873,97516.3,0.019038731629019
2024-11-30,2024-11-30,0.03017393,96475.1,-0.0106771893519339
2024-12-01,2024-12-01,0.03014194,97265.1,0.0081886414214651
2024-12-02,2024-12-02,0.03015956,95890.5,-0.0141325100164396
2024-12-03,2024-12-03,0.03028737,95913.3,0.0002377712077838
2024-12-04,2024-12-04,0.03006737,98669.8,0.0287394970249172
2024-12-05,2024-12-05,0.03008079,97001.5,-0.0169079090055924
2024-12-06,2024-12-06,0.03006882,99802.5,0.0288758421261527
2024-12-07,2024-12-07,0.03019014,99899.2,0.0009689136043686
2024-12-08,2024-12-08,0.0302095,101200.0,0.0130211252942966
2024-12-09,2024-12-09,0.03009206,97349.1,-0.0380523715415018
2024-12-10,2024-12-10,0.03006096,96602.4,-0.0076703328536166
2024-12-11,2024-12-11,0.02989572,101115.3,0.0467162306526547
2024-12-12,2024-12-12,0.0297745,99982.4,-0.0112040413270791
2024-12-13,2024-12-13,0.02949611,101371.9,0.0138974459504872
2024-12-14,2024-12-14,0.02952453,101381.0,8.976846640940117e-05
2024-12-15,2024-12-15,0.0295975,104460.4,0.0303745277714757
2024-12-16,2024-12-16,0.0293019,106023.2,0.0149606932387775
2024-12-17,2024-12-17,0.02925253,106074.6,0.0004847995533054
2024-12-18,2024-12-18,0.02926685,100181.1,-0.0555599549750835
2024-12-19,2024-12-19,0.02953366,97434.4,-0.0274173471842494
2024-12-20,2024-12-20,0.02973464,97764.4,0.0033868941564785
2024-12-21,2024-12-21,0.02971331,97261.8,-0.0051409306455109
2024-12-22,2024-12-22,0.02979107,95153.5,-0.0216765472158648
2024-12-23,2024-12-23,0.02991384,94861.1,-0.0030729295296546
2024-12-24,2024-12-24,0.02989023,98627.2,0.0397012052358658
2024-12-25,2024-12-25,0.02990031,99379.7,0.0076297410856234
2024-12-26,2024-12-26,0.02991732,95751.0,-0.0365134931983091
2024-12-27,2024-12-27,0.02999632,94258.9,-0.015583127069169
2024-12-28,2024-12-28,0.02992855,95259.1,0.0106111995790318
2024-12-29,2024-12-29,0.02983552,93700.0,-0.0163669402713232
