start_time,date,nvm,close,change
2021-01-01,2021-01-01,0.55061113,29337.16,
2021-01-02,2021-01-02,0.46052447,32199.91,0.0975810201123763
2021-01-03,2021-01-03,0.43508433,33054.53,0.0265410679719291
2021-01-04,2021-01-04,0.3661015,32031.07,-0.0309627757526729
2021-01-05,2021-01-05,0.41528038,33999.52,0.0614543941242049
2021-01-06,2021-01-06,0.37926547,36823.68,0.083064702089912
2021-01-07,2021-01-07,0.44017353,39498.92,0.0726499904409336
2021-01-08,2021-01-08,0.49398843,40637.23,0.0288187626395861
2021-01-09,2021-01-09,0.61876994,40136.04,-0.0123332717313655
2021-01-10,2021-01-10,0.51051979,38221.67,-0.047697032392832
2021-01-11,2021-01-11,0.45239356,35408.46,-0.0736024878033848
2021-01-12,2021-01-12,0.43285554,34056.9,-0.038170538905109
2021-01-13,2021-01-13,0.51282288,37421.07,0.0987808637897165
2021-01-14,2021-01-14,0.53451355,39163.31,0.0465577280393103
2021-01-15,2021-01-15,0.4710195,36755.24,-0.0614879079424083
2021-01-16,2021-01-16,0.53916449,36025.66,-0.0198496867385438
2021-01-17,2021-01-17,0.65532924,35869.83,-0.0043255279708963
2021-01-18,2021-01-18,0.58187791,36686.86,0.0227776379202242
2021-01-19,2021-01-19,0.55090939,35891.03,-0.0216925078897458
2021-01-20,2021-01-20,0.55358478,35500.0,-0.0108949227703969
2021-01-21,2021-01-21,0.49979805,30879.97,-0.1301416901408451
2021-01-22,2021-01-22,0.50904685,32986.34,0.0682115299982479
2021-01-23,2021-01-23,0.46312752,32086.48,-0.0272797770228524
2021-01-24,2021-01-24,0.60162036,32275.63,0.0058950062456213
2021-01-25,2021-01-25,0.47986355,32253.68,-0.0006800796762139
2021-01-26,2021-01-26,0.43443665,32474.14,0.0068351890388942
2021-01-27,2021-01-27,0.46604002,30381.04,-0.0644543627637251
2021-01-28,2021-01-28,0.51660004,33399.75,0.0993616413394669
2021-01-29,2021-01-29,0.43314172,34269.35,0.0260361230248729
2021-01-30,2021-01-30,0.54230396,34289.85,0.0005982021835839
2021-01-31,2021-01-31,0.53219045,33126.21,-0.0339354065415858
2021-02-01,2021-02-01,0.6489428,33546.09,0.0126751596394516
2021-02-02,2021-02-02,0.45046219,35504.06,0.0583665637336572
2021-02-03,2021-02-03,0.49574504,37652.51,0.0605127976913064
2021-02-04,2021-02-04,0.4553634,36976.93,-0.0179424957326882
2021-02-05,2021-02-05,0.45182664,38362.65,0.0374752582218156
2021-02-06,2021-02-06,0.54355263,39249.54,0.0231185801815045
2021-02-07,2021-02-07,0.54586814,38849.25,-0.0101985908624662
2021-02-08,2021-02-08,0.5592006,46451.32,0.195681255107885
2021-02-09,2021-02-09,0.62192601,46492.54,0.0008873805954277
2021-02-10,2021-02-10,0.59452184,44850.0,-0.0353291087129247
2021-02-11,2021-02-11,0.79007928,48060.21,0.0715765886287624
2021-02-12,2021-02-12,0.66800266,47361.03,-0.0145480013508055
2021-02-13,2021-02-13,0.59050657,47221.62,-0.0029435592933683
2021-02-14,2021-02-14,0.72919191,48655.21,0.0303587636341149
2021-02-15,2021-02-15,0.68411313,47981.58,-0.0138449715868043
2021-02-16,2021-02-16,0.93066592,49197.94,0.0253505616113516
2021-02-17,2021-02-17,0.74941303,52194.62,0.0609106804065373
2021-02-18,2021-02-18,0.74094575,51619.7,-0.0110149283585166
2021-02-19,2021-02-19,0.67061573,56004.1,0.0849365649161075
2021-02-20,2021-02-20,0.73561709,55917.41,-0.0015479223842539
2021-02-21,2021-02-21,0.98624373,57487.43,0.0280774806987662
2021-02-22,2021-02-22,0.84160351,54121.1,-0.0585576707812472
2021-02-23,2021-02-23,0.81310376,48930.0,-0.0959163801179207
2021-02-24,2021-02-24,0.60574373,49702.03,0.0157782546494993
2021-02-25,2021-02-25,0.59457994,47089.37,-0.0525664645890719
2021-02-26,2021-02-26,0.68679946,46313.13,-0.0164843997700543
2021-02-27,2021-02-27,0.59701904,46102.63,-0.0045451473480631
2021-02-28,2021-02-28,0.79594379,45163.36,-0.0203734580868812
2021-03-01,2021-03-01,0.78481569,49592.7,0.0980737482773645
2021-03-02,2021-03-02,0.70710491,48450.57,-0.023030204042127
2021-03-03,2021-03-03,0.67221628,50373.75,0.0396936506629332
2021-03-04,2021-03-04,0.82939245,48385.77,-0.0394646020993076
2021-03-05,2021-03-05,0.67071073,48770.57,0.0079527513977766
2021-03-06,2021-03-06,0.71612451,48908.21,0.0028221937943313
2021-03-07,2021-03-07,0.86846965,50995.27,0.0426729990731618
2021-03-08,2021-03-08,0.71369475,52429.43,0.0281233926205313
2021-03-09,2021-03-09,0.86694071,54917.78,0.0474609393998752
2021-03-10,2021-03-10,0.7506143,55947.98,0.018758952018818
2021-03-11,2021-03-11,0.9207367,57844.52,0.0338982747902603
2021-03-12,2021-03-12,0.76090907,57291.03,-0.0095685814317414
2021-03-13,2021-03-13,0.92497327,61267.41,0.0694066767520151
2021-03-14,2021-03-14,0.81413692,59037.12,-0.0364025507198688
2021-03-15,2021-03-15,0.76375904,55646.61,-0.0574301388685627
2021-03-16,2021-03-16,0.78683331,56954.19,0.0234979273670039
2021-03-17,2021-03-17,0.8727956,58959.0,0.0352003952650366
2021-03-18,2021-03-18,0.73438988,57700.01,-0.0213536525382044
2021-03-19,2021-03-19,0.80178511,58089.11,0.0067434996978337
2021-03-20,2021-03-20,0.84191297,58145.61,0.0009726435815593
2021-03-21,2021-03-21,0.88276004,57415.18,-0.0125620833627853
2021-03-22,2021-03-22,0.76869541,54129.56,-0.0572256326636962
2021-03-23,2021-03-23,0.66251917,54400.0,0.0049961610624582
2021-03-24,2021-03-24,0.72810298,52311.54,-0.0383908088235294
2021-03-25,2021-03-25,0.6574639,51325.21,-0.0188549218776583
2021-03-26,2021-03-26,0.85759586,55030.0,0.0721826564372556
2021-03-27,2021-03-27,0.78833277,55828.0,0.014501181173905
2021-03-28,2021-03-28,0.90910062,55805.08,-0.0004105466790856
2021-03-29,2021-03-29,0.86305016,57677.64,0.0335553680776015
2021-03-30,2021-03-30,0.8290713,58794.16,0.019357934894701
2021-03-31,2021-03-31,0.70777996,58807.24,0.0002224710753584
2021-04-01,2021-04-01,0.84713178,58794.01,-0.000224972299329
2021-04-02,2021-04-02,0.90017273,59031.36,0.0040369758756035
2021-04-03,2021-04-03,1.01441621,57134.65,-0.0321305489150173
2021-04-04,2021-04-04,1.01041225,58234.61,0.0192520650778467
2021-04-05,2021-04-05,0.7383293,59243.39,0.0173226883463286
2021-04-06,2021-04-06,0.76244067,58059.99,-0.0199752242402063
2021-04-07,2021-04-07,0.67661187,56018.18,-0.0351672468424468
2021-04-08,2021-04-08,0.90458713,58122.26,0.0375606633417937
2021-04-09,2021-04-09,0.72563215,58176.03,0.000925118878722
2021-04-10,2021-04-10,0.82987243,59832.43,0.028472207539772
2021-04-11,2021-04-11,1.0173997,60090.2,0.004308198747736
2021-04-12,2021-04-12,0.88533698,59911.18,-0.0029791879541088
2021-04-13,2021-04-13,0.86173246,63649.71,0.0624012079214597
2021-04-14,2021-04-14,0.88609818,63019.1,-0.0099075078268228
2021-04-15,2021-04-15,0.63602175,63232.55,0.0033870683649879
2021-04-16,2021-04-16,1.30988685,61424.67,-0.0285909709477161
2021-04-17,2021-04-17,1.59095758,60090.14,-0.0217262868485903
2021-04-18,2021-04-18,0.95992482,56140.05,-0.0657360758354032
2021-04-19,2021-04-19,1.32339586,55634.39,-0.0090071170225178
2021-04-20,2021-04-20,0.83625359,56410.56,0.0139512628789495
2021-04-21,2021-04-21,1.17934167,53800.0,-0.0462778600318805
2021-04-22,2021-04-22,0.76986667,51714.61,-0.0387618959107806
2021-04-23,2021-04-23,0.76618853,51122.62,-0.011447248659518
2021-04-24,2021-04-24,0.74099866,50092.4,-0.0201519405695561
2021-04-25,2021-04-25,0.86897981,49063.94,-0.020531258234782
2021-04-26,2021-04-26,1.13208424,53984.33,0.1002852604173247
2021-04-27,2021-04-27,0.8623264,55006.25,0.0189299376319016
2021-04-28,2021-04-28,0.82514811,54861.77,-0.0026266106124304
2021-04-29,2021-04-29,1.01559985,53558.8,-0.0237500539993513
2021-04-30,2021-04-30,0.86592859,57684.16,0.0770248773310828
2021-05-01,2021-05-01,0.98414709,57836.34,0.0026381592451028
2021-05-02,2021-05-02,0.68420878,56630.33,-0.0208521147776639
2021-05-03,2021-05-03,0.66689759,57214.83,0.010321324279763
2021-05-04,2021-05-04,0.59952795,53263.32,-0.0690644366154719
2021-05-05,2021-05-05,0.7338196,57497.77,0.0795003015208213
2021-05-06,2021-05-06,0.68981859,56435.35,-0.0184775861742115
2021-05-07,2021-05-07,0.75975804,57350.88,0.0162226335089619
2021-05-08,2021-05-08,0.80243394,58924.98,0.0274468325507821
2021-05-09,2021-05-09,0.71334953,58292.53,-0.0107331389845189
2021-05-10,2021-05-10,0.60677148,55869.67,-0.0415638161527729
2021-05-11,2021-05-11,0.68525162,56710.43,0.0150485943446596
2021-05-12,2021-05-12,0.58177945,49595.76,-0.1254561109834645
2021-05-13,2021-05-13,0.65789337,49707.9,0.0022610803826779
2021-05-14,2021-05-14,0.81663309,49873.27,0.0033268353722446
2021-05-15,2021-05-15,0.94863456,46793.41,-0.0617537209811988
2021-05-16,2021-05-16,0.91540827,46429.28,-0.0077816513051731
2021-05-17,2021-05-17,0.88776152,43566.18,-0.0616658281153617
2021-05-18,2021-05-18,1.09645799,42882.53,-0.0156922181380144
2021-05-19,2021-05-19,0.65407451,36689.14,-0.1444268796640496
2021-05-20,2021-05-20,0.85362272,40500.3,0.1038770600782685
2021-05-21,2021-05-21,0.77774332,37211.02,-0.0812161885220604
2021-05-22,2021-05-22,0.83364386,37432.58,0.0059541501415443
2021-05-23,2021-05-23,0.69993201,34651.6,-0.0742930356390075
2021-05-24,2021-05-24,0.76895588,38779.66,0.1191304297637052
2021-05-25,2021-05-25,0.75883788,38326.84,-0.0116767398166979
2021-05-26,2021-05-26,0.83082507,39224.2,0.023413357323484
2021-05-27,2021-05-27,0.96881963,38527.38,-0.0177650532069487
2021-05-28,2021-05-28,0.71185332,35670.99,-0.074139222547705
2021-05-29,2021-05-29,0.85506304,34611.94,-0.0296893918559589
2021-05-30,2021-05-30,0.67763965,35651.81,0.030043678568725
2021-05-31,2021-05-31,0.73073167,37243.38,0.0446420532365678
2021-06-01,2021-06-01,0.8162242,36693.41,-0.0147669196512237
2021-06-02,2021-06-02,0.5999506,37569.99,0.023889303283614
2021-06-03,2021-06-03,0.71090868,39247.4,0.0446476030470064
2021-06-04,2021-06-04,0.82124908,36828.03,-0.0616440834297304
2021-06-05,2021-06-05,1.1144349,35498.62,-0.0360977766119989
2021-06-06,2021-06-06,1.30817932,35801.71,0.0085380783816384
2021-06-07,2021-06-07,0.76376624,33550.96,-0.06286710886156
2021-06-08,2021-06-08,0.62308738,33372.58,-0.005316688404743
2021-06-09,2021-06-09,1.05306032,37368.45,0.1197351238651609
2021-06-10,2021-06-10,0.77288015,36669.66,-0.0186999995985917
2021-06-11,2021-06-11,0.88832045,37300.42,0.017201141215926
2021-06-12,2021-06-12,0.65387661,35537.05,-0.0472748028038289
2021-06-13,2021-06-13,1.14687087,38993.65,0.0972674996939813
2021-06-14,2021-06-14,0.84028935,40489.1,0.0383511161432694
2021-06-15,2021-06-15,0.77907592,40132.86,-0.0087984173518304
2021-06-16,2021-06-16,0.79378471,38344.97,-0.0445492795679151
2021-06-17,2021-06-17,0.95554402,38060.71,-0.0074132278627419
2021-06-18,2021-06-18,1.00603173,35811.41,-0.0590976889290818
2021-06-19,2021-06-19,1.38076082,35483.0,-0.0091705408974402
2021-06-20,2021-06-20,1.56949944,35588.64,0.002977200349463
2021-06-21,2021-06-21,0.87400677,31606.0,-0.1119076199596275
2021-06-22,2021-06-22,1.01641329,32496.0,0.0281592102765297
2021-06-23,2021-06-23,0.86592394,33649.0,0.0354812900049237
2021-06-24,2021-06-24,0.88005025,34644.64,0.0295889922434544
2021-06-25,2021-06-25,0.79245871,31568.07,-0.0888036360025678
2021-06-26,2021-06-26,1.18367003,32255.56,0.0217780181050029
2021-06-27,2021-06-27,2.54860956,34687.71,0.0754025042504298
2021-06-28,2021-06-28,1.04211986,34487.22,-0.0057798569003257
2021-06-29,2021-06-29,1.05013669,35911.26,0.0412918176646306
2021-06-30,2021-06-30,1.09362239,35031.39,-0.0245012288624794
2021-07-01,2021-07-01,0.90923998,33489.96,-0.0440013941781928
2021-07-02,2021-07-02,0.96610168,33760.94,0.0080913802226101
2021-07-03,2021-07-03,0.62198067,34652.94,0.0264210652902436
2021-07-04,2021-07-04,0.91454995,35280.16,0.0181000515396385
2021-07-05,2021-07-05,0.74569645,33672.72,-0.0455621516455708
2021-07-06,2021-07-06,0.91336234,34206.01,0.0158374494249351
2021-07-07,2021-07-07,0.96114819,33845.64,-0.0105352831271464
2021-07-08,2021-07-08,0.96134413,32852.04,-0.0293568093261051
2021-07-09,2021-07-09,0.89505933,33805.01,0.0290079398417877
2021-07-10,2021-07-10,1.28571539,33497.98,-0.0090823815759852
2021-07-11,2021-07-11,1.26648703,34253.81,0.0225634500946025
2021-07-12,2021-07-12,0.91957037,33070.87,-0.0345345525067136
2021-07-13,2021-07-13,0.92929754,32709.09,-0.0109395368189588
2021-07-14,2021-07-14,0.9165012,32803.01,0.0028713730647964
2021-07-15,2021-07-15,0.86115043,31866.43,-0.0285516481566783
2021-07-16,2021-07-16,1.00871446,31382.95,-0.0151720792068643
2021-07-17,2021-07-17,1.43953774,31496.65,0.0036229863668011
2021-07-18,2021-07-18,1.45780575,31767.0,0.0085834525259034
2021-07-19,2021-07-19,0.81282487,30823.62,-0.0296968552271225
2021-07-20,2021-07-20,0.82368674,29775.9,-0.0339908161338609
2021-07-21,2021-07-21,0.91644106,32120.0,0.0787247404780375
2021-07-22,2021-07-22,0.94192338,32268.11,0.0046111457036115
2021-07-23,2021-07-23,0.99578401,33634.46,0.0423436637596685
2021-07-24,2021-07-24,1.24379686,34230.0,0.017706245321019
2021-07-25,2021-07-25,1.58185675,35370.66,0.0333234005258546
2021-07-26,2021-07-26,0.7927199,37218.09,0.0522305775464748
2021-07-27,2021-07-27,0.88837275,39442.33,0.059762336003809
2021-07-28,2021-07-28,1.01885111,40003.08,0.0142169592922121
2021-07-29,2021-07-29,0.96357047,40012.9,0.0002454810979555
2021-07-30,2021-07-30,1.09656321,42203.25,0.054741095996541
2021-07-31,2021-07-31,1.45191274,41448.11,-0.017892934785828
2021-08-01,2021-08-01,1.61714471,39846.78,-0.038634572239844
2021-08-02,2021-08-02,0.8880546,39147.48,-0.0175497242186193
2021-08-03,2021-08-03,1.0582811,38203.26,-0.0241195601862496
2021-08-04,2021-08-04,1.0392531,39731.31,0.0399978954675595
2021-08-05,2021-08-05,1.07054835,40882.4,0.0289718612348801
2021-08-06,2021-08-06,0.99625456,42825.43,0.0475272978103047
2021-08-07,2021-08-07,1.53377561,44601.11,0.0414632147301263
2021-08-08,2021-08-08,1.57465567,43787.71,-0.0182372142756088
2021-08-09,2021-08-09,1.02190249,46259.7,0.0564539684765428
2021-08-10,2021-08-10,1.08629625,45589.99,-0.014477179921184
2021-08-11,2021-08-11,1.13617639,45522.12,-0.0014887039896256
2021-08-12,2021-08-12,1.17948096,44385.09,-0.0249775274086533
2021-08-13,2021-08-13,1.03588134,47792.52,0.0767696990137905
2021-08-14,2021-08-14,1.70825154,47083.74,-0.0148303542060556
2021-08-15,2021-08-15,1.5358927,47006.02,-0.0016506760083204
2021-08-16,2021-08-16,0.93740174,45926.23,-0.0229713130360748
2021-08-17,2021-08-17,0.90583498,44704.84,-0.026594606176035
2021-08-18,2021-08-18,1.09576075,44714.09,0.0002069127190702
2021-08-19,2021-08-19,1.11285129,46772.0,0.0460237477716756
2021-08-20,2021-08-20,0.96391028,49332.74,0.0547494227315488
2021-08-21,2021-08-21,1.44489323,48848.29,-0.0098200505384455
2021-08-22,2021-08-22,1.80609149,49273.28,0.0087002021974567
2021-08-23,2021-08-23,0.98111938,49523.91,0.0050865296566415
2021-08-24,2021-08-24,0.99847586,47719.36,-0.0364379549191492
2021-08-25,2021-08-25,1.24581958,48992.65,0.0266828809103893
2021-08-26,2021-08-26,1.26756951,46853.06,-0.0436716527887347
2021-08-27,2021-08-27,1.26915498,49083.98,0.04761524647483
2021-08-28,2021-08-28,1.65830726,48931.99,-0.0030965296620202
2021-08-29,2021-08-29,2.03605613,48795.41,-0.002791221039651
2021-08-30,2021-08-30,1.07176261,47024.7,-0.036288454180424
2021-08-31,2021-08-31,1.03357363,47150.32,0.002671362071422
2021-09-01,2021-09-01,0.99189877,48842.94,0.0358983777840744
2021-09-02,2021-09-02,0.89225751,49299.14,0.0093401420962784
2021-09-03,2021-09-03,0.91591016,50027.08,0.0147657748187899
2021-09-04,2021-09-04,1.51385744,49940.74,-0.001725865271369
2021-09-05,2021-09-05,1.83435664,51799.57,0.0372207139902212
2021-09-06,2021-09-06,1.06695771,52683.97,0.0170735008031919
2021-09-07,2021-09-07,1.01278682,46864.39,-0.1104620627488779
2021-09-08,2021-09-08,1.05882398,46062.29,-0.0171153406669755
2021-09-09,2021-09-09,1.0018183,46413.88,0.0076329248936601
2021-09-10,2021-09-10,1.04299491,44860.83,-0.0334608957492886
2021-09-11,2021-09-11,1.18661709,45193.78,0.0074218421727818
2021-09-12,2021-09-12,1.75969896,46046.73,0.0188731723701802
2021-09-13,2021-09-13,1.00846828,44975.96,-0.0232539856793306
2021-09-14,2021-09-14,1.00320986,47087.18,0.0469410769664504
2021-09-15,2021-09-15,0.95172005,48106.12,0.021639435617083
2021-09-16,2021-09-16,0.8500666,47745.55,-0.007495304131782
2021-09-17,2021-09-17,1.01729476,47303.11,-0.0092666227533246
2021-09-18,2021-09-18,1.34960177,48285.15,0.0207605800126038
2021-09-19,2021-09-19,1.75751992,47256.91,-0.0212951601061609
2021-09-20,2021-09-20,0.7972521,43026.6,-0.0895172790603533
2021-09-21,2021-09-21,1.08900883,40726.1,-0.0534669251114426
2021-09-22,2021-09-22,1.00654521,43520.0,0.0686021985900933
2021-09-23,2021-09-23,1.04240836,44828.29,0.0300618106617647
2021-09-24,2021-09-24,0.87123856,42798.49,-0.0452794429588994
2021-09-25,2021-09-25,1.60180088,42651.58,-0.0034325977388454
2021-09-26,2021-09-26,1.62580745,43150.0,0.011685850793804
2021-09-27,2021-09-27,1.01825809,42122.69,-0.0238078794901506
2021-09-28,2021-09-28,0.90955792,41006.32,-0.0265028183147848
2021-09-29,2021-09-29,1.12811813,41499.71,0.0120320477428845
2021-09-30,2021-09-30,0.72259407,43796.57,0.0553464108544372
2021-10-01,2021-10-01,0.99453779,48123.94,0.098806139384888
2021-10-02,2021-10-02,0.96705867,47626.61,-0.0103343574944196
2021-10-03,2021-10-03,1.40934944,48187.3,0.0117726203901558
2021-10-04,2021-10-04,0.87773975,49198.22,0.020978971637755
2021-10-05,2021-10-05,0.89241794,51455.12,0.0458736108745398
2021-10-06,2021-10-06,1.30432137,55321.6,0.0751427651903249
2021-10-07,2021-10-07,0.77595471,53814.99,-0.0272336664160111
2021-10-08,2021-10-08,1.05540244,53975.0,0.0029733351246559
2021-10-09,2021-10-09,1.06269726,54960.77,0.0182634553033811
2021-10-10,2021-10-10,1.63732753,54700.0,-0.0047446569616836
2021-10-11,2021-10-11,1.05777096,57500.01,0.0511884826325412
2021-10-12,2021-10-12,1.16066646,56011.84,-0.0258812128902239
2021-10-13,2021-10-13,1.10195418,57393.65,0.0246699626364712
2021-10-14,2021-10-14,1.10526727,57378.19,-0.0002693677784911
2021-10-15,2021-10-15,1.1096936,61702.33,0.0753620844435838
2021-10-16,2021-10-16,1.28568345,60925.56,-0.0125889897512785
2021-10-17,2021-10-17,1.69185881,61571.45,0.0106012977147851
2021-10-18,2021-10-18,1.20479145,62037.92,0.0075760762496255
2021-10-19,2021-10-19,1.04707755,64316.7,0.0367320503330865
2021-10-20,2021-10-20,1.33611571,66064.24,0.0271708592014205
2021-10-21,2021-10-21,0.9219692,62260.33,-0.0575789564823572
2021-10-22,2021-10-22,1.21460871,60734.27,-0.0245109526403088
2021-10-23,2021-10-23,1.74033025,61325.11,0.0097282802608806
2021-10-24,2021-10-24,2.07674966,60902.82,-0.0068860863029842
2021-10-25,2021-10-25,1.04665257,63127.04,0.0365208047837521
2021-10-26,2021-10-26,1.1720836,60358.75,-0.0438526818301634
2021-10-27,2021-10-27,1.17668494,58449.36,-0.031634021579307
2021-10-28,2021-10-28,1.06046082,60622.03,0.0371718355855392
2021-10-29,2021-10-29,1.15367322,62308.22,0.0278148059377094
2021-10-30,2021-10-30,1.42595986,61895.19,-0.0066288204028296
2021-10-31,2021-10-31,1.50581567,61348.61,-0.0088307346661348
2021-11-01,2021-11-01,1.00777827,60942.87,-0.0066136787777261
2021-11-02,2021-11-02,1.11834008,63266.69,0.0381311218195008
2021-11-03,2021-11-03,1.07252779,62946.45,-0.0050617473428751
2021-11-04,2021-11-04,1.15414976,61431.86,-0.024061563440035
2021-11-05,2021-11-05,1.0574755,61006.0,-0.0069322335348466
2021-11-06,2021-11-06,1.69873131,61511.3,0.0082827918565386
2021-11-07,2021-11-07,1.71652758,63316.4,0.0293458275146192
2021-11-08,2021-11-08,1.2926615,67606.96,0.0677638021113014
2021-11-09,2021-11-09,0.89174082,67009.98,-0.0088301559484409
2021-11-10,2021-11-10,1.14759074,64920.13,-0.0311871455565275
2021-11-11,2021-11-11,1.12925084,64831.3,-0.0013682967055055
2021-11-12,2021-11-12,1.33411826,64156.08,-0.0104150310112554
2021-11-13,2021-11-13,1.7412489,64427.0,0.0042228265816739
2021-11-14,2021-11-14,1.89916309,65568.39,0.0177160196811896
2021-11-15,2021-11-15,1.04714342,63654.49,-0.0291893700607869
2021-11-16,2021-11-16,1.06964276,60106.03,-0.0557456355396139
2021-11-17,2021-11-17,1.1443623,60366.96,0.0043411617769464
2021-11-18,2021-11-18,1.11047554,56921.05,-0.0570827154456675
2021-11-19,2021-11-19,1.17016481,58069.51,0.0201763670909091
2021-11-20,2021-11-20,1.55158319,59716.29,0.0283587720991618
2021-11-21,2021-11-21,1.54315671,58661.39,-0.0176651965485464
2021-11-22,2021-11-22,1.24677349,56268.31,-0.0407948055782517
2021-11-23,2021-11-23,1.30499032,57574.23,0.0232088008330089
2021-11-24,2021-11-24,0.9515481,57165.08,-0.0071064780197668
2021-11-25,2021-11-25,1.18645916,58988.21,0.0318923720565071
2021-11-26,2021-11-26,1.02115106,53755.65,-0.0887051836290675
2021-11-27,2021-11-27,1.65806815,54738.77,0.0182886822129393
2021-11-28,2021-11-28,1.65072257,57315.73,0.0470774188020668
2021-11-29,2021-11-29,1.12527465,57827.98,0.0089373370975123
2021-11-30,2021-11-30,1.15903034,56975.0,-0.0147502990766753
2021-12-01,2021-12-01,0.97509579,57209.29,0.0041121544537077
2021-12-02,2021-12-02,0.77436657,56513.57,-0.0121609619696381
2021-12-03,2021-12-03,0.99545573,53612.0,-0.0513428898581349
2021-12-04,2021-12-04,1.03499071,49135.66,-0.0834951130343952
2021-12-05,2021-12-05,1.00173316,49376.6,0.0049035669816992
2021-12-06,2021-12-06,0.86690331,50424.72,0.0212270589712535
2021-12-07,2021-12-07,0.95857131,50577.2,0.0030239136677405
2021-12-08,2021-12-08,1.14630944,50455.61,-0.0024040476736552
2021-12-09,2021-12-09,0.73050575,47539.76,-0.0577904022961965
2021-12-10,2021-12-10,1.02335774,47136.35,-0.0084857390950228
2021-12-11,2021-12-11,1.42641495,49381.15,0.0476235431890674
2021-12-12,2021-12-12,1.74129717,50057.01,0.013686599036272
2021-12-13,2021-12-13,0.94296776,46679.93,-0.0674646767755405
2021-12-14,2021-12-14,0.98588428,48324.04,0.0352209182832965
2021-12-15,2021-12-15,0.83651398,48870.48,0.0113078293950588
2021-12-16,2021-12-16,1.16897299,47624.5,-0.0254955547807184
2021-12-17,2021-12-17,0.89494717,46125.33,-0.0314789656584321
2021-12-18,2021-12-18,1.16955098,46815.99,0.0149735514087379
2021-12-19,2021-12-19,1.64451273,46668.63,-0.0031476425041957
2021-12-20,2021-12-20,0.87293615,46898.14,0.0049178645269853
2021-12-21,2021-12-21,0.91039605,48875.15,0.0421554031780364
2021-12-22,2021-12-22,1.79460603,48569.69,-0.0062498017908896
2021-12-23,2021-12-23,0.99455293,50817.92,0.0462887451000819
2021-12-24,2021-12-24,0.99573517,50808.55,-0.0001843837764314
2021-12-25,2021-12-25,1.25267805,50403.64,-0.0079693279969612
2021-12-26,2021-12-26,1.64356475,50765.73,0.0071838065663512
2021-12-27,2021-12-27,0.96829248,50707.72,-0.0011427000064807
2021-12-28,2021-12-28,0.81795898,47522.03,-0.0628245561030944
2021-12-29,2021-12-29,0.67639771,46436.54,-0.0228418272535916
2021-12-30,2021-12-30,0.93197983,47095.02,0.0141802123930852
2021-12-31,2021-12-31,0.71596304,46210.56,-0.0187803296399491
2022-01-01,2022-01-01,1.87622071,47704.35,0.0323257281452551
2022-01-02,2022-01-02,1.63724712,47280.0,-0.008895415197985
2022-01-03,2022-01-03,1.01701219,46445.81,-0.0176436125211506
2022-01-04,2022-01-04,0.91990192,45833.42,-0.0131850429565121
2022-01-05,2022-01-05,0.81805648,43421.69,-0.0526194641377404
2022-01-06,2022-01-06,0.90048083,43080.01,-0.0078688784337965
2022-01-07,2022-01-07,0.8516526,41553.86,-0.0354259434944421
2022-01-08,2022-01-08,1.192523,41688.05,0.0032293028854599
2022-01-09,2022-01-09,1.39660803,41851.22,0.0039140712986094
2022-01-10,2022-01-10,0.85633614,41801.55,-0.0011868232276143
2022-01-11,2022-01-11,0.88487592,42700.68,0.0215094894806531
2022-01-12,2022-01-12,0.89288123,43880.72,0.0276351570982007
2022-01-13,2022-01-13,0.9182385,42534.32,-0.0306831793097287
2022-01-14,2022-01-14,0.846844,43042.4,0.0119451774472942
2022-01-15,2022-01-15,1.21422691,43070.51,0.0006530769659685
2022-01-16,2022-01-16,1.39524914,43060.66,-0.0002286947612182
2022-01-17,2022-01-17,0.86752878,42176.34,-0.0205366104467513
2022-01-18,2022-01-18,0.97738,42337.58,0.0038229964951914
2022-01-19,2022-01-19,0.8983103,41657.89,-0.0160540588290593
2022-01-20,2022-01-20,0.86054298,40661.69,-0.0239138372106699
2022-01-21,2022-01-21,0.65855851,36425.98,-0.1041695512409838
2022-01-22,2022-01-22,0.67875537,35043.73,-0.0379468170794581
2022-01-23,2022-01-23,1.19958539,36230.01,0.0338514193551884
2022-01-24,2022-01-24,0.74712754,36648.31,0.0115456771886068
2022-01-25,2022-01-25,0.89159066,36934.26,0.0078025426001908
2022-01-26,2022-01-26,0.9070791,36787.43,-0.0039754417714068
2022-01-27,2022-01-27,0.86324251,37131.0,0.009339331396621
2022-01-28,2022-01-28,0.79997963,37696.21,0.0152220516549512
2022-01-29,2022-01-29,1.07329946,38150.01,0.0120383454994548
2022-01-30,2022-01-30,1.20209653,37870.01,-0.0073394476174448
2022-01-31,2022-01-31,0.74617603,38439.04,0.0150258740359454
2022-02-01,2022-02-01,0.65943381,38680.51,0.0062818946570986
2022-02-02,2022-02-02,0.74491042,36892.03,-0.0462372393745584
2022-02-03,2022-02-03,0.82283195,37289.86,0.0107836299601837
2022-02-04,2022-02-04,1.01061193,41550.0,0.11424392582863
2022-02-05,2022-02-05,0.86106525,41374.69,-0.0042192539109505
2022-02-06,2022-02-06,0.98717585,42361.35,0.0238469460435835
2022-02-07,2022-02-07,0.96719224,43829.99,0.0346693389138921
2022-02-08,2022-02-08,0.80976221,44021.57,0.0043709797789139
2022-02-09,2022-02-09,0.84176737,44358.08,0.0076442071466329
2022-02-10,2022-02-10,0.78610769,43471.29,-0.0199916227212719
2022-02-11,2022-02-11,0.83810257,42366.0,-0.025425746509938
2022-02-12,2022-02-12,0.6855132,42199.87,-0.0039213048199027
2022-02-13,2022-02-13,1.19140469,42041.13,-0.0037616229623457
2022-02-14,2022-02-14,1.00410862,42525.14,0.0115127733245989
2022-02-15,2022-02-15,0.82252516,44529.6,0.0471358824450665
2022-02-16,2022-02-16,0.97986186,43860.7,-0.0150214688656534
2022-02-17,2022-02-17,0.88848728,40491.7,-0.0768113595998239
2022-02-18,2022-02-18,0.854908,39966.8,-0.0129631504728128
2022-02-19,2022-02-19,1.05179417,40052.6,0.0021467818289178
2022-02-20,2022-02-20,1.34001791,38368.1,-0.0420571947888526
2022-02-21,2022-02-21,0.91474051,36986.4,-0.0360116867918921
2022-02-22,2022-02-22,0.89759178,38212.0,0.0331365042285811
2022-02-23,2022-02-23,0.96719419,37227.8,-0.0257563069192923
2022-02-24,2022-02-24,0.80566551,38315.1,0.0292066681351033
2022-02-25,2022-02-25,0.85244635,39205.4,0.0232362697735357
2022-02-26,2022-02-26,1.13668194,39099.3,-0.0027062598519591
2022-02-27,2022-02-27,1.16789294,37672.0,-0.036504489850202
2022-02-28,2022-02-28,0.88134242,43155.0,0.1455457634317265
2022-03-01,2022-03-01,0.75109954,44394.1,0.0287127795156991
2022-03-02,2022-03-02,0.69392402,43885.7,-0.0114519722215339
2022-03-03,2022-03-03,0.79099081,42449.5,-0.0327259221113026
2022-03-04,2022-03-04,0.80917434,39127.7,-0.0782529829562186
2022-03-05,2022-03-05,1.14249139,39375.1,0.0063228863439457
2022-03-06,2022-03-06,1.21383334,38401.1,-0.0247364451137901
2022-03-07,2022-03-07,0.857664,37963.8,-0.011387694623331
2022-03-08,2022-03-08,0.80634118,38709.9,0.0196529325304632
2022-03-09,2022-03-09,0.86048668,41937.5,0.08337918723634
2022-03-10,2022-03-10,0.75348941,39407.2,-0.0603350223546945
2022-03-11,2022-03-11,0.89828478,38713.0,-0.0176160701597677
2022-03-12,2022-03-12,1.12798802,38792.6,0.0020561568465373
2022-03-13,2022-03-13,1.25364022,37743.7,-0.0270386620128582
2022-03-14,2022-03-14,0.87843455,39653.8,0.0506071211884369
2022-03-15,2022-03-15,0.85718025,39271.0,-0.0096535514881298
2022-03-16,2022-03-16,0.7647991,41105.8,0.0467214993252018
2022-03-17,2022-03-17,0.73606527,40898.1,-0.0050528149312263
2022-03-18,2022-03-18,0.81938555,41751.5,0.020866495020551
2022-03-19,2022-03-19,1.03750651,42188.2,0.0104595044489419
2022-03-20,2022-03-20,1.28665435,41261.0,-0.0219777094068956
2022-03-21,2022-03-21,0.88430926,40982.0,-0.0067618332081141
2022-03-22,2022-03-22,0.92545447,42349.8,0.0333756283246304
2022-03-23,2022-03-23,0.8749292,42867.9,0.0122338240086139
2022-03-24,2022-03-24,0.92135561,43973.4,0.0257885270797029
2022-03-25,2022-03-25,0.7292218,44290.6,0.0072134517685691
2022-03-26,2022-03-26,1.23147563,44489.2,0.0044840214402153
2022-03-27,2022-03-27,1.35606018,46820.8,0.0524082249175081
2022-03-28,2022-03-28,0.82274363,47121.9,0.0064309025048696
2022-03-29,2022-03-29,0.97874859,47418.5,0.0062943132598642
2022-03-30,2022-03-30,1.00462015,47053.2,-0.0077037443192004
2022-03-31,2022-03-31,0.90727452,45506.0,-0.0328819293905621
2022-04-01,2022-04-01,0.77603446,46266.2,0.016705489386015
2022-04-02,2022-04-02,0.98215373,45794.6,-0.0101931863866061
2022-04-03,2022-04-03,1.37387639,46392.4,0.0130539408576557
2022-04-04,2022-04-04,0.91938465,46580.9,0.0040631655184901
2022-04-05,2022-04-05,0.96635379,45477.4,-0.0236899673471315
2022-04-06,2022-04-06,0.9732498,43159.7,-0.0509637754137221
2022-04-07,2022-04-07,0.94371466,43417.1,0.0059638968760209
2022-04-08,2022-04-08,0.94116876,42229.2,-0.027360187575863
2022-04-09,2022-04-09,1.26223458,42727.7,0.0118046280772545
2022-04-10,2022-04-10,1.44296269,42140.4,-0.0137451816971191
2022-04-11,2022-04-11,0.79146392,39505.6,-0.0625243234520792
2022-04-12,2022-04-12,0.77848906,40060.7,0.0140511724920011
2022-04-13,2022-04-13,0.88559312,41129.8,0.0266870024737462
2022-04-14,2022-04-14,0.91457254,39915.9,-0.0295138804467807
2022-04-15,2022-04-15,0.97420671,40529.5,0.0153723203034379
2022-04-16,2022-04-16,1.21714829,40361.0,-0.0041574655497846
2022-04-17,2022-04-17,1.34908805,39649.1,-0.0176383142142166
2022-04-18,2022-04-18,0.90520833,40785.6,0.0286639545412128
2022-04-19,2022-04-19,0.88625534,41472.9,0.0168515358361776
2022-04-20,2022-04-20,0.84123163,41327.7,-0.0035010814290779
2022-04-21,2022-04-21,0.79534638,40449.8,-0.0212424112641157
2022-04-22,2022-04-22,0.8447664,39674.2,-0.0191743840513427
2022-04-23,2022-04-23,1.024071,39415.1,-0.0065306924903337
2022-04-24,2022-04-24,1.15158725,39433.4,0.0004642890668804
2022-04-25,2022-04-25,0.76732949,40411.0,0.0247911668788387
2022-04-26,2022-04-26,0.78457409,38093.7,-0.0573432976169855
2022-04-27,2022-04-27,0.80250019,39209.0,0.0292778070914614
2022-04-28,2022-04-28,0.74309786,39732.5,0.0133515264352572
2022-04-29,2022-04-29,0.65643251,38572.2,-0.0292027936827534
2022-04-30,2022-04-30,0.7745367,37614.5,-0.0248287626840054
2022-05-01,2022-05-01,1.05832303,38440.5,0.0219596166372011
2022-05-02,2022-05-02,0.77264317,38525.6,0.0022138109545921
2022-05-03,2022-05-03,0.80452011,37712.9,-0.0210950640612994
2022-05-04,2022-05-04,1.00248006,39684.0,0.0522659355286916
2022-05-05,2022-05-05,0.50711504,36534.7,-0.0793594395726238
2022-05-06,2022-05-06,0.57484644,35995.3,-0.0147640462354965
2022-05-07,2022-05-07,0.97021843,35466.7,-0.0146852505743807
2022-05-08,2022-05-08,0.91470384,34032.0,-0.040452029650348
2022-05-09,2022-05-09,0.53221841,30056.6,-0.1168135872120357
2022-05-10,2022-05-10,0.61780573,31002.1,0.0314573171948922
2022-05-11,2022-05-11,0.55129579,29074.7,-0.0621699820334751
2022-05-12,2022-05-12,0.50882339,29020.7,-0.0018572848559056
2022-05-13,2022-05-13,0.52132823,29274.3,0.0087385900409018
2022-05-14,2022-05-14,0.47826904,30079.8,0.0275156024226028
2022-05-15,2022-05-15,0.57535954,31324.4,0.0413766048976389
2022-05-16,2022-05-16,0.47660749,29866.7,-0.0465356080244154
2022-05-17,2022-05-17,0.54561907,30437.0,0.0190948447602179
2022-05-18,2022-05-18,0.67804448,28700.6,-0.0570489864309886
2022-05-19,2022-05-19,0.71687782,30319.9,0.0564204232664127
2022-05-20,2022-05-20,0.6241388,29188.9,-0.0373022338464177
2022-05-21,2022-05-21,0.91816515,29427.4,0.0081709142859101
2022-05-22,2022-05-22,1.0352017,30284.0,0.0291089256951004
2022-05-23,2022-05-23,0.63646104,29097.7,-0.0391725003302073
2022-05-24,2022-05-24,0.79324852,29643.1,0.0187437495059745
2022-05-25,2022-05-25,0.53340343,29536.7,-0.0035893681834895
2022-05-26,2022-05-26,0.68028061,29194.0,-0.0116025148374734
2022-05-27,2022-05-27,0.62980159,28623.2,-0.0195519627320681
2022-05-28,2022-05-28,0.89129006,29018.8,0.0138209564269542
2022-05-29,2022-05-29,0.99270648,29452.8,0.0149558217431458
2022-05-30,2022-05-30,0.69107774,31726.5,0.0771980932203391
2022-05-31,2022-05-31,0.61219463,31797.8,0.002247332671426
2022-06-01,2022-06-01,0.61075459,29796.9,-0.0629257370006729
2022-06-02,2022-06-02,0.64162889,30437.1,0.0214854565407809
2022-06-03,2022-06-03,0.63923618,29682.8,-0.0247822558653747
2022-06-04,2022-06-04,0.94644223,29848.4,0.0055789885051276
2022-06-05,2022-06-05,1.04866566,29909.9,0.0020604119483791
2022-06-06,2022-06-06,0.65867771,31361.2,0.0485223955947695
2022-06-07,2022-06-07,0.67085472,31118.1,-0.0077516166473222
2022-06-08,2022-06-08,0.72861838,30192.5,-0.0297447466265613
2022-06-09,2022-06-09,0.68949664,30093.3,-0.0032855841682537
2022-06-10,2022-06-10,0.67833783,29077.7,-0.0337483758843329
2022-06-11,2022-06-11,0.75857419,28416.7,-0.0227321968381267
2022-06-12,2022-06-12,0.88648034,26564.7,-0.0651729440786579
2022-06-13,2022-06-13,0.42631912,22471.5,-0.1540841793809078
2022-06-14,2022-06-14,0.35353951,22122.7,-0.0155218832743697
2022-06-15,2022-06-15,0.37941882,22567.5,0.0201060449221839
2022-06-16,2022-06-16,0.49097056,20387.4,-0.0966035227650381
2022-06-17,2022-06-17,0.50663088,20457.3,0.003428588245681
2022-06-18,2022-06-18,0.41697298,18959.7,-0.0732061415729348
2022-06-19,2022-06-19,0.70286175,20564.2,0.0846268664588574
2022-06-20,2022-06-20,0.56819505,20570.1,0.0002869063712664
2022-06-21,2022-06-21,0.47445183,20713.1,0.0069518378617507
2022-06-22,2022-06-22,0.49465404,19977.4,-0.0355185848569261
2022-06-23,2022-06-23,0.54818416,21096.6,0.0560233063361597
2022-06-24,2022-06-24,0.52142836,21231.2,0.0063801750045031
2022-06-25,2022-06-25,0.7248347,21481.9,0.0118080937488225
2022-06-26,2022-06-26,0.78976819,21029.1,-0.0210782100279771
2022-06-27,2022-06-27,0.42010606,20730.0,-0.0142231479235914
2022-06-28,2022-06-28,0.47281662,20268.6,-0.0222575976845152
2022-06-29,2022-06-29,0.45515834,20109.9,-0.0078298451792426
2022-06-30,2022-06-30,0.41529713,19923.5,-0.0092690664796941
2022-07-01,2022-07-01,0.41847813,19272.0,-0.0327000777975757
2022-07-02,2022-07-02,0.51649281,19240.9,-0.0016137401411373
2022-07-03,2022-07-03,0.68654005,19305.9,0.0033782203535177
2022-07-04,2022-07-04,0.53340251,20226.6,0.0476900843783505
2022-07-05,2022-07-05,0.51361079,20170.0,-0.0027982953140912
2022-07-06,2022-07-06,0.408274,20554.1,0.0190431333663856
2022-07-07,2022-07-07,0.410758,21613.4,0.0515371629018055
2022-07-08,2022-07-08,0.46418899,21587.9,-0.0011798236279345
2022-07-09,2022-07-09,0.68116017,21580.0,-0.0003659457381218
2022-07-10,2022-07-10,0.79808956,20853.8,-0.0336515291936978
2022-07-11,2022-07-11,0.54645838,19954.3,-0.0431336255262829
2022-07-12,2022-07-12,0.41697631,19322.9,-0.0316423026615816
2022-07-13,2022-07-13,0.59094507,20220.1,0.0464319537957551
2022-07-14,2022-07-14,0.40391739,20578.6,0.0177298826415299
2022-07-15,2022-07-15,0.440504,20823.1,0.0118812747222842
2022-07-16,2022-07-16,0.65407092,21183.5,0.0173077015429981
2022-07-17,2022-07-17,0.75925213,20794.4,-0.0183680694880449
2022-07-18,2022-07-18,0.56526191,22423.9,0.0783624437348518
2022-07-19,2022-07-19,0.45356927,23385.9,0.0429006551045982
2022-07-20,2022-07-20,0.52857638,23221.5,-0.0070298769771529
2022-07-21,2022-07-21,0.48011409,23144.5,-0.0033158925995305
2022-07-22,2022-07-22,0.60188093,22675.1,-0.0202812763291495
2022-07-23,2022-07-23,0.7197089,22440.2,-0.0103593809950121
2022-07-24,2022-07-24,0.80887169,22570.6,0.0058109999019615
2022-07-25,2022-07-25,0.5017232,21300.0,-0.0562944715692094
2022-07-26,2022-07-26,0.44304755,21241.0,-0.0027699530516431
2022-07-27,2022-07-27,0.55891758,22941.1,0.0800386045854715
2022-07-28,2022-07-28,0.44521524,23836.2,0.039017309544878
2022-07-29,2022-07-29,0.5039406,23771.1,-0.0027311400307097
2022-07-30,2022-07-30,0.71136261,23629.9,-0.0059399859493248
2022-07-31,2022-07-31,0.75356123,23290.1,-0.0143800862466622
2022-08-01,2022-08-01,0.54509078,23257.6,-0.001395442698829
2022-08-02,2022-08-02,0.49441595,22975.1,-0.0121465671436433
2022-08-03,2022-08-03,0.45960736,22801.5,-0.007556006285065
2022-08-04,2022-08-04,0.47864789,22608.9,-0.00844681270969
2022-08-05,2022-08-05,0.49822232,23298.1,0.0304835706292654
2022-08-06,2022-08-06,0.57858689,22943.3,-0.0152287096372665
2022-08-07,2022-08-07,0.8829548,23167.8,0.0097849916969223
2022-08-08,2022-08-08,0.53829739,23804.4,0.0274777924533189
2022-08-09,2022-08-09,0.49201596,23140.2,-0.0279024045974694
2022-08-10,2022-08-10,0.4330981,23940.9,0.034602120984261
2022-08-11,2022-08-11,0.45100397,23917.2,-0.0009899377216395
2022-08-12,2022-08-12,0.51075393,24387.5,0.0196636730052013
2022-08-13,2022-08-13,0.6895605,24429.0,0.0017016914402869
2022-08-14,2022-08-14,0.70014668,24294.1,-0.0055221253428302
2022-08-15,2022-08-15,0.55188955,24085.2,-0.0085987955923453
2022-08-16,2022-08-16,0.43242889,23843.0,-0.0100559679803364
2022-08-17,2022-08-17,0.53912353,23333.1,-0.0213857316612843
2022-08-18,2022-08-18,0.43623166,23185.1,-0.0063429205720628
2022-08-19,2022-08-19,0.40353281,20824.9,-0.101798137596991
2022-08-20,2022-08-20,0.57427909,21127.8,0.0145450878515622
2022-08-21,2022-08-21,0.70404978,21505.6,0.0178816535559782
2022-08-22,2022-08-22,0.52627638,21387.0,-0.0055148426456363
2022-08-23,2022-08-23,0.47468262,21518.2,0.006134567728059
2022-08-24,2022-08-24,0.48389479,21354.9,-0.0075889247241869
2022-08-25,2022-08-25,0.49222814,21548.3,0.0090564694753896
2022-08-26,2022-08-26,0.45142463,20228.7,-0.0612391696792785
2022-08-27,2022-08-27,0.5444596,20023.9,-0.0101242294363947
2022-08-28,2022-08-28,0.63538135,19547.5,-0.0237915690749555
2022-08-29,2022-08-29,0.44376081,20275.5,0.0372426141450312
2022-08-30,2022-08-30,0.42258379,19803.1,-0.023299055510345
2022-08-31,2022-08-31,0.45359868,20041.5,0.012038519221738
2022-09-01,2022-09-01,0.41401388,20122.5,0.0040416136516727
2022-09-02,2022-09-02,0.39002682,19941.0,-0.0090197540067089
2022-09-03,2022-09-03,0.42952019,19820.7,-0.0060327967504136
2022-09-04,2022-09-04,0.64635875,19992.7,0.0086777964451305
2022-09-05,2022-09-05,0.43470471,19784.9,-0.0103937937347131
2022-09-06,2022-09-06,0.41975878,18781.5,-0.0507154446067456
2022-09-07,2022-09-07,0.40385345,19287.0,0.0269147831642839
2022-09-08,2022-09-08,0.42831191,19309.3,0.0011562192150151
2022-09-09,2022-09-09,0.38497326,21352.0,0.1057884024796342
2022-09-10,2022-09-10,0.52029726,21639.5,0.0134647808167853
2022-09-11,2022-09-11,0.56908578,21820.3,0.0083550913838119
2022-09-12,2022-09-12,0.44406316,22386.0,0.0259253997424417
2022-09-13,2022-09-13,0.43204118,20162.5,-0.0993254712766907
2022-09-14,2022-09-14,0.40135986,20217.0,0.0027030378177308
2022-09-15,2022-09-15,0.4168587,19690.8,-0.0260276005342039
2022-09-16,2022-09-16,0.43685948,19792.5,0.0051648485587179
2022-09-17,2022-09-17,0.44773465,20102.0,0.0156372363268915
2022-09-18,2022-09-18,0.62416182,19404.5,-0.0346980399960202
2022-09-19,2022-09-19,0.45152622,19528.6,0.0063954237419154
2022-09-20,2022-09-20,0.39157261,18866.8,-0.033888758026689
2022-09-21,2022-09-21,0.42821772,18447.5,-0.0222242245637839
2022-09-22,2022-09-22,0.50153218,19392.5,0.0512264534489768
2022-09-23,2022-09-23,0.38396895,19280.7,-0.005765115379657
2022-09-24,2022-09-24,0.55689229,18911.0,-0.0191746150295373
2022-09-25,2022-09-25,0.58031523,18799.7,-0.0058854634868594
2022-09-26,2022-09-26,0.43006694,19216.3,0.0221599280839586
2022-09-27,2022-09-27,0.40560738,19070.1,-0.007608124352763
2022-09-28,2022-09-28,0.50381092,19407.3,0.0176821306652823
2022-09-29,2022-09-29,0.48399436,19582.5,0.0090275308775564
2022-09-30,2022-09-30,0.3826936,19411.7,-0.0087220732797139
2022-10-01,2022-10-01,0.48121053,19304.0,-0.0055482003121829
2022-10-02,2022-10-02,0.52389739,19049.4,-0.0131889763779526
2022-10-03,2022-10-03,0.38958815,19622.0,0.0300586895125305
2022-10-04,2022-10-04,0.45025475,20333.0,0.0362348384466415
2022-10-05,2022-10-05,0.49129137,20150.0,-0.0090001475434023
2022-10-06,2022-10-06,0.4367882,19954.0,-0.0097270471464019
2022-10-07,2022-10-07,0.42486117,19520.9,-0.0217049213190336
2022-10-08,2022-10-08,0.5627764,19406.2,-0.0058757536793898
2022-10-09,2022-10-09,0.62922629,19430.0,0.0012264121775513
2022-10-10,2022-10-10,0.44348179,19124.0,-0.0157488419969119
2022-10-11,2022-10-11,0.45699543,19055.0,-0.003608031792512
2022-10-12,2022-10-12,0.48602181,19148.0,0.004880608764104
2022-10-13,2022-10-13,0.41873368,19365.5,0.0113588886567788
2022-10-14,2022-10-14,0.38524485,19164.6,-0.0103741189228268
2022-10-15,2022-10-15,0.50077962,19060.4,-0.0054371080012104
2022-10-16,2022-10-16,0.64028072,19251.9,0.0100470084573252
2022-10-17,2022-10-17,0.49604865,19540.6,0.0149959224803783
2022-10-18,2022-10-18,0.47721653,19320.9,-0.0112432576277082
2022-10-19,2022-10-19,0.43491796,19116.7,-0.010568865839583
2022-10-20,2022-10-20,0.46544887,19034.7,-0.0042894432616508
2022-10-21,2022-10-21,0.43318192,19150.9,0.0061046404724003
2022-10-22,2022-10-22,0.53881149,19195.1,0.0023079855254843
2022-10-23,2022-10-23,0.58531585,19560.7,0.0190465274992055
2022-10-24,2022-10-24,0.44218985,19318.1,-0.0124024191363295
2022-10-25,2022-10-25,0.56690947,20068.3,0.0388340468265513
2022-10-26,2022-10-26,0.36652216,20758.3,0.0343825834774245
2022-10-27,2022-10-27,0.4877206,20285.5,-0.0227764315960362
2022-10-28,2022-10-28,0.45210327,20582.8,0.0146557886174853
2022-10-29,2022-10-29,0.5212429,20796.7,0.0103921721048643
2022-10-30,2022-10-30,0.58138207,20615.6,-0.0087081123447471
2022-10-31,2022-10-31,0.42542461,20482.0,-0.0064805293079026
2022-11-01,2022-11-01,0.43165533,20472.1,-0.000483351235231
2022-11-02,2022-11-02,0.5155636,20140.1,-0.0162171931555629
2022-11-03,2022-11-03,0.38394246,20199.7,0.0029592703114682
2022-11-04,2022-11-04,0.455911,21137.6,0.0464313826442965
2022-11-05,2022-11-05,0.47900034,21289.9,0.0072051699341459
2022-11-06,2022-11-06,0.60166161,20900.0,-0.0183138483506264
2022-11-07,2022-11-07,0.47584126,20578.6,-0.015377990430622
2022-11-08,2022-11-08,0.32336983,18534.0,-0.0993556412972699
2022-11-09,2022-11-09,0.26658259,15905.0,-0.1418474155605913
2022-11-10,2022-11-10,0.31086146,17588.0,0.1058157812008802
2022-11-11,2022-11-11,0.34922,17058.3,-0.0301171253127132
2022-11-12,2022-11-12,0.38280442,16806.9,-0.014737693674047
2022-11-13,2022-11-13,0.39638521,16321.2,-0.0288988451171841
2022-11-14,2022-11-14,0.36011235,16605.2,0.0174006813224518
2022-11-15,2022-11-15,0.32986169,16888.3,0.0170488762556306
2022-11-16,2022-11-16,0.35531439,16650.6,-0.014074832872462
2022-11-17,2022-11-17,0.414151,16682.1,0.0018918237180642
2022-11-18,2022-11-18,0.34450389,16689.7,0.0004555781346473
2022-11-19,2022-11-19,0.26472892,16692.9,0.0001917350221993
2022-11-20,2022-11-20,0.30676636,16272.6,-0.0251783692468056
2022-11-21,2022-11-21,0.32204592,15773.0,-0.0307019161043717
2022-11-22,2022-11-22,0.36741617,16220.6,0.0283776073036201
2022-11-23,2022-11-23,0.28730058,16595.8,0.0231310802313107
2022-11-24,2022-11-24,0.32522492,16592.4,-0.0002048711119679
2022-11-25,2022-11-25,0.33281412,16516.1,-0.0045984908753406
2022-11-26,2022-11-26,0.4024315,16449.2,-0.0040505930576829
2022-11-27,2022-11-27,0.43905405,16422.6,-0.0016170999197531
2022-11-28,2022-11-28,0.35851685,16204.5,-0.0132804793394467
2022-11-29,2022-11-29,0.34507439,16433.2,0.0141133635718473
2022-11-30,2022-11-30,0.37810707,17153.3,0.0438198281527637
2022-12-01,2022-12-01,0.3087922,16970.5,-0.0106568415406947
2022-12-02,2022-12-02,0.35319614,17083.0,0.0066291505848383
2022-12-03,2022-12-03,0.37275919,16879.5,-0.0119124275595621
2022-12-04,2022-12-04,0.45953234,17099.5,0.0130335614206582
2022-12-05,2022-12-05,0.35434666,16958.3,-0.0082575513903915
2022-12-06,2022-12-06,0.37398397,17078.6,0.0070938714375849
2022-12-07,2022-12-07,0.38864224,16828.0,-0.0146733338798261
2022-12-08,2022-12-08,0.43151747,17216.0,0.0230568100784407
2022-12-09,2022-12-09,0.37516482,17122.0,-0.0054600371747212
2022-12-10,2022-12-10,0.38154563,17120.0,-0.0001168087840205
2022-12-11,2022-12-11,0.55985111,17077.3,-0.0024941588785046
2022-12-12,2022-12-12,0.40804424,17200.0,0.0071849765478149
2022-12-13,2022-12-13,0.36689784,17777.1,0.0335523255813952
2022-12-14,2022-12-14,0.4039013,17803.9,0.0015075574756289
2022-12-15,2022-12-15,0.40486682,17351.8,-0.0253933127011498
2022-12-16,2022-12-16,0.41775261,16624.1,-0.0419380121947002
2022-12-17,2022-12-17,0.34784966,16768.0,0.0086561076990634
2022-12-18,2022-12-18,0.50483176,16730.3,-0.0022483301526717
2022-12-19,2022-12-19,0.34465126,16429.2,-0.0179972863606748
2022-12-20,2022-12-20,0.36437933,16887.2,0.0278771942638715
2022-12-21,2022-12-21,0.38301833,16819.6,-0.0040030318821356
2022-12-22,2022-12-22,0.40305488,16815.5,-0.0002437632286141
2022-12-23,2022-12-23,0.41199945,16776.4,-0.0023252356456839
2022-12-24,2022-12-24,0.56725311,16828.9,0.0031293960563649
2022-12-25,2022-12-25,0.57872097,16824.4,-0.0002673971560827
2022-12-26,2022-12-26,0.54213442,16912.9,0.0052602173034401
2022-12-27,2022-12-27,0.43538014,16698.2,-0.0126944521637331
2022-12-28,2022-12-28,0.38833139,16539.0,-0.0095339617443797
2022-12-29,2022-12-29,0.36076844,16630.3,0.0055202853860572
2022-12-30,2022-12-30,0.28320753,16601.2,-0.0017498181031009
2022-12-31,2022-12-31,0.45323232,16537.6,-0.0038310483579501
2023-01-01,2023-01-01,0.62988701,16610.3,0.0043960429566562
2023-01-02,2023-01-02,0.45170563,16666.0,0.0033533409992594
2023-01-03,2023-01-03,0.33841533,16667.2,7.20028801153294e-05
2023-01-04,2023-01-04,0.38815022,16842.1,0.0104936642027453
2023-01-05,2023-01-05,0.37812536,16823.8,-0.0010865628395508
2023-01-06,2023-01-06,0.36849504,16943.8,0.007132752410276
2023-01-07,2023-01-07,0.51676689,16936.5,-0.000430836058027
2023-01-08,2023-01-08,0.56744431,17124.7,0.011112095179051
2023-01-09,2023-01-09,0.35098835,17169.7,0.0026277832604366
2023-01-10,2023-01-10,0.26013118,17428.8,0.0150905374001875
2023-01-11,2023-01-11,0.39718497,17935.7,0.0290840447994125
2023-01-12,2023-01-12,0.33923263,18838.0,0.0503074873018616
2023-01-13,2023-01-13,0.34285883,19924.2,0.0576600488374563
2023-01-14,2023-01-14,0.43140903,20962.8,0.0521275634655342
2023-01-15,2023-01-15,0.63225437,20882.7,-0.0038210544392923
2023-01-16,2023-01-16,0.44684452,21188.3,0.0146341229821813
2023-01-17,2023-01-17,0.42773131,21130.9,-0.0027090422544516
2023-01-18,2023-01-18,0.45466354,20680.0,-0.0213384190924191
2023-01-19,2023-01-19,0.47691402,21068.3,0.0187765957446808
2023-01-20,2023-01-20,0.53188076,22661.1,0.0756017334099097
2023-01-21,2023-01-21,0.55519492,22781.9,0.0053307209270512
2023-01-22,2023-01-22,0.60578371,22704.6,-0.0033930444782921
2023-01-23,2023-01-23,0.52401974,22913.1,0.0091831611215349
2023-01-24,2023-01-24,0.53731905,22627.4,-0.0124688496973346
2023-01-25,2023-01-25,0.54056521,23060.6,0.0191449304825122
2023-01-26,2023-01-26,0.56590148,23001.9,-0.002545467160438
2023-01-27,2023-01-27,0.53377521,23068.0,0.0028736756528808
2023-01-28,2023-01-28,0.62040574,23015.9,-0.0022585399687878
2023-01-29,2023-01-29,0.68253361,23740.3,0.0314738941340551
2023-01-30,2023-01-30,0.51127544,22819.9,-0.0387695184980811
2023-01-31,2023-01-31,0.51567366,23119.4,0.0131245097480707
2023-02-01,2023-02-01,0.43236254,23730.0,0.0264107200013841
2023-02-02,2023-02-02,0.47031532,23493.1,-0.0099831436999578
2023-02-03,2023-02-03,0.47614367,23424.7,-0.0029114931618219
2023-02-04,2023-02-04,0.49670477,23322.6,-0.0043586470691194
2023-02-05,2023-02-05,0.70896315,22929.2,-0.0168677591692177
2023-02-06,2023-02-06,0.55148878,22757.7,-0.0074795457320796
2023-02-07,2023-02-07,0.53196249,23234.1,0.0209335741309533
2023-02-08,2023-02-08,0.51614648,22955.9,-0.0119737799183096
2023-02-09,2023-02-09,0.3909451,21793.4,-0.0506405760610562
2023-02-10,2023-02-10,0.51843869,21618.6,-0.0080207769324659
2023-02-11,2023-02-11,0.57062573,21851.3,0.0107638792521256
2023-02-12,2023-02-12,0.57142261,21771.1,-0.0036702621811974
2023-02-13,2023-02-13,0.464038,21766.2,-0.0002250690135086
2023-02-14,2023-02-14,0.54988867,22187.4,0.0193511040052927
2023-02-15,2023-02-15,0.50456639,24332.6,0.0966855061881968
2023-02-16,2023-02-16,0.37132834,23526.6,-0.0331242859373843
2023-02-17,2023-02-17,0.44261688,24581.5,0.0448386082136815
2023-02-18,2023-02-18,0.44331264,24636.9,0.0022537273966194
2023-02-19,2023-02-19,0.56883538,24265.9,-0.0150587127438922
2023-02-20,2023-02-20,0.59115313,24849.9,0.024066694414796
2023-02-21,2023-02-21,0.4721602,24443.4,-0.016358214721186
2023-02-22,2023-02-22,0.53715625,24171.3,-0.0111318392694961
2023-02-23,2023-02-23,0.40630946,23928.8,-0.0100325592748424
2023-02-24,2023-02-24,0.4905398,23175.6,-0.0314767142522818
2023-02-25,2023-02-25,0.69336543,23146.2,-0.0012685755708589
2023-02-26,2023-02-26,0.56055032,23545.3,0.0172425711347865
2023-02-27,2023-02-27,0.49147418,23480.0,-0.0027733772769936
2023-02-28,2023-02-28,0.47624802,23129.6,-0.0149233390119251
2023-03-01,2023-03-01,0.39500893,23619.8,0.0211936220254564
2023-03-02,2023-03-02,0.50970079,23457.1,-0.0068882886391925
2023-03-03,2023-03-03,0.37319104,22342.8,-0.0475037408716336
2023-03-04,2023-03-04,0.53018369,22335.7,-0.0003177757487869
2023-03-05,2023-03-05,0.44656043,22419.4,0.0037473640852985
2023-03-06,2023-03-06,0.51306271,22397.1,-0.0009946742553326
2023-03-07,2023-03-07,0.38828825,22187.1,-0.0093762138848333
2023-03-08,2023-03-08,0.52884098,21695.4,-0.0221615262923048
2023-03-09,2023-03-09,0.44643618,20348.3,-0.0620915032679739
2023-03-10,2023-03-10,0.39805975,20140.3,-0.0102219841460957
2023-03-11,2023-03-11,0.41768544,20447.3,0.0152430698648977
2023-03-12,2023-03-12,0.5454037,21986.2,0.0752617705027069
2023-03-13,2023-03-13,0.47216908,24119.5,0.0970290454921722
2023-03-14,2023-03-14,0.44973671,24682.5,0.0233421090818632
2023-03-15,2023-03-15,0.45522884,24288.0,-0.0159829838954724
2023-03-16,2023-03-16,0.60637298,24990.4,0.0289196310935442
2023-03-17,2023-03-17,0.46272838,27384.0,0.0957807798194505
2023-03-18,2023-03-18,0.55652411,26907.0,-0.017418930762489
2023-03-19,2023-03-19,0.75054851,27955.7,0.0389749879213587
2023-03-20,2023-03-20,0.5021851,27704.1,-0.0089999534978556
2023-03-21,2023-03-21,0.55981856,28091.1,0.013969051512231
2023-03-22,2023-03-22,0.61195634,27233.8,-0.0305185628188287
2023-03-23,2023-03-23,0.65879883,28284.1,0.0385660466038524
2023-03-24,2023-03-24,0.6834411,27438.9,-0.0298825134969823
2023-03-25,2023-03-25,0.66474566,27447.3,0.0003061347211439
2023-03-26,2023-03-26,0.78649441,27954.3,0.0184717622498387
2023-03-27,2023-03-27,0.4865549,27112.0,-0.0301313214782699
2023-03-28,2023-03-28,0.56876512,27249.7,0.0050789318383004
2023-03-29,2023-03-29,0.57697708,28338.5,0.0399564031897599
2023-03-30,2023-03-30,0.5416707,28015.0,-0.0114155653968982
2023-03-31,2023-03-31,0.52228262,28454.9,0.0157023023380331
2023-04-01,2023-04-01,0.52018134,28443.8,-0.0003900909860867
2023-04-02,2023-04-02,0.50141258,28161.2,-0.0099353813484835
2023-04-03,2023-04-03,0.5591667,27786.1,-0.0133197448972345
2023-04-04,2023-04-04,0.42873503,28155.2,0.01328362022738
2023-04-05,2023-04-05,0.61945751,28154.0,-4.262090129003582e-05
2023-04-06,2023-04-06,0.55911981,28022.8,-0.0046600838246785
2023-04-07,2023-04-07,0.59520454,27890.7,-0.0047140185848665
2023-04-08,2023-04-08,0.72457598,27924.9,0.0012262151900095
2023-04-09,2023-04-09,0.63051086,28309.4,0.0137690734792246
2023-04-10,2023-04-10,0.64344571,29623.1,0.0464050809978309
2023-04-11,2023-04-11,0.43924119,30185.1,0.0189716808841748
2023-04-12,2023-04-12,0.53177015,29875.0,-0.0102732805258223
2023-04-13,2023-04-13,0.57403687,30362.7,0.0163246861924686
2023-04-14,2023-04-14,0.57292188,30453.1,0.0029773373250732
2023-04-15,2023-04-15,0.53415974,30280.4,-0.0056710154302844
2023-04-16,2023-04-16,0.8426455,30286.6,0.0002047529094726
2023-04-17,2023-04-17,0.56294085,29420.0,-0.028613314138926
2023-04-18,2023-04-18,0.44395574,30365.8,0.0321481985044187
2023-04-19,2023-04-19,0.56279218,28795.1,-0.0517259548571089
2023-04-20,2023-04-20,0.60393238,28229.9,-0.0196283395438806
2023-04-21,2023-04-21,0.51530483,27252.5,-0.0346228644097216
2023-04-22,2023-04-22,0.58149352,27807.2,0.0203540959544996
2023-04-23,2023-04-23,0.55053298,27576.0,-0.0083143933945165
2023-04-24,2023-04-24,0.50658632,27497.5,-0.0028466782709603
2023-04-25,2023-04-25,0.57292851,28286.7,0.0287007909809982
2023-04-26,2023-04-26,0.524629,28395.9,0.0038604715290224
2023-04-27,2023-04-27,0.56649929,29459.0,0.0374385034459199
2023-04-28,2023-04-28,0.46149718,29300.0,-0.0053973318849926
2023-04-29,2023-04-29,0.55256081,29212.7,-0.0029795221843003
2023-04-30,2023-04-30,0.49402137,29223.0,0.0003525863751039
2023-05-01,2023-05-01,0.33208665,28054.4,-0.03998904972111
2023-05-02,2023-05-02,0.55153282,28656.5,0.021461874073229
2023-05-03,2023-05-03,0.46514882,29018.4,0.0126288974578194
2023-05-04,2023-05-04,0.47666005,28826.0,-0.0066302759628373
2023-05-05,2023-05-05,0.60928549,29491.5,0.0230867966419205
2023-05-06,2023-05-06,0.46897764,28837.8,-0.022165708763542
2023-05-07,2023-05-07,0.5935901,28419.4,-0.0145087350630075
2023-05-08,2023-05-08,0.5123991,27659.8,-0.0267282208632132
2023-05-09,2023-05-09,0.45508062,27610.2,-0.0017932161476221
2023-05-10,2023-05-10,0.35067063,27582.9,-0.0009887650216223
2023-05-11,2023-05-11,0.43264505,26956.4,-0.022713347762563
2023-05-12,2023-05-12,0.47467593,26785.1,-0.0063547061180276
2023-05-13,2023-05-13,0.49282997,26762.7,-0.0008362858454886
2023-05-14,2023-05-14,0.3837166,26901.9,0.0052012689302649
2023-05-15,2023-05-15,0.46300424,27152.5,0.0093153271701997
2023-05-16,2023-05-16,0.43134711,27024.8,-0.0047030660160206
2023-05-17,2023-05-17,0.40317418,27395.8,0.0137281311980106
2023-05-18,2023-05-18,0.50206515,26809.3,-0.0214083910672439
2023-05-19,2023-05-19,0.44858067,26870.1,0.0022678697317721
2023-05-20,2023-05-20,0.64021126,27089.5,0.0081652096568305
2023-05-21,2023-05-21,0.52179451,26732.8,-0.0131674634083316
2023-05-22,2023-05-22,0.49112853,26840.2,0.0040175365094565
2023-05-23,2023-05-23,0.47931583,27209.9,0.0137741149469825
2023-05-24,2023-05-24,0.52211076,26313.8,-0.0329328663464402
2023-05-25,2023-05-25,0.43879036,26461.8,0.0056244252065456
2023-05-26,2023-05-26,0.42846906,26689.9,0.0086199729421279
2023-05-27,2023-05-27,0.48617058,26841.6,0.0056837979910002
2023-05-28,2023-05-28,0.53118926,28055.7,0.0452320278969957
2023-05-29,2023-05-29,0.44433196,27722.0,-0.0118941961882969
2023-05-30,2023-05-30,0.46224355,27680.1,-0.0015114349614026
2023-05-31,2023-05-31,0.54691694,27201.1,-0.0173048507772731
2023-06-01,2023-06-01,0.56630293,26805.3,-0.0145508821334431
2023-06-02,2023-06-02,0.41908089,27227.8,0.0157618082991051
2023-06-03,2023-06-03,0.61178286,27054.9,-0.0063501274432747
2023-06-04,2023-06-04,0.57953995,27102.4,0.0017556893575656
2023-06-05,2023-06-05,0.53726241,25714.7,-0.0512021075624299
2023-06-06,2023-06-06,0.40950107,27221.5,0.0585968337176789
2023-06-07,2023-06-07,0.46725972,26325.9,-0.0329004647062064
2023-06-08,2023-06-08,0.46279847,26485.9,0.0060776649611218
2023-06-09,2023-06-09,0.41447915,26468.1,-0.0006720556975599
2023-06-10,2023-06-10,0.47901467,25826.6,-0.0242367226963778
2023-06-11,2023-06-11,0.48796803,25909.9,0.0032253568026763
2023-06-12,2023-06-12,0.44481933,25894.8,-0.0005827888181738
2023-06-13,2023-06-13,0.48169497,25918.0,0.0008959327741477
2023-06-14,2023-06-14,0.63572585,25115.9,-0.0309476039817886
2023-06-15,2023-06-15,0.47710414,25586.1,0.0187212084774981
2023-06-16,2023-06-16,0.42898299,26336.0,0.029308882557326
2023-06-17,2023-06-17,0.51034498,26508.9,0.0065651579586878
2023-06-18,2023-06-18,0.55406859,26329.7,-0.0067599938133985
2023-06-19,2023-06-19,0.5087495,26828.5,0.0189443859975617
2023-06-20,2023-06-20,0.56928544,28290.6,0.0544980151704344
2023-06-21,2023-06-21,0.67561631,29988.5,0.0600164012074682
2023-06-22,2023-06-22,0.55450296,29875.0,-0.0037847841672641
2023-06-23,2023-06-23,0.6365964,30673.4,0.0267246861924685
2023-06-24,2023-06-24,0.55855591,30524.2,-0.0048641493932853
2023-06-25,2023-06-25,0.63064177,30458.0,-0.0021687710079215
2023-06-26,2023-06-26,0.51153519,30260.1,-0.0064974719285574
2023-06-27,2023-06-27,0.56863921,30683.2,0.0139821084530455
2023-06-28,2023-06-28,0.80555548,30066.3,-0.020105464879804
2023-06-29,2023-06-29,0.53438539,30439.9,0.0124258721558689
2023-06-30,2023-06-30,0.42058635,30460.2,0.0006668878675686
2023-07-01,2023-07-01,0.63422271,30573.6,0.003722890854295
2023-07-02,2023-07-02,0.5121748,30612.7,0.0012788811262005
2023-07-03,2023-07-03,0.63722925,31149.0,0.0175188728860897
2023-07-04,2023-07-04,0.54445316,30756.1,-0.0126135670487014
2023-07-05,2023-07-05,0.50558394,30488.4,-0.0087039644168147
2023-07-06,2023-07-06,0.53584601,29874.4,-0.0201388068904895
2023-07-07,2023-07-07,0.40841665,30327.9,0.0151802211927267
2023-07-08,2023-07-08,0.39910405,30269.3,-0.00193221423178
2023-07-09,2023-07-09,0.42215053,30147.8,-0.0040139679477225
2023-07-10,2023-07-10,0.49064188,30396.9,0.0082626261286065
2023-07-11,2023-07-11,0.58746688,30608.4,0.006957946369531
2023-07-12,2023-07-12,0.53602969,30368.9,-0.0078246494426366
2023-07-13,2023-07-13,0.69351131,31441.7,0.03532561271564
2023-07-14,2023-07-14,0.52520975,30293.3,-0.0365247426188788
2023-07-15,2023-07-15,0.57611953,30276.4,-0.0005578791349901
2023-07-16,2023-07-16,0.49256103,30216.8,-0.001968529944115
2023-07-17,2023-07-17,0.57021462,30126.1,-0.0030016414709698
2023-07-18,2023-07-18,0.42655779,29845.6,-0.0093108633377702
2023-07-19,2023-07-19,0.53687198,29895.5,0.001671938242153
2023-07-20,2023-07-20,0.6004254,29791.0,-0.0034955093575955
2023-07-21,2023-07-21,0.7292509,29891.4,0.0033701453459098
2023-07-22,2023-07-22,0.6319712,29783.5,-0.003609733903397
2023-07-23,2023-07-23,0.53282197,30070.8,0.009646280658754
2023-07-24,2023-07-24,0.48454013,29163.8,-0.0301621506577809
2023-07-25,2023-07-25,0.55334386,29216.3,0.0018001769316755
2023-07-26,2023-07-26,0.4989016,29336.0,0.0040970280288743
2023-07-27,2023-07-27,0.54286296,29209.7,-0.0043052904281428
2023-07-28,2023-07-28,0.5375298,29299.9,0.0030880152825945
2023-07-29,2023-07-29,0.62079257,29339.1,0.0013378885252166
2023-07-30,2023-07-30,0.40650082,29271.1,-0.0023177261742861
2023-07-31,2023-07-31,0.54157111,29220.8,-0.001718418508358
2023-08-01,2023-08-01,0.52594004,29701.2,0.0164403438646443
2023-08-02,2023-08-02,0.43916578,29170.1,-0.0178814324000378
2023-08-03,2023-08-03,0.42451784,29180.2,0.000346244956308
2023-08-04,2023-08-04,0.6283923,29101.1,-0.002710742215612
2023-08-05,2023-08-05,0.4765666,29057.7,-0.0014913525605561
2023-08-06,2023-08-06,0.47243184,29075.9,0.0006263400062633
2023-08-07,2023-08-07,0.52137195,29202.7,0.0043610000034393
2023-08-08,2023-08-08,0.686408,29759.0,0.019049608426618
2023-08-09,2023-08-09,0.42031719,29572.8,-0.006256930676434
2023-08-10,2023-08-10,0.63829025,29443.7,-0.0043654980252123
2023-08-11,2023-08-11,0.46763114,29415.5,-0.0009577600641224
2023-08-12,2023-08-12,0.52226687,29420.7,0.0001767775492511
2023-08-13,2023-08-13,0.58445213,29293.3,-0.0043302844595812
2023-08-14,2023-08-14,0.42454648,29419.5,0.0043081523761405
2023-08-15,2023-08-15,0.41170771,29188.8,-0.0078417376230052
2023-08-16,2023-08-16,0.41897695,28714.4,-0.0162528092967164
2023-08-17,2023-08-17,0.39895138,26609.7,-0.0732977182180369
2023-08-18,2023-08-18,0.47527199,26042.1,-0.0213305674246609
2023-08-19,2023-08-19,0.47031839,26088.3,0.0017740504798
2023-08-20,2023-08-20,0.39442956,26175.9,0.0033578270719059
2023-08-21,2023-08-21,0.3960063,26115.4,-0.0023112863359043
2023-08-22,2023-08-22,0.49436706,26044.4,-0.0027187023748439
2023-08-23,2023-08-23,0.49148127,26419.2,0.0143908095406306
2023-08-24,2023-08-24,0.49522203,26164.6,-0.0096369307170542
2023-08-25,2023-08-25,0.50471356,26051.7,-0.0043149904833247
2023-08-26,2023-08-26,0.51755773,26004.3,-0.0018194589988369
2023-08-27,2023-08-27,0.67013641,26087.7,0.0032071618924562
2023-08-28,2023-08-28,0.63702478,26106.5,0.000720646128252
2023-08-29,2023-08-29,0.42640945,27700.1,0.0610422691666825
2023-08-30,2023-08-30,0.55701157,27290.4,-0.0147905603228868
2023-08-31,2023-08-31,0.43946085,25928.0,-0.0499223170052472
2023-09-01,2023-09-01,0.43432115,25795.6,-0.005106448626967
2023-09-02,2023-09-02,0.41433756,25855.8,0.0023337313340259
2023-09-03,2023-09-03,0.4192529,25962.1,0.0041112632368751
2023-09-04,2023-09-04,0.42575755,25814.0,-0.0057044692070363
2023-09-05,2023-09-05,0.54328448,25779.7,-0.0013287363446191
2023-09-06,2023-09-06,0.43705747,25747.4,-0.0012529238121467
2023-09-07,2023-09-07,0.430068,26240.7,0.0191592160761862
2023-09-08,2023-09-08,0.45493319,25899.8,-0.0129912692877858
2023-09-09,2023-09-09,0.39757045,25892.6,-0.0002779944246673
2023-09-10,2023-09-10,0.43641686,25828.4,-0.0024794728995928
2023-09-11,2023-09-11,0.37140996,25150.4,-0.02625017422682
2023-09-12,2023-09-12,0.44986829,25825.8,0.0268544436668998
2023-09-13,2023-09-13,0.43259112,26209.9,0.0148727241750499
2023-09-14,2023-09-14,0.37540277,26510.3,0.0114613180515759
2023-09-15,2023-09-15,0.30243446,26591.1,0.0030478719592006
2023-09-16,2023-09-16,0.42184078,26546.9,-0.0016622102884046
2023-09-17,2023-09-17,0.45366136,26514.2,-0.0012317822419943
2023-09-18,2023-09-18,0.38407568,26749.9,0.0088895761516469
2023-09-19,2023-09-19,0.47424729,27196.0,0.0166766978568144
2023-09-20,2023-09-20,0.42000173,27107.7,-0.003246801000147
2023-09-21,2023-09-21,0.42779172,26552.6,-0.020477576481959
2023-09-22,2023-09-22,0.48801071,26566.7,0.0005310214442277
2023-09-23,2023-09-23,0.37553244,26563.1,-0.0001355079855609
2023-09-24,2023-09-24,0.42319379,26232.4,-0.0124496011384211
2023-09-25,2023-09-25,0.41085677,26290.5,0.0022148183162806
2023-09-26,2023-09-26,0.47224712,26208.8,-0.0031075863905213
2023-09-27,2023-09-27,0.41962209,26359.6,0.0057537926192727
2023-09-28,2023-09-28,0.41812279,27011.8,0.024742408837767
2023-09-29,2023-09-29,0.45701538,26890.9,-0.0044758216779332
2023-09-30,2023-09-30,0.49040889,26950.9,0.0022312380768214
2023-10-01,2023-10-01,0.53403304,27981.4,0.0382361999042704
2023-10-02,2023-10-02,0.41897807,27477.6,-0.0180048174859014
2023-10-03,2023-10-03,0.34881575,27412.0,-0.0023873991906133
2023-10-04,2023-10-04,0.59858268,27759.8,0.0126878739238289
2023-10-05,2023-10-05,0.54079108,27398.4,-0.0130188257840473
2023-10-06,2023-10-06,0.58103281,27916.3,0.0189025636533519
2023-10-07,2023-10-07,0.64176969,27943.0,0.0009564304725195
2023-10-08,2023-10-08,0.67028854,27901.2,-0.0014959023726872
2023-10-09,2023-10-09,0.52693303,27578.3,-0.0115729789399739
2023-10-10,2023-10-10,0.50245069,27381.2,-0.0071469234869443
2023-10-11,2023-10-11,0.65857619,26864.5,-0.0188706119527267
2023-10-12,2023-10-12,0.64008707,26744.0,-0.0044854733942563
2023-10-13,2023-10-13,0.61158669,26849.8,0.0039560275201913
2023-10-14,2023-10-14,0.68061943,26836.3,-0.0005027970413187
2023-10-15,2023-10-15,0.69348753,27139.8,0.0113093086602846
2023-10-16,2023-10-16,0.48898619,28486.3,0.0496134827817449
2023-10-17,2023-10-17,0.5914458,28381.9,-0.0036649196280316
2023-10-18,2023-10-18,0.62805805,28307.1,-0.0026354824729846
2023-10-19,2023-10-19,0.6551641,28696.9,0.0137703968262381
2023-10-20,2023-10-20,0.61753472,29653.0,0.0333171875707829
2023-10-21,2023-10-21,0.61703763,29895.4,0.0081745523218561
2023-10-22,2023-10-22,0.75663336,29981.5,0.0028800417455527
2023-10-23,2023-10-23,0.46876203,33074.0,0.1031469406133782
2023-10-24,2023-10-24,0.60884824,33917.0,0.025488298965955
2023-10-25,2023-10-25,0.52988766,34487.7,0.0168263702568032
2023-10-26,2023-10-26,0.52420707,34154.0,-0.0096759134416037
2023-10-27,2023-10-27,0.49273821,33893.1,-0.0076389295543713
2023-10-28,2023-10-28,0.52266793,34086.6,0.0057091266363951
2023-10-29,2023-10-29,0.66840767,34528.6,0.0129669723586394
2023-10-30,2023-10-30,0.46808963,34483.8,-0.0012974751365533
2023-10-31,2023-10-31,0.53912441,34651.4,0.0048602532203527
2023-11-01,2023-11-01,0.56708224,35437.4,0.0226830661964596
2023-11-02,2023-11-02,0.55056671,34940.1,-0.0140331965663396
2023-11-03,2023-11-03,0.59105587,34700.4,-0.0068603123631585
2023-11-04,2023-11-04,0.42940629,35069.7,0.0106425286163847
2023-11-05,2023-11-05,0.44386785,35025.5,-0.0012603472513308
2023-11-06,2023-11-06,0.57129651,35057.4,0.0009107650140611
2023-11-07,2023-11-07,0.57583816,35406.5,0.009957954668629
2023-11-08,2023-11-08,0.50751929,35626.7,0.0062191970400913
2023-11-09,2023-11-09,0.55774945,36719.5,0.0306736239954865
2023-11-10,2023-11-10,0.47380836,37330.4,0.0166369367774616
2023-11-11,2023-11-11,0.5201955,37162.1,-0.0045083899449243
2023-11-12,2023-11-12,0.53399534,37085.5,-0.0020612398115283
2023-11-13,2023-11-13,0.63928673,36486.2,-0.0161599546992761
2023-11-14,2023-11-14,0.56495479,35559.0,-0.0254123476821372
2023-11-15,2023-11-15,0.5811543,37885.6,0.0654292865378665
2023-11-16,2023-11-16,0.56004165,36176.0,-0.0451253246616127
2023-11-17,2023-11-17,0.49884294,36621.9,0.0123258513931889
2023-11-18,2023-11-18,0.58341738,36580.9,-0.0011195486853494
2023-11-19,2023-11-19,0.49441026,37375.9,0.021732652832489
2023-11-20,2023-11-20,0.46684684,37462.5,0.0023170010621818
2023-11-21,2023-11-21,0.55540385,35737.0,-0.0460593927260594
2023-11-22,2023-11-22,0.58860245,37413.4,0.0469093656434507
2023-11-23,2023-11-23,1.24844678,37294.3,-0.0031833514195448
2023-11-24,2023-11-24,0.45364632,37706.3,0.0110472645953938
2023-11-25,2023-11-25,0.59088414,37766.6,0.0015992022553259
2023-11-26,2023-11-26,0.68056712,37437.9,-0.0087034575524403
2023-11-27,2023-11-27,0.72297064,37234.3,-0.0054383392230866
2023-11-28,2023-11-28,0.64466255,37812.1,0.0155179498473181
2023-11-29,2023-11-29,0.74900877,37837.1,0.0006611640189251
2023-11-30,2023-11-30,0.66069059,37716.8,-0.0031794191415303
2023-12-01,2023-12-01,0.51723272,38660.0,0.0250074237475077
2023-12-02,2023-12-02,0.80551484,39435.0,0.0200465597516812
2023-12-03,2023-12-03,0.5403988,39979.7,0.0138126030176237
2023-12-04,2023-12-04,0.52545142,41993.1,0.0503605579831765
2023-12-05,2023-12-05,0.83501405,44081.7,0.0497367424648333
2023-12-06,2023-12-06,0.83490034,43774.8,-0.0069620726968332
2023-12-07,2023-12-07,0.83878588,43296.0,-0.0109377998300392
2023-12-08,2023-12-08,0.77707705,44209.5,0.0210989467849223
2023-12-09,2023-12-09,0.66237681,43734.3,-0.0107488209547721
2023-12-10,2023-12-10,0.78704526,43810.0,0.0017309068625768
2023-12-11,2023-12-11,0.63239429,41271.0,-0.0579548048390778
2023-12-12,2023-12-12,0.67333564,41515.0,0.00591214169756
2023-12-13,2023-12-13,0.87111516,42875.0,0.0327592436468746
2023-12-14,2023-12-14,0.91044523,43032.4,0.003671137026239
2023-12-15,2023-12-15,0.55434384,41968.0,-0.0247348509495171
2023-12-16,2023-12-16,0.65677822,42287.4,0.007610560426992
2023-12-17,2023-12-17,0.66332461,41396.5,-0.0210677412184244
2023-12-18,2023-12-18,0.53703876,42671.7,0.0308045366154143
2023-12-19,2023-12-19,0.59828026,42298.3,-0.008750530210889
2023-12-20,2023-12-20,0.75634093,43708.9,0.0333488579919287
2023-12-21,2023-12-21,0.7407579,43896.3,0.004287456330404
2023-12-22,2023-12-22,0.56091618,43999.2,0.0023441611251973
2023-12-23,2023-12-23,0.64663789,43725.2,-0.0062273859524718
2023-12-24,2023-12-24,0.63079795,43008.4,-0.0163932926550363
2023-12-25,2023-12-25,0.95052484,43611.9,0.0140321425581979
2023-12-26,2023-12-26,0.8124689,42538.5,-0.0246125484099524
2023-12-27,2023-12-27,0.91711871,43453.8,0.0215169787369089
2023-12-28,2023-12-28,0.80468998,42600.1,-0.019646152925636
2023-12-29,2023-12-29,0.58723041,42095.1,-0.0118544322665908
2023-12-30,2023-12-30,0.73026204,42174.2,0.0018790785625879
2023-12-31,2023-12-31,0.65909074,42314.0,0.0033148228063604
2024-01-01,2024-01-01,0.62751126,44230.2,0.0452852483811503
2024-01-02,2024-01-02,0.71579329,44979.8,0.0169476963703534
2024-01-03,2024-01-03,0.58125361,42849.5,-0.0473612599433523
2024-01-04,2024-01-04,0.57073499,44143.8,0.0302057200200702
2024-01-05,2024-01-05,0.88940877,44145.4,3.6245180523586384e-05
2024-01-06,2024-01-06,0.91237865,43956.7,-0.0042745110475838
2024-01-07,2024-01-07,1.09861623,43916.9,-0.0009054364863603
2024-01-08,2024-01-08,1.06877072,46972.7,0.0695814139886921
2024-01-09,2024-01-09,0.7343072,46114.0,-0.0182808312062111
2024-01-10,2024-01-10,0.97574285,46662.9,0.0119031096846944
2024-01-11,2024-01-11,0.71264525,46337.8,-0.0069669909071231
2024-01-12,2024-01-12,0.66430372,42788.9,-0.0765875807655952
2024-01-13,2024-01-13,0.70314496,42846.4,0.0013438064544777
2024-01-14,2024-01-14,0.94010158,41734.9,-0.0259415026700026
2024-01-15,2024-01-15,0.98229919,42515.0,0.018691790324165
2024-01-16,2024-01-16,0.93322974,43133.0,0.0145360461013759
2024-01-17,2024-01-17,0.97970608,42783.4,-0.0081051631001785
2024-01-18,2024-01-18,0.77312508,41323.1,-0.034132397144687
2024-01-19,2024-01-19,0.81185749,41662.2,0.0082060639206642
2024-01-20,2024-01-20,0.71936738,41691.8,0.0007104761630447
2024-01-21,2024-01-21,0.7387019,41580.0,-0.0026815824694544
2024-01-22,2024-01-22,0.58309334,39567.0,-0.0484126984126984
2024-01-23,2024-01-23,0.83252853,39890.0,0.0081633684636186
2024-01-24,2024-01-24,0.73877664,40078.7,0.0047305088994735
2024-01-25,2024-01-25,0.54449453,39953.3,-0.0031288439994309
2024-01-26,2024-01-26,0.70687174,41806.4,0.0463816505770486
2024-01-27,2024-01-27,0.60001153,42102.2,0.0070754716981131
2024-01-28,2024-01-28,0.69491271,42021.2,-0.0019238899629948
2024-01-29,2024-01-29,0.65712166,43287.7,0.0301395486087974
2024-01-30,2024-01-30,0.72106229,42918.3,-0.0085336019238719
2024-01-31,2024-01-31,0.81449385,42560.5,-0.00833677009574
2024-02-01,2024-02-01,0.73677268,43072.6,0.0120322834553165
2024-02-02,2024-02-02,0.72109794,43182.0,0.0025398977540247
2024-02-03,2024-02-03,0.87247643,42992.4,-0.00439071835487
2024-02-04,2024-02-04,0.9699348,42570.3,-0.0098180143467216
2024-02-05,2024-02-05,0.93014267,42692.9,0.0028799421192708
2024-02-06,2024-02-06,0.89404433,43079.1,0.0090460006230543
2024-02-07,2024-02-07,0.85742413,44326.2,0.0289490727522161
2024-02-08,2024-02-08,0.92610012,45269.1,0.021271843740271
2024-02-09,2024-02-09,0.7755949,47116.1,0.0408004577073544
2024-02-10,2024-02-10,0.7796766,47732.6,0.0130846992853823
2024-02-11,2024-02-11,0.93538145,48303.4,0.0119582842753172
2024-02-12,2024-02-12,0.73012237,49943.6,0.0339562018408641
2024-02-13,2024-02-13,1.09750226,49696.4,-0.0049495831297703
2024-02-14,2024-02-14,1.36761912,51823.2,0.0427958564403054
2024-02-15,2024-02-15,1.09803162,51898.5,0.0014530171814941
2024-02-16,2024-02-16,1.08787488,52148.6,0.0048190217443664
2024-02-17,2024-02-17,1.14064566,51679.4,-0.0089973652216933
2024-02-18,2024-02-18,1.41235861,52175.9,0.0096073096823878
2024-02-19,2024-02-19,1.08002493,51813.8,-0.0069399857022111
2024-02-20,2024-02-20,1.09096698,52297.4,0.0093334208261119
2024-02-21,2024-02-21,1.25152437,51877.8,-0.0080233434166898
2024-02-22,2024-02-22,1.07859489,51316.9,-0.0108119465358978
2024-02-23,2024-02-23,0.8693785,50771.9,-0.0106202829866963
2024-02-24,2024-02-24,1.21557834,51602.1,0.0163515645465306
2024-02-25,2024-02-25,0.86096732,51764.9,0.0031549103621753
2024-02-26,2024-02-26,1.04411902,54511.6,0.0530610510210585
2024-02-27,2024-02-27,1.05512908,57074.5,0.0470156810660482
2024-02-28,2024-02-28,0.918802,62487.9,0.0948479618743922
2024-02-29,2024-02-29,1.01260622,61203.3,-0.0205575799474777
2024-03-01,2024-03-01,0.86714687,62430.6,0.0200528402880235
2024-03-02,2024-03-02,1.27690327,62039.9,-0.0062581490487035
2024-03-03,2024-03-03,1.2215911,63178.5,0.0183527052751535
2024-03-04,2024-03-04,1.37488278,68296.4,0.0810069881367869
2024-03-05,2024-03-05,0.75387041,63747.4,-0.0666067318335957
2024-03-06,2024-03-06,1.12989567,66128.1,0.0373458368498167
2024-03-07,2024-03-07,0.93811653,66870.0,0.0112191337721785
2024-03-08,2024-03-08,1.10563644,68180.2,0.0195932406161207
2024-03-09,2024-03-09,1.21103871,68360.1,0.0026385959560109
2024-03-10,2024-03-10,1.35087038,69001.8,0.0093870547292937
2024-03-11,2024-03-11,0.90797497,72153.8,0.0456799677689567
2024-03-12,2024-03-12,1.07836177,71503.2,-0.0090168501173881
2024-03-13,2024-03-13,1.0132144,73127.6,0.0227178643753007
2024-03-14,2024-03-14,1.22320055,71455.5,-0.0228655117903501
2024-03-15,2024-03-15,1.36523094,69552.2,-0.0266361581683706
2024-03-16,2024-03-16,1.10695063,65351.0,-0.0604035530148578
2024-03-17,2024-03-17,1.27515893,68447.9,0.047388716316506
2024-03-18,2024-03-18,1.28489404,67660.0,-0.0115109448208052
2024-03-19,2024-03-19,0.97560295,61974.1,-0.0840363582618977
2024-03-20,2024-03-20,1.11465133,67876.4,0.0952381720751087
2024-03-21,2024-03-21,1.55718416,65539.9,-0.0344228627328496
2024-03-22,2024-03-22,1.3518716,63826.0,-0.0261504823779101
2024-03-23,2024-03-23,1.1545082,64020.3,0.0030442139566948
2024-03-24,2024-03-24,1.16669906,67260.9,0.0506183195017828
2024-03-25,2024-03-25,1.40799746,69920.5,0.0395415464259325
2024-03-26,2024-03-26,1.57388639,70044.1,0.0017677219127438
2024-03-27,2024-03-27,1.51400655,69532.6,-0.0073025422555218
2024-03-28,2024-03-28,1.13662648,70838.7,0.018783994845583
2024-03-29,2024-03-29,1.25035106,69903.6,-0.0132004116394003
2024-03-30,2024-03-30,1.15656356,69642.1,-0.0037408659925954
2024-03-31,2024-03-31,2.07660508,71363.0,0.0247106276232336
2024-04-01,2024-04-01,1.28763701,69700.0,-0.0233033925143281
2024-04-02,2024-04-02,1.19253493,65505.3,-0.0601822094691534
2024-04-03,2024-04-03,1.17809187,65971.9,0.0071230877501513
2024-04-04,2024-04-04,1.24918715,68489.9,0.0381677653667698
2024-04-05,2024-04-05,1.15464798,67825.7,-0.0096977802566509
2024-04-06,2024-04-06,1.04862059,68901.6,0.0158627187039721
2024-04-07,2024-04-07,1.09532162,69362.7,0.0066921522867391
2024-04-08,2024-04-08,1.2577447,71678.4,0.0333853785968538
2024-04-09,2024-04-09,1.16351604,69189.3,-0.0347259425433602
2024-04-10,2024-04-10,1.23455346,70681.7,0.0215698092046023
2024-04-11,2024-04-11,1.47913049,70055.7,-0.0088566064483451
2024-04-12,2024-04-12,1.31417977,67136.4,-0.0416711274029094
2024-04-13,2024-04-13,1.04957155,63939.7,-0.0476150046770454
2024-04-14,2024-04-14,1.24795999,65615.9,0.026215324751289
2024-04-15,2024-04-15,1.2585696,63392.7,-0.0338820316417209
2024-04-16,2024-04-16,1.08283832,63765.0,0.005872915966665
2024-04-17,2024-04-17,1.59768366,61254.5,-0.039371128361954
2024-04-18,2024-04-18,1.40314641,63445.0,0.0357606379939432
2024-04-19,2024-04-19,1.26244576,63787.4,0.0053968003782804
2024-04-20,2024-04-20,1.7114743,64897.2,0.017398420377692
2024-04-21,2024-04-21,1.30593819,64912.6,0.0002372983734275
2024-04-22,2024-04-22,1.15735246,66778.0,0.0287371018877691
2024-04-23,2024-04-23,1.12752047,66386.3,-0.0058657042738625
2024-04-24,2024-04-24,1.0340331,64250.0,-0.0321798322846732
2024-04-25,2024-04-25,1.07989967,64478.8,0.0035610894941635
2024-04-26,2024-04-26,1.24907814,63748.8,-0.0113215506492055
2024-04-27,2024-04-27,1.28375186,63421.0,-0.0051420575759857
2024-04-28,2024-04-28,1.28316049,63088.3,-0.0052458964696235
2024-04-29,2024-04-29,1.41703034,63842.4,0.0119530879735227
2024-04-30,2024-04-30,1.04526439,60651.2,-0.0499855895141787
2024-05-01,2024-05-01,1.30262816,58307.6,-0.038640620465877
2024-05-02,2024-05-02,1.29303009,59036.7,0.0125043733578469
2024-05-03,2024-05-03,1.34732535,62853.7,0.0646546978404958
2024-05-04,2024-05-04,1.19620558,63864.2,0.0160770169457009
2024-05-05,2024-05-05,1.32161808,63988.0,0.0019384882297124
2024-05-06,2024-05-06,1.47347198,63142.8,-0.0132087266362442
2024-05-07,2024-05-07,1.57109891,62296.0,-0.0134108718650424
2024-05-08,2024-05-08,1.55670897,61157.9,-0.0182692307692307
2024-05-09,2024-05-09,1.56312851,63050.1,0.0309395842564901
2024-05-10,2024-05-10,1.21829087,60778.1,-0.0360348357893167
2024-05-11,2024-05-11,1.22019772,60809.2,0.0005116974699768
2024-05-12,2024-05-12,2.04557785,61455.8,0.0106332594410056
2024-05-13,2024-05-13,1.40464831,62912.1,0.0236967055997967
2024-05-14,2024-05-14,1.84977145,61550.5,-0.0216428954048585
2024-05-15,2024-05-15,1.5653412,66175.4,0.0751399257520246
2024-05-16,2024-05-16,1.70410371,65217.7,-0.0144721452382606
2024-05-17,2024-05-17,1.59807778,66980.0,0.027021805430121
2024-05-18,2024-05-18,2.08524433,66884.9,-0.0014198268139744
2024-05-19,2024-05-19,1.3718269,66239.4,-0.0096509077534689
2024-05-20,2024-05-20,1.55427102,71466.5,0.0789122486012856
2024-05-21,2024-05-21,1.51341842,70168.8,-0.0181581580180923
2024-05-22,2024-05-22,1.43069669,69219.1,-0.0135345053642074
2024-05-23,2024-05-23,1.19210016,67999.9,-0.017613635542791
2024-05-24,2024-05-24,1.28130897,68584.1,0.0085911891046899
2024-05-25,2024-05-25,1.46058204,69314.4,0.0106482406272006
2024-05-26,2024-05-26,1.55464458,68524.3,-0.0113987858222821
2024-05-27,2024-05-27,1.62379273,69461.6,0.0136783593557321
2024-05-28,2024-05-28,1.55711368,68440.5,-0.014700208460502
2024-05-29,2024-05-29,1.39762332,67686.7,-0.0110139464206135
2024-05-30,2024-05-30,1.4462336,68402.5,0.010575194240523
2024-05-31,2024-05-31,1.05427666,67577.9,-0.0120551149446292
2024-06-01,2024-06-01,1.31492117,67799.2,0.0032747392268774
2024-06-02,2024-06-02,1.29510934,67805.9,9.882122502924418e-05
2024-06-03,2024-06-03,1.02967095,68851.4,0.0154190122098518
2024-06-04,2024-06-04,1.34611024,70580.0,0.0251062433007898
2024-06-05,2024-06-05,1.67256441,71133.3,0.0078393312553131
2024-06-06,2024-06-06,1.54712458,70830.0,-0.0042638258031049
2024-06-07,2024-06-07,3.01690896,69377.0,-0.0205139065367782
2024-06-08,2024-06-08,1.36784214,69346.5,-0.000439626965709
2024-06-09,2024-06-09,1.23529222,69667.1,0.004623160505577
2024-06-10,2024-06-10,1.34861449,69558.7,-0.0015559711829544
2024-06-11,2024-06-11,1.72066464,67320.7,-0.032174264326389
2024-06-12,2024-06-12,1.32461777,68270.3,0.014105616845933
2024-06-13,2024-06-13,1.29005425,66786.9,-0.0217283357477557
2024-06-14,2024-06-14,1.57134255,66039.7,-0.0111878227616493
2024-06-15,2024-06-15,1.8412503,66213.7,0.0026347787770084
2024-06-16,2024-06-16,1.21448911,66653.6,0.0066436402134302
2024-06-17,2024-06-17,1.45602615,66472.1,-0.002723033714608
2024-06-18,2024-06-18,1.12966766,65150.0,-0.0198895476448014
2024-06-19,2024-06-19,1.40465262,64933.6,-0.003321565617805
2024-06-20,2024-06-20,1.52249974,64854.0,-0.0012258676555743
2024-06-21,2024-06-21,1.36200544,64124.0,-0.0112560520553859
2024-06-22,2024-06-22,1.47755678,64240.0,0.0018089950720479
2024-06-23,2024-06-23,2.67827604,63194.9,-0.0162686799501867
2024-06-24,2024-06-24,1.48846174,60273.6,-0.0462268315955877
2024-06-25,2024-06-25,1.54250528,61777.8,0.0249561997292346
2024-06-26,2024-06-26,1.74661204,60860.1,-0.0148548507716365
2024-06-27,2024-06-27,1.52190541,61682.0,0.0135047428446553
2024-06-28,2024-06-28,1.41185402,60429.8,-0.0203008981550533
2024-06-29,2024-06-29,1.59520953,60982.4,0.0091444949346182
2024-06-30,2024-06-30,1.91476319,62766.0,0.0292477829668886
2024-07-01,2024-07-01,1.20090553,62883.6,0.0018736258483891
2024-07-02,2024-07-02,1.26730683,62123.6,-0.0120858220585335
2024-07-03,2024-07-03,1.22743595,60208.0,-0.0308353025259321
2024-07-04,2024-07-04,1.25595714,57045.9,-0.052519598724422
2024-07-05,2024-07-05,1.60029934,56604.9,-0.0077306169242662
2024-07-06,2024-07-06,1.20004872,58216.0,0.0284622002688812
2024-07-07,2024-07-07,1.39164558,55830.9,-0.0409698364710732
2024-07-08,2024-07-08,1.15287723,56686.4,0.0153230558704946
2024-07-09,2024-07-09,1.25521413,58023.2,0.0235823760196447
2024-07-10,2024-07-10,1.44610806,57707.0,-0.0054495443202029
2024-07-11,2024-07-11,1.68704722,57315.5,-0.0067842722719947
2024-07-12,2024-07-12,1.37157761,57870.0,0.0096745208538702
2024-07-13,2024-07-13,1.23266221,59174.0,0.022533264212891
2024-07-14,2024-07-14,1.19896363,60766.0,0.0269037077094669
2024-07-15,2024-07-15,1.25566916,64680.6,0.0644208932626797
2024-07-16,2024-07-16,1.48481479,65010.0,0.0050927171362047
2024-07-17,2024-07-17,1.28045931,64055.7,-0.0146792801107522
2024-07-18,2024-07-18,1.54345975,63959.9,-0.0014955733837893
2024-07-19,2024-07-19,1.65127608,66627.9,0.0417136362001815
2024-07-20,2024-07-20,1.45064407,67095.6,0.0070195818868674
2024-07-21,2024-07-21,1.4855525,68138.0,0.0155360411114886
2024-07-22,2024-07-22,1.18948523,67499.2,-0.0093750917256156
2024-07-23,2024-07-23,1.30440289,65916.4,-0.0234491668049399
2024-07-24,2024-07-24,2.00908903,65350.8,-0.0085805656862327
2024-07-25,2024-07-25,1.61954095,65773.0,0.0064605176983296
2024-07-26,2024-07-26,2.1276649,67882.5,0.0320724309367066
2024-07-27,2024-07-27,1.91673766,67873.8,-0.000128162633963
2024-07-28,2024-07-28,2.28858086,68215.5,0.0050343431486081
2024-07-29,2024-07-29,1.52794184,66750.0,-0.0214833872067198
2024-07-30,2024-07-30,2.1677119,66159.3,-0.0088494382022471
2024-07-31,2024-07-31,1.71728593,64601.8,-0.023541663832598
2024-08-01,2024-08-01,1.70801294,65328.9,0.0112551043469377
2024-08-02,2024-08-02,1.79768062,61483.7,-0.0588590960509055
2024-08-03,2024-08-03,2.00292377,60684.6,-0.0129969406525631
2024-08-04,2024-08-04,1.75895673,58144.5,-0.0418574069862864
2024-08-05,2024-08-05,1.07276377,54003.1,-0.0712259972998305
2024-08-06,2024-08-06,1.5473254,55991.2,0.0368145532386103
2024-08-07,2024-08-07,1.64039924,55102.9,-0.0158649930703395
2024-08-08,2024-08-08,1.7012909,61659.8,0.1189937371717277
2024-08-09,2024-08-09,1.89107951,60808.6,-0.0138047804241986
2024-08-10,2024-08-10,2.01605907,60889.9,0.0013369819400546
2024-08-11,2024-08-11,1.5061255,58693.1,-0.0360782330074446
2024-08-12,2024-08-12,1.55279485,59323.6,0.010742318943794
2024-08-13,2024-08-13,1.37977374,60550.5,0.0206814825802885
2024-08-14,2024-08-14,1.71926676,58648.1,-0.031418402820786
2024-08-15,2024-08-15,1.45854191,57511.0,-0.0193885223903246
2024-08-16,2024-08-16,1.49179891,58854.9,0.0233677035697519
2024-08-17,2024-08-17,1.88081154,59468.5,0.0104256400061846
2024-08-18,2024-08-18,1.81751491,58390.0,-0.0181356516475108
2024-08-19,2024-08-19,1.6198863,59398.5,0.0172717931152595
2024-08-20,2024-08-20,1.53141909,58982.9,-0.0069968096837461
2024-08-21,2024-08-21,1.50792466,61120.0,0.0362325351924031
2024-08-22,2024-08-22,1.56866376,60349.9,-0.0125998036649214
2024-08-23,2024-08-23,2.05174972,64019.9,0.0608120311715512
2024-08-24,2024-08-24,1.95462414,64116.5,0.0015089058245951
2024-08-25,2024-08-25,2.28675542,64190.2,0.001149470105199
2024-08-26,2024-08-26,1.94817496,62807.6,-0.021539113447224
2024-08-27,2024-08-27,2.03822026,59384.5,-0.0545013660767168
2024-08-28,2024-08-28,1.79259831,59010.0,-0.006306359403548
2024-08-29,2024-08-29,1.80230299,59323.2,0.0053075749872901
2024-08-30,2024-08-30,1.28350091,59096.3,-0.0038248105294386
2024-08-31,2024-08-31,1.83761045,58941.9,-0.0026126847196863
2024-09-01,2024-09-01,1.79422376,57268.1,-0.0283974557996943
2024-09-02,2024-09-02,1.43862943,59112.1,0.0321994269060785
2024-09-03,2024-09-03,1.83523478,57451.9,-0.0280856203721403
2024-09-04,2024-09-04,1.62943332,57944.8,0.0085793507264337
2024-09-05,2024-09-05,1.42986243,56145.7,-0.0310485151385457
2024-09-06,2024-09-06,1.65315106,53927.7,-0.0395043609751057
2024-09-07,2024-09-07,2.05672935,54134.9,0.0038421812908766
2024-09-08,2024-09-08,1.9388237,54839.6,0.0130174804054314
2024-09-09,2024-09-09,1.65410978,57010.0,0.0395772398048126
2024-09-10,2024-09-10,1.8322853,57609.1,0.0105086826872478
2024-09-11,2024-09-11,2.19239703,57306.0,-0.0052613215620448
2024-09-12,2024-09-12,1.46509116,58097.0,0.0138030921718492
2024-09-13,2024-09-13,1.66505303,60456.2,0.0406079487753239
2024-09-14,2024-09-14,2.07371391,59964.0,-0.008141431317218
2024-09-15,2024-09-15,1.9325901,59100.5,-0.014400306850777
2024-09-16,2024-09-16,1.97001297,58187.0,-0.0154567220243483
2024-09-17,2024-09-17,1.79492765,60281.0,0.0359874198704177
2024-09-18,2024-09-18,1.71880179,61735.3,0.0241253462948525
2024-09-19,2024-09-19,1.71099951,62926.9,0.0193017609050252
2024-09-20,2024-09-20,1.43382177,63175.7,0.0039537940054252
2024-09-21,2024-09-21,1.97195926,63320.6,0.0022936033949763
2024-09-22,2024-09-22,2.04107726,63558.4,0.0037554918936333
2024-09-23,2024-09-23,1.44837004,63302.0,-0.0040340851877957
2024-09-24,2024-09-24,1.69824729,64243.1,0.0148668288521689
2024-09-25,2024-09-25,1.43336556,63118.4,-0.0175069384883356
2024-09-26,2024-09-26,1.55276844,65139.2,0.0320160206849349
2024-09-27,2024-09-27,1.51718809,65749.6,0.0093707015130675
2024-09-28,2024-09-28,1.63311093,65822.6,0.0011102729142078
2024-09-29,2024-09-29,1.57123497,65568.1,-0.003866453163503
2024-09-30,2024-09-30,1.70842825,63309.1,-0.0344527292997662
2024-10-01,2024-10-01,1.48106875,60776.8,-0.0399989890868768
2024-10-02,2024-10-02,1.74968611,60622.6,-0.0025371523344435
2024-10-03,2024-10-03,1.60610226,60727.2,0.0017254291303903
2024-10-04,2024-10-04,1.12651408,62054.4,0.0218551159941509
2024-10-05,2024-10-05,1.09533185,62023.1,-0.0005043961427393
2024-10-06,2024-10-06,1.20218465,62789.3,0.0123534618553411
2024-10-07,2024-10-07,1.11856264,62190.7,-0.0095334714672723
2024-10-08,2024-10-08,0.93089355,62131.7,-0.0009486949013276
2024-10-09,2024-10-09,1.38397568,60606.4,-0.0245494650878697
2024-10-10,2024-10-10,0.99227241,60293.2,-0.0051677710604821
2024-10-11,2024-10-11,1.16299202,62509.0,0.0367504129818951
2024-10-12,2024-10-12,1.22012319,63176.0,0.0106704634532628
2024-10-13,2024-10-13,1.32503565,62839.8,-0.0053216411295428
2024-10-14,2024-10-14,1.32659094,66064.9,0.0513225694543901
2024-10-15,2024-10-15,1.11050428,67044.1,0.0148217888773012
2024-10-16,2024-10-16,1.32563153,67592.0,0.0081722329034172
2024-10-17,2024-10-17,1.19922188,67401.5,-0.0028183808734761
2024-10-18,2024-10-18,1.79076823,68407.8,0.0149299347937361
2024-10-19,2024-10-19,1.32684936,68357.1,-0.0007411435538052
2024-10-20,2024-10-20,1.22937078,69020.1,0.0096990656420474
2024-10-21,2024-10-21,1.077007,67368.8,-0.023924914626319
2024-10-22,2024-10-22,1.64192109,67406.4,0.0005581218605643
2024-10-23,2024-10-23,1.35183786,66647.2,-0.0112630254693916
2024-10-24,2024-10-24,1.40048001,68173.8,0.0229056884610308
2024-10-25,2024-10-25,1.27740628,66662.8,-0.0221639398126552
2024-10-26,2024-10-26,1.63780393,67071.8,0.0061353558506394
2024-10-27,2024-10-27,2.06886778,67992.6,0.0137285714711696
2024-10-28,2024-10-28,1.57830334,69940.0,0.0286413521471453
2024-10-29,2024-10-29,1.48936075,72739.5,0.0400271661424078
2024-10-30,2024-10-30,1.53445246,72349.0,-0.0053684724255734
2024-10-31,2024-10-31,1.51823547,70321.9,-0.0280183554713956
2024-11-01,2024-11-01,1.51221758,69495.5,-0.0117516733762881
2024-11-02,2024-11-02,1.5509418,69366.6,-0.0018547963537206
2024-11-03,2024-11-03,2.31177109,68762.5,-0.0087088022189354
2024-11-04,2024-11-04,1.6253862,67834.3,-0.0134986366115251
2024-11-05,2024-11-05,1.74946876,69353.1,0.0223898529210149
2024-11-06,2024-11-06,1.29792181,75579.9,0.0897840183063192
2024-11-07,2024-11-07,1.52017996,75859.4,0.0036980731649551
2024-11-08,2024-11-08,1.42803988,76482.2,0.0082099252037322
2024-11-09,2024-11-09,1.58862335,76675.1,0.0025221554819292
2024-11-10,2024-11-10,1.33532379,80410.0,0.0487107287763561
2024-11-11,2024-11-11,1.4263694,88728.9,0.103456037806243
2024-11-12,2024-11-12,1.2432447,87972.0,-0.008530478795522
2024-11-13,2024-11-13,1.41185055,90413.3,0.0277508752784978
2024-11-14,2024-11-14,1.55733835,87382.7,-0.0335194047778369
2024-11-15,2024-11-15,1.34568204,91074.6,0.0422497817073632
2024-11-16,2024-11-16,1.35338227,90643.3,-0.004735678224225
2024-11-17,2024-11-17,1.51955997,89899.9,-0.0082013783699402
2024-11-18,2024-11-18,1.35407685,90507.4,0.0067575158593058
2024-11-19,2024-11-19,1.28623255,92335.9,0.0202027679504659
2024-11-20,2024-11-20,1.54777805,94288.0,0.021141289574261
2024-11-21,2024-11-21,1.48795895,98366.8,0.0432589512981502
2024-11-22,2024-11-22,1.57897425,98921.4,0.005638081141198
2024-11-23,2024-11-23,1.90559523,97725.5,-0.0120893962277119
2024-11-24,2024-11-24,1.95418927,97960.4,0.0024036715084598
2024-11-25,2024-11-25,1.12914844,93064.0,-0.049983462705338
2024-11-26,2024-11-26,1.79148356,92021.4,-0.0112030430671367
2024-11-27,2024-11-27,1.75606755,95905.2,0.0422054000482496
2024-11-28,2024-11-28,1.6900246,95694.4,-0.0021980038621471
2024-11-29,2024-11-29,2.36444061,97516.3,0.019038731629019
2024-11-30,2024-11-30,1.3668442,96475.1,-0.0106771893519339
2024-12-01,2024-12-01,1.52152623,97265.1,0.0081886414214651
2024-12-02,2024-12-02,1.94161188,95890.5,-0.0141325100164396
2024-12-03,2024-12-03,1.56350772,95913.3,0.0002377712077838
2024-12-04,2024-12-04,1.59797845,98669.8,0.0287394970249172
2024-12-05,2024-12-05,1.39340854,97001.5,-0.0169079090055924
2024-12-06,2024-12-06,1.82010097,99802.5,0.0288758421261527
2024-12-07,2024-12-07,1.98084221,99899.2,0.0009689136043686
2024-12-08,2024-12-08,1.68836146,101200.0,0.0130211252942966
2024-12-09,2024-12-09,1.62814466,97349.1,-0.0380523715415018
2024-12-10,2024-12-10,1.48216019,96602.4,-0.0076703328536166
2024-12-11,2024-12-11,1.87984761,101115.3,0.0467162306526547
2024-12-12,2024-12-12,1.69664491,99982.4,-0.0112040413270791
2024-12-13,2024-12-13,1.36459119,101371.9,0.0138974459504872
2024-12-14,2024-12-14,1.83415188,101381.0,8.976846640940117e-05
2024-12-15,2024-12-15,2.41031598,104460.4,0.0303745277714757
2024-12-16,2024-12-16,1.79869172,106023.2,0.0149606932387775
2024-12-17,2024-12-17,2.0045615,106074.6,0.0004847995533054
2024-12-18,2024-12-18,1.68777222,100181.1,-0.0555599549750835
2024-12-19,2024-12-19,1.72303555,97434.4,-0.0274173471842494
2024-12-20,2024-12-20,1.81879231,97764.4,0.0033868941564785
2024-12-21,2024-12-21,2.55692997,97261.8,-0.0051409306455109
2024-12-22,2024-12-22,2.14517229,95153.5,-0.0216765472158648
2024-12-23,2024-12-23,2.4716536,94861.1,-0.0030729295296546
2024-12-24,2024-12-24,2.577665,98627.2,0.0397012052358658
2024-12-25,2024-12-25,2.43026019,99379.7,0.0076297410856234
2024-12-26,2024-12-26,2.58614309,95751.0,-0.0365134931983091
2024-12-27,2024-12-27,1.78224765,94258.9,-0.015583127069169
2024-12-28,2024-12-28,2.74791146,95259.1,0.0106111995790318
2024-12-29,2024-12-29,2.11076318,93700.0,-0.0163669402713232
