start_time,average_dormancy,date,sa_average_dormancy,close,change
2021-01-01,15.01804685,2021-01-01,8.1e-07,29337.16,
2021-01-02,26.15849851,2021-01-02,1.41e-06,32199.91,0.0975810201123763
2021-01-03,16.38457886,2021-01-03,8.8e-07,33054.53,0.0265410679719291
2021-01-04,28.92798543,2021-01-04,1.56e-06,32031.07,-0.0309627757526729
2021-01-05,9.94731076,2021-01-05,5.4e-07,33999.52,0.0614543941242049
2021-01-06,11.77878879,2021-01-06,6.3e-07,36823.68,0.083064702089912
2021-01-07,14.23893884,2021-01-07,7.7e-07,39498.92,0.0726499904409336
2021-01-08,12.91269779,2021-01-08,6.9e-07,40637.23,0.0288187626395861
2021-01-09,14.66205246,2021-01-09,7.9e-07,40136.04,-0.0123332717313655
2021-01-10,12.18420527,2021-01-10,6.6e-07,38221.67,-0.047697032392832
2021-01-11,10.40029105,2021-01-11,5.6e-07,35408.46,-0.0736024878033848
2021-01-12,7.05048311,2021-01-12,3.8e-07,34056.9,-0.038170538905109
2021-01-13,8.68205805,2021-01-13,4.7e-07,37421.07,0.0987808637897165
2021-01-14,7.99268691,2021-01-14,4.3e-07,39163.31,0.0465577280393103
2021-01-15,10.68790619,2021-01-15,5.7e-07,36755.24,-0.0614879079424083
2021-01-16,6.19790757,2021-01-16,3.3e-07,36025.66,-0.0198496867385438
2021-01-17,6.75744332,2021-01-17,3.6e-07,35869.83,-0.0043255279708963
2021-01-18,7.64045863,2021-01-18,4.1e-07,36686.86,0.0227776379202242
2021-01-19,6.45179873,2021-01-19,3.5e-07,35891.03,-0.0216925078897458
2021-01-20,5.10851788,2021-01-20,2.7e-07,35500.0,-0.0108949227703969
2021-01-21,4.72341734,2021-01-21,2.5e-07,30879.97,-0.1301416901408451
2021-01-22,5.77259701,2021-01-22,3.1e-07,32986.34,0.0682115299982479
2021-01-23,3.77807354,2021-01-23,2e-07,32086.48,-0.0272797770228524
2021-01-24,3.6033584,2021-01-24,1.9e-07,32275.63,0.0058950062456213
2021-01-25,4.40874995,2021-01-25,2.4e-07,32253.68,-0.0006800796762139
2021-01-26,4.54786553,2021-01-26,2.4e-07,32474.14,0.0068351890388942
2021-01-27,19.49440945,2021-01-27,1.05e-06,30381.04,-0.0644543627637251
2021-01-28,6.23070285,2021-01-28,3.3e-07,33399.75,0.0993616413394669
2021-01-29,7.25966245,2021-01-29,3.9e-07,34269.35,0.0260361230248729
2021-01-30,5.22745845,2021-01-30,2.8e-07,34289.85,0.0005982021835839
2021-01-31,9.64311313,2021-01-31,5.2e-07,33126.21,-0.0339354065415858
2021-02-01,3.99364849,2021-02-01,2.1e-07,33546.09,0.0126751596394516
2021-02-02,4.25890635,2021-02-02,2.3e-07,35504.06,0.0583665637336572
2021-02-03,5.19597005,2021-02-03,2.8e-07,37652.51,0.0605127976913064
2021-02-04,7.1944852,2021-02-04,3.9e-07,36976.93,-0.0179424957326882
2021-02-05,10.13105943,2021-02-05,5.4e-07,38362.65,0.0374752582218156
2021-02-06,4.65968933,2021-02-06,2.5e-07,39249.54,0.0231185801815045
2021-02-07,12.86264118,2021-02-07,6.9e-07,38849.25,-0.0101985908624662
2021-02-08,8.12062783,2021-02-08,4.4e-07,46451.32,0.195681255107885
2021-02-09,7.70403976,2021-02-09,4.1e-07,46492.54,0.0008873805954277
2021-02-10,7.70391557,2021-02-10,4.1e-07,44850.0,-0.0353291087129247
2021-02-11,5.69524059,2021-02-11,3.1e-07,48060.21,0.0715765886287624
2021-02-12,7.13221949,2021-02-12,3.8e-07,47361.03,-0.0145480013508055
2021-02-13,4.95261206,2021-02-13,2.7e-07,47221.62,-0.0029435592933683
2021-02-14,5.47388269,2021-02-14,2.9e-07,48655.21,0.0303587636341149
2021-02-15,5.99841877,2021-02-15,3.2e-07,47981.58,-0.0138449715868043
2021-02-16,6.20521744,2021-02-16,3.3e-07,49197.94,0.0253505616113516
2021-02-17,7.82102204,2021-02-17,4.2e-07,52194.62,0.0609106804065373
2021-02-18,9.42463438,2021-02-18,5.1e-07,51619.7,-0.0110149283585166
2021-02-19,9.8777672,2021-02-19,5.3e-07,56004.1,0.0849365649161075
2021-02-20,9.54647773,2021-02-20,5.1e-07,55917.41,-0.0015479223842539
2021-02-21,8.02827364,2021-02-21,4.3e-07,57487.43,0.0280774806987662
2021-02-22,7.54224221,2021-02-22,4e-07,54121.1,-0.0585576707812472
2021-02-23,15.522098,2021-02-23,8.3e-07,48930.0,-0.0959163801179207
2021-02-24,14.87336559,2021-02-24,8e-07,49702.03,0.0157782546494993
2021-02-25,7.88074874,2021-02-25,4.2e-07,47089.37,-0.0525664645890719
2021-02-26,9.81334742,2021-02-26,5.3e-07,46313.13,-0.0164843997700543
2021-02-27,6.1155678,2021-02-27,3.3e-07,46102.63,-0.0045451473480631
2021-02-28,6.23921483,2021-02-28,3.3e-07,45163.36,-0.0203734580868812
2021-03-01,4.61967238,2021-03-01,2.5e-07,49592.7,0.0980737482773645
2021-03-02,9.65123513,2021-03-02,5.2e-07,48450.57,-0.023030204042127
2021-03-03,4.21333926,2021-03-03,2.3e-07,50373.75,0.0396936506629332
2021-03-04,6.77032954,2021-03-04,3.6e-07,48385.77,-0.0394646020993076
2021-03-05,9.41739553,2021-03-05,5.1e-07,48770.57,0.0079527513977766
2021-03-06,4.48295352,2021-03-06,2.4e-07,48908.21,0.0028221937943313
2021-03-07,2.23517492,2021-03-07,1.2e-07,50995.27,0.0426729990731618
2021-03-08,11.50363936,2021-03-08,6.2e-07,52429.43,0.0281233926205313
2021-03-09,4.90134324,2021-03-09,2.6e-07,54917.78,0.0474609393998752
2021-03-10,5.82517093,2021-03-10,3.1e-07,55947.98,0.018758952018818
2021-03-11,22.81918528,2021-03-11,1.22e-06,57844.52,0.0338982747902603
2021-03-12,12.47416478,2021-03-12,6.7e-07,57291.03,-0.0095685814317414
2021-03-13,8.65189335,2021-03-13,4.6e-07,61267.41,0.0694066767520151
2021-03-14,14.76344215,2021-03-14,7.9e-07,59037.12,-0.0364025507198688
2021-03-15,8.32402953,2021-03-15,4.5e-07,55646.61,-0.0574301388685627
2021-03-16,11.5484809,2021-03-16,6.2e-07,56954.19,0.0234979273670039
2021-03-17,9.52118109,2021-03-17,5.1e-07,58959.0,0.0352003952650366
2021-03-18,5.38676463,2021-03-18,2.9e-07,57700.01,-0.0213536525382044
2021-03-19,5.38834086,2021-03-19,2.9e-07,58089.11,0.0067434996978337
2021-03-20,11.67133844,2021-03-20,6.3e-07,58145.61,0.0009726435815593
2021-03-21,6.48257252,2021-03-21,3.5e-07,57415.18,-0.0125620833627853
2021-03-22,10.6693762,2021-03-22,5.7e-07,54129.56,-0.0572256326636962
2021-03-23,11.84977406,2021-03-23,6.3e-07,54400.0,0.0049961610624582
2021-03-24,6.58355444,2021-03-24,3.5e-07,52311.54,-0.0383908088235294
2021-03-25,14.21629781,2021-03-25,7.6e-07,51325.21,-0.0188549218776583
2021-03-26,7.85520645,2021-03-26,4.2e-07,55030.0,0.0721826564372556
2021-03-27,10.25452408,2021-03-27,5.5e-07,55828.0,0.014501181173905
2021-03-28,8.54377721,2021-03-28,4.6e-07,55805.08,-0.0004105466790856
2021-03-29,4.4121918,2021-03-29,2.4e-07,57677.64,0.0335553680776015
2021-03-30,7.41907844,2021-03-30,4e-07,58794.16,0.019357934894701
2021-03-31,10.92030072,2021-03-31,5.8e-07,58807.24,0.0002224710753584
2021-04-01,20.42429379,2021-04-01,1.09e-06,58794.01,-0.000224972299329
2021-04-02,15.46866366,2021-04-02,8.3e-07,59031.36,0.0040369758756035
2021-04-03,3.43959508,2021-04-03,1.8e-07,57134.65,-0.0321305489150173
2021-04-04,4.83482356,2021-04-04,2.6e-07,58234.61,0.0192520650778467
2021-04-05,4.62316815,2021-04-05,2.5e-07,59243.39,0.0173226883463286
2021-04-06,18.16540015,2021-04-06,9.7e-07,58059.99,-0.0199752242402063
2021-04-07,5.20110565,2021-04-07,2.8e-07,56018.18,-0.0351672468424468
2021-04-08,6.44246931,2021-04-08,3.4e-07,58122.26,0.0375606633417937
2021-04-09,6.63304351,2021-04-09,3.6e-07,58176.03,0.000925118878722
2021-04-10,6.92613847,2021-04-10,3.7e-07,59832.43,0.028472207539772
2021-04-11,11.36019726,2021-04-11,6.1e-07,60090.2,0.004308198747736
2021-04-12,11.1704069,2021-04-12,6e-07,59911.18,-0.0029791879541088
2021-04-13,7.89268319,2021-04-13,4.2e-07,63649.71,0.0624012079214597
2021-04-14,18.78145588,2021-04-14,1.01e-06,63019.1,-0.0099075078268228
2021-04-15,13.79917184,2021-04-15,7.4e-07,63232.55,0.0033870683649879
2021-04-16,3.89519089,2021-04-16,2.1e-07,61424.67,-0.0285909709477161
2021-04-17,8.56731746,2021-04-17,4.6e-07,60090.14,-0.0217262868485903
2021-04-18,19.84430733,2021-04-18,1.06e-06,56140.05,-0.0657360758354032
2021-04-19,4.13700855,2021-04-19,2.2e-07,55634.39,-0.0090071170225178
2021-04-20,7.70930987,2021-04-20,4.1e-07,56410.56,0.0139512628789495
2021-04-21,4.11668369,2021-04-21,2.2e-07,53800.0,-0.0462778600318805
2021-04-22,5.93892064,2021-04-22,3.2e-07,51714.61,-0.0387618959107806
2021-04-23,8.0331654,2021-04-23,4.3e-07,51122.62,-0.011447248659518
2021-04-24,13.77576025,2021-04-24,7.4e-07,50092.4,-0.0201519405695561
2021-04-25,8.44034347,2021-04-25,4.5e-07,49063.94,-0.020531258234782
2021-04-26,6.03936852,2021-04-26,3.2e-07,53984.33,0.1002852604173247
2021-04-27,11.07567866,2021-04-27,5.9e-07,55006.25,0.0189299376319016
2021-04-28,5.43393549,2021-04-28,2.9e-07,54861.77,-0.0026266106124304
2021-04-29,7.49721615,2021-04-29,4e-07,53558.8,-0.0237500539993513
2021-04-30,8.90109734,2021-04-30,4.8e-07,57684.16,0.0770248773310828
2021-05-01,3.81593064,2021-05-01,2e-07,57836.34,0.0026381592451028
2021-05-02,4.75165555,2021-05-02,2.5e-07,56630.33,-0.0208521147776639
2021-05-03,5.6412609,2021-05-03,3e-07,57214.83,0.010321324279763
2021-05-04,5.39422957,2021-05-04,2.9e-07,53263.32,-0.0690644366154719
2021-05-05,5.46983599,2021-05-05,2.9e-07,57497.77,0.0795003015208213
2021-05-06,5.74670675,2021-05-06,3.1e-07,56435.35,-0.0184775861742115
2021-05-07,12.89366115,2021-05-07,6.9e-07,57350.88,0.0162226335089619
2021-05-08,5.22100004,2021-05-08,2.8e-07,58924.98,0.0274468325507821
2021-05-09,9.51231881,2021-05-09,5.1e-07,58292.53,-0.0107331389845189
2021-05-10,7.7163388,2021-05-10,4.1e-07,55869.67,-0.0415638161527729
2021-05-11,8.13295832,2021-05-11,4.3e-07,56710.43,0.0150485943446596
2021-05-12,12.94602133,2021-05-12,6.9e-07,49595.76,-0.1254561109834645
2021-05-13,8.27938863,2021-05-13,4.4e-07,49707.9,0.0022610803826779
2021-05-14,4.683109,2021-05-14,2.5e-07,49873.27,0.0033268353722446
2021-05-15,4.09170189,2021-05-15,2.2e-07,46793.41,-0.0617537209811988
2021-05-16,5.23522558,2021-05-16,2.8e-07,46429.28,-0.0077816513051731
2021-05-17,3.80823065,2021-05-17,2e-07,43566.18,-0.0616658281153617
2021-05-18,7.11106061,2021-05-18,3.8e-07,42882.53,-0.0156922181380144
2021-05-19,10.04222936,2021-05-19,5.4e-07,36689.14,-0.1444268796640496
2021-05-20,6.6174461,2021-05-20,3.5e-07,40500.3,0.1038770600782685
2021-05-21,6.40228295,2021-05-21,3.4e-07,37211.02,-0.0812161885220604
2021-05-22,2.52546473,2021-05-22,1.3e-07,37432.58,0.0059541501415443
2021-05-23,6.24038136,2021-05-23,3.3e-07,34651.6,-0.0742930356390075
2021-05-24,10.68058455,2021-05-24,5.7e-07,38779.66,0.1191304297637052
2021-05-25,4.45717016,2021-05-25,2.4e-07,38326.84,-0.0116767398166979
2021-05-26,4.61250932,2021-05-26,2.5e-07,39224.2,0.023413357323484
2021-05-27,2.37675102,2021-05-27,1.3e-07,38527.38,-0.0177650532069487
2021-05-28,1.80070944,2021-05-28,1e-07,35670.99,-0.074139222547705
2021-05-29,1.52042049,2021-05-29,8e-08,34611.94,-0.0296893918559589
2021-05-30,20.20930506,2021-05-30,1.08e-06,35651.81,0.030043678568725
2021-05-31,3.26220268,2021-05-31,1.7e-07,37243.38,0.0446420532365678
2021-06-01,16.88264714,2021-06-01,9e-07,36693.41,-0.0147669196512237
2021-06-02,7.19813314,2021-06-02,3.8e-07,37569.99,0.023889303283614
2021-06-03,14.06589299,2021-06-03,7.5e-07,39247.4,0.0446476030470064
2021-06-04,4.81096707,2021-06-04,2.6e-07,36828.03,-0.0616440834297304
2021-06-05,4.25507859,2021-06-05,2.3e-07,35498.62,-0.0360977766119989
2021-06-06,2.67875542,2021-06-06,1.4e-07,35801.71,0.0085380783816384
2021-06-07,3.86016635,2021-06-07,2.1e-07,33550.96,-0.06286710886156
2021-06-08,4.63928622,2021-06-08,2.5e-07,33372.58,-0.005316688404743
2021-06-09,5.94511376,2021-06-09,3.2e-07,37368.45,0.1197351238651609
2021-06-10,7.31859535,2021-06-10,3.9e-07,36669.66,-0.0186999995985917
2021-06-11,8.72915252,2021-06-11,4.7e-07,37300.42,0.017201141215926
2021-06-12,2.37125803,2021-06-12,1.3e-07,35537.05,-0.0472748028038289
2021-06-13,3.74339754,2021-06-13,2e-07,38993.65,0.0972674996939813
2021-06-14,4.39014622,2021-06-14,2.3e-07,40489.1,0.0383511161432694
2021-06-15,5.33308489,2021-06-15,2.8e-07,40132.86,-0.0087984173518304
2021-06-16,3.09386698,2021-06-16,1.7e-07,38344.97,-0.0445492795679151
2021-06-17,3.13378663,2021-06-17,1.7e-07,38060.71,-0.0074132278627419
2021-06-18,3.01074921,2021-06-18,1.6e-07,35811.41,-0.0590976889290818
2021-06-19,2.1905781,2021-06-19,1.2e-07,35483.0,-0.0091705408974402
2021-06-20,2.56069647,2021-06-20,1.4e-07,35588.64,0.002977200349463
2021-06-21,4.3405089,2021-06-21,2.3e-07,31606.0,-0.1119076199596275
2021-06-22,3.96897962,2021-06-22,2.1e-07,32496.0,0.0281592102765297
2021-06-23,7.25070303,2021-06-23,3.9e-07,33649.0,0.0354812900049237
2021-06-24,5.16035791,2021-06-24,2.8e-07,34644.64,0.0295889922434544
2021-06-25,8.5734757,2021-06-25,4.6e-07,31568.07,-0.0888036360025678
2021-06-26,1.54424808,2021-06-26,8e-08,32255.56,0.0217780181050029
2021-06-27,3.27791499,2021-06-27,1.7e-07,34687.71,0.0754025042504298
2021-06-28,2.97326213,2021-06-28,1.6e-07,34487.22,-0.0057798569003257
2021-06-29,2.78637957,2021-06-29,1.5e-07,35911.26,0.0412918176646306
2021-06-30,3.60638576,2021-06-30,1.9e-07,35031.39,-0.0245012288624794
2021-07-01,3.67732912,2021-07-01,2e-07,33489.96,-0.0440013941781928
2021-07-02,5.83555428,2021-07-02,3.1e-07,33760.94,0.0080913802226101
2021-07-03,1.92260945,2021-07-03,1e-07,34652.94,0.0264210652902436
2021-07-04,2.40491053,2021-07-04,1.3e-07,35280.16,0.0181000515396385
2021-07-05,3.48302403,2021-07-05,1.9e-07,33672.72,-0.0455621516455708
2021-07-06,3.11070432,2021-07-06,1.7e-07,34206.01,0.0158374494249351
2021-07-07,5.03858949,2021-07-07,2.7e-07,33845.64,-0.0105352831271464
2021-07-08,1.43390546,2021-07-08,8e-08,32852.04,-0.0293568093261051
2021-07-09,1.85047908,2021-07-09,1e-07,33805.01,0.0290079398417877
2021-07-10,1.20687996,2021-07-10,6e-08,33497.98,-0.0090823815759852
2021-07-11,1.67986865,2021-07-11,9e-08,34253.81,0.0225634500946025
2021-07-12,7.92153788,2021-07-12,4.2e-07,33070.87,-0.0345345525067136
2021-07-13,2.64135018,2021-07-13,1.4e-07,32709.09,-0.0109395368189588
2021-07-14,3.54504465,2021-07-14,1.9e-07,32803.01,0.0028713730647964
2021-07-15,3.64418547,2021-07-15,1.9e-07,31866.43,-0.0285516481566783
2021-07-16,3.13938245,2021-07-16,1.7e-07,31382.95,-0.0151720792068643
2021-07-17,42.75134592,2021-07-17,2.28e-06,31496.65,0.0036229863668011
2021-07-18,2.77499375,2021-07-18,1.5e-07,31767.0,0.0085834525259034
2021-07-19,3.26061892,2021-07-19,1.7e-07,30823.62,-0.0296968552271225
2021-07-20,5.19717612,2021-07-20,2.8e-07,29775.9,-0.0339908161338609
2021-07-21,3.0500427,2021-07-21,1.6e-07,32120.0,0.0787247404780375
2021-07-22,3.33782627,2021-07-22,1.8e-07,32268.11,0.0046111457036115
2021-07-23,3.48739853,2021-07-23,1.9e-07,33634.46,0.0423436637596685
2021-07-24,1.3776286,2021-07-24,7e-08,34230.0,0.017706245321019
2021-07-25,2.06985578,2021-07-25,1.1e-07,35370.66,0.0333234005258546
2021-07-26,10.01044517,2021-07-26,5.3e-07,37218.09,0.0522305775464748
2021-07-27,3.08784136,2021-07-27,1.6e-07,39442.33,0.059762336003809
2021-07-28,8.51876254,2021-07-28,4.5e-07,40003.08,0.0142169592922121
2021-07-29,56.80646774,2021-07-29,3.03e-06,40012.9,0.0002454810979555
2021-07-30,2.96565331,2021-07-30,1.6e-07,42203.25,0.054741095996541
2021-07-31,1.844094,2021-07-31,1e-07,41448.11,-0.017892934785828
2021-08-01,0.81448184,2021-08-01,4e-08,39846.78,-0.038634572239844
2021-08-02,1.62840521,2021-08-02,9e-08,39147.48,-0.0175497242186193
2021-08-03,1.53546197,2021-08-03,8e-08,38203.26,-0.0241195601862496
2021-08-04,1.48698556,2021-08-04,8e-08,39731.31,0.0399978954675595
2021-08-05,1.95850006,2021-08-05,1e-07,40882.4,0.0289718612348801
2021-08-06,3.9771202,2021-08-06,2.1e-07,42825.43,0.0475272978103047
2021-08-07,2.10667104,2021-08-07,1.1e-07,44601.11,0.0414632147301263
2021-08-08,3.49440983,2021-08-08,1.9e-07,43787.71,-0.0182372142756088
2021-08-09,3.0147028,2021-08-09,1.6e-07,46259.7,0.0564539684765428
2021-08-10,2.20101407,2021-08-10,1.2e-07,45589.99,-0.014477179921184
2021-08-11,2.7333967,2021-08-11,1.5e-07,45522.12,-0.0014887039896256
2021-08-12,2.37427804,2021-08-12,1.3e-07,44385.09,-0.0249775274086533
2021-08-13,2.90575004,2021-08-13,1.5e-07,47792.52,0.0767696990137905
2021-08-14,8.25646216,2021-08-14,4.4e-07,47083.74,-0.0148303542060556
2021-08-15,1.41428165,2021-08-15,8e-08,47006.02,-0.0016506760083204
2021-08-16,2.03890043,2021-08-16,1.1e-07,45926.23,-0.0229713130360748
2021-08-17,2.2439676,2021-08-17,1.2e-07,44704.84,-0.026594606176035
2021-08-18,3.26481586,2021-08-18,1.7e-07,44714.09,0.0002069127190702
2021-08-19,2.08680085,2021-08-19,1.1e-07,46772.0,0.0460237477716756
2021-08-20,2.10587969,2021-08-20,1.1e-07,49332.74,0.0547494227315488
2021-08-21,2.66783934,2021-08-21,1.4e-07,48848.29,-0.0098200505384455
2021-08-22,2.49779601,2021-08-22,1.3e-07,49273.28,0.0087002021974567
2021-08-23,3.46508436,2021-08-23,1.8e-07,49523.91,0.0050865296566415
2021-08-24,0.50502751,2021-08-24,3e-08,47719.36,-0.0364379549191492
2021-08-25,7.25757357,2021-08-25,3.9e-07,48992.65,0.0266828809103893
2021-08-26,2.69717697,2021-08-26,1.4e-07,46853.06,-0.0436716527887347
2021-08-27,1.02960813,2021-08-27,5e-08,49083.98,0.04761524647483
2021-08-28,1.12376457,2021-08-28,6e-08,48931.99,-0.0030965296620202
2021-08-29,0.865864,2021-08-29,5e-08,48795.41,-0.002791221039651
2021-08-30,1.76682609,2021-08-30,9e-08,47024.7,-0.036288454180424
2021-08-31,2.10618256,2021-08-31,1.1e-07,47150.32,0.002671362071422
2021-09-01,1.64485206,2021-09-01,9e-08,48842.94,0.0358983777840744
2021-09-02,1.37402953,2021-09-02,7e-08,49299.14,0.0093401420962784
2021-09-03,2.00453654,2021-09-03,1.1e-07,50027.08,0.0147657748187899
2021-09-04,1.41453746,2021-09-04,8e-08,49940.74,-0.001725865271369
2021-09-05,1.46466314,2021-09-05,8e-08,51799.57,0.0372207139902212
2021-09-06,1.53022019,2021-09-06,8e-08,52683.97,0.0170735008031919
2021-09-07,1.69446188,2021-09-07,9e-08,46864.39,-0.1104620627488779
2021-09-08,1.64271418,2021-09-08,9e-08,46062.29,-0.0171153406669755
2021-09-09,3.56871713,2021-09-09,1.9e-07,46413.88,0.0076329248936601
2021-09-10,1.12560333,2021-09-10,6e-08,44860.83,-0.0334608957492886
2021-09-11,0.68880372,2021-09-11,4e-08,45193.78,0.0074218421727818
2021-09-12,0.78284872,2021-09-12,4e-08,46046.73,0.0188731723701802
2021-09-13,0.43547834,2021-09-13,2e-08,44975.96,-0.0232539856793306
2021-09-14,1.10200898,2021-09-14,6e-08,47087.18,0.0469410769664504
2021-09-15,2.72992562,2021-09-15,1.5e-07,48106.12,0.021639435617083
2021-09-16,2.79149571,2021-09-16,1.5e-07,47745.55,-0.007495304131782
2021-09-17,1.43162164,2021-09-17,8e-08,47303.11,-0.0092666227533246
2021-09-18,1.24234632,2021-09-18,7e-08,48285.15,0.0207605800126038
2021-09-19,1.6454519,2021-09-19,9e-08,47256.91,-0.0212951601061609
2021-09-20,1.12204094,2021-09-20,6e-08,43026.6,-0.0895172790603533
2021-09-21,0.31911691,2021-09-21,2e-08,40726.1,-0.0534669251114426
2021-09-22,1.42675916,2021-09-22,8e-08,43520.0,0.0686021985900933
2021-09-23,1.11865734,2021-09-23,6e-08,44828.29,0.0300618106617647
2021-09-24,1.15816069,2021-09-24,6e-08,42798.49,-0.0452794429588994
2021-09-25,0.33515714,2021-09-25,2e-08,42651.58,-0.0034325977388454
2021-09-26,23.22941375,2021-09-26,1.23e-06,43150.0,0.011685850793804
2021-09-27,2.11749594,2021-09-27,1.1e-07,42122.69,-0.0238078794901506
2021-09-28,1.69123782,2021-09-28,9e-08,41006.32,-0.0265028183147848
2021-09-29,1.57019639,2021-09-29,8e-08,41499.71,0.0120320477428845
2021-09-30,2.35625475,2021-09-30,1.3e-07,43796.57,0.0553464108544372
2021-10-01,1.48092306,2021-10-01,8e-08,48123.94,0.098806139384888
2021-10-02,1.39249302,2021-10-02,7e-08,47626.61,-0.0103343574944196
2021-10-03,1.06951196,2021-10-03,6e-08,48187.3,0.0117726203901558
2021-10-04,1.89051746,2021-10-04,1e-07,49198.22,0.020978971637755
2021-10-05,1.75481438,2021-10-05,9e-08,51455.12,0.0458736108745398
2021-10-06,2.22428428,2021-10-06,1.2e-07,55321.6,0.0751427651903249
2021-10-07,2.21705545,2021-10-07,1.2e-07,53814.99,-0.0272336664160111
2021-10-08,1.61382791,2021-10-08,9e-08,53975.0,0.0029733351246559
2021-10-09,1.51519913,2021-10-09,8e-08,54960.77,0.0182634553033811
2021-10-10,4.09911207,2021-10-10,2.2e-07,54700.0,-0.0047446569616836
2021-10-11,1.75555859,2021-10-11,9e-08,57500.01,0.0511884826325412
2021-10-12,5.3933272,2021-10-12,2.9e-07,56011.84,-0.0258812128902239
2021-10-13,2.05710694,2021-10-13,1.1e-07,57393.65,0.0246699626364712
2021-10-14,2.84005011,2021-10-14,1.5e-07,57378.19,-0.0002693677784911
2021-10-15,2.43824227,2021-10-15,1.3e-07,61702.33,0.0753620844435838
2021-10-16,3.5269388,2021-10-16,1.9e-07,60925.56,-0.0125889897512785
2021-10-17,1.2753457,2021-10-17,7e-08,61571.45,0.0106012977147851
2021-10-18,3.29608401,2021-10-18,1.7e-07,62037.92,0.0075760762496255
2021-10-19,2.58261954,2021-10-19,1.4e-07,64316.7,0.0367320503330865
2021-10-20,3.04501789,2021-10-20,1.6e-07,66064.24,0.0271708592014205
2021-10-21,2.97580058,2021-10-21,1.6e-07,62260.33,-0.0575789564823572
2021-10-22,4.04593552,2021-10-22,2.1e-07,60734.27,-0.0245109526403088
2021-10-23,1.91319007,2021-10-23,1e-07,61325.11,0.0097282802608806
2021-10-24,6.13538296,2021-10-24,3.3e-07,60902.82,-0.0068860863029842
2021-10-25,4.24921069,2021-10-25,2.3e-07,63127.04,0.0365208047837521
2021-10-26,2.77499291,2021-10-26,1.5e-07,60358.75,-0.0438526818301634
2021-10-27,1.97931845,2021-10-27,1e-07,58449.36,-0.031634021579307
2021-10-28,2.50783018,2021-10-28,1.3e-07,60622.03,0.0371718355855392
2021-10-29,2.61369713,2021-10-29,1.4e-07,62308.22,0.0278148059377094
2021-10-30,1.43967743,2021-10-30,8e-08,61895.19,-0.0066288204028296
2021-10-31,7.11897446,2021-10-31,3.8e-07,61348.61,-0.0088307346661348
2021-11-01,10.07375317,2021-11-01,5.3e-07,60942.87,-0.0066136787777261
2021-11-02,5.49892717,2021-11-02,2.9e-07,63266.69,0.0381311218195008
2021-11-03,5.00964638,2021-11-03,2.7e-07,62946.45,-0.0050617473428751
2021-11-04,1.41240716,2021-11-04,7e-08,61431.86,-0.024061563440035
2021-11-05,3.93516766,2021-11-05,2.1e-07,61006.0,-0.0069322335348466
2021-11-06,1.30032443,2021-11-06,7e-08,61511.3,0.0082827918565386
2021-11-07,0.92359206,2021-11-07,5e-08,63316.4,0.0293458275146192
2021-11-08,2.88465299,2021-11-08,1.5e-07,67606.96,0.0677638021113014
2021-11-09,2.48057851,2021-11-09,1.3e-07,67009.98,-0.0088301559484409
2021-11-10,5.00861195,2021-11-10,2.7e-07,64920.13,-0.0311871455565275
2021-11-11,2.77552847,2021-11-11,1.5e-07,64831.3,-0.0013682967055055
2021-11-12,9.17233439,2021-11-12,4.9e-07,64156.08,-0.0104150310112554
2021-11-13,2.36644819,2021-11-13,1.3e-07,64427.0,0.0042228265816739
2021-11-14,1.47516976,2021-11-14,8e-08,65568.39,0.0177160196811896
2021-11-15,2.36918295,2021-11-15,1.3e-07,63654.49,-0.0291893700607869
2021-11-16,1.85059191,2021-11-16,1e-07,60106.03,-0.0557456355396139
2021-11-17,2.78050651,2021-11-17,1.5e-07,60366.96,0.0043411617769464
2021-11-18,1.28834704,2021-11-18,7e-08,56921.05,-0.0570827154456675
2021-11-19,1.62561092,2021-11-19,9e-08,58069.51,0.0201763670909091
2021-11-20,1.81218085,2021-11-20,1e-07,59716.29,0.0283587720991618
2021-11-21,1.40870929,2021-11-21,7e-08,58661.39,-0.0176651965485464
2021-11-22,2.37874157,2021-11-22,1.3e-07,56268.31,-0.0407948055782517
2021-11-23,2.35381281,2021-11-23,1.2e-07,57574.23,0.0232088008330089
2021-11-24,1.56175698,2021-11-24,8e-08,57165.08,-0.0071064780197668
2021-11-25,7.97757388,2021-11-25,4.2e-07,58988.21,0.0318923720565071
2021-11-26,2.26595433,2021-11-26,1.2e-07,53755.65,-0.0887051836290675
2021-11-27,1.00649755,2021-11-27,5e-08,54738.77,0.0182886822129393
2021-11-28,1.93603172,2021-11-28,1e-07,57315.73,0.0470774188020668
2021-11-29,2.31272805,2021-11-29,1.2e-07,57827.98,0.0089373370975123
2021-11-30,2.23502384,2021-11-30,1.2e-07,56975.0,-0.0147502990766753
2021-12-01,3.47228628,2021-12-01,1.8e-07,57209.29,0.0041121544537077
2021-12-02,1.88541036,2021-12-02,1e-07,56513.57,-0.0121609619696381
2021-12-03,2.38904204,2021-12-03,1.3e-07,53612.0,-0.0513428898581349
2021-12-04,1.9603793,2021-12-04,1e-07,49135.66,-0.0834951130343952
2021-12-05,2.15771323,2021-12-05,1.1e-07,49376.6,0.0049035669816992
2021-12-06,1.87741438,2021-12-06,1e-07,50424.72,0.0212270589712535
2021-12-07,3.99070526,2021-12-07,2.1e-07,50577.2,0.0030239136677405
2021-12-08,1.6971934,2021-12-08,9e-08,50455.61,-0.0024040476736552
2021-12-09,4.58509644,2021-12-09,2.4e-07,47539.76,-0.0577904022961965
2021-12-10,2.58844825,2021-12-10,1.4e-07,47136.35,-0.0084857390950228
2021-12-11,2.64724123,2021-12-11,1.4e-07,49381.15,0.0476235431890674
2021-12-12,1.17205979,2021-12-12,6e-08,50057.01,0.013686599036272
2021-12-13,3.16428857,2021-12-13,1.7e-07,46679.93,-0.0674646767755405
2021-12-14,2.26742772,2021-12-14,1.2e-07,48324.04,0.0352209182832965
2021-12-15,2.07495078,2021-12-15,1.1e-07,48870.48,0.0113078293950588
2021-12-16,3.12695352,2021-12-16,1.7e-07,47624.5,-0.0254955547807184
2021-12-17,2.03667538,2021-12-17,1.1e-07,46125.33,-0.0314789656584321
2021-12-18,1.92301376,2021-12-18,1e-07,46815.99,0.0149735514087379
2021-12-19,1.35113292,2021-12-19,7e-08,46668.63,-0.0031476425041957
2021-12-20,2.41370551,2021-12-20,1.3e-07,46898.14,0.0049178645269853
2021-12-21,2.37232627,2021-12-21,1.3e-07,48875.15,0.0421554031780364
2021-12-22,3.20791631,2021-12-22,1.7e-07,48569.69,-0.0062498017908896
2021-12-23,3.31969007,2021-12-23,1.8e-07,50817.92,0.0462887451000819
2021-12-24,1.28689647,2021-12-24,7e-08,50808.55,-0.0001843837764314
2021-12-25,2.3661586,2021-12-25,1.3e-07,50403.64,-0.0079693279969612
2021-12-26,2.68515817,2021-12-26,1.4e-07,50765.73,0.0071838065663512
2021-12-27,1.81569035,2021-12-27,1e-07,50707.72,-0.0011427000064807
2021-12-28,1.84752041,2021-12-28,1e-07,47522.03,-0.0628245561030944
2021-12-29,2.58940266,2021-12-29,1.4e-07,46436.54,-0.0228418272535916
2021-12-30,5.08414014,2021-12-30,2.7e-07,47095.02,0.0141802123930852
2021-12-31,6.03413935,2021-12-31,3.2e-07,46210.56,-0.0187803296399491
2022-01-01,2.51379826,2022-01-01,1.3e-07,47704.35,0.0323257281452551
2022-01-02,0.89599499,2022-01-02,5e-08,47280.0,-0.008895415197985
2022-01-03,2.17749336,2022-01-03,1.2e-07,46445.81,-0.0176436125211506
2022-01-04,2.29896585,2022-01-04,1.2e-07,45833.42,-0.0131850429565121
2022-01-05,2.17104037,2022-01-05,1.1e-07,43421.69,-0.0526194641377404
2022-01-06,3.34509205,2022-01-06,1.8e-07,43080.01,-0.0078688784337965
2022-01-07,2.05929501,2022-01-07,1.1e-07,41553.86,-0.0354259434944421
2022-01-08,1.185072,2022-01-08,6e-08,41688.05,0.0032293028854599
2022-01-09,1.36297039,2022-01-09,7e-08,41851.22,0.0039140712986094
2022-01-10,2.15111354,2022-01-10,1.1e-07,41801.55,-0.0011868232276143
2022-01-11,0.73839364,2022-01-11,4e-08,42700.68,0.0215094894806531
2022-01-12,1.94766547,2022-01-12,1e-07,43880.72,0.0276351570982007
2022-01-13,0.94617021,2022-01-13,5e-08,42534.32,-0.0306831793097287
2022-01-14,1.16991443,2022-01-14,6e-08,43042.4,0.0119451774472942
2022-01-15,0.61296834,2022-01-15,3e-08,43070.51,0.0006530769659685
2022-01-16,0.78778858,2022-01-16,4e-08,43060.66,-0.0002286947612182
2022-01-17,1.76037286,2022-01-17,9e-08,42176.34,-0.0205366104467513
2022-01-18,1.35352258,2022-01-18,7e-08,42337.58,0.0038229964951914
2022-01-19,2.62070263,2022-01-19,1.4e-07,41657.89,-0.0160540588290593
2022-01-20,2.6783552,2022-01-20,1.4e-07,40661.69,-0.0239138372106699
2022-01-21,1.97328236,2022-01-21,1e-07,36425.98,-0.1041695512409838
2022-01-22,1.42924316,2022-01-22,8e-08,35043.73,-0.0379468170794581
2022-01-23,1.65190379,2022-01-23,9e-08,36230.01,0.0338514193551884
2022-01-24,1.52196764,2022-01-24,8e-08,36648.31,0.0115456771886068
2022-01-25,2.19218652,2022-01-25,1.2e-07,36934.26,0.0078025426001908
2022-01-26,1.18768973,2022-01-26,6e-08,36787.43,-0.0039754417714068
2022-01-27,2.5566289,2022-01-27,1.3e-07,37131.0,0.009339331396621
2022-01-28,1.29319822,2022-01-28,7e-08,37696.21,0.0152220516549512
2022-01-29,1.94889967,2022-01-29,1e-07,38150.01,0.0120383454994548
2022-01-30,1.31541374,2022-01-30,7e-08,37870.01,-0.0073394476174448
2022-01-31,1.22517059,2022-01-31,6e-08,38439.04,0.0150258740359454
2022-02-01,51.01965017,2022-02-01,2.69e-06,38680.51,0.0062818946570986
2022-02-02,1.17909972,2022-02-02,6e-08,36892.03,-0.0462372393745584
2022-02-03,1.69920866,2022-02-03,9e-08,37289.86,0.0107836299601837
2022-02-04,0.87325072,2022-02-04,5e-08,41550.0,0.11424392582863
2022-02-05,1.06644537,2022-02-05,6e-08,41374.69,-0.0042192539109505
2022-02-06,1.59160793,2022-02-06,8e-08,42361.35,0.0238469460435835
2022-02-07,1.75503671,2022-02-07,9e-08,43829.99,0.0346693389138921
2022-02-08,0.57647217,2022-02-08,3e-08,44021.57,0.0043709797789139
2022-02-09,1.15890904,2022-02-09,6e-08,44358.08,0.0076442071466329
2022-02-10,2.23493564,2022-02-10,1.2e-07,43471.29,-0.0199916227212719
2022-02-11,2.18571207,2022-02-11,1.2e-07,42366.0,-0.025425746509938
2022-02-12,1.01965048,2022-02-12,5e-08,42199.87,-0.0039213048199027
2022-02-13,1.05168978,2022-02-13,6e-08,42041.13,-0.0037616229623457
2022-02-14,1.09343827,2022-02-14,6e-08,42525.14,0.0115127733245989
2022-02-15,1.87745182,2022-02-15,1e-07,44529.6,0.0471358824450665
2022-02-16,1.12492091,2022-02-16,6e-08,43860.7,-0.0150214688656534
2022-02-17,2.45594983,2022-02-17,1.3e-07,40491.7,-0.0768113595998239
2022-02-18,1.2715527,2022-02-18,7e-08,39966.8,-0.0129631504728128
2022-02-19,0.8285164,2022-02-19,4e-08,40052.6,0.0021467818289178
2022-02-20,1.88941009,2022-02-20,1e-07,38368.1,-0.0420571947888526
2022-02-21,3.01528918,2022-02-21,1.6e-07,36986.4,-0.0360116867918921
2022-02-22,1.04943486,2022-02-22,6e-08,38212.0,0.0331365042285811
2022-02-23,3.62801647,2022-02-23,1.9e-07,37227.8,-0.0257563069192923
2022-02-24,1.27428795,2022-02-24,7e-08,38315.1,0.0292066681351033
2022-02-25,2.03400163,2022-02-25,1.1e-07,39205.4,0.0232362697735357
2022-02-26,1.38025267,2022-02-26,7e-08,39099.3,-0.0027062598519591
2022-02-27,2.40698558,2022-02-27,1.3e-07,37672.0,-0.036504489850202
2022-02-28,12.42510871,2022-02-28,6.5e-07,43155.0,0.1455457634317265
2022-03-01,1.81971171,2022-03-01,1e-07,44394.1,0.0287127795156991
2022-03-02,3.05191363,2022-03-02,1.6e-07,43885.7,-0.0114519722215339
2022-03-03,2.93914631,2022-03-03,1.5e-07,42449.5,-0.0327259221113026
2022-03-04,2.22869398,2022-03-04,1.2e-07,39127.7,-0.0782529829562186
2022-03-05,1.099073,2022-03-05,6e-08,39375.1,0.0063228863439457
2022-03-06,1.33991847,2022-03-06,7e-08,38401.1,-0.0247364451137901
2022-03-07,3.93567342,2022-03-07,2.1e-07,37963.8,-0.011387694623331
2022-03-08,1.12651794,2022-03-08,6e-08,38709.9,0.0196529325304632
2022-03-09,1.65610922,2022-03-09,9e-08,41937.5,0.08337918723634
2022-03-10,1.64428667,2022-03-10,9e-08,39407.2,-0.0603350223546945
2022-03-11,9.67081775,2022-03-11,5.1e-07,38713.0,-0.0176160701597677
2022-03-12,1.55555333,2022-03-12,8e-08,38792.6,0.0020561568465373
2022-03-13,1.07593514,2022-03-13,6e-08,37743.7,-0.0270386620128582
2022-03-14,1.41227788,2022-03-14,7e-08,39653.8,0.0506071211884369
2022-03-15,1.68281888,2022-03-15,9e-08,39271.0,-0.0096535514881298
2022-03-16,3.51017602,2022-03-16,1.8e-07,41105.8,0.0467214993252018
2022-03-17,5.31501608,2022-03-17,2.8e-07,40898.1,-0.0050528149312263
2022-03-18,1.02372527,2022-03-18,5e-08,41751.5,0.020866495020551
2022-03-19,1.46922307,2022-03-19,8e-08,42188.2,0.0104595044489419
2022-03-20,1.03490151,2022-03-20,5e-08,41261.0,-0.0219777094068956
2022-03-21,1.37910265,2022-03-21,7e-08,40982.0,-0.0067618332081141
2022-03-22,1.37727647,2022-03-22,7e-08,42349.8,0.0333756283246304
2022-03-23,1.70493419,2022-03-23,9e-08,42867.9,0.0122338240086139
2022-03-24,1.52736535,2022-03-24,8e-08,43973.4,0.0257885270797029
2022-03-25,13.74967625,2022-03-25,7.2e-07,44290.6,0.0072134517685691
2022-03-26,1.74359766,2022-03-26,9e-08,44489.2,0.0044840214402153
2022-03-27,0.90610704,2022-03-27,5e-08,46820.8,0.0524082249175081
2022-03-28,2.09819632,2022-03-28,1.1e-07,47121.9,0.0064309025048696
2022-03-29,8.3269467,2022-03-29,4.4e-07,47418.5,0.0062943132598642
2022-03-30,1.33419118,2022-03-30,7e-08,47053.2,-0.0077037443192004
2022-03-31,2.14682005,2022-03-31,1.1e-07,45506.0,-0.0328819293905621
2022-04-01,2.18849139,2022-04-01,1.2e-07,46266.2,0.016705489386015
2022-04-02,0.84428895,2022-04-02,4e-08,45794.6,-0.0101931863866061
2022-04-03,1.68843892,2022-04-03,9e-08,46392.4,0.0130539408576557
2022-04-04,3.38504359,2022-04-04,1.8e-07,46580.9,0.0040631655184901
2022-04-05,1.05348625,2022-04-05,6e-08,45477.4,-0.0236899673471315
2022-04-06,1.01437013,2022-04-06,5e-08,43159.7,-0.0509637754137221
2022-04-07,0.90283425,2022-04-07,5e-08,43417.1,0.0059638968760209
2022-04-08,1.15250552,2022-04-08,6e-08,42229.2,-0.027360187575863
2022-04-09,0.82371838,2022-04-09,4e-08,42727.7,0.0118046280772545
2022-04-10,0.78403029,2022-04-10,4e-08,42140.4,-0.0137451816971191
2022-04-11,1.09010636,2022-04-11,6e-08,39505.6,-0.0625243234520792
2022-04-12,4.24368985,2022-04-12,2.2e-07,40060.7,0.0140511724920011
2022-04-13,1.37940396,2022-04-13,7e-08,41129.8,0.0266870024737462
2022-04-14,6.78278684,2022-04-14,3.6e-07,39915.9,-0.0295138804467807
2022-04-15,0.73593735,2022-04-15,4e-08,40529.5,0.0153723203034379
2022-04-16,0.58377807,2022-04-16,3e-08,40361.0,-0.0041574655497846
2022-04-17,0.5176878,2022-04-17,3e-08,39649.1,-0.0176383142142166
2022-04-18,0.64605276,2022-04-18,3e-08,40785.6,0.0286639545412128
2022-04-19,1.39511944,2022-04-19,7e-08,41472.9,0.0168515358361776
2022-04-20,1.4815332,2022-04-20,8e-08,41327.7,-0.0035010814290779
2022-04-21,7.14037229,2022-04-21,3.8e-07,40449.8,-0.0212424112641157
2022-04-22,1.51408616,2022-04-22,8e-08,39674.2,-0.0191743840513427
2022-04-23,0.75642992,2022-04-23,4e-08,39415.1,-0.0065306924903337
2022-04-24,0.45018876,2022-04-24,2e-08,39433.4,0.0004642890668804
2022-04-25,0.64085942,2022-04-25,3e-08,40411.0,0.0247911668788387
2022-04-26,0.93825672,2022-04-26,5e-08,38093.7,-0.0573432976169855
2022-04-27,0.60769885,2022-04-27,3e-08,39209.0,0.0292778070914614
2022-04-28,1.06315391,2022-04-28,6e-08,39732.5,0.0133515264352572
2022-04-29,1.56254334,2022-04-29,8e-08,38572.2,-0.0292027936827534
2022-04-30,1.16363548,2022-04-30,6e-08,37614.5,-0.0248287626840054
2022-05-01,1.20072915,2022-05-01,6e-08,38440.5,0.0219596166372011
2022-05-02,2.35973755,2022-05-02,1.2e-07,38525.6,0.0022138109545921
2022-05-03,1.47731732,2022-05-03,8e-08,37712.9,-0.0210950640612994
2022-05-04,1.67399863,2022-05-04,9e-08,39684.0,0.0522659355286916
2022-05-05,0.8632211,2022-05-05,5e-08,36534.7,-0.0793594395726238
2022-05-06,1.15881598,2022-05-06,6e-08,35995.3,-0.0147640462354965
2022-05-07,0.5992873,2022-05-07,3e-08,35466.7,-0.0146852505743807
2022-05-08,1.32199589,2022-05-08,7e-08,34032.0,-0.040452029650348
2022-05-09,2.41606486,2022-05-09,1.3e-07,30056.6,-0.1168135872120357
2022-05-10,1.41636003,2022-05-10,7e-08,31002.1,0.0314573171948922
2022-05-11,3.60814256,2022-05-11,1.9e-07,29074.7,-0.0621699820334751
2022-05-12,1.97431204,2022-05-12,1e-07,29020.7,-0.0018572848559056
2022-05-13,4.43526878,2022-05-13,2.3e-07,29274.3,0.0087385900409018
2022-05-14,10.51246859,2022-05-14,5.5e-07,30079.8,0.0275156024226028
2022-05-15,1.12364724,2022-05-15,6e-08,31324.4,0.0413766048976389
2022-05-16,1.78513501,2022-05-16,9e-08,29866.7,-0.0465356080244154
2022-05-17,2.71906756,2022-05-17,1.4e-07,30437.0,0.0190948447602179
2022-05-18,1.88878017,2022-05-18,1e-07,28700.6,-0.0570489864309886
2022-05-19,5.50463355,2022-05-19,2.9e-07,30319.9,0.0564204232664127
2022-05-20,3.60921878,2022-05-20,1.9e-07,29188.9,-0.0373022338464177
2022-05-21,2.0940816,2022-05-21,1.1e-07,29427.4,0.0081709142859101
2022-05-22,1.59740923,2022-05-22,8e-08,30284.0,0.0291089256951004
2022-05-23,2.90233384,2022-05-23,1.5e-07,29097.7,-0.0391725003302073
2022-05-24,2.73503169,2022-05-24,1.4e-07,29643.1,0.0187437495059745
2022-05-25,3.41379099,2022-05-25,1.8e-07,29536.7,-0.0035893681834895
2022-05-26,2.48829328,2022-05-26,1.3e-07,29194.0,-0.0116025148374734
2022-05-27,4.06271545,2022-05-27,2.1e-07,28623.2,-0.0195519627320681
2022-05-28,1.38308056,2022-05-28,7e-08,29018.8,0.0138209564269542
2022-05-29,2.81750141,2022-05-29,1.5e-07,29452.8,0.0149558217431458
2022-05-30,2.69792726,2022-05-30,1.4e-07,31726.5,0.0771980932203391
2022-05-31,2.93366273,2022-05-31,1.5e-07,31797.8,0.002247332671426
2022-06-01,3.82156573,2022-06-01,2e-07,29796.9,-0.0629257370006729
2022-06-02,9.16738411,2022-06-02,4.8e-07,30437.1,0.0214854565407809
2022-06-03,5.40053341,2022-06-03,2.8e-07,29682.8,-0.0247822558653747
2022-06-04,6.10664484,2022-06-04,3.2e-07,29848.4,0.0055789885051276
2022-06-05,1.6246234,2022-06-05,9e-08,29909.9,0.0020604119483791
2022-06-06,2.65307205,2022-06-06,1.4e-07,31361.2,0.0485223955947695
2022-06-07,5.42291829,2022-06-07,2.8e-07,31118.1,-0.0077516166473222
2022-06-08,4.2563455,2022-06-08,2.2e-07,30192.5,-0.0297447466265613
2022-06-09,4.74964027,2022-06-09,2.5e-07,30093.3,-0.0032855841682537
2022-06-10,4.65058708,2022-06-10,2.4e-07,29077.7,-0.0337483758843329
2022-06-11,3.59530848,2022-06-11,1.9e-07,28416.7,-0.0227321968381267
2022-06-12,3.23460378,2022-06-12,1.7e-07,26564.7,-0.0651729440786579
2022-06-13,3.77262955,2022-06-13,2e-07,22471.5,-0.1540841793809078
2022-06-14,1.72567885,2022-06-14,9e-08,22122.7,-0.0155218832743697
2022-06-15,1.3674123,2022-06-15,7e-08,22567.5,0.0201060449221839
2022-06-16,0.78253079,2022-06-16,4e-08,20387.4,-0.0966035227650381
2022-06-17,6.35455503,2022-06-17,3.3e-07,20457.3,0.003428588245681
2022-06-18,1.67668822,2022-06-18,9e-08,18959.7,-0.0732061415729348
2022-06-19,1.1656847,2022-06-19,6e-08,20564.2,0.0846268664588574
2022-06-20,1.47190845,2022-06-20,8e-08,20570.1,0.0002869063712664
2022-06-21,2.53732665,2022-06-21,1.3e-07,20713.1,0.0069518378617507
2022-06-22,2.93027511,2022-06-22,1.5e-07,19977.4,-0.0355185848569261
2022-06-23,1.60072774,2022-06-23,8e-08,21096.6,0.0560233063361597
2022-06-24,2.66706466,2022-06-24,1.4e-07,21231.2,0.0063801750045031
2022-06-25,9.46415816,2022-06-25,5e-07,21481.9,0.0118080937488225
2022-06-26,1.21301354,2022-06-26,6e-08,21029.1,-0.0210782100279771
2022-06-27,2.37782797,2022-06-27,1.2e-07,20730.0,-0.0142231479235914
2022-06-28,2.3028881,2022-06-28,1.2e-07,20268.6,-0.0222575976845152
2022-06-29,3.08121537,2022-06-29,1.6e-07,20109.9,-0.0078298451792426
2022-06-30,3.19489993,2022-06-30,1.7e-07,19923.5,-0.0092690664796941
2022-07-01,1.59577532,2022-07-01,8e-08,19272.0,-0.0327000777975757
2022-07-02,1.18586654,2022-07-02,6e-08,19240.9,-0.0016137401411373
2022-07-03,2.29641489,2022-07-03,1.2e-07,19305.9,0.0033782203535177
2022-07-04,0.82969377,2022-07-04,4e-08,20226.6,0.0476900843783505
2022-07-05,1.21097829,2022-07-05,6e-08,20170.0,-0.0027982953140912
2022-07-06,2.80496033,2022-07-06,1.5e-07,20554.1,0.0190431333663856
2022-07-07,1.64286251,2022-07-07,9e-08,21613.4,0.0515371629018055
2022-07-08,1.81812022,2022-07-08,1e-07,21587.9,-0.0011798236279345
2022-07-09,1.83113704,2022-07-09,1e-07,21580.0,-0.0003659457381218
2022-07-10,1.19212761,2022-07-10,6e-08,20853.8,-0.0336515291936978
2022-07-11,4.18473716,2022-07-11,2.2e-07,19954.3,-0.0431336255262829
2022-07-12,1.26339177,2022-07-12,7e-08,19322.9,-0.0316423026615816
2022-07-13,0.51432889,2022-07-13,3e-08,20220.1,0.0464319537957551
2022-07-14,2.55007151,2022-07-14,1.3e-07,20578.6,0.0177298826415299
2022-07-15,3.82791326,2022-07-15,2e-07,20823.1,0.0118812747222842
2022-07-16,0.89386085,2022-07-16,5e-08,21183.5,0.0173077015429981
2022-07-17,0.95174387,2022-07-17,5e-08,20794.4,-0.0183680694880449
2022-07-18,2.04466836,2022-07-18,1.1e-07,22423.9,0.0783624437348518
2022-07-19,12.3687792,2022-07-19,6.5e-07,23385.9,0.0429006551045982
2022-07-20,3.73425344,2022-07-20,2e-07,23221.5,-0.0070298769771529
2022-07-21,9.42407729,2022-07-21,4.9e-07,23144.5,-0.0033158925995305
2022-07-22,2.96660742,2022-07-22,1.6e-07,22675.1,-0.0202812763291495
2022-07-23,1.96484425,2022-07-23,1e-07,22440.2,-0.0103593809950121
2022-07-24,1.72796584,2022-07-24,9e-08,22570.6,0.0058109999019615
2022-07-25,1.80576163,2022-07-25,9e-08,21300.0,-0.0562944715692094
2022-07-26,1.18240966,2022-07-26,6e-08,21241.0,-0.0027699530516431
2022-07-27,1.14434497,2022-07-27,6e-08,22941.1,0.0800386045854715
2022-07-28,1.21207956,2022-07-28,6e-08,23836.2,0.039017309544878
2022-07-29,1.34824936,2022-07-29,7e-08,23771.1,-0.0027311400307097
2022-07-30,1.37167828,2022-07-30,7e-08,23629.9,-0.0059399859493248
2022-07-31,3.04679538,2022-07-31,1.6e-07,23290.1,-0.0143800862466622
2022-08-01,0.98173329,2022-08-01,5e-08,23257.6,-0.001395442698829
2022-08-02,1.54610567,2022-08-02,8e-08,22975.1,-0.0121465671436433
2022-08-03,1.01415714,2022-08-03,5e-08,22801.5,-0.007556006285065
2022-08-04,2.78822803,2022-08-04,1.5e-07,22608.9,-0.00844681270969
2022-08-05,0.70547823,2022-08-05,4e-08,23298.1,0.0304835706292654
2022-08-06,1.50636118,2022-08-06,8e-08,22943.3,-0.0152287096372665
2022-08-07,3.22664737,2022-08-07,1.7e-07,23167.8,0.0097849916969223
2022-08-08,0.81219789,2022-08-08,4e-08,23804.4,0.0274777924533189
2022-08-09,2.53101987,2022-08-09,1.3e-07,23140.2,-0.0279024045974694
2022-08-10,3.40311746,2022-08-10,1.8e-07,23940.9,0.034602120984261
2022-08-11,1.17050921,2022-08-11,6e-08,23917.2,-0.0009899377216395
2022-08-12,2.0467197,2022-08-12,1.1e-07,24387.5,0.0196636730052013
2022-08-13,1.3084088,2022-08-13,7e-08,24429.0,0.0017016914402869
2022-08-14,1.58483485,2022-08-14,8e-08,24294.1,-0.0055221253428302
2022-08-15,1.08861364,2022-08-15,6e-08,24085.2,-0.0085987955923453
2022-08-16,1.02128188,2022-08-16,5e-08,23843.0,-0.0100559679803364
2022-08-17,1.58601516,2022-08-17,8e-08,23333.1,-0.0213857316612843
2022-08-18,2.48173541,2022-08-18,1.3e-07,23185.1,-0.0063429205720628
2022-08-19,1.79835838,2022-08-19,9e-08,20824.9,-0.101798137596991
2022-08-20,0.68156071,2022-08-20,4e-08,21127.8,0.0145450878515622
2022-08-21,0.71926223,2022-08-21,4e-08,21505.6,0.0178816535559782
2022-08-22,1.07789888,2022-08-22,6e-08,21387.0,-0.0055148426456363
2022-08-23,0.99303918,2022-08-23,5e-08,21518.2,0.006134567728059
2022-08-24,1.09363085,2022-08-24,6e-08,21354.9,-0.0075889247241869
2022-08-25,1.14923692,2022-08-25,6e-08,21548.3,0.0090564694753896
2022-08-26,2.06162731,2022-08-26,1.1e-07,20228.7,-0.0612391696792785
2022-08-27,1.27141831,2022-08-27,7e-08,20023.9,-0.0101242294363947
2022-08-28,9.81614944,2022-08-28,5.1e-07,19547.5,-0.0237915690749555
2022-08-29,5.15912096,2022-08-29,2.7e-07,20275.5,0.0372426141450312
2022-08-30,3.23626271,2022-08-30,1.7e-07,19803.1,-0.023299055510345
2022-08-31,0.89371824,2022-08-31,5e-08,20041.5,0.012038519221738
2022-09-01,1.39568133,2022-09-01,7e-08,20122.5,0.0040416136516727
2022-09-02,1.5940676,2022-09-02,8e-08,19941.0,-0.0090197540067089
2022-09-03,1.68270848,2022-09-03,9e-08,19820.7,-0.0060327967504136
2022-09-04,6.96803396,2022-09-04,3.6e-07,19992.7,0.0086777964451305
2022-09-05,0.78391951,2022-09-05,4e-08,19784.9,-0.0103937937347131
2022-09-06,1.80301426,2022-09-06,9e-08,18781.5,-0.0507154446067456
2022-09-07,1.2316476,2022-09-07,6e-08,19287.0,0.0269147831642839
2022-09-08,0.87791132,2022-09-08,5e-08,19309.3,0.0011562192150151
2022-09-09,1.13414554,2022-09-09,6e-08,21352.0,0.1057884024796342
2022-09-10,1.29983893,2022-09-10,7e-08,21639.5,0.0134647808167853
2022-09-11,2.27746567,2022-09-11,1.2e-07,21820.3,0.0083550913838119
2022-09-12,1.80175924,2022-09-12,9e-08,22386.0,0.0259253997424417
2022-09-13,5.55709452,2022-09-13,2.9e-07,20162.5,-0.0993254712766907
2022-09-14,1.58180301,2022-09-14,8e-08,20217.0,0.0027030378177308
2022-09-15,1.66726424,2022-09-15,9e-08,19690.8,-0.0260276005342039
2022-09-16,1.05316249,2022-09-16,5e-08,19792.5,0.0051648485587179
2022-09-17,1.25780279,2022-09-17,7e-08,20102.0,0.0156372363268915
2022-09-18,0.83244741,2022-09-18,4e-08,19404.5,-0.0346980399960202
2022-09-19,2.65281809,2022-09-19,1.4e-07,19528.6,0.0063954237419154
2022-09-20,1.29854832,2022-09-20,7e-08,18866.8,-0.033888758026689
2022-09-21,1.5266483,2022-09-21,8e-08,18447.5,-0.0222242245637839
2022-09-22,1.36621516,2022-09-22,7e-08,19392.5,0.0512264534489768
2022-09-23,1.61613623,2022-09-23,8e-08,19280.7,-0.005765115379657
2022-09-24,0.99123939,2022-09-24,5e-08,18911.0,-0.0191746150295373
2022-09-25,1.44159437,2022-09-25,8e-08,18799.7,-0.0058854634868594
2022-09-26,1.53551646,2022-09-26,8e-08,19216.3,0.0221599280839586
2022-09-27,4.04551773,2022-09-27,2.1e-07,19070.1,-0.007608124352763
2022-09-28,1.84847926,2022-09-28,1e-07,19407.3,0.0176821306652823
2022-09-29,2.19266267,2022-09-29,1.1e-07,19582.5,0.0090275308775564
2022-09-30,3.32688094,2022-09-30,1.7e-07,19411.7,-0.0087220732797139
2022-10-01,1.6105183,2022-10-01,8e-08,19304.0,-0.0055482003121829
2022-10-02,1.73670456,2022-10-02,9e-08,19049.4,-0.0131889763779526
2022-10-03,1.82461252,2022-10-03,1e-07,19622.0,0.0300586895125305
2022-10-04,2.19772253,2022-10-04,1.1e-07,20333.0,0.0362348384466415
2022-10-05,3.50220802,2022-10-05,1.8e-07,20150.0,-0.0090001475434023
2022-10-06,2.99133619,2022-10-06,1.6e-07,19954.0,-0.0097270471464019
2022-10-07,3.74835046,2022-10-07,2e-07,19520.9,-0.0217049213190336
2022-10-08,3.28799805,2022-10-08,1.7e-07,19406.2,-0.0058757536793898
2022-10-09,1.14276721,2022-10-09,6e-08,19430.0,0.0012264121775513
2022-10-10,1.98724203,2022-10-10,1e-07,19124.0,-0.0157488419969119
2022-10-11,2.49700517,2022-10-11,1.3e-07,19055.0,-0.003608031792512
2022-10-12,4.01824129,2022-10-12,2.1e-07,19148.0,0.004880608764104
2022-10-13,1.77229006,2022-10-13,9e-08,19365.5,0.0113588886567788
2022-10-14,2.45896661,2022-10-14,1.3e-07,19164.6,-0.0103741189228268
2022-10-15,2.08829515,2022-10-15,1.1e-07,19060.4,-0.0054371080012104
2022-10-16,3.88481684,2022-10-16,2e-07,19251.9,0.0100470084573252
2022-10-17,15.25350872,2022-10-17,8e-07,19540.6,0.0149959224803783
2022-10-18,24.66154452,2022-10-18,1.29e-06,19320.9,-0.0112432576277082
2022-10-19,3.41106465,2022-10-19,1.8e-07,19116.7,-0.010568865839583
2022-10-20,1.85178034,2022-10-20,1e-07,19034.7,-0.0042894432616508
2022-10-21,2.48129286,2022-10-21,1.3e-07,19150.9,0.0061046404724003
2022-10-22,10.85753636,2022-10-22,5.7e-07,19195.1,0.0023079855254843
2022-10-23,1.90468008,2022-10-23,1e-07,19560.7,0.0190465274992055
2022-10-24,2.43212259,2022-10-24,1.3e-07,19318.1,-0.0124024191363295
2022-10-25,6.45590243,2022-10-25,3.4e-07,20068.3,0.0388340468265513
2022-10-26,7.5100109,2022-10-26,3.9e-07,20758.3,0.0343825834774245
2022-10-27,4.69385612,2022-10-27,2.4e-07,20285.5,-0.0227764315960362
2022-10-28,2.59490229,2022-10-28,1.4e-07,20582.8,0.0146557886174853
2022-10-29,1.89546722,2022-10-29,1e-07,20796.7,0.0103921721048643
2022-10-30,2.26887944,2022-10-30,1.2e-07,20615.6,-0.0087081123447471
2022-10-31,3.02955307,2022-10-31,1.6e-07,20482.0,-0.0064805293079026
2022-11-01,3.23772885,2022-11-01,1.7e-07,20472.1,-0.000483351235231
2022-11-02,7.42049608,2022-11-02,3.9e-07,20140.1,-0.0162171931555629
2022-11-03,2.36729164,2022-11-03,1.2e-07,20199.7,0.0029592703114682
2022-11-04,10.4302041,2022-11-04,5.4e-07,21137.6,0.0464313826442965
2022-11-05,4.80825334,2022-11-05,2.5e-07,21289.9,0.0072051699341459
2022-11-06,2.30530596,2022-11-06,1.2e-07,20900.0,-0.0183138483506264
2022-11-07,5.32230707,2022-11-07,2.8e-07,20578.6,-0.015377990430622
2022-11-08,6.53938123,2022-11-08,3.4e-07,18534.0,-0.0993556412972699
2022-11-09,7.13278915,2022-11-09,3.7e-07,15905.0,-0.1418474155605913
2022-11-10,4.27758889,2022-11-10,2.2e-07,17588.0,0.1058157812008802
2022-11-11,11.60374717,2022-11-11,6e-07,17058.3,-0.0301171253127132
2022-11-12,12.35009846,2022-11-12,6.4e-07,16806.9,-0.014737693674047
2022-11-13,1.33910951,2022-11-13,7e-08,16321.2,-0.0288988451171841
2022-11-14,4.41702234,2022-11-14,2.3e-07,16605.2,0.0174006813224518
2022-11-15,5.27227642,2022-11-15,2.7e-07,16888.3,0.0170488762556306
2022-11-16,16.0554424,2022-11-16,8.4e-07,16650.6,-0.014074832872462
2022-11-17,11.77811798,2022-11-17,6.1e-07,16682.1,0.0018918237180642
2022-11-18,42.05600204,2022-11-18,2.19e-06,16689.7,0.0004555781346473
2022-11-19,3.44829596,2022-11-19,1.8e-07,16692.9,0.0001917350221993
2022-11-20,5.70800767,2022-11-20,3e-07,16272.6,-0.0251783692468056
2022-11-21,7.38412152,2022-11-21,3.8e-07,15773.0,-0.0307019161043717
2022-11-22,10.75651974,2022-11-22,5.6e-07,16220.6,0.0283776073036201
2022-11-23,68.19428085,2022-11-23,3.55e-06,16595.8,0.0231310802313107
2022-11-24,9.50628634,2022-11-24,4.9e-07,16592.4,-0.0002048711119679
2022-11-25,3.96529864,2022-11-25,2.1e-07,16516.1,-0.0045984908753406
2022-11-26,5.18064274,2022-11-26,2.7e-07,16449.2,-0.0040505930576829
2022-11-27,5.38080763,2022-11-27,2.8e-07,16422.6,-0.0016170999197531
2022-11-28,9.86542497,2022-11-28,5.1e-07,16204.5,-0.0132804793394467
2022-11-29,9.01823247,2022-11-29,4.7e-07,16433.2,0.0141133635718473
2022-11-30,8.33329646,2022-11-30,4.3e-07,17153.3,0.0438198281527637
2022-12-01,15.66290521,2022-12-01,8.1e-07,16970.5,-0.0106568415406947
2022-12-02,11.16219075,2022-12-02,5.8e-07,17083.0,0.0066291505848383
2022-12-03,4.57860683,2022-12-03,2.4e-07,16879.5,-0.0119124275595621
2022-12-04,10.12114489,2022-12-04,5.3e-07,17099.5,0.0130335614206582
2022-12-05,18.25570972,2022-12-05,9.5e-07,16958.3,-0.0082575513903915
2022-12-06,9.58065096,2022-12-06,5e-07,17078.6,0.0070938714375849
2022-12-07,5.98168308,2022-12-07,3.1e-07,16828.0,-0.0146733338798261
2022-12-08,6.34514727,2022-12-08,3.3e-07,17216.0,0.0230568100784407
2022-12-09,13.12932782,2022-12-09,6.8e-07,17122.0,-0.0054600371747212
2022-12-10,6.6701249,2022-12-10,3.5e-07,17120.0,-0.0001168087840205
2022-12-11,7.58973993,2022-12-11,3.9e-07,17077.3,-0.0024941588785046
2022-12-12,6.61831652,2022-12-12,3.4e-07,17200.0,0.0071849765478149
2022-12-13,8.81639762,2022-12-13,4.6e-07,17777.1,0.0335523255813952
2022-12-14,9.40159004,2022-12-14,4.9e-07,17803.9,0.0015075574756289
2022-12-15,5.34245553,2022-12-15,2.8e-07,17351.8,-0.0253933127011498
2022-12-16,7.29427147,2022-12-16,3.8e-07,16624.1,-0.0419380121947002
2022-12-17,7.64671222,2022-12-17,4e-07,16768.0,0.0086561076990634
2022-12-18,5.65895787,2022-12-18,2.9e-07,16730.3,-0.0022483301526717
2022-12-19,13.5412278,2022-12-19,7e-07,16429.2,-0.0179972863606748
2022-12-20,4.25434005,2022-12-20,2.2e-07,16887.2,0.0278771942638715
2022-12-21,8.14468453,2022-12-21,4.2e-07,16819.6,-0.0040030318821356
2022-12-22,7.87602638,2022-12-22,4.1e-07,16815.5,-0.0002437632286141
2022-12-23,10.75850729,2022-12-23,5.6e-07,16776.4,-0.0023252356456839
2022-12-24,6.44042866,2022-12-24,3.3e-07,16828.9,0.0031293960563649
2022-12-25,10.78326148,2022-12-25,5.6e-07,16824.4,-0.0002673971560827
2022-12-26,4.13197913,2022-12-26,2.1e-07,16912.9,0.0052602173034401
2022-12-27,6.65119345,2022-12-27,3.5e-07,16698.2,-0.0126944521637331
2022-12-28,20.08033385,2022-12-28,1.04e-06,16539.0,-0.0095339617443797
2022-12-29,15.40181059,2022-12-29,8e-07,16630.3,0.0055202853860572
2022-12-30,12.66960096,2022-12-30,6.6e-07,16601.2,-0.0017498181031009
2022-12-31,31.68157061,2022-12-31,1.65e-06,16537.6,-0.0038310483579501
2023-01-01,7.56580749,2023-01-01,3.9e-07,16610.3,0.0043960429566562
2023-01-02,7.64285779,2023-01-02,4e-07,16666.0,0.0033533409992594
2023-01-03,10.04400185,2023-01-03,5.2e-07,16667.2,7.20028801153294e-05
2023-01-04,9.46801148,2023-01-04,4.9e-07,16842.1,0.0104936642027453
2023-01-05,35.05390762,2023-01-05,1.82e-06,16823.8,-0.0010865628395508
2023-01-06,10.93089526,2023-01-06,5.7e-07,16943.8,0.007132752410276
2023-01-07,10.86989866,2023-01-07,5.6e-07,16936.5,-0.000430836058027
2023-01-08,5.98568195,2023-01-08,3.1e-07,17124.7,0.011112095179051
2023-01-09,5.43058633,2023-01-09,2.8e-07,17169.7,0.0026277832604366
2023-01-10,12.41794589,2023-01-10,6.4e-07,17428.8,0.0150905374001875
2023-01-11,12.4195739,2023-01-11,6.4e-07,17935.7,0.0290840447994125
2023-01-12,7.60438475,2023-01-12,3.9e-07,18838.0,0.0503074873018616
2023-01-13,7.38603934,2023-01-13,3.8e-07,19924.2,0.0576600488374563
2023-01-14,5.59435477,2023-01-14,2.9e-07,20962.8,0.0521275634655342
2023-01-15,7.33835617,2023-01-15,3.8e-07,20882.7,-0.0038210544392923
2023-01-16,19.84232423,2023-01-16,1.03e-06,21188.3,0.0146341229821813
2023-01-17,6.89801993,2023-01-17,3.6e-07,21130.9,-0.0027090422544516
2023-01-18,11.56457586,2023-01-18,6e-07,20680.0,-0.0213384190924191
2023-01-19,9.62550609,2023-01-19,5e-07,21068.3,0.0187765957446808
2023-01-20,7.41101895,2023-01-20,3.8e-07,22661.1,0.0756017334099097
2023-01-21,5.7561357,2023-01-21,3e-07,22781.9,0.0053307209270512
2023-01-22,4.37076731,2023-01-22,2.3e-07,22704.6,-0.0033930444782921
2023-01-23,6.42199334,2023-01-23,3.3e-07,22913.1,0.0091831611215349
2023-01-24,7.81756348,2023-01-24,4.1e-07,22627.4,-0.0124688496973346
2023-01-25,7.22157854,2023-01-25,3.7e-07,23060.6,0.0191449304825122
2023-01-26,38.42656191,2023-01-26,1.99e-06,23001.9,-0.002545467160438
2023-01-27,16.3950601,2023-01-27,8.5e-07,23068.0,0.0028736756528808
2023-01-28,5.56471652,2023-01-28,2.9e-07,23015.9,-0.0022585399687878
2023-01-29,6.05863472,2023-01-29,3.1e-07,23740.3,0.0314738941340551
2023-01-30,5.1454175,2023-01-30,2.7e-07,22819.9,-0.0387695184980811
2023-01-31,7.34080509,2023-01-31,3.8e-07,23119.4,0.0131245097480707
2023-02-01,11.2979135,2023-02-01,5.9e-07,23730.0,0.0264107200013841
2023-02-02,5.38055752,2023-02-02,2.8e-07,23493.1,-0.0099831436999578
2023-02-03,9.72860718,2023-02-03,5e-07,23424.7,-0.0029114931618219
2023-02-04,5.70110569,2023-02-04,3e-07,23322.6,-0.0043586470691194
2023-02-05,7.49614685,2023-02-05,3.9e-07,22929.2,-0.0168677591692177
2023-02-06,6.55017062,2023-02-06,3.4e-07,22757.7,-0.0074795457320796
2023-02-07,6.2087152,2023-02-07,3.2e-07,23234.1,0.0209335741309533
2023-02-08,9.00218913,2023-02-08,4.7e-07,22955.9,-0.0119737799183096
2023-02-09,8.27903814,2023-02-09,4.3e-07,21793.4,-0.0506405760610562
2023-02-10,4.99904175,2023-02-10,2.6e-07,21618.6,-0.0080207769324659
2023-02-11,4.8768263,2023-02-11,2.5e-07,21851.3,0.0107638792521256
2023-02-12,5.46020866,2023-02-12,2.8e-07,21771.1,-0.0036702621811974
2023-02-13,5.65954131,2023-02-13,2.9e-07,21766.2,-0.0002250690135086
2023-02-14,4.10842284,2023-02-14,2.1e-07,22187.4,0.0193511040052927
2023-02-15,7.88709035,2023-02-15,4.1e-07,24332.6,0.0966855061881968
2023-02-16,6.58388152,2023-02-16,3.4e-07,23526.6,-0.0331242859373843
2023-02-17,5.16476439,2023-02-17,2.7e-07,24581.5,0.0448386082136815
2023-02-18,3.81338888,2023-02-18,2e-07,24636.9,0.0022537273966194
2023-02-19,9.34835701,2023-02-19,4.8e-07,24265.9,-0.0150587127438922
2023-02-20,4.25262092,2023-02-20,2.2e-07,24849.9,0.024066694414796
2023-02-21,6.18633733,2023-02-21,3.2e-07,24443.4,-0.016358214721186
2023-02-22,9.42092952,2023-02-22,4.9e-07,24171.3,-0.0111318392694961
2023-02-23,4.81518673,2023-02-23,2.5e-07,23928.8,-0.0100325592748424
2023-02-24,11.0305264,2023-02-24,5.7e-07,23175.6,-0.0314767142522818
2023-02-25,5.9635961,2023-02-25,3.1e-07,23146.2,-0.0012685755708589
2023-02-26,6.38478251,2023-02-26,3.3e-07,23545.3,0.0172425711347865
2023-02-27,12.33449533,2023-02-27,6.4e-07,23480.0,-0.0027733772769936
2023-02-28,17.17013911,2023-02-28,8.9e-07,23129.6,-0.0149233390119251
2023-03-01,17.31266011,2023-03-01,9e-07,23619.8,0.0211936220254564
2023-03-02,6.36548109,2023-03-02,3.3e-07,23457.1,-0.0068882886391925
2023-03-03,5.95558378,2023-03-03,3.1e-07,22342.8,-0.0475037408716336
2023-03-04,7.11615401,2023-03-04,3.7e-07,22335.7,-0.0003177757487869
2023-03-05,17.38062315,2023-03-05,9e-07,22419.4,0.0037473640852985
2023-03-06,9.94453335,2023-03-06,5.1e-07,22397.1,-0.0009946742553326
2023-03-07,26.88052145,2023-03-07,1.39e-06,22187.1,-0.0093762138848333
2023-03-08,6.38132944,2023-03-08,3.3e-07,21695.4,-0.0221615262923048
2023-03-09,9.65597872,2023-03-09,5e-07,20348.3,-0.0620915032679739
2023-03-10,5.84388133,2023-03-10,3e-07,20140.3,-0.0102219841460957
2023-03-11,7.18778956,2023-03-11,3.7e-07,20447.3,0.0152430698648977
2023-03-12,5.4577196,2023-03-12,2.8e-07,21986.2,0.0752617705027069
2023-03-13,10.86113416,2023-03-13,5.6e-07,24119.5,0.0970290454921722
2023-03-14,12.14616901,2023-03-14,6.3e-07,24682.5,0.0233421090818632
2023-03-15,12.23568235,2023-03-15,6.3e-07,24288.0,-0.0159829838954724
2023-03-16,11.12967423,2023-03-16,5.8e-07,24990.4,0.0289196310935442
2023-03-17,7.95756221,2023-03-17,4.1e-07,27384.0,0.0957807798194505
2023-03-18,5.54352308,2023-03-18,2.9e-07,26907.0,-0.017418930762489
2023-03-19,5.33143934,2023-03-19,2.8e-07,27955.7,0.0389749879213587
2023-03-20,5.98454454,2023-03-20,3.1e-07,27704.1,-0.0089999534978556
2023-03-21,6.42101063,2023-03-21,3.3e-07,28091.1,0.013969051512231
2023-03-22,8.73739652,2023-03-22,4.5e-07,27233.8,-0.0305185628188287
2023-03-23,10.75556988,2023-03-23,5.6e-07,28284.1,0.0385660466038524
2023-03-24,8.36547535,2023-03-24,4.3e-07,27438.9,-0.0298825134969823
2023-03-25,4.72573988,2023-03-25,2.4e-07,27447.3,0.0003061347211439
2023-03-26,6.9969483,2023-03-26,3.6e-07,27954.3,0.0184717622498387
2023-03-27,10.02993556,2023-03-27,5.2e-07,27112.0,-0.0301313214782699
2023-03-28,4.51925713,2023-03-28,2.3e-07,27249.7,0.0050789318383004
2023-03-29,4.13153832,2023-03-29,2.1e-07,28338.5,0.0399564031897599
2023-03-30,60.27873925,2023-03-30,3.12e-06,28015.0,-0.0114155653968982
2023-03-31,14.05134535,2023-03-31,7.3e-07,28454.9,0.0157023023380331
2023-04-01,5.75615283,2023-04-01,3e-07,28443.8,-0.0003900909860867
2023-04-02,3.49517609,2023-04-02,1.8e-07,28161.2,-0.0099353813484835
2023-04-03,6.69765084,2023-04-03,3.5e-07,27786.1,-0.0133197448972345
2023-04-04,8.88285853,2023-04-04,4.6e-07,28155.2,0.01328362022738
2023-04-05,11.08483263,2023-04-05,5.7e-07,28154.0,-4.262090129003582e-05
2023-04-06,9.76333043,2023-04-06,5e-07,28022.8,-0.0046600838246785
2023-04-07,10.43423892,2023-04-07,5.4e-07,27890.7,-0.0047140185848665
2023-04-08,3.80413807,2023-04-08,2e-07,27924.9,0.0012262151900095
2023-04-09,2.81939108,2023-04-09,1.5e-07,28309.4,0.0137690734792246
2023-04-10,8.20276956,2023-04-10,4.2e-07,29623.1,0.0464050809978309
2023-04-11,21.35987031,2023-04-11,1.1e-06,30185.1,0.0189716808841748
2023-04-12,15.86551659,2023-04-12,8.2e-07,29875.0,-0.0102732805258223
2023-04-13,10.94817075,2023-04-13,5.7e-07,30362.7,0.0163246861924686
2023-04-14,12.39729357,2023-04-14,6.4e-07,30453.1,0.0029773373250732
2023-04-15,4.48166117,2023-04-15,2.3e-07,30280.4,-0.0056710154302844
2023-04-16,5.2969013,2023-04-16,2.7e-07,30286.6,0.0002047529094726
2023-04-17,6.05023736,2023-04-17,3.1e-07,29420.0,-0.028613314138926
2023-04-18,7.32956271,2023-04-18,3.8e-07,30365.8,0.0321481985044187
2023-04-19,34.67392375,2023-04-19,1.79e-06,28795.1,-0.0517259548571089
2023-04-20,6.53716477,2023-04-20,3.4e-07,28229.9,-0.0196283395438806
2023-04-21,8.07627615,2023-04-21,4.2e-07,27252.5,-0.0346228644097216
2023-04-22,4.28027639,2023-04-22,2.2e-07,27807.2,0.0203540959544996
2023-04-23,6.57880374,2023-04-23,3.4e-07,27576.0,-0.0083143933945165
2023-04-24,6.59608575,2023-04-24,3.4e-07,27497.5,-0.0028466782709603
2023-04-25,6.39874317,2023-04-25,3.3e-07,28286.7,0.0287007909809982
2023-04-26,6.50978283,2023-04-26,3.4e-07,28395.9,0.0038604715290224
2023-04-27,5.93708725,2023-04-27,3.1e-07,29459.0,0.0374385034459199
2023-04-28,6.66362635,2023-04-28,3.4e-07,29300.0,-0.0053973318849926
2023-04-29,17.37055689,2023-04-29,9e-07,29212.7,-0.0029795221843003
2023-04-30,3.32993397,2023-04-30,1.7e-07,29223.0,0.0003525863751039
2023-05-01,5.63485652,2023-05-01,2.9e-07,28054.4,-0.03998904972111
2023-05-02,7.48821926,2023-05-02,3.9e-07,28656.5,0.021461874073229
2023-05-03,15.50894303,2023-05-03,8e-07,29018.4,0.0126288974578194
2023-05-04,6.32562882,2023-05-04,3.3e-07,28826.0,-0.0066302759628373
2023-05-05,5.82103193,2023-05-05,3e-07,29491.5,0.0230867966419205
2023-05-06,2.01501232,2023-05-06,1e-07,28837.8,-0.022165708763542
2023-05-07,26.00170593,2023-05-07,1.34e-06,28419.4,-0.0145087350630075
2023-05-08,10.95161907,2023-05-08,5.7e-07,27659.8,-0.0267282208632132
2023-05-09,4.31889808,2023-05-09,2.2e-07,27610.2,-0.0017932161476221
2023-05-10,9.469952,2023-05-10,4.9e-07,27582.9,-0.0009887650216223
2023-05-11,9.74639862,2023-05-11,5e-07,26956.4,-0.022713347762563
2023-05-12,8.66060195,2023-05-12,4.5e-07,26785.1,-0.0063547061180276
2023-05-13,4.66624224,2023-05-13,2.4e-07,26762.7,-0.0008362858454886
2023-05-14,15.10271776,2023-05-14,7.8e-07,26901.9,0.0052012689302649
2023-05-15,44.73878806,2023-05-15,2.31e-06,27152.5,0.0093153271701997
2023-05-16,11.11961446,2023-05-16,5.7e-07,27024.8,-0.0047030660160206
2023-05-17,5.22337082,2023-05-17,2.7e-07,27395.8,0.0137281311980106
2023-05-18,5.37593014,2023-05-18,2.8e-07,26809.3,-0.0214083910672439
2023-05-19,6.37485816,2023-05-19,3.3e-07,26870.1,0.0022678697317721
2023-05-20,6.62349847,2023-05-20,3.4e-07,27089.5,0.0081652096568305
2023-05-21,6.38141442,2023-05-21,3.3e-07,26732.8,-0.0131674634083316
2023-05-22,22.90194048,2023-05-22,1.18e-06,26840.2,0.0040175365094565
2023-05-23,6.29246468,2023-05-23,3.2e-07,27209.9,0.0137741149469825
2023-05-24,6.32997374,2023-05-24,3.3e-07,26313.8,-0.0329328663464402
2023-05-25,42.81860287,2023-05-25,2.21e-06,26461.8,0.0056244252065456
2023-05-26,12.1167687,2023-05-26,6.3e-07,26689.9,0.0086199729421279
2023-05-27,4.52835687,2023-05-27,2.3e-07,26841.6,0.0056837979910002
2023-05-28,7.91912493,2023-05-28,4.1e-07,28055.7,0.0452320278969957
2023-05-29,7.95222249,2023-05-29,4.1e-07,27722.0,-0.0118941961882969
2023-05-30,10.36697553,2023-05-30,5.3e-07,27680.1,-0.0015114349614026
2023-05-31,7.45498685,2023-05-31,3.8e-07,27201.1,-0.0173048507772731
2023-06-01,10.37171552,2023-06-01,5.3e-07,26805.3,-0.0145508821334431
2023-06-02,4.73030107,2023-06-02,2.4e-07,27227.8,0.0157618082991051
2023-06-03,3.772229,2023-06-03,1.9e-07,27054.9,-0.0063501274432747
2023-06-04,3.07023349,2023-06-04,1.6e-07,27102.4,0.0017556893575656
2023-06-05,5.83137136,2023-06-05,3e-07,25714.7,-0.0512021075624299
2023-06-06,4.56461039,2023-06-06,2.4e-07,27221.5,0.0585968337176789
2023-06-07,4.77400579,2023-06-07,2.5e-07,26325.9,-0.0329004647062064
2023-06-08,9.26923945,2023-06-08,4.8e-07,26485.9,0.0060776649611218
2023-06-09,4.4975297,2023-06-09,2.3e-07,26468.1,-0.0006720556975599
2023-06-10,5.93825067,2023-06-10,3.1e-07,25826.6,-0.0242367226963778
2023-06-11,3.53030342,2023-06-11,1.8e-07,25909.9,0.0032253568026763
2023-06-12,6.97986451,2023-06-12,3.6e-07,25894.8,-0.0005827888181738
2023-06-13,9.00157949,2023-06-13,4.6e-07,25918.0,0.0008959327741477
2023-06-14,9.61073428,2023-06-14,5e-07,25115.9,-0.0309476039817886
2023-06-15,10.37850644,2023-06-15,5.3e-07,25586.1,0.0187212084774981
2023-06-16,6.37134237,2023-06-16,3.3e-07,26336.0,0.029308882557326
2023-06-17,4.16510365,2023-06-17,2.1e-07,26508.9,0.0065651579586878
2023-06-18,17.04029757,2023-06-18,8.8e-07,26329.7,-0.0067599938133985
2023-06-19,11.20538054,2023-06-19,5.8e-07,26828.5,0.0189443859975617
2023-06-20,16.46045659,2023-06-20,8.5e-07,28290.6,0.0544980151704344
2023-06-21,17.7626019,2023-06-21,9.2e-07,29988.5,0.0600164012074682
2023-06-22,6.10835243,2023-06-22,3.1e-07,29875.0,-0.0037847841672641
2023-06-23,18.8948498,2023-06-23,9.7e-07,30673.4,0.0267246861924685
2023-06-24,7.57608687,2023-06-24,3.9e-07,30524.2,-0.0048641493932853
2023-06-25,7.62268776,2023-06-25,3.9e-07,30458.0,-0.0021687710079215
2023-06-26,5.26963631,2023-06-26,2.7e-07,30260.1,-0.0064974719285574
2023-06-27,10.21032323,2023-06-27,5.3e-07,30683.2,0.0139821084530455
2023-06-28,7.96033613,2023-06-28,4.1e-07,30066.3,-0.020105464879804
2023-06-29,15.83834718,2023-06-29,8.2e-07,30439.9,0.0124258721558689
2023-06-30,5.984444,2023-06-30,3.1e-07,30460.2,0.0006668878675686
2023-07-01,42.07808793,2023-07-01,2.17e-06,30573.6,0.003722890854295
2023-07-02,7.05965961,2023-07-02,3.6e-07,30612.7,0.0012788811262005
2023-07-03,7.3630253,2023-07-03,3.8e-07,31149.0,0.0175188728860897
2023-07-04,5.09167171,2023-07-04,2.6e-07,30756.1,-0.0126135670487014
2023-07-05,6.10983805,2023-07-05,3.1e-07,30488.4,-0.0087039644168147
2023-07-06,23.72840135,2023-07-06,1.22e-06,29874.4,-0.0201388068904895
2023-07-07,4.76464701,2023-07-07,2.5e-07,30327.9,0.0151802211927267
2023-07-08,2.88151878,2023-07-08,1.5e-07,30269.3,-0.00193221423178
2023-07-09,5.23069047,2023-07-09,2.7e-07,30147.8,-0.0040139679477225
2023-07-10,7.95814299,2023-07-10,4.1e-07,30396.9,0.0082626261286065
2023-07-11,15.28279475,2023-07-11,7.9e-07,30608.4,0.006957946369531
2023-07-12,7.67290484,2023-07-12,3.9e-07,30368.9,-0.0078246494426366
2023-07-13,11.59727283,2023-07-13,6e-07,31441.7,0.03532561271564
2023-07-14,8.83622534,2023-07-14,4.5e-07,30293.3,-0.0365247426188788
2023-07-15,3.53412633,2023-07-15,1.8e-07,30276.4,-0.0005578791349901
2023-07-16,3.88750636,2023-07-16,2e-07,30216.8,-0.001968529944115
2023-07-17,11.90964753,2023-07-17,6.1e-07,30126.1,-0.0030016414709698
2023-07-18,10.33205959,2023-07-18,5.3e-07,29845.6,-0.0093108633377702
2023-07-19,10.71058275,2023-07-19,5.5e-07,29895.5,0.001671938242153
2023-07-20,8.56867831,2023-07-20,4.4e-07,29791.0,-0.0034955093575955
2023-07-21,12.78285022,2023-07-21,6.6e-07,29891.4,0.0033701453459098
2023-07-22,13.34503844,2023-07-22,6.9e-07,29783.5,-0.003609733903397
2023-07-23,6.89021788,2023-07-23,3.5e-07,30070.8,0.009646280658754
2023-07-24,9.87541257,2023-07-24,5.1e-07,29163.8,-0.0301621506577809
2023-07-25,6.70865775,2023-07-25,3.5e-07,29216.3,0.0018001769316755
2023-07-26,5.36731797,2023-07-26,2.8e-07,29336.0,0.0040970280288743
2023-07-27,31.28069403,2023-07-27,1.61e-06,29209.7,-0.0043052904281428
2023-07-28,78.06541277,2023-07-28,4.02e-06,29299.9,0.0030880152825945
2023-07-29,5.80187927,2023-07-29,3e-07,29339.1,0.0013378885252166
2023-07-30,4.97626505,2023-07-30,2.6e-07,29271.1,-0.0023177261742861
2023-07-31,9.61159497,2023-07-31,4.9e-07,29220.8,-0.001718418508358
2023-08-01,4.9985471,2023-08-01,2.6e-07,29701.2,0.0164403438646443
2023-08-02,15.31495995,2023-08-02,7.9e-07,29170.1,-0.0178814324000378
2023-08-03,4.84278087,2023-08-03,2.5e-07,29180.2,0.000346244956308
2023-08-04,8.70802434,2023-08-04,4.5e-07,29101.1,-0.002710742215612
2023-08-05,3.08219265,2023-08-05,1.6e-07,29057.7,-0.0014913525605561
2023-08-06,6.09880333,2023-08-06,3.1e-07,29075.9,0.0006263400062633
2023-08-07,4.8108404,2023-08-07,2.5e-07,29202.7,0.0043610000034393
2023-08-08,9.36992854,2023-08-08,4.8e-07,29759.0,0.019049608426618
2023-08-09,6.47273453,2023-08-09,3.3e-07,29572.8,-0.006256930676434
2023-08-10,6.71179103,2023-08-10,3.5e-07,29443.7,-0.0043654980252123
2023-08-11,4.57764111,2023-08-11,2.4e-07,29415.5,-0.0009577600641224
2023-08-12,6.91590232,2023-08-12,3.6e-07,29420.7,0.0001767775492511
2023-08-13,6.09523277,2023-08-13,3.1e-07,29293.3,-0.0043302844595812
2023-08-14,13.58768484,2023-08-14,7e-07,29419.5,0.0043081523761405
2023-08-15,8.52216212,2023-08-15,4.4e-07,29188.8,-0.0078417376230052
2023-08-16,8.19720297,2023-08-16,4.2e-07,28714.4,-0.0162528092967164
2023-08-17,8.41964667,2023-08-17,4.3e-07,26609.7,-0.0732977182180369
2023-08-18,11.4442231,2023-08-18,5.9e-07,26042.1,-0.0213305674246609
2023-08-19,3.28607387,2023-08-19,1.7e-07,26088.3,0.0017740504798
2023-08-20,4.64134352,2023-08-20,2.4e-07,26175.9,0.0033578270719059
2023-08-21,6.501868,2023-08-21,3.3e-07,26115.4,-0.0023112863359043
2023-08-22,7.10865971,2023-08-22,3.7e-07,26044.4,-0.0027187023748439
2023-08-23,4.60440477,2023-08-23,2.4e-07,26419.2,0.0143908095406306
2023-08-24,5.5865488,2023-08-24,2.9e-07,26164.6,-0.0096369307170542
2023-08-25,6.20070275,2023-08-25,3.2e-07,26051.7,-0.0043149904833247
2023-08-26,3.65138755,2023-08-26,1.9e-07,26004.3,-0.0018194589988369
2023-08-27,8.40832816,2023-08-27,4.3e-07,26087.7,0.0032071618924562
2023-08-28,6.7821268,2023-08-28,3.5e-07,26106.5,0.000720646128252
2023-08-29,14.06189621,2023-08-29,7.2e-07,27700.1,0.0610422691666825
2023-08-30,5.55484569,2023-08-30,2.9e-07,27290.4,-0.0147905603228868
2023-08-31,7.86800993,2023-08-31,4e-07,25928.0,-0.0499223170052472
2023-09-01,6.83045849,2023-09-01,3.5e-07,25795.6,-0.005106448626967
2023-09-02,3.34050304,2023-09-02,1.7e-07,25855.8,0.0023337313340259
2023-09-03,7.37228056,2023-09-03,3.8e-07,25962.1,0.0041112632368751
2023-09-04,7.93823118,2023-09-04,4.1e-07,25814.0,-0.0057044692070363
2023-09-05,8.6611243,2023-09-05,4.4e-07,25779.7,-0.0013287363446191
2023-09-06,9.68627328,2023-09-06,5e-07,25747.4,-0.0012529238121467
2023-09-07,5.89005261,2023-09-07,3e-07,26240.7,0.0191592160761862
2023-09-08,6.26517117,2023-09-08,3.2e-07,25899.8,-0.0129912692877858
2023-09-09,5.07108597,2023-09-09,2.6e-07,25892.6,-0.0002779944246673
2023-09-10,3.22336286,2023-09-10,1.7e-07,25828.4,-0.0024794728995928
2023-09-11,7.39890837,2023-09-11,3.8e-07,25150.4,-0.02625017422682
2023-09-12,6.69301446,2023-09-12,3.4e-07,25825.8,0.0268544436668998
2023-09-13,5.1622247,2023-09-13,2.6e-07,26209.9,0.0148727241750499
2023-09-14,9.4325376,2023-09-14,4.8e-07,26510.3,0.0114613180515759
2023-09-15,6.79123361,2023-09-15,3.5e-07,26591.1,0.0030478719592006
2023-09-16,4.06278796,2023-09-16,2.1e-07,26546.9,-0.0016622102884046
2023-09-17,3.81044428,2023-09-17,2e-07,26514.2,-0.0012317822419943
2023-09-18,15.97828905,2023-09-18,8.2e-07,26749.9,0.0088895761516469
2023-09-19,34.01119426,2023-09-19,1.75e-06,27196.0,0.0166766978568144
2023-09-20,8.04593593,2023-09-20,4.1e-07,27107.7,-0.003246801000147
2023-09-21,4.64567119,2023-09-21,2.4e-07,26552.6,-0.020477576481959
2023-09-22,4.15453621,2023-09-22,2.1e-07,26566.7,0.0005310214442277
2023-09-23,5.43244984,2023-09-23,2.8e-07,26563.1,-0.0001355079855609
2023-09-24,6.35292137,2023-09-24,3.3e-07,26232.4,-0.0124496011384211
2023-09-25,6.81171341,2023-09-25,3.5e-07,26290.5,0.0022148183162806
2023-09-26,8.17744121,2023-09-26,4.2e-07,26208.8,-0.0031075863905213
2023-09-27,5.61016764,2023-09-27,2.9e-07,26359.6,0.0057537926192727
2023-09-28,8.43253818,2023-09-28,4.3e-07,27011.8,0.024742408837767
2023-09-29,9.68869447,2023-09-29,5e-07,26890.9,-0.0044758216779332
2023-09-30,5.35542276,2023-09-30,2.7e-07,26950.9,0.0022312380768214
2023-10-01,6.58628523,2023-10-01,3.4e-07,27981.4,0.0382361999042704
2023-10-02,16.03988931,2023-10-02,8.2e-07,27477.6,-0.0180048174859014
2023-10-03,9.35301241,2023-10-03,4.8e-07,27412.0,-0.0023873991906133
2023-10-04,11.63335367,2023-10-04,6e-07,27759.8,0.0126878739238289
2023-10-05,7.12586144,2023-10-05,3.7e-07,27398.4,-0.0130188257840473
2023-10-06,8.82578365,2023-10-06,4.5e-07,27916.3,0.0189025636533519
2023-10-07,12.59007776,2023-10-07,6.5e-07,27943.0,0.0009564304725195
2023-10-08,4.49416916,2023-10-08,2.3e-07,27901.2,-0.0014959023726872
2023-10-09,20.22414672,2023-10-09,1.04e-06,27578.3,-0.0115729789399739
2023-10-10,8.3640221,2023-10-10,4.3e-07,27381.2,-0.0071469234869443
2023-10-11,15.41932561,2023-10-11,7.9e-07,26864.5,-0.0188706119527267
2023-10-12,8.43526323,2023-10-12,4.3e-07,26744.0,-0.0044854733942563
2023-10-13,7.80560626,2023-10-13,4e-07,26849.8,0.0039560275201913
2023-10-14,32.24214892,2023-10-14,1.65e-06,26836.3,-0.0005027970413187
2023-10-15,4.74568339,2023-10-15,2.4e-07,27139.8,0.0113093086602846
2023-10-16,6.36857895,2023-10-16,3.3e-07,28486.3,0.0496134827817449
2023-10-17,9.14334152,2023-10-17,4.7e-07,28381.9,-0.0036649196280316
2023-10-18,9.60096962,2023-10-18,4.9e-07,28307.1,-0.0026354824729846
2023-10-19,21.38068602,2023-10-19,1.1e-06,28696.9,0.0137703968262381
2023-10-20,9.47810967,2023-10-20,4.9e-07,29653.0,0.0333171875707829
2023-10-21,6.09669158,2023-10-21,3.1e-07,29895.4,0.0081745523218561
2023-10-22,6.66644003,2023-10-22,3.4e-07,29981.5,0.0028800417455527
2023-10-23,12.29432087,2023-10-23,6.3e-07,33074.0,0.1031469406133782
2023-10-24,14.62374682,2023-10-24,7.5e-07,33917.0,0.025488298965955
2023-10-25,9.55509526,2023-10-25,4.9e-07,34487.7,0.0168263702568032
2023-10-26,16.0645941,2023-10-26,8.2e-07,34154.0,-0.0096759134416037
2023-10-27,11.12885582,2023-10-27,5.7e-07,33893.1,-0.0076389295543713
2023-10-28,14.07478499,2023-10-28,7.2e-07,34086.6,0.0057091266363951
2023-10-29,9.55841719,2023-10-29,4.9e-07,34528.6,0.0129669723586394
2023-10-30,7.59978162,2023-10-30,3.9e-07,34483.8,-0.0012974751365533
2023-10-31,13.37860199,2023-10-31,6.9e-07,34651.4,0.0048602532203527
2023-11-01,35.27110361,2023-11-01,1.81e-06,35437.4,0.0226830661964596
2023-11-02,8.33475304,2023-11-02,4.3e-07,34940.1,-0.0140331965663396
2023-11-03,9.20913329,2023-11-03,4.7e-07,34700.4,-0.0068603123631585
2023-11-04,6.95098086,2023-11-04,3.6e-07,35069.7,0.0106425286163847
2023-11-05,7.77814824,2023-11-05,4e-07,35025.5,-0.0012603472513308
2023-11-06,6.29394706,2023-11-06,3.2e-07,35057.4,0.0009107650140611
2023-11-07,9.11815059,2023-11-07,4.7e-07,35406.5,0.009957954668629
2023-11-08,7.11309809,2023-11-08,3.6e-07,35626.7,0.0062191970400913
2023-11-09,20.00761941,2023-11-09,1.02e-06,36719.5,0.0306736239954865
2023-11-10,10.90366621,2023-11-10,5.6e-07,37330.4,0.0166369367774616
2023-11-11,5.79065602,2023-11-11,3e-07,37162.1,-0.0045083899449243
2023-11-12,6.77519158,2023-11-12,3.5e-07,37085.5,-0.0020612398115283
2023-11-13,8.75986887,2023-11-13,4.5e-07,36486.2,-0.0161599546992761
2023-11-14,6.9251067,2023-11-14,3.5e-07,35559.0,-0.0254123476821372
2023-11-15,18.99408842,2023-11-15,9.7e-07,37885.6,0.0654292865378665
2023-11-16,10.31516572,2023-11-16,5.3e-07,36176.0,-0.0451253246616127
2023-11-17,8.80102095,2023-11-17,4.5e-07,36621.9,0.0123258513931889
2023-11-18,8.59760402,2023-11-18,4.4e-07,36580.9,-0.0011195486853494
2023-11-19,13.27554149,2023-11-19,6.8e-07,37375.9,0.021732652832489
2023-11-20,9.70152126,2023-11-20,5e-07,37462.5,0.0023170010621818
2023-11-21,13.82184554,2023-11-21,7.1e-07,35737.0,-0.0460593927260594
2023-11-22,17.34664226,2023-11-22,8.9e-07,37413.4,0.0469093656434507
2023-11-23,6.35234899,2023-11-23,3.2e-07,37294.3,-0.0031833514195448
2023-11-24,5.98209283,2023-11-24,3.1e-07,37706.3,0.0110472645953938
2023-11-25,4.73975568,2023-11-25,2.4e-07,37766.6,0.0015992022553259
2023-11-26,9.01506927,2023-11-26,4.6e-07,37437.9,-0.0087034575524403
2023-11-27,5.27535102,2023-11-27,2.7e-07,37234.3,-0.0054383392230866
2023-11-28,8.4573869,2023-11-28,4.3e-07,37812.1,0.0155179498473181
2023-11-29,7.65981162,2023-11-29,3.9e-07,37837.1,0.0006611640189251
2023-11-30,36.53501117,2023-11-30,1.87e-06,37716.8,-0.0031794191415303
2023-12-01,8.14952498,2023-12-01,4.2e-07,38660.0,0.0250074237475077
2023-12-02,6.31744952,2023-12-02,3.2e-07,39435.0,0.0200465597516812
2023-12-03,6.08346496,2023-12-03,3.1e-07,39979.7,0.0138126030176237
2023-12-04,17.52301952,2023-12-04,9e-07,41993.1,0.0503605579831765
2023-12-05,13.70809783,2023-12-05,7e-07,44081.7,0.0497367424648333
2023-12-06,21.02480915,2023-12-06,1.07e-06,43774.8,-0.0069620726968332
2023-12-07,12.42724258,2023-12-07,6.4e-07,43296.0,-0.0109377998300392
2023-12-08,10.42214332,2023-12-08,5.3e-07,44209.5,0.0210989467849223
2023-12-09,9.5698523,2023-12-09,4.9e-07,43734.3,-0.0107488209547721
2023-12-10,8.68627282,2023-12-10,4.4e-07,43810.0,0.0017309068625768
2023-12-11,11.95726082,2023-12-11,6.1e-07,41271.0,-0.0579548048390778
2023-12-12,20.77119259,2023-12-12,1.06e-06,41515.0,0.00591214169756
2023-12-13,7.3148091,2023-12-13,3.7e-07,42875.0,0.0327592436468746
2023-12-14,5.8455526,2023-12-14,3e-07,43032.4,0.003671137026239
2023-12-15,19.49814666,2023-12-15,1e-06,41968.0,-0.0247348509495171
2023-12-16,14.81619847,2023-12-16,7.6e-07,42287.4,0.007610560426992
2023-12-17,6.34577814,2023-12-17,3.2e-07,41396.5,-0.0210677412184244
2023-12-18,22.60685219,2023-12-18,1.15e-06,42671.7,0.0308045366154143
2023-12-19,13.72496525,2023-12-19,7e-07,42298.3,-0.008750530210889
2023-12-20,14.20726787,2023-12-20,7.3e-07,43708.9,0.0333488579919287
2023-12-21,10.78194155,2023-12-21,5.5e-07,43896.3,0.004287456330404
2023-12-22,19.61958466,2023-12-22,1e-06,43999.2,0.0023441611251973
2023-12-23,14.48939053,2023-12-23,7.4e-07,43725.2,-0.0062273859524718
2023-12-24,36.29556398,2023-12-24,1.85e-06,43008.4,-0.0163932926550363
2023-12-25,9.66677296,2023-12-25,4.9e-07,43611.9,0.0140321425581979
2023-12-26,10.00151624,2023-12-26,5.1e-07,42538.5,-0.0246125484099524
2023-12-27,72.86848151,2023-12-27,3.72e-06,43453.8,0.0215169787369089
2023-12-28,13.07082541,2023-12-28,6.7e-07,42600.1,-0.019646152925636
2023-12-29,38.36409808,2023-12-29,1.96e-06,42095.1,-0.0118544322665908
2023-12-30,14.85154359,2023-12-30,7.6e-07,42174.2,0.0018790785625879
2023-12-31,10.1197044,2023-12-31,5.2e-07,42314.0,0.0033148228063604
2024-01-01,7.20035731,2024-01-01,3.7e-07,44230.2,0.0452852483811503
2024-01-02,13.96804488,2024-01-02,7.1e-07,44979.8,0.0169476963703534
2024-01-03,12.54942797,2024-01-03,6.4e-07,42849.5,-0.0473612599433523
2024-01-04,64.39413201,2024-01-04,3.29e-06,44143.8,0.0302057200200702
2024-01-05,11.22855368,2024-01-05,5.7e-07,44145.4,3.6245180523586384e-05
2024-01-06,6.75403491,2024-01-06,3.4e-07,43956.7,-0.0042745110475838
2024-01-07,8.09980044,2024-01-07,4.1e-07,43916.9,-0.0009054364863603
2024-01-08,10.05952744,2024-01-08,5.1e-07,46972.7,0.0695814139886921
2024-01-09,11.61447894,2024-01-09,5.9e-07,46114.0,-0.0182808312062111
2024-01-10,8.26279444,2024-01-10,4.2e-07,46662.9,0.0119031096846944
2024-01-11,9.87091693,2024-01-11,5e-07,46337.8,-0.0069669909071231
2024-01-12,8.57577943,2024-01-12,4.4e-07,42788.9,-0.0765875807655952
2024-01-13,5.76072701,2024-01-13,2.9e-07,42846.4,0.0013438064544777
2024-01-14,12.03001219,2024-01-14,6.1e-07,41734.9,-0.0259415026700026
2024-01-15,9.19556671,2024-01-15,4.7e-07,42515.0,0.018691790324165
2024-01-16,113.69706419,2024-01-16,5.8e-06,43133.0,0.0145360461013759
2024-01-17,20.85319926,2024-01-17,1.06e-06,42783.4,-0.0081051631001785
2024-01-18,19.36925284,2024-01-18,9.9e-07,41323.1,-0.034132397144687
2024-01-19,17.63224276,2024-01-19,9e-07,41662.2,0.0082060639206642
2024-01-20,5.98497515,2024-01-20,3.1e-07,41691.8,0.0007104761630447
2024-01-21,4.52212185,2024-01-21,2.3e-07,41580.0,-0.0026815824694544
2024-01-22,23.76113043,2024-01-22,1.21e-06,39567.0,-0.0484126984126984
2024-01-23,22.99433767,2024-01-23,1.17e-06,39890.0,0.0081633684636186
2024-01-24,52.0796775,2024-01-24,2.66e-06,40078.7,0.0047305088994735
2024-01-25,25.91838814,2024-01-25,1.32e-06,39953.3,-0.0031288439994309
2024-01-26,15.57473003,2024-01-26,7.9e-07,41806.4,0.0463816505770486
2024-01-27,7.6781406,2024-01-27,3.9e-07,42102.2,0.0070754716981131
2024-01-28,6.61620092,2024-01-28,3.4e-07,42021.2,-0.0019238899629948
2024-01-29,15.05312905,2024-01-29,7.7e-07,43287.7,0.0301395486087974
2024-01-30,19.23873348,2024-01-30,9.8e-07,42918.3,-0.0085336019238719
2024-01-31,14.59351137,2024-01-31,7.4e-07,42560.5,-0.00833677009574
2024-02-01,10.56907546,2024-02-01,5.4e-07,43072.6,0.0120322834553165
2024-02-02,15.50295196,2024-02-02,7.9e-07,43182.0,0.0025398977540247
2024-02-03,3.5319803,2024-02-03,1.8e-07,42992.4,-0.00439071835487
2024-02-04,12.59243877,2024-02-04,6.4e-07,42570.3,-0.0098180143467216
2024-02-05,13.64202669,2024-02-05,7e-07,42692.9,0.0028799421192708
2024-02-06,28.86624903,2024-02-06,1.47e-06,43079.1,0.0090460006230543
2024-02-07,11.47796154,2024-02-07,5.8e-07,44326.2,0.0289490727522161
2024-02-08,8.77366795,2024-02-08,4.5e-07,45269.1,0.021271843740271
2024-02-09,9.41930815,2024-02-09,4.8e-07,47116.1,0.0408004577073544
2024-02-10,9.36311256,2024-02-10,4.8e-07,47732.6,0.0130846992853823
2024-02-11,9.85191814,2024-02-11,5e-07,48303.4,0.0119582842753172
2024-02-12,14.33035575,2024-02-12,7.3e-07,49943.6,0.0339562018408641
2024-02-13,10.02817993,2024-02-13,5.1e-07,49696.4,-0.0049495831297703
2024-02-14,19.35240586,2024-02-14,9.9e-07,51823.2,0.0427958564403054
2024-02-15,14.92895709,2024-02-15,7.6e-07,51898.5,0.0014530171814941
2024-02-16,15.49050993,2024-02-16,7.9e-07,52148.6,0.0048190217443664
2024-02-17,10.00458191,2024-02-17,5.1e-07,51679.4,-0.0089973652216933
2024-02-18,8.80840964,2024-02-18,4.5e-07,52175.9,0.0096073096823878
2024-02-19,49.44561105,2024-02-19,2.52e-06,51813.8,-0.0069399857022111
2024-02-20,9.23881354,2024-02-20,4.7e-07,52297.4,0.0093334208261119
2024-02-21,12.86900201,2024-02-21,6.6e-07,51877.8,-0.0080233434166898
2024-02-22,21.98117988,2024-02-22,1.12e-06,51316.9,-0.0108119465358978
2024-02-23,18.89731587,2024-02-23,9.6e-07,50771.9,-0.0106202829866963
2024-02-24,8.58411965,2024-02-24,4.4e-07,51602.1,0.0163515645465306
2024-02-25,9.00528647,2024-02-25,4.6e-07,51764.9,0.0031549103621753
2024-02-26,11.64789462,2024-02-26,5.9e-07,54511.6,0.0530610510210585
2024-02-27,15.05415799,2024-02-27,7.7e-07,57074.5,0.0470156810660482
2024-02-28,31.44370503,2024-02-28,1.6e-06,62487.9,0.0948479618743922
2024-02-29,22.79637665,2024-02-29,1.16e-06,61203.3,-0.0205575799474777
2024-03-01,56.89080214,2024-03-01,2.9e-06,62430.6,0.0200528402880235
2024-03-02,10.58262814,2024-03-02,5.4e-07,62039.9,-0.0062581490487035
2024-03-03,11.76617878,2024-03-03,6e-07,63178.5,0.0183527052751535
2024-03-04,23.00829145,2024-03-04,1.17e-06,68296.4,0.0810069881367869
2024-03-05,27.16508631,2024-03-05,1.38e-06,63747.4,-0.0666067318335957
2024-03-06,48.85195369,2024-03-06,2.49e-06,66128.1,0.0373458368498167
2024-03-07,26.9912751,2024-03-07,1.37e-06,66870.0,0.0112191337721785
2024-03-08,24.85513029,2024-03-08,1.26e-06,68180.2,0.0195932406161207
2024-03-09,15.38749117,2024-03-09,7.8e-07,68360.1,0.0026385959560109
2024-03-10,28.23307929,2024-03-10,1.44e-06,69001.8,0.0093870547292937
2024-03-11,20.57079542,2024-03-11,1.05e-06,72153.8,0.0456799677689567
2024-03-12,15.18255531,2024-03-12,7.7e-07,71503.2,-0.0090168501173881
2024-03-13,20.2069578,2024-03-13,1.03e-06,73127.6,0.0227178643753007
2024-03-14,29.3477389,2024-03-14,1.49e-06,71455.5,-0.0228655117903501
2024-03-15,14.59878427,2024-03-15,7.4e-07,69552.2,-0.0266361581683706
2024-03-16,11.55128105,2024-03-16,5.9e-07,65351.0,-0.0604035530148578
2024-03-17,53.98408368,2024-03-17,2.75e-06,68447.9,0.047388716316506
2024-03-18,17.31236562,2024-03-18,8.8e-07,67660.0,-0.0115109448208052
2024-03-19,11.98202275,2024-03-19,6.1e-07,61974.1,-0.0840363582618977
2024-03-20,13.0750508,2024-03-20,6.7e-07,67876.4,0.0952381720751087
2024-03-21,29.26297907,2024-03-21,1.49e-06,65539.9,-0.0344228627328496
2024-03-22,42.82515031,2024-03-22,2.18e-06,63826.0,-0.0261504823779101
2024-03-23,227.68402914,2024-03-23,1.158e-05,64020.3,0.0030442139566948
2024-03-24,23.49854321,2024-03-24,1.2e-06,67260.9,0.0506183195017828
2024-03-25,56.05822837,2024-03-25,2.85e-06,69920.5,0.0395415464259325
2024-03-26,22.24524419,2024-03-26,1.13e-06,70044.1,0.0017677219127438
2024-03-27,12.10925252,2024-03-27,6.2e-07,69532.6,-0.0073025422555218
2024-03-28,42.21307011,2024-03-28,2.15e-06,70838.7,0.018783994845583
2024-03-29,9.65666031,2024-03-29,4.9e-07,69903.6,-0.0132004116394003
2024-03-30,11.11624325,2024-03-30,5.7e-07,69642.1,-0.0037408659925954
2024-03-31,17.79196247,2024-03-31,9e-07,71363.0,0.0247106276232336
2024-04-01,57.47011796,2024-04-01,2.92e-06,69700.0,-0.0233033925143281
2024-04-02,24.85542918,2024-04-02,1.26e-06,65505.3,-0.0601822094691534
2024-04-03,11.02347549,2024-04-03,5.6e-07,65971.9,0.0071230877501513
2024-04-04,11.09246958,2024-04-04,5.6e-07,68489.9,0.0381677653667698
2024-04-05,6.33856345,2024-04-05,3.2e-07,67825.7,-0.0096977802566509
2024-04-06,12.19810026,2024-04-06,6.2e-07,68901.6,0.0158627187039721
2024-04-07,9.57601405,2024-04-07,4.9e-07,69362.7,0.0066921522867391
2024-04-08,9.76020528,2024-04-08,5e-07,71678.4,0.0333853785968538
2024-04-09,14.20033891,2024-04-09,7.2e-07,69189.3,-0.0347259425433602
2024-04-10,10.11356211,2024-04-10,5.1e-07,70681.7,0.0215698092046023
2024-04-11,8.04348322,2024-04-11,4.1e-07,70055.7,-0.0088566064483451
2024-04-12,11.64734696,2024-04-12,5.9e-07,67136.4,-0.0416711274029094
2024-04-13,8.06079488,2024-04-13,4.1e-07,63939.7,-0.0476150046770454
2024-04-14,9.88664157,2024-04-14,5e-07,65615.9,0.026215324751289
2024-04-15,10.53046855,2024-04-15,5.3e-07,63392.7,-0.0338820316417209
2024-04-16,23.90095229,2024-04-16,1.21e-06,63765.0,0.005872915966665
2024-04-17,8.96186412,2024-04-17,4.6e-07,61254.5,-0.039371128361954
2024-04-18,21.26177303,2024-04-18,1.08e-06,63445.0,0.0357606379939432
2024-04-19,14.46494915,2024-04-19,7.3e-07,63787.4,0.0053968003782804
2024-04-20,6.73915079,2024-04-20,3.4e-07,64897.2,0.017398420377692
2024-04-21,7.32207134,2024-04-21,3.7e-07,64912.6,0.0002372983734275
2024-04-22,8.20985363,2024-04-22,4.2e-07,66778.0,0.0287371018877691
2024-04-23,11.14462316,2024-04-23,5.7e-07,66386.3,-0.0058657042738625
2024-04-24,28.52478966,2024-04-24,1.45e-06,64250.0,-0.0321798322846732
2024-04-25,11.22217793,2024-04-25,5.7e-07,64478.8,0.0035610894941635
2024-04-26,9.40093273,2024-04-26,4.8e-07,63748.8,-0.0113215506492055
2024-04-27,16.19712956,2024-04-27,8.2e-07,63421.0,-0.0051420575759857
2024-04-28,12.54116432,2024-04-28,6.4e-07,63088.3,-0.0052458964696235
2024-04-29,11.64873903,2024-04-29,5.9e-07,63842.4,0.0119530879735227
2024-04-30,15.86509661,2024-04-30,8.1e-07,60651.2,-0.0499855895141787
2024-05-01,11.00866915,2024-05-01,5.6e-07,58307.6,-0.038640620465877
2024-05-02,10.80632484,2024-05-02,5.5e-07,59036.7,0.0125043733578469
2024-05-03,13.33919625,2024-05-03,6.8e-07,62853.7,0.0646546978404958
2024-05-04,6.71380744,2024-05-04,3.4e-07,63864.2,0.0160770169457009
2024-05-05,5.7147507,2024-05-05,2.9e-07,63988.0,0.0019384882297124
2024-05-06,14.64070454,2024-05-06,7.4e-07,63142.8,-0.0132087266362442
2024-05-07,6.98895574,2024-05-07,3.5e-07,62296.0,-0.0134108718650424
2024-05-08,10.90383596,2024-05-08,5.5e-07,61157.9,-0.0182692307692307
2024-05-09,7.47865842,2024-05-09,3.8e-07,63050.1,0.0309395842564901
2024-05-10,6.64585385,2024-05-10,3.4e-07,60778.1,-0.0360348357893167
2024-05-11,10.60175615,2024-05-11,5.4e-07,60809.2,0.0005116974699768
2024-05-12,17.35478483,2024-05-12,8.8e-07,61455.8,0.0106332594410056
2024-05-13,9.11042095,2024-05-13,4.6e-07,62912.1,0.0236967055997967
2024-05-14,14.12060611,2024-05-14,7.2e-07,61550.5,-0.0216428954048585
2024-05-15,49.30504474,2024-05-15,2.5e-06,66175.4,0.0751399257520246
2024-05-16,8.5122127,2024-05-16,4.3e-07,65217.7,-0.0144721452382606
2024-05-17,9.56938044,2024-05-17,4.9e-07,66980.0,0.027021805430121
2024-05-18,6.24882396,2024-05-18,3.2e-07,66884.9,-0.0014198268139744
2024-05-19,8.93202077,2024-05-19,4.5e-07,66239.4,-0.0096509077534689
2024-05-20,11.70601543,2024-05-20,5.9e-07,71466.5,0.0789122486012856
2024-05-21,11.09359691,2024-05-21,5.6e-07,70168.8,-0.0181581580180923
2024-05-22,22.78981861,2024-05-22,1.16e-06,69219.1,-0.0135345053642074
2024-05-23,18.82756675,2024-05-23,9.6e-07,67999.9,-0.017613635542791
2024-05-24,13.80558199,2024-05-24,7e-07,68584.1,0.0085911891046899
2024-05-25,7.04533351,2024-05-25,3.6e-07,69314.4,0.0106482406272006
2024-05-26,13.25417042,2024-05-26,6.7e-07,68524.3,-0.0113987858222821
2024-05-27,18.50037854,2024-05-27,9.4e-07,69461.6,0.0136783593557321
2024-05-28,502.97117674,2024-05-28,2.553e-05,68440.5,-0.014700208460502
2024-05-29,9.11837827,2024-05-29,4.6e-07,67686.7,-0.0110139464206135
2024-05-30,12.34568731,2024-05-30,6.3e-07,68402.5,0.010575194240523
2024-05-31,7.39713966,2024-05-31,3.8e-07,67577.9,-0.0120551149446292
2024-06-01,9.40540775,2024-06-01,4.8e-07,67799.2,0.0032747392268774
2024-06-02,8.08794743,2024-06-02,4.1e-07,67805.9,9.882122502924418e-05
2024-06-03,18.08508881,2024-06-03,9.2e-07,68851.4,0.0154190122098518
2024-06-04,10.88237195,2024-06-04,5.5e-07,70580.0,0.0251062433007898
2024-06-05,10.55201195,2024-06-05,5.4e-07,71133.3,0.0078393312553131
2024-06-06,24.60504062,2024-06-06,1.25e-06,70830.0,-0.0042638258031049
2024-06-07,11.20004755,2024-06-07,5.7e-07,69377.0,-0.0205139065367782
2024-06-08,11.10748154,2024-06-08,5.6e-07,69346.5,-0.000439626965709
2024-06-09,10.83524715,2024-06-09,5.5e-07,69667.1,0.004623160505577
2024-06-10,9.30982793,2024-06-10,4.7e-07,69558.7,-0.0015559711829544
2024-06-11,55.80304185,2024-06-11,2.83e-06,67320.7,-0.032174264326389
2024-06-12,15.77687506,2024-06-12,8e-07,68270.3,0.014105616845933
2024-06-13,7.59771021,2024-06-13,3.9e-07,66786.9,-0.0217283357477557
2024-06-14,9.29203597,2024-06-14,4.7e-07,66039.7,-0.0111878227616493
2024-06-15,20.8706007,2024-06-15,1.06e-06,66213.7,0.0026347787770084
2024-06-16,5.43563389,2024-06-16,2.8e-07,66653.6,0.0066436402134302
2024-06-17,13.56150033,2024-06-17,6.9e-07,66472.1,-0.002723033714608
2024-06-18,7.43560784,2024-06-18,3.8e-07,65150.0,-0.0198895476448014
2024-06-19,8.45233828,2024-06-19,4.3e-07,64933.6,-0.003321565617805
2024-06-20,8.74827883,2024-06-20,4.4e-07,64854.0,-0.0012258676555743
2024-06-21,16.17885028,2024-06-21,8.2e-07,64124.0,-0.0112560520553859
2024-06-22,162.32177054,2024-06-22,8.23e-06,64240.0,0.0018089950720479
2024-06-23,9.98247015,2024-06-23,5.1e-07,63194.9,-0.0162686799501867
2024-06-24,20.33831308,2024-06-24,1.03e-06,60273.6,-0.0462268315955877
2024-06-25,11.43970643,2024-06-25,5.8e-07,61777.8,0.0249561997292346
2024-06-26,14.4504905,2024-06-26,7.3e-07,60860.1,-0.0148548507716365
2024-06-27,36.89290652,2024-06-27,1.87e-06,61682.0,0.0135047428446553
2024-06-28,12.72920803,2024-06-28,6.5e-07,60429.8,-0.0203008981550533
2024-06-29,5.51519681,2024-06-29,2.8e-07,60982.4,0.0091444949346182
2024-06-30,10.11090637,2024-06-30,5.1e-07,62766.0,0.0292477829668886
2024-07-01,12.96995091,2024-07-01,6.6e-07,62883.6,0.0018736258483891
2024-07-02,9.1069677,2024-07-02,4.6e-07,62123.6,-0.0120858220585335
2024-07-03,34.98099052,2024-07-03,1.77e-06,60208.0,-0.0308353025259321
2024-07-04,17.37460382,2024-07-04,8.8e-07,57045.9,-0.052519598724422
2024-07-05,43.53367232,2024-07-05,2.21e-06,56604.9,-0.0077306169242662
2024-07-06,7.13101277,2024-07-06,3.6e-07,58216.0,0.0284622002688812
2024-07-07,12.0364949,2024-07-07,6.1e-07,55830.9,-0.0409698364710732
2024-07-08,6.07953261,2024-07-08,3.1e-07,56686.4,0.0153230558704946
2024-07-09,24.9559196,2024-07-09,1.27e-06,58023.2,0.0235823760196447
2024-07-10,19.09417154,2024-07-10,9.7e-07,57707.0,-0.0054495443202029
2024-07-11,5.71863232,2024-07-11,2.9e-07,57315.5,-0.0067842722719947
2024-07-12,10.95856334,2024-07-12,5.6e-07,57870.0,0.0096745208538702
2024-07-13,6.51005226,2024-07-13,3.3e-07,59174.0,0.022533264212891
2024-07-14,11.83935087,2024-07-14,6e-07,60766.0,0.0269037077094669
2024-07-15,10.69695681,2024-07-15,5.4e-07,64680.6,0.0644208932626797
2024-07-16,7.53960508,2024-07-16,3.8e-07,65010.0,0.0050927171362047
2024-07-17,12.02272481,2024-07-17,6.1e-07,64055.7,-0.0146792801107522
2024-07-18,29.21898335,2024-07-18,1.48e-06,63959.9,-0.0014955733837893
2024-07-19,36.5330138,2024-07-19,1.85e-06,66627.9,0.0417136362001815
2024-07-20,6.18291946,2024-07-20,3.1e-07,67095.6,0.0070195818868674
2024-07-21,6.75029521,2024-07-21,3.4e-07,68138.0,0.0155360411114886
2024-07-22,9.10033458,2024-07-22,4.6e-07,67499.2,-0.0093750917256156
2024-07-23,61.23855223,2024-07-23,3.1e-06,65916.4,-0.0234491668049399
2024-07-24,11.78149028,2024-07-24,6e-07,65350.8,-0.0085805656862327
2024-07-25,23.73569439,2024-07-25,1.2e-06,65773.0,0.0064605176983296
2024-07-26,10.56887988,2024-07-26,5.4e-07,67882.5,0.0320724309367066
2024-07-27,14.52022367,2024-07-27,7.4e-07,67873.8,-0.000128162633963
2024-07-28,12.76981252,2024-07-28,6.5e-07,68215.5,0.0050343431486081
2024-07-29,17.85193311,2024-07-29,9e-07,66750.0,-0.0214833872067198
2024-07-30,51.12353646,2024-07-30,2.59e-06,66159.3,-0.0088494382022471
2024-07-31,7.05637008,2024-07-31,3.6e-07,64601.8,-0.023541663832598
2024-08-01,17.74351239,2024-08-01,9e-07,65328.9,0.0112551043469377
2024-08-02,7.27276478,2024-08-02,3.7e-07,61483.7,-0.0588590960509055
2024-08-03,15.66443427,2024-08-03,7.9e-07,60684.6,-0.0129969406525631
2024-08-04,11.23401832,2024-08-04,5.7e-07,58144.5,-0.0418574069862864
2024-08-05,25.95302235,2024-08-05,1.32e-06,54003.1,-0.0712259972998305
2024-08-06,5.99681342,2024-08-06,3e-07,55991.2,0.0368145532386103
2024-08-07,18.18704194,2024-08-07,9.2e-07,55102.9,-0.0158649930703395
2024-08-08,7.97991131,2024-08-08,4e-07,61659.8,0.1189937371717277
2024-08-09,10.49821654,2024-08-09,5.3e-07,60808.6,-0.0138047804241986
2024-08-10,30.81895732,2024-08-10,1.56e-06,60889.9,0.0013369819400546
2024-08-11,4.93236749,2024-08-11,2.5e-07,58693.1,-0.0360782330074446
2024-08-12,8.7605715,2024-08-12,4.4e-07,59323.6,0.010742318943794
2024-08-13,7.94826219,2024-08-13,4e-07,60550.5,0.0206814825802885
2024-08-14,5.75265337,2024-08-14,2.9e-07,58648.1,-0.031418402820786
2024-08-15,10.60503235,2024-08-15,5.4e-07,57511.0,-0.0193885223903246
2024-08-16,8.31234343,2024-08-16,4.2e-07,58854.9,0.0233677035697519
2024-08-17,5.83515634,2024-08-17,3e-07,59468.5,0.0104256400061846
2024-08-18,7.24945856,2024-08-18,3.7e-07,58390.0,-0.0181356516475108
2024-08-19,8.89059974,2024-08-19,4.5e-07,59398.5,0.0172717931152595
2024-08-20,8.83309673,2024-08-20,4.5e-07,58982.9,-0.0069968096837461
2024-08-21,11.27378883,2024-08-21,5.7e-07,61120.0,0.0362325351924031
2024-08-22,8.42644156,2024-08-22,4.3e-07,60349.9,-0.0125998036649214
2024-08-23,10.44553187,2024-08-23,5.3e-07,64019.9,0.0608120311715512
2024-08-24,6.60502858,2024-08-24,3.3e-07,64116.5,0.0015089058245951
2024-08-25,5.12413972,2024-08-25,2.6e-07,64190.2,0.001149470105199
2024-08-26,7.71932,2024-08-26,3.9e-07,62807.6,-0.021539113447224
2024-08-27,18.28622607,2024-08-27,9.3e-07,59384.5,-0.0545013660767168
2024-08-28,6.82081171,2024-08-28,3.5e-07,59010.0,-0.006306359403548
2024-08-29,52.59967955,2024-08-29,2.66e-06,59323.2,0.0053075749872901
2024-08-30,7.00585168,2024-08-30,3.5e-07,59096.3,-0.0038248105294386
2024-08-31,17.84140963,2024-08-31,9e-07,58941.9,-0.0026126847196863
2024-09-01,2.84128775,2024-09-01,1.4e-07,57268.1,-0.0283974557996943
2024-09-02,5.5503291,2024-09-02,2.8e-07,59112.1,0.0321994269060785
2024-09-03,8.64115187,2024-09-03,4.4e-07,57451.9,-0.0280856203721403
2024-09-04,10.64482907,2024-09-04,5.4e-07,57944.8,0.0085793507264337
2024-09-05,7.57570691,2024-09-05,3.8e-07,56145.7,-0.0310485151385457
2024-09-06,13.60136322,2024-09-06,6.9e-07,53927.7,-0.0395043609751057
2024-09-07,4.07675251,2024-09-07,2.1e-07,54134.9,0.0038421812908766
2024-09-08,3.46620308,2024-09-08,1.8e-07,54839.6,0.0130174804054314
2024-09-09,13.09923956,2024-09-09,6.6e-07,57010.0,0.0395772398048126
2024-09-10,7.33511839,2024-09-10,3.7e-07,57609.1,0.0105086826872478
2024-09-11,5.44554657,2024-09-11,2.8e-07,57306.0,-0.0052613215620448
2024-09-12,5.90284499,2024-09-12,3e-07,58097.0,0.0138030921718492
2024-09-13,13.23430415,2024-09-13,6.7e-07,60456.2,0.0406079487753239
2024-09-14,4.53486506,2024-09-14,2.3e-07,59964.0,-0.008141431317218
2024-09-15,7.66145964,2024-09-15,3.9e-07,59100.5,-0.014400306850777
2024-09-16,13.56547996,2024-09-16,6.9e-07,58187.0,-0.0154567220243483
2024-09-17,8.35766405,2024-09-17,4.2e-07,60281.0,0.0359874198704177
2024-09-18,13.96201095,2024-09-18,7.1e-07,61735.3,0.0241253462948525
2024-09-19,9.36173114,2024-09-19,4.7e-07,62926.9,0.0193017609050252
2024-09-20,14.38276984,2024-09-20,7.3e-07,63175.7,0.0039537940054252
2024-09-21,9.57819962,2024-09-21,4.8e-07,63320.6,0.0022936033949763
2024-09-22,8.35592809,2024-09-22,4.2e-07,63558.4,0.0037554918936333
2024-09-23,14.96787395,2024-09-23,7.6e-07,63302.0,-0.0040340851877957
2024-09-24,8.40163237,2024-09-24,4.3e-07,64243.1,0.0148668288521689
2024-09-25,15.04296185,2024-09-25,7.6e-07,63118.4,-0.0175069384883356
2024-09-26,19.25730427,2024-09-26,9.7e-07,65139.2,0.0320160206849349
2024-09-27,10.44288353,2024-09-27,5.3e-07,65749.6,0.0093707015130675
2024-09-28,10.32185669,2024-09-28,5.2e-07,65822.6,0.0011102729142078
2024-09-29,6.84492437,2024-09-29,3.5e-07,65568.1,-0.003866453163503
2024-09-30,8.55938467,2024-09-30,4.3e-07,63309.1,-0.0344527292997662
2024-10-01,5.63972312,2024-10-01,2.9e-07,60776.8,-0.0399989890868768
2024-10-02,7.68001093,2024-10-02,3.9e-07,60622.6,-0.0025371523344435
2024-10-03,8.84788121,2024-10-03,4.5e-07,60727.2,0.0017254291303903
2024-10-04,11.15438067,2024-10-04,5.6e-07,62054.4,0.0218551159941509
2024-10-05,7.19105791,2024-10-05,3.6e-07,62023.1,-0.0005043961427393
2024-10-06,5.87251097,2024-10-06,3e-07,62789.3,0.0123534618553411
2024-10-07,6.95550887,2024-10-07,3.5e-07,62190.7,-0.0095334714672723
2024-10-08,77.77596166,2024-10-08,3.94e-06,62131.7,-0.0009486949013276
2024-10-09,14.01194674,2024-10-09,7.1e-07,60606.4,-0.0245494650878697
2024-10-10,13.48159684,2024-10-10,6.8e-07,60293.2,-0.0051677710604821
2024-10-11,46.12115389,2024-10-11,2.33e-06,62509.0,0.0367504129818951
2024-10-12,19.12113937,2024-10-12,9.7e-07,63176.0,0.0106704634532628
2024-10-13,17.64483393,2024-10-13,8.9e-07,62839.8,-0.0053216411295428
2024-10-14,16.5465819,2024-10-14,8.4e-07,66064.9,0.0513225694543901
2024-10-15,31.63310145,2024-10-15,1.6e-06,67044.1,0.0148217888773012
2024-10-16,11.91789438,2024-10-16,6e-07,67592.0,0.0081722329034172
2024-10-17,17.50403316,2024-10-17,8.9e-07,67401.5,-0.0028183808734761
2024-10-18,18.69514447,2024-10-18,9.5e-07,68407.8,0.0149299347937361
2024-10-19,28.63089895,2024-10-19,1.45e-06,68357.1,-0.0007411435538052
2024-10-20,51.54420426,2024-10-20,2.61e-06,69020.1,0.0096990656420474
2024-10-21,39.79151891,2024-10-21,2.01e-06,67368.8,-0.023924914626319
2024-10-22,11.4487165,2024-10-22,5.8e-07,67406.4,0.0005581218605643
2024-10-23,14.92850967,2024-10-23,7.6e-07,66647.2,-0.0112630254693916
2024-10-24,10.59593681,2024-10-24,5.4e-07,68173.8,0.0229056884610308
2024-10-25,16.84781127,2024-10-25,8.5e-07,66662.8,-0.0221639398126552
2024-10-26,13.12058278,2024-10-26,6.6e-07,67071.8,0.0061353558506394
2024-10-27,14.60301574,2024-10-27,7.4e-07,67992.6,0.0137285714711696
2024-10-28,13.82092344,2024-10-28,7e-07,69940.0,0.0286413521471453
2024-10-29,17.38073914,2024-10-29,8.8e-07,72739.5,0.0400271661424078
2024-10-30,12.39699224,2024-10-30,6.3e-07,72349.0,-0.0053684724255734
2024-10-31,12.61858059,2024-10-31,6.4e-07,70321.9,-0.0280183554713956
2024-11-01,17.11663137,2024-11-01,8.7e-07,69495.5,-0.0117516733762881
2024-11-02,22.07269509,2024-11-02,1.12e-06,69366.6,-0.0018547963537206
2024-11-03,14.7914756,2024-11-03,7.5e-07,68762.5,-0.0087088022189354
2024-11-04,16.28085517,2024-11-04,8.2e-07,67834.3,-0.0134986366115251
2024-11-05,15.15198896,2024-11-05,7.7e-07,69353.1,0.0223898529210149
2024-11-06,47.2008957,2024-11-06,2.39e-06,75579.9,0.0897840183063192
2024-11-07,14.72810296,2024-11-07,7.4e-07,75859.4,0.0036980731649551
2024-11-08,20.68111269,2024-11-08,1.05e-06,76482.2,0.0082099252037322
2024-11-09,8.87298237,2024-11-09,4.5e-07,76675.1,0.0025221554819292
2024-11-10,16.28276255,2024-11-10,8.2e-07,80410.0,0.0487107287763561
2024-11-11,23.35723655,2024-11-11,1.18e-06,88728.9,0.103456037806243
2024-11-12,25.57432877,2024-11-12,1.29e-06,87972.0,-0.008530478795522
2024-11-13,29.15225506,2024-11-13,1.47e-06,90413.3,0.0277508752784978
2024-11-14,51.91630557,2024-11-14,2.62e-06,87382.7,-0.0335194047778369
2024-11-15,50.58101568,2024-11-15,2.56e-06,91074.6,0.0422497817073632
2024-11-16,19.51240465,2024-11-16,9.9e-07,90643.3,-0.004735678224225
2024-11-17,20.52231981,2024-11-17,1.04e-06,89899.9,-0.0082013783699402
2024-11-18,18.60476963,2024-11-18,9.4e-07,90507.4,0.0067575158593058
2024-11-19,38.87598294,2024-11-19,1.96e-06,92335.9,0.0202027679504659
2024-11-20,32.65917852,2024-11-20,1.65e-06,94288.0,0.021141289574261
2024-11-21,36.51899065,2024-11-21,1.85e-06,98366.8,0.0432589512981502
2024-11-22,34.81506208,2024-11-22,1.76e-06,98921.4,0.005638081141198
2024-11-23,26.09609685,2024-11-23,1.32e-06,97725.5,-0.0120893962277119
2024-11-24,19.85887156,2024-11-24,1e-06,97960.4,0.0024036715084598
2024-11-25,26.55529913,2024-11-25,1.34e-06,93064.0,-0.049983462705338
2024-11-26,41.91893448,2024-11-26,2.12e-06,92021.4,-0.0112030430671367
2024-11-27,39.05041805,2024-11-27,1.97e-06,95905.2,0.0422054000482496
2024-11-28,45.31591541,2024-11-28,2.29e-06,95694.4,-0.0021980038621471
2024-11-29,19.29920303,2024-11-29,9.8e-07,97516.3,0.019038731629019
2024-11-30,14.38200934,2024-11-30,7.3e-07,96475.1,-0.0106771893519339
2024-12-01,17.85010912,2024-12-01,9e-07,97265.1,0.0081886414214651
2024-12-02,33.12623444,2024-12-02,1.67e-06,95890.5,-0.0141325100164396
2024-12-03,49.61832971,2024-12-03,2.51e-06,95913.3,0.0002377712077838
2024-12-04,20.10483877,2024-12-04,1.02e-06,98669.8,0.0287394970249172
2024-12-05,41.542707,2024-12-05,2.1e-06,97001.5,-0.0169079090055924
2024-12-06,44.37033547,2024-12-06,2.24e-06,99802.5,0.0288758421261527
2024-12-07,19.25788933,2024-12-07,9.7e-07,99899.2,0.0009689136043686
2024-12-08,20.47342734,2024-12-08,1.03e-06,101200.0,0.0130211252942966
2024-12-09,46.94384968,2024-12-09,2.37e-06,97349.1,-0.0380523715415018
2024-12-10,17.49508445,2024-12-10,8.8e-07,96602.4,-0.0076703328536166
2024-12-11,38.56523316,2024-12-11,1.95e-06,101115.3,0.0467162306526547
2024-12-12,15.57896825,2024-12-12,7.9e-07,99982.4,-0.0112040413270791
2024-12-13,25.83183789,2024-12-13,1.3e-06,101371.9,0.0138974459504872
2024-12-14,21.67726243,2024-12-14,1.1e-06,101381.0,8.976846640940117e-05
2024-12-15,24.80224557,2024-12-15,1.25e-06,104460.4,0.0303745277714757
2024-12-16,30.92557632,2024-12-16,1.56e-06,106023.2,0.0149606932387775
2024-12-17,33.19017627,2024-12-17,1.68e-06,106074.6,0.0004847995533054
2024-12-18,37.51232787,2024-12-18,1.89e-06,100181.1,-0.0555599549750835
2024-12-19,50.91549419,2024-12-19,2.57e-06,97434.4,-0.0274173471842494
2024-12-20,35.81690292,2024-12-20,1.81e-06,97764.4,0.0033868941564785
2024-12-21,13.57187668,2024-12-21,6.9e-07,97261.8,-0.0051409306455109
2024-12-22,28.1748484,2024-12-22,1.42e-06,95153.5,-0.0216765472158648
2024-12-23,45.05749977,2024-12-23,2.28e-06,94861.1,-0.0030729295296546
2024-12-24,66.9127447,2024-12-24,3.38e-06,98627.2,0.0397012052358658
2024-12-25,12.28998926,2024-12-25,6.2e-07,99379.7,0.0076297410856234
2024-12-26,21.04033997,2024-12-26,1.06e-06,95751.0,-0.0365134931983091
2024-12-27,43.22878437,2024-12-27,2.18e-06,94258.9,-0.015583127069169
2024-12-28,20.57356552,2024-12-28,1.04e-06,95259.1,0.0106111995790318
2024-12-29,43.8975636,2024-12-29,2.22e-06,93700.0,-0.0163669402713232
