start_time,date,puell_multiple,close,change
2021-01-01,2021-01-01,2.0955792328277107,29337.16,
2021-01-02,2021-01-02,2.296319731316388,32199.91,0.0975810201123763
2021-01-03,2021-01-03,2.609117847982483,33054.53,0.0265410679719291
2021-01-04,2021-01-04,2.734710939050112,32031.07,-0.0309627757526729
2021-01-05,2021-01-05,2.5434126716062844,33999.52,0.0614543941242049
2021-01-06,2021-01-06,3.0765412459299912,36823.68,0.083064702089912
2021-01-07,2021-01-07,3.1733719086125403,39498.92,0.0726499904409336
2021-01-08,2021-01-08,2.9956307992191062,40637.23,0.0288187626395861
2021-01-09,2021-01-09,2.7865105325437423,40136.04,-0.0123332717313655
2021-01-10,2021-01-10,3.018024992973261,38221.67,-0.047697032392832
2021-01-11,2021-01-11,2.6276489509908347,35408.46,-0.0736024878033848
2021-01-12,2021-01-12,2.6365823253767218,34056.9,-0.038170538905109
2021-01-13,2021-01-13,2.6069894740015607,37421.07,0.0987808637897165
2021-01-14,2021-01-14,2.809784039200097,39163.31,0.0465577280393103
2021-01-15,2021-01-15,2.859883785819496,36755.24,-0.0614879079424083
2021-01-16,2021-01-16,2.5370280854222003,36025.66,-0.0198496867385438
2021-01-17,2021-01-17,2.1781106048554792,35869.83,-0.0043255279708963
2021-01-18,2021-01-18,2.428575022502861,36686.86,0.0227776379202242
2021-01-19,2021-01-19,2.564989377217448,35891.03,-0.0216925078897458
2021-01-20,2021-01-20,2.30953354030236,35500.0,-0.0108949227703969
2021-01-21,2021-01-21,2.032633225241005,30879.97,-0.1301416901408451
2021-01-22,2021-01-22,2.123790036506463,32986.34,0.0682115299982479
2021-01-23,2021-01-23,2.2715685241979178,32086.48,-0.0272797770228524
2021-01-24,2021-01-24,1.9886290097265464,32275.63,0.0058950062456213
2021-01-25,2021-01-25,2.165152639459797,32253.68,-0.0006800796762139
2021-01-26,2021-01-26,2.3062032509338284,32474.14,0.0068351890388942
2021-01-27,2021-01-27,1.9845335971017115,30381.04,-0.0644543627637251
2021-01-28,2021-01-28,2.0799020742624528,33399.75,0.0993616413394669
2021-01-29,2021-01-29,2.5819658801692227,34269.35,0.0260361230248729
2021-01-30,2021-01-30,2.2033917017754896,34289.85,0.0005982021835839
2021-01-31,2021-01-31,2.1821029891938264,33126.21,-0.0339354065415858
2021-02-01,2021-02-01,1.910656873818004,33546.09,0.0126751596394516
2021-02-02,2021-02-02,2.493352936362132,35504.06,0.0583665637336572
2021-02-03,2021-02-03,2.5297355604679894,37652.51,0.0605127976913064
2021-02-04,2021-02-04,2.8187364853583263,36976.93,-0.0179424957326882
2021-02-05,2021-02-05,2.889123269995705,38362.65,0.0374752582218156
2021-02-06,2021-02-06,2.818725861963664,39249.54,0.0231185801815045
2021-02-07,2021-02-07,2.6030089677497315,38849.25,-0.0101985908624662
2021-02-08,2021-02-08,2.996149402589413,46451.32,0.195681255107885
2021-02-09,2021-02-09,3.1924096524279437,46492.54,0.0008873805954277
2021-02-10,2021-02-10,3.038094002998175,44850.0,-0.0353291087129247
2021-02-11,2021-02-11,2.857001645256957,48060.21,0.0715765886287624
2021-02-12,2021-02-12,3.2041048519451474,47361.03,-0.0145480013508055
2021-02-13,2021-02-13,3.265896658032663,47221.62,-0.0029435592933683
2021-02-14,2021-02-14,3.051119863384648,48655.21,0.0303587636341149
2021-02-15,2021-02-15,3.1228705536821613,47981.58,-0.0138449715868043
2021-02-16,2021-02-16,2.591743801606441,49197.94,0.0253505616113516
2021-02-17,2021-02-17,3.0898989049746084,52194.62,0.0609106804065373
2021-02-18,2021-02-18,3.11971773154112,51619.7,-0.0110149283585166
2021-02-19,2021-02-19,3.5277702769280954,56004.1,0.0849365649161075
2021-02-20,2021-02-20,3.5232265469974795,55917.41,-0.0015479223842539
2021-02-21,2021-02-21,3.332627000507234,57487.43,0.0280774806987662
2021-02-22,2021-02-22,3.0844222706793563,54121.1,-0.0585576707812472
2021-02-23,2021-02-23,2.774579604625913,48930.0,-0.0959163801179207
2021-02-24,2021-02-24,3.4007650498385424,49702.03,0.0157782546494993
2021-02-25,2021-02-25,3.227750792265576,47089.37,-0.0525664645890719
2021-02-26,2021-02-26,2.706513246033563,46313.13,-0.0164843997700543
2021-02-27,2021-02-27,2.900816476779557,46102.63,-0.0045451473480631
2021-02-28,2021-02-28,2.2811815719726387,45163.36,-0.0203734580868812
2021-03-01,2021-03-01,2.510511444414948,49592.7,0.0980737482773645
2021-03-02,2021-03-02,2.790460204995693,48450.57,-0.023030204042127
2021-03-03,2021-03-03,3.034884774472846,50373.75,0.0396936506629332
2021-03-04,2021-03-04,2.498291745820666,48385.77,-0.0394646020993076
2021-03-05,2021-03-05,2.748353032689637,48770.57,0.0079527513977766
2021-03-06,2021-03-06,2.7295829032898995,48908.21,0.0028221937943313
2021-03-07,2021-03-07,2.7039301149738995,50995.27,0.0426729990731618
2021-03-08,2021-03-08,2.9237451572931645,52429.43,0.0281233926205313
2021-03-09,2021-03-09,2.857960135195607,54917.78,0.0474609393998752
2021-03-10,2021-03-10,3.092483187126135,55947.98,0.018758952018818
2021-03-11,2021-03-11,2.8134663269281117,57844.52,0.0338982747902603
2021-03-12,2021-03-12,3.1789732457639275,57291.03,-0.0095685814317414
2021-03-13,2021-03-13,3.126376866275322,61267.41,0.0694066767520151
2021-03-14,2021-03-14,3.3775462834345165,59037.12,-0.0364025507198688
2021-03-15,2021-03-15,3.092253991549191,55646.61,-0.0574301388685627
2021-03-16,2021-03-16,2.9650080358940154,56954.19,0.0234979273670039
2021-03-17,2021-03-17,2.7462310399873844,58959.0,0.0352003952650366
2021-03-18,2021-03-18,3.2252116150975825,57700.01,-0.0213536525382044
2021-03-19,2021-03-19,3.06073155073402,58089.11,0.0067434996978337
2021-03-20,2021-03-20,3.073925635933375,58145.61,0.0009726435815593
2021-03-21,2021-03-21,2.9451667394643484,57415.18,-0.0125620833627853
2021-03-22,2021-03-22,2.8840553454523272,54129.56,-0.0572256326636962
2021-03-23,2021-03-23,2.916455384137277,54400.0,0.0049961610624582
2021-03-24,2021-03-24,2.769162714036712,52311.54,-0.0383908088235294
2021-03-25,2021-03-25,2.639492718653695,51325.21,-0.0188549218776583
2021-03-26,2021-03-26,2.391690293407206,55030.0,0.0721826564372556
2021-03-27,2021-03-27,2.7999050010627267,55828.0,0.014501181173905
2021-03-28,2021-03-28,2.792860866093182,55805.08,-0.0004105466790856
2021-03-29,2021-03-29,2.7572644857015884,57677.64,0.0335553680776015
2021-03-30,2021-03-30,2.769370709167535,58794.16,0.019357934894701
2021-03-31,2021-03-31,2.973208262855385,58807.24,0.0002224710753584
2021-04-01,2021-04-01,2.723772833875701,58794.01,-0.000224972299329
2021-04-02,2021-04-02,2.6399227697418106,59031.36,0.0040369758756035
2021-04-03,2021-04-03,2.4408835903746766,57134.65,-0.0321305489150173
2021-04-04,2021-04-04,2.580559296386141,58234.61,0.0192520650778467
2021-04-05,2021-04-05,2.82119020937314,59243.39,0.0173226883463286
2021-04-06,2021-04-06,2.655565536262948,58059.99,-0.0199752242402063
2021-04-07,2021-04-07,2.766654842488279,56018.18,-0.0351672468424468
2021-04-08,2021-04-08,2.370691106386566,58122.26,0.0375606633417937
2021-04-09,2021-04-09,2.7566536613096404,58176.03,0.000925118878722
2021-04-10,2021-04-10,2.830514249685606,59832.43,0.028472207539772
2021-04-11,2021-04-11,2.5453115790989624,60090.2,0.004308198747736
2021-04-12,2021-04-12,2.60342376348529,59911.18,-0.0029791879541088
2021-04-13,2021-04-13,2.6685999693830538,63649.71,0.0624012079214597
2021-04-14,2021-04-14,2.6819458820057265,63019.1,-0.0099075078268228
2021-04-15,2021-04-15,3.316339053676553,63232.55,0.0033870683649879
2021-04-16,2021-04-16,2.062332195036074,61424.67,-0.0285909709477161
2021-04-17,2021-04-17,1.9140461438774443,60090.14,-0.0217262868485903
2021-04-18,2021-04-18,2.365233911387832,56140.05,-0.0657360758354032
2021-04-19,2021-04-19,1.9470381641957468,55634.39,-0.0090071170225178
2021-04-20,2021-04-20,2.564296145656585,56410.56,0.0139512628789495
2021-04-21,2021-04-21,2.0525096436020287,53800.0,-0.0462778600318805
2021-04-22,2021-04-22,2.665463246393968,51714.61,-0.0387618959107806
2021-04-23,2021-04-23,2.294669310813207,51122.62,-0.011447248659518
2021-04-24,2021-04-24,2.212020496743058,50092.4,-0.0201519405695561
2021-04-25,2021-04-25,2.0241483222030565,49063.94,-0.020531258234782
2021-04-26,2021-04-26,1.9010257563539672,53984.33,0.1002852604173247
2021-04-27,2021-04-27,2.323391077583769,55006.25,0.0189299376319016
2021-04-28,2021-04-28,2.2630668038735724,54861.77,-0.0026266106124304
2021-04-29,2021-04-29,1.9671253394516903,53558.8,-0.0237500539993513
2021-04-30,2021-04-30,2.320998535045036,57684.16,0.0770248773310828
2021-05-01,2021-05-01,2.2387638940483465,57836.34,0.0026381592451028
2021-05-02,2021-05-02,2.798380451783967,56630.33,-0.0208521147776639
2021-05-03,2021-05-03,2.780509060594067,57214.83,0.010321324279763
2021-05-04,2021-05-04,2.66593135658642,53263.32,-0.0690644366154719
2021-05-05,2021-05-05,2.3621834733476943,57497.77,0.0795003015208213
2021-05-06,2021-05-06,2.5884340174226974,56435.35,-0.0184775861742115
2021-05-07,2021-05-07,2.589086714149501,57350.88,0.0162226335089619
2021-05-08,2021-05-08,2.6013322091970266,58924.98,0.0274468325507821
2021-05-09,2021-05-09,2.731383783649729,58292.53,-0.0107331389845189
2021-05-10,2021-05-10,2.6968006200947148,55869.67,-0.0415638161527729
2021-05-11,2021-05-11,2.444804844300561,56710.43,0.0150485943446596
2021-05-12,2021-05-12,2.416100765329168,49595.76,-0.1254561109834645
2021-05-13,2021-05-13,2.012600776566449,49707.9,0.0022610803826779
2021-05-14,2021-05-14,1.7021482694121894,49873.27,0.0033268353722446
2021-05-15,2021-05-15,1.5106036386553914,46793.41,-0.0617537209811988
2021-05-16,2021-05-16,1.5488389668812297,46429.28,-0.0077816513051731
2021-05-17,2021-05-17,1.3618910977666552,43566.18,-0.0616658281153617
2021-05-18,2021-05-18,1.1275529993533766,42882.53,-0.0156922181380144
2021-05-19,2021-05-19,1.2943709242514316,36689.14,-0.1444268796640496
2021-05-20,2021-05-20,1.2176626759529776,40500.3,0.1038770600782685
2021-05-21,2021-05-21,1.1649158491368787,37211.02,-0.0812161885220604
2021-05-22,2021-05-22,1.134109303254427,37432.58,0.0059541501415443
2021-05-23,2021-05-23,1.0527955751710554,34651.6,-0.0742930356390075
2021-05-24,2021-05-24,1.1913719403688765,38779.66,0.1191304297637052
2021-05-25,2021-05-25,1.178719595448429,38326.84,-0.0116767398166979
2021-05-26,2021-05-26,1.1922118699189914,39224.2,0.023413357323484
2021-05-27,2021-05-27,1.113594995724694,38527.38,-0.0177650532069487
2021-05-28,2021-05-28,1.0753094922041055,35670.99,-0.074139222547705
2021-05-29,2021-05-29,0.9768439235915836,34611.94,-0.0296893918559589
2021-05-30,2021-05-30,1.192605941852367,35651.81,0.030043678568725
2021-05-31,2021-05-31,1.200218260332421,37243.38,0.0446420532365678
2021-06-01,2021-06-01,1.2216462166275366,36693.41,-0.0147669196512237
2021-06-02,2021-06-02,1.4447750300407944,37569.99,0.023889303283614
2021-06-03,2021-06-03,1.3232384611566848,39247.4,0.0446476030470064
2021-06-04,2021-06-04,1.1285993379059074,36828.03,-0.0616440834297304
2021-06-05,2021-06-05,1.0973067570289554,35498.62,-0.0360977766119989
2021-06-06,2021-06-06,1.2174647610503322,35801.71,0.0085380783816384
2021-06-07,2021-06-07,1.0934586316410362,33550.96,-0.06286710886156
2021-06-08,2021-06-08,1.1126208639451716,33372.58,-0.005316688404743
2021-06-09,2021-06-09,0.9927300329268042,37368.45,0.1197351238651609
2021-06-10,2021-06-10,1.0145942146020823,36669.66,-0.0186999995985917
2021-06-11,2021-06-11,0.9009764101522576,37300.42,0.017201141215926
2021-06-12,2021-06-12,1.0717661854932703,35537.05,-0.0472748028038289
2021-06-13,2021-06-13,1.0807448901397676,38993.65,0.0972674996939813
2021-06-14,2021-06-14,1.213498756948788,40489.1,0.0383511161432694
2021-06-15,2021-06-15,1.194327778493884,40132.86,-0.0087984173518304
2021-06-16,2021-06-16,1.0983555397073073,38344.97,-0.0445492795679151
2021-06-17,2021-06-17,1.1236052800229146,38060.71,-0.0074132278627419
2021-06-18,2021-06-18,1.0267025872397069,35811.41,-0.0590976889290818
2021-06-19,2021-06-19,0.8199167288079954,35483.0,-0.0091705408974402
2021-06-20,2021-06-20,0.8155194438107268,35588.64,0.002977200349463
2021-06-21,2021-06-21,0.7904603715553465,31606.0,-0.1119076199596275
2021-06-22,2021-06-22,0.6756463836346434,32496.0,0.0281592102765297
2021-06-23,2021-06-23,0.79313346184646,33649.0,0.0354812900049237
2021-06-24,2021-06-24,0.8120620545293148,34644.64,0.0295889922434544
2021-06-25,2021-06-25,0.8301295744423535,31568.07,-0.0888036360025678
2021-06-26,2021-06-26,0.6280640200110237,32255.56,0.0217780181050029
2021-06-27,2021-06-27,0.4372332834108647,34687.71,0.0754025042504298
2021-06-28,2021-06-28,0.7073443076035282,34487.22,-0.0057798569003257
2021-06-29,2021-06-29,0.7429900444456629,35911.26,0.0412918176646306
2021-06-30,2021-06-30,0.723863361302576,35031.39,-0.0245012288624794
2021-07-01,2021-07-01,0.7702623617739488,33489.96,-0.0440013941781928
2021-07-02,2021-07-02,0.7029894118622182,33760.94,0.0080913802226101
2021-07-03,2021-07-03,0.9901029234718364,34652.94,0.0264210652902436
2021-07-04,2021-07-04,0.9063961551155856,35280.16,0.0181000515396385
2021-07-05,2021-07-05,1.0018027620761916,33672.72,-0.0455621516455708
2021-07-06,2021-07-06,1.0723429777123494,34206.01,0.0158374494249351
2021-07-07,2021-07-07,0.9347609763534755,33845.64,-0.0105352831271464
2021-07-08,2021-07-08,0.9886562527559348,32852.04,-0.0293568093261051
2021-07-09,2021-07-09,0.937908261384939,33805.01,0.0290079398417877
2021-07-10,2021-07-10,1.1522467357659305,33497.98,-0.0090823815759852
2021-07-11,2021-07-11,0.8999296230915421,34253.81,0.0225634500946025
2021-07-12,2021-07-12,0.9128685778539783,33070.87,-0.0345345525067136
2021-07-13,2021-07-13,0.9603764732083242,32709.09,-0.0109395368189588
2021-07-14,2021-07-14,1.1704601636427632,32803.01,0.0028713730647964
2021-07-15,2021-07-15,0.8713069923939666,31866.43,-0.0285516481566783
2021-07-16,2021-07-16,0.9995480486261296,31382.95,-0.0151720792068643
2021-07-17,2021-07-17,0.9409515022529604,31496.65,0.0036229863668011
2021-07-18,2021-07-18,0.9524861143000116,31767.0,0.0085834525259034
2021-07-19,2021-07-19,1.1045249051741113,30823.62,-0.0296968552271225
2021-07-20,2021-07-20,0.7608845787137785,29775.9,-0.0339908161338609
2021-07-21,2021-07-21,0.9372556381361288,32120.0,0.0787247404780375
2021-07-22,2021-07-22,1.016887380803234,32268.11,0.0046111457036115
2021-07-23,2021-07-23,0.9115790783319722,33634.46,0.0423436637596685
2021-07-24,2021-07-24,1.07350455029935,34230.0,0.017706245321019
2021-07-25,2021-07-25,1.0775356471236694,35370.66,0.0333234005258546
2021-07-26,2021-07-26,1.1839528205719303,37218.09,0.0522305775464748
2021-07-27,2021-07-27,1.3130607918337975,39442.33,0.059762336003809
2021-07-28,2021-07-28,1.2800718564078988,40003.08,0.0142169592922121
2021-07-29,2021-07-29,1.2989822108904867,40012.9,0.0002454810979555
2021-07-30,2021-07-30,1.3343648175037328,42203.25,0.054741095996541
2021-07-31,2021-07-31,1.3286818038789832,41448.11,-0.017892934785828
2021-08-01,2021-08-01,1.2856142763688054,39846.78,-0.038634572239844
2021-08-02,2021-08-02,1.1425123168385458,39147.48,-0.0175497242186193
2021-08-03,2021-08-03,1.305829133347655,38203.26,-0.0241195601862496
2021-08-04,2021-08-04,1.0619012841970124,39731.31,0.0399978954675595
2021-08-05,2021-08-05,1.2635716636120384,40882.4,0.0289718612348801
2021-08-06,2021-08-06,1.3115842808514429,42825.43,0.0475272978103047
2021-08-07,2021-08-07,1.4427882509211445,44601.11,0.0414632147301263
2021-08-08,2021-08-08,1.3833433440845653,43787.71,-0.0182372142756088
2021-08-09,2021-08-09,1.35217325564645,46259.7,0.0564539684765428
2021-08-10,2021-08-10,1.4837523312088343,45589.99,-0.014477179921184
2021-08-11,2021-08-11,1.3339113900889503,45522.12,-0.0014887039896256
2021-08-12,2021-08-12,1.330469568903995,44385.09,-0.0249775274086533
2021-08-13,2021-08-13,1.3017792423293582,47792.52,0.0767696990137905
2021-08-14,2021-08-14,1.5020120149212444,47083.74,-0.0148303542060556
2021-08-15,2021-08-15,1.6354134819385788,47006.02,-0.0016506760083204
2021-08-16,2021-08-16,1.4679785022861649,45926.23,-0.0229713130360748
2021-08-17,2021-08-17,1.528465873026722,44704.84,-0.026594606176035
2021-08-18,2021-08-18,1.1796784317598652,44714.09,0.0002069127190702
2021-08-19,2021-08-19,1.3398512684975474,46772.0,0.0460237477716756
2021-08-20,2021-08-20,1.4663838501858562,49332.74,0.0547494227315488
2021-08-21,2021-08-21,1.58815625699022,48848.29,-0.0098200505384455
2021-08-22,2021-08-22,1.5259628472147675,49273.28,0.0087002021974567
2021-08-23,2021-08-23,1.8600643073351049,49523.91,0.0050865296566415
2021-08-24,2021-08-24,1.4277632960128672,47719.36,-0.0364379549191492
2021-08-25,2021-08-25,1.456410211695298,48992.65,0.0266828809103893
2021-08-26,2021-08-26,1.2983283917319608,46853.06,-0.0436716527887347
2021-08-27,2021-08-27,1.305366238567608,49083.98,0.04761524647483
2021-08-28,2021-08-28,1.2887952724318614,48931.99,-0.0030965296620202
2021-08-29,2021-08-29,1.4116440822802092,48795.41,-0.002791221039651
2021-08-30,2021-08-30,1.2093861883074335,47024.7,-0.036288454180424
2021-08-31,2021-08-31,1.2659943581050035,47150.32,0.002671362071422
2021-09-01,2021-09-01,1.2192971586615595,48842.94,0.0358983777840744
2021-09-02,2021-09-02,1.3786430154829277,49299.14,0.0093401420962784
2021-09-03,2021-09-03,1.360267289008006,50027.08,0.0147657748187899
2021-09-04,2021-09-04,1.422938441526538,49940.74,-0.001725865271369
2021-09-05,2021-09-05,1.5050898196450926,51799.57,0.0372207139902212
2021-09-06,2021-09-06,1.6286121467711951,52683.97,0.0170735008031919
2021-09-07,2021-09-07,1.4037033467905182,46864.39,-0.1104620627488779
2021-09-08,2021-09-08,1.1957200292377412,46062.29,-0.0171153406669755
2021-09-09,2021-09-09,1.1525633460892013,46413.88,0.0076329248936601
2021-09-10,2021-09-10,1.1325512680535603,44860.83,-0.0334608957492886
2021-09-11,2021-09-11,1.2064674437551235,45193.78,0.0074218421727818
2021-09-12,2021-09-12,1.2002399625808484,46046.73,0.0188731723701802
2021-09-13,2021-09-13,1.2645701000459733,44975.96,-0.0232539856793306
2021-09-14,2021-09-14,1.3712718093616003,47087.18,0.0469410769664504
2021-09-15,2021-09-15,1.2117491072733906,48106.12,0.021639435617083
2021-09-16,2021-09-16,1.1564236585594232,47745.55,-0.007495304131782
2021-09-17,2021-09-17,1.2348245767042825,47303.11,-0.0092666227533246
2021-09-18,2021-09-18,1.3197888993755464,48285.15,0.0207605800126038
2021-09-19,2021-09-19,1.3400826944917996,47256.91,-0.0212951601061609
2021-09-20,2021-09-20,1.2887944436057877,43026.6,-0.0895172790603533
2021-09-21,2021-09-21,0.9167545913531504,40726.1,-0.0534669251114426
2021-09-22,2021-09-22,1.002080534684589,43520.0,0.0686021985900933
2021-09-23,2021-09-23,1.2698533486042265,44828.29,0.0300618106617647
2021-09-24,2021-09-24,1.1087725809197813,42798.49,-0.0452794429588994
2021-09-25,2021-09-25,1.0636960198989764,42651.58,-0.0034325977388454
2021-09-26,2021-09-26,1.0297198426163094,43150.0,0.011685850793804
2021-09-27,2021-09-27,1.167090909026736,42122.69,-0.0238078794901506
2021-09-28,2021-09-28,1.09536682336963,41006.32,-0.0265028183147848
2021-09-29,2021-09-29,0.9399485260728732,41499.71,0.0120320477428845
2021-09-30,2021-09-30,1.2724950493520977,43796.57,0.0553464108544372
2021-10-01,2021-10-01,1.1109618189268389,48123.94,0.098806139384888
2021-10-02,2021-10-02,1.531974989658112,47626.61,-0.0103343574944196
2021-10-03,2021-10-03,1.2245564406129323,48187.3,0.0117726203901558
2021-10-04,2021-10-04,1.2803033465322795,49198.22,0.020978971637755
2021-10-05,2021-10-05,1.396679825672722,51455.12,0.0458736108745398
2021-10-06,2021-10-06,1.1765940954175609,55321.6,0.0751427651903249
2021-10-07,2021-10-07,1.3144555406328116,53814.99,-0.0272336664160111
2021-10-08,2021-10-08,1.1152932039173848,53975.0,0.0029733351246559
2021-10-09,2021-10-09,1.3539810801323635,54960.77,0.0182634553033811
2021-10-10,2021-10-10,1.4675452797985094,54700.0,-0.0047446569616836
2021-10-11,2021-10-11,1.39323563055944,57500.01,0.0511884826325412
2021-10-12,2021-10-12,1.2761081404494603,56011.84,-0.0258812128902239
2021-10-13,2021-10-13,1.5781521724243883,57393.65,0.0246699626364712
2021-10-14,2021-10-14,1.3031489788263306,57378.19,-0.0002693677784911
2021-10-15,2021-10-15,1.403485249094948,61702.33,0.0753620844435838
2021-10-16,2021-10-16,1.3467234051514716,60925.56,-0.0125889897512785
2021-10-17,2021-10-17,1.5922064234700175,61571.45,0.0106012977147851
2021-10-18,2021-10-18,1.4983746756285783,62037.92,0.0075760762496255
2021-10-19,2021-10-19,1.5760295801879325,64316.7,0.0367320503330865
2021-10-20,2021-10-20,1.567819239202141,66064.24,0.0271708592014205
2021-10-21,2021-10-21,1.5410329077244644,62260.33,-0.0575789564823572
2021-10-22,2021-10-22,1.574972827067964,60734.27,-0.0245109526403088
2021-10-23,2021-10-23,1.4192872720575225,61325.11,0.0097282802608806
2021-10-24,2021-10-24,1.4796700215160143,60902.82,-0.0068860863029842
2021-10-25,2021-10-25,1.813148329098072,63127.04,0.0365208047837521
2021-10-26,2021-10-26,1.477434145493602,60358.75,-0.0438526818301634
2021-10-27,2021-10-27,1.475221054238389,58449.36,-0.031634021579307
2021-10-28,2021-10-28,1.4426518694712345,60622.03,0.0371718355855392
2021-10-29,2021-10-29,1.657791094172961,62308.22,0.0278148059377094
2021-10-30,2021-10-30,1.492500163995603,61895.19,-0.0066288204028296
2021-10-31,2021-10-31,1.3227698954416238,61348.61,-0.0088307346661348
2021-11-01,2021-11-01,1.406757451516458,60942.87,-0.0066136787777261
2021-11-02,2021-11-02,1.5398996737399793,63266.69,0.0381311218195008
2021-11-03,2021-11-03,1.567631734729579,62946.45,-0.0050617473428751
2021-11-04,2021-11-04,1.3616031961732298,61431.86,-0.024061563440035
2021-11-05,2021-11-05,1.4729781486737163,61006.0,-0.0069322335348466
2021-11-06,2021-11-06,1.438386763796017,61511.3,0.0082827918565386
2021-11-07,2021-11-07,1.44027571068442,63316.4,0.0293458275146192
2021-11-08,2021-11-08,1.3614141968419566,67606.96,0.0677638021113014
2021-11-09,2021-11-09,1.578837039848939,67009.98,-0.0088301559484409
2021-11-10,2021-11-10,1.5195807517170317,64920.13,-0.0311871455565275
2021-11-11,2021-11-11,1.5543896904474963,64831.3,-0.0013682967055055
2021-11-12,2021-11-12,1.377990198405278,64156.08,-0.0104150310112554
2021-11-13,2021-11-13,1.468880930350526,64427.0,0.0042228265816739
2021-11-14,2021-11-14,1.50041532899522,65568.39,0.0177160196811896
2021-11-15,2021-11-15,1.469345541351483,63654.49,-0.0291893700607869
2021-11-16,2021-11-16,1.3599383760496884,60106.03,-0.0557456355396139
2021-11-17,2021-11-17,1.326662511933553,60366.96,0.0043411617769464
2021-11-18,2021-11-18,1.2593515552477548,56921.05,-0.0570827154456675
2021-11-19,2021-11-19,1.1612526269651335,58069.51,0.0201763670909091
2021-11-20,2021-11-20,1.2500184947004074,59716.29,0.0283587720991618
2021-11-21,2021-11-21,1.1317326047349536,58661.39,-0.0176651965485464
2021-11-22,2021-11-22,1.1912765994060766,56268.31,-0.0407948055782517
2021-11-23,2021-11-23,1.1051604458310424,57574.23,0.0232088008330089
2021-11-24,2021-11-24,1.2893928004060016,57165.08,-0.0071064780197668
2021-11-25,2021-11-25,1.103332809281649,58988.21,0.0318923720565071
2021-11-26,2021-11-26,1.0645425796785373,53755.65,-0.0887051836290675
2021-11-27,2021-11-27,1.1196106852203118,54738.77,0.0182886822129393
2021-11-28,2021-11-28,1.0982506001330414,57315.73,0.0470774188020668
2021-11-29,2021-11-29,1.1952555978591703,57827.98,0.0089373370975123
2021-11-30,2021-11-30,1.1155206518140717,56975.0,-0.0147502990766753
2021-12-01,2021-12-01,1.1400579402842563,57209.29,0.0041121544537077
2021-12-02,2021-12-02,1.266336764512168,56513.57,-0.0121609619696381
2021-12-03,2021-12-03,1.348489022876176,53612.0,-0.0513428898581349
2021-12-04,2021-12-04,1.0766907762367306,49135.66,-0.0834951130343952
2021-12-05,2021-12-05,1.178413422345734,49376.6,0.0049035669816992
2021-12-06,2021-12-06,1.1921358048632062,50424.72,0.0212270589712535
2021-12-07,2021-12-07,1.1204142535534631,50577.2,0.0030239136677405
2021-12-08,2021-12-08,1.1968914226371734,50455.61,-0.0024040476736552
2021-12-09,2021-12-09,1.133930265037162,47539.76,-0.0577904022961965
2021-12-10,2021-12-10,1.0659952907956485,47136.35,-0.0084857390950228
2021-12-11,2021-12-11,1.032406609403388,49381.15,0.0476235431890674
2021-12-12,2021-12-12,0.9757749413514774,50057.01,0.013686599036272
2021-12-13,2021-12-13,0.9538445493226028,46679.93,-0.0674646767755405
2021-12-14,2021-12-14,0.983208968265652,48324.04,0.0352209182832965
2021-12-15,2021-12-15,0.953785378913049,48870.48,0.0113078293950588
2021-12-16,2021-12-16,0.7876813648843263,47624.5,-0.0254955547807184
2021-12-17,2021-12-17,0.985713820699722,46125.33,-0.0314789656584321
2021-12-18,2021-12-18,0.8352111652434646,46815.99,0.0149735514087379
2021-12-19,2021-12-19,0.9801382710862728,46668.63,-0.0031476425041957
2021-12-20,2021-12-20,0.935063870034629,46898.14,0.0049178645269853
2021-12-21,2021-12-21,1.0878279232971135,48875.15,0.0421554031780364
2021-12-22,2021-12-22,0.7171687616359942,48569.69,-0.0062498017908896
2021-12-23,2021-12-23,1.0405847668664476,50817.92,0.0462887451000819
2021-12-24,2021-12-24,1.0733039078358668,50808.55,-0.0001843837764314
2021-12-25,2021-12-25,1.0352131528895083,50403.64,-0.0079693279969612
2021-12-26,2021-12-26,0.9314415579384064,50765.73,0.0071838065663512
2021-12-27,2021-12-27,1.0494220199655284,50707.72,-0.0011427000064807
2021-12-28,2021-12-28,0.9146060682645204,47522.03,-0.0628245561030944
2021-12-29,2021-12-29,0.9611256172679116,46436.54,-0.0228418272535916
2021-12-30,2021-12-30,0.7837432031172507,47095.02,0.0141802123930852
2021-12-31,2021-12-31,0.9735645406993848,46210.56,-0.0187803296399491
2022-01-01,2022-01-01,1.114536517518654,47704.35,0.0323257281452551
2022-01-02,2022-01-02,1.0272597658784426,47280.0,-0.008895415197985
2022-01-03,2022-01-03,0.9058865308282134,46445.81,-0.0176436125211506
2022-01-04,2022-01-04,0.94331349469488,45833.42,-0.0131850429565121
2022-01-05,2022-01-05,0.9531682789812672,43421.69,-0.0526194641377404
2022-01-06,2022-01-06,0.8703410880852912,43080.01,-0.0078688784337965
2022-01-07,2022-01-07,0.8146315058752017,41553.86,-0.0354259434944421
2022-01-08,2022-01-08,0.8265774117324481,41688.05,0.0032293028854599
2022-01-09,2022-01-09,0.812093447460846,41851.22,0.0039140712986094
2022-01-10,2022-01-10,0.8167620327366911,41801.55,-0.0011868232276143
2022-01-11,2022-01-11,0.9214876627296557,42700.68,0.0215094894806531
2022-01-12,2022-01-12,0.8304080603270978,43880.72,0.0276351570982007
2022-01-13,2022-01-13,1.0680920698936578,42534.32,-0.0306831793097287
2022-01-14,2022-01-14,0.9345554663358652,43042.4,0.0119451774472942
2022-01-15,2022-01-15,0.9812308468808972,43070.51,0.0006530769659685
2022-01-16,2022-01-16,1.0321100047406773,43060.66,-0.0002286947612182
2022-01-17,2022-01-17,0.9400670125086272,42176.34,-0.0205366104467513
2022-01-18,2022-01-18,0.7846853280485959,42337.58,0.0038229964951914
2022-01-19,2022-01-19,0.99399248943424,41657.89,-0.0160540588290593
2022-01-20,2022-01-20,0.976526803576159,40661.69,-0.0239138372106699
2022-01-21,2022-01-21,0.7148909194359993,36425.98,-0.1041695512409838
2022-01-22,2022-01-22,0.6536771850588073,35043.73,-0.0379468170794581
2022-01-23,2022-01-23,0.683670883303846,36230.01,0.0338514193551884
2022-01-24,2022-01-24,0.7240508974024029,36648.31,0.0115456771886068
2022-01-25,2022-01-25,0.7617065091053171,36934.26,0.0078025426001908
2022-01-26,2022-01-26,0.6704996624112693,36787.43,-0.0039754417714068
2022-01-27,2022-01-27,0.6564352706645918,37131.0,0.009339331396621
2022-01-28,2022-01-28,0.784557929941992,37696.21,0.0152220516549512
2022-01-29,2022-01-29,0.7755485707596076,38150.01,0.0120383454994548
2022-01-30,2022-01-30,0.761310921806477,37870.01,-0.0073394476174448
2022-01-31,2022-01-31,0.7361916314287428,38439.04,0.0150258740359454
2022-02-01,2022-02-01,0.8183370764650513,38680.51,0.0062818946570986
2022-02-02,2022-02-02,0.7995801450310264,36892.03,-0.0462372393745584
2022-02-03,2022-02-03,0.7426930719840297,37289.86,0.0107836299601837
2022-02-04,2022-02-04,0.6930289587928483,41550.0,0.11424392582863
2022-02-05,2022-02-05,0.6850685096700027,41374.69,-0.0042192539109505
2022-02-06,2022-02-06,0.8920054929591843,42361.35,0.0238469460435835
2022-02-07,2022-02-07,0.8117269965212538,43829.99,0.0346693389138921
2022-02-08,2022-02-08,0.9324693089359604,44021.57,0.0043709797789139
2022-02-09,2022-02-09,0.8528242542808503,44358.08,0.0076442071466329
2022-02-10,2022-02-10,0.9061427121711004,43471.29,-0.0199916227212719
2022-02-11,2022-02-11,0.8509361816347886,42366.0,-0.025425746509938
2022-02-12,2022-02-12,1.0908411385949848,42199.87,-0.0039213048199027
2022-02-13,2022-02-13,0.9210836261946744,42041.13,-0.0037616229623457
2022-02-14,2022-02-14,0.8914825280675934,42525.14,0.0115127733245989
2022-02-15,2022-02-15,1.060544785189843,44529.6,0.0471358824450665
2022-02-16,2022-02-16,0.946663368876268,43860.7,-0.0150214688656534
2022-02-17,2022-02-17,0.9271766597856748,40491.7,-0.0768113595998239
2022-02-18,2022-02-18,0.7482111845234485,39966.8,-0.0129631504728128
2022-02-19,2022-02-19,0.8233121621898833,40052.6,0.0021467818289178
2022-02-20,2022-02-20,0.7704160784509856,38368.1,-0.0420571947888526
2022-02-21,2022-02-21,0.6592566002034628,36986.4,-0.0360116867918921
2022-02-22,2022-02-22,0.7888786871369483,38212.0,0.0331365042285811
2022-02-23,2022-02-23,0.7951043124349986,37227.8,-0.0257563069192923
2022-02-24,2022-02-24,0.6657522000465793,38315.1,0.0292066681351033
2022-02-25,2022-02-25,0.7277062980144426,39205.4,0.0232362697735357
2022-02-26,2022-02-26,0.6831038885101041,39099.3,-0.0027062598519591
2022-02-27,2022-02-27,0.7329037545793303,37672.0,-0.036504489850202
2022-02-28,2022-02-28,0.8427307175066904,43155.0,0.1455457634317265
2022-03-01,2022-03-01,0.9961043130309368,44394.1,0.0287127795156991
2022-03-02,2022-03-02,0.8584480289199373,43885.7,-0.0114519722215339
2022-03-03,2022-03-03,0.9039594586652314,42449.5,-0.0327259221113026
2022-03-04,2022-03-04,0.8032570880097637,39127.7,-0.0782529829562186
2022-03-05,2022-03-05,0.6778041357720881,39375.1,0.0063228863439457
2022-03-06,2022-03-06,0.7177047677157631,38401.1,-0.0247364451137901
2022-03-07,2022-03-07,0.7970253513542828,37963.8,-0.011387694623331
2022-03-08,2022-03-08,0.8056914316756392,38709.9,0.0196529325304632
2022-03-09,2022-03-09,0.809517560332977,41937.5,0.08337918723634
2022-03-10,2022-03-10,0.8132776624357314,39407.2,-0.0603350223546945
2022-03-11,2022-03-11,0.7600975190256568,38713.0,-0.0176160701597677
2022-03-12,2022-03-12,0.8597168978631641,38792.6,0.0020561568465373
2022-03-13,2022-03-13,0.8280284628752391,37743.7,-0.0270386620128582
2022-03-14,2022-03-14,0.8390321217187209,39653.8,0.0506071211884369
2022-03-15,2022-03-15,0.7704486376001974,39271.0,-0.0096535514881298
2022-03-16,2022-03-16,0.8855974038120389,41105.8,0.0467214993252018
2022-03-17,2022-03-17,0.924636531778121,40898.1,-0.0050528149312263
2022-03-18,2022-03-18,0.834059200449048,41751.5,0.020866495020551
2022-03-19,2022-03-19,0.9236590280693908,42188.2,0.0104595044489419
2022-03-20,2022-03-20,0.9119992917397128,41261.0,-0.0219777094068956
2022-03-21,2022-03-21,0.8986711303826381,40982.0,-0.0067618332081141
2022-03-22,2022-03-22,0.9059555262854572,42349.8,0.0333756283246304
2022-03-23,2022-03-23,0.8800653617298609,42867.9,0.0122338240086139
2022-03-24,2022-03-24,0.8910296556786832,43973.4,0.0257885270797029
2022-03-25,2022-03-25,0.9941857246598852,44290.6,0.0072134517685691
2022-03-26,2022-03-26,1.0244663240356606,44489.2,0.0044840214402153
2022-03-27,2022-03-27,0.8446236446266994,46820.8,0.0524082249175081
2022-03-28,2022-03-28,1.0835802722492835,47121.9,0.0064309025048696
2022-03-29,2022-03-29,1.0344438468758763,47418.5,0.0062943132598642
2022-03-30,2022-03-30,0.921592149325415,47053.2,-0.0077037443192004
2022-03-31,2022-03-31,0.9381846702659368,45506.0,-0.0328819293905621
2022-04-01,2022-04-01,0.9376116766558216,46266.2,0.016705489386015
2022-04-02,2022-04-02,0.9113672489359428,45794.6,-0.0101931863866061
2022-04-03,2022-04-03,0.9340250679102748,46392.4,0.0130539408576557
2022-04-04,2022-04-04,1.055849121856644,46580.9,0.0040631655184901
2022-04-05,2022-04-05,0.9769105514732463,45477.4,-0.0236899673471315
2022-04-06,2022-04-06,0.9733216536778926,43159.7,-0.0509637754137221
2022-04-07,2022-04-07,0.8734319418757154,43417.1,0.0059638968760209
2022-04-08,2022-04-08,0.8477647905021208,42229.2,-0.027360187575863
2022-04-09,2022-04-09,0.9453741744337312,42727.7,0.0118046280772545
2022-04-10,2022-04-10,0.8715210710647504,42140.4,-0.0137451816971191
2022-04-11,2022-04-11,0.8275634396394698,39505.6,-0.0625243234520792
2022-04-12,2022-04-12,0.8949755021572899,40060.7,0.0140511724920011
2022-04-13,2022-04-13,0.8350342245623099,41129.8,0.0266870024737462
2022-04-14,2022-04-14,0.827602610639991,39915.9,-0.0295138804467807
2022-04-15,2022-04-15,0.9347777290011682,40529.5,0.0153723203034379
2022-04-16,2022-04-16,0.7952468995983462,40361.0,-0.0041574655497846
2022-04-17,2022-04-17,0.9752149169454122,39649.1,-0.0176383142142166
2022-04-18,2022-04-18,0.7845399352540512,40785.6,0.0286639545412128
2022-04-19,2022-04-19,0.7540272015048286,41472.9,0.0168515358361776
2022-04-20,2022-04-20,0.979578739628907,41327.7,-0.0035010814290779
2022-04-21,2022-04-21,1.0423991159696553,40449.8,-0.0212424112641157
2022-04-22,2022-04-22,0.8064352897169931,39674.2,-0.0191743840513427
2022-04-23,2022-04-23,0.9574490828250384,39415.1,-0.0065306924903337
2022-04-24,2022-04-24,1.0025599804514398,39433.4,0.0004642890668804
2022-04-25,2022-04-25,0.949030666561324,40411.0,0.0247911668788387
2022-04-26,2022-04-26,0.8292867194588441,38093.7,-0.0573432976169855
2022-04-27,2022-04-27,0.982973642483545,39209.0,0.0292778070914614
2022-04-28,2022-04-28,0.7828283701092118,39732.5,0.0133515264352572
2022-04-29,2022-04-29,0.8788437962966309,38572.2,-0.0292027936827534
2022-04-30,2022-04-30,0.8639669781842749,37614.5,-0.0248287626840054
2022-05-01,2022-05-01,0.9486939409421912,38440.5,0.0219596166372011
2022-05-02,2022-05-02,0.927911287778753,38525.6,0.0022138109545921
2022-05-03,2022-05-03,0.8611247745738559,37712.9,-0.0210950640612994
2022-05-04,2022-05-04,0.8552779493807043,39684.0,0.0522659355286916
2022-05-05,2022-05-05,0.9201200501032304,36534.7,-0.0793594395726238
2022-05-06,2022-05-06,0.7819001720517776,35995.3,-0.0147640462354965
2022-05-07,2022-05-07,0.7808434161105114,35466.7,-0.0146852505743807
2022-05-08,2022-05-08,0.814992436605357,34032.0,-0.040452029650348
2022-05-09,2022-05-09,0.7764826803181821,30056.6,-0.1168135872120357
2022-05-10,2022-05-10,0.7355238698040365,31002.1,0.0314573171948922
2022-05-11,2022-05-11,0.682815122619852,29074.7,-0.0621699820334751
2022-05-12,2022-05-12,0.6020625534171975,29020.7,-0.0018572848559056
2022-05-13,2022-05-13,0.7203049719706807,29274.3,0.0087385900409018
2022-05-14,2022-05-14,0.6481274999173493,30079.8,0.0275156024226028
2022-05-15,2022-05-15,0.5709481965417198,31324.4,0.0413766048976389
2022-05-16,2022-05-16,0.7638992211187897,29866.7,-0.0465356080244154
2022-05-17,2022-05-17,0.6932535455331217,30437.0,0.0190948447602179
2022-05-18,2022-05-18,0.6164347380246593,28700.6,-0.0570489864309886
2022-05-19,2022-05-19,0.563630902763359,30319.9,0.0564204232664127
2022-05-20,2022-05-20,0.5955365621716328,29188.9,-0.0373022338464177
2022-05-21,2022-05-21,0.6139490192846248,29427.4,0.0081709142859101
2022-05-22,2022-05-22,0.5635778428066207,30284.0,0.0291089256951004
2022-05-23,2022-05-23,0.7486341248060893,29097.7,-0.0391725003302073
2022-05-24,2022-05-24,0.5493562575382134,29643.1,0.0187437495059745
2022-05-25,2022-05-25,0.6694002068530446,29536.7,-0.0035893681834895
2022-05-26,2022-05-26,0.6480451953011553,29194.0,-0.0116025148374734
2022-05-27,2022-05-27,0.6226991941757908,28623.2,-0.0195519627320681
2022-05-28,2022-05-28,0.6633626407535526,29018.8,0.0138209564269542
2022-05-29,2022-05-29,0.6719225278041138,29452.8,0.0149558217431458
2022-05-30,2022-05-30,0.7319498448285064,31726.5,0.0771980932203391
2022-05-31,2022-05-31,0.7199221993016689,31797.8,0.002247332671426
2022-06-01,2022-06-01,0.6619744970625949,29796.9,-0.0629257370006729
2022-06-02,2022-06-02,0.5914076943568333,30437.1,0.0214854565407809
2022-06-03,2022-06-03,0.6718785990069847,29682.8,-0.0247822558653747
2022-06-04,2022-06-04,0.643968995820759,29848.4,0.0055789885051276
2022-06-05,2022-06-05,0.6761394676163148,29909.9,0.0020604119483791
2022-06-06,2022-06-06,0.7305327869286224,31361.2,0.0485223955947695
2022-06-07,2022-06-07,0.7558873000227229,31118.1,-0.0077516166473222
2022-06-08,2022-06-08,0.8417717318308877,30192.5,-0.0297447466265613
2022-06-09,2022-06-09,0.6866461068142238,30093.3,-0.0032855841682537
2022-06-10,2022-06-10,0.6807656207067239,29077.7,-0.0337483758843329
2022-06-11,2022-06-11,0.691473066763514,28416.7,-0.0227321968381267
2022-06-12,2022-06-12,0.5463033802730668,26564.7,-0.0651729440786579
2022-06-13,2022-06-13,0.5108727221626911,22471.5,-0.1540841793809078
2022-06-14,2022-06-14,0.5135467707248778,22122.7,-0.0155218832743697
2022-06-15,2022-06-15,0.5567159962978134,22567.5,0.0201060449221839
2022-06-16,2022-06-16,0.405081691355755,20387.4,-0.0966035227650381
2022-06-17,2022-06-17,0.3564440616294091,20457.3,0.003428588245681
2022-06-18,2022-06-18,0.4734550658117518,18959.7,-0.0732061415729348
2022-06-19,2022-06-19,0.4021485251136684,20564.2,0.0846268664588574
2022-06-20,2022-06-20,0.4236553211168873,20570.1,0.0002869063712664
2022-06-21,2022-06-21,0.495887012820063,20713.1,0.0069518378617507
2022-06-22,2022-06-22,0.4142280127488525,19977.4,-0.0355185848569261
2022-06-23,2022-06-23,0.4913032300581464,21096.6,0.0560233063361597
2022-06-24,2022-06-24,0.4302355015395701,21231.2,0.0063801750045031
2022-06-25,2022-06-25,0.5046195724575435,21481.9,0.0118080937488225
2022-06-26,2022-06-26,0.46406271574391,21029.1,-0.0210782100279771
2022-06-27,2022-06-27,0.450965865655742,20730.0,-0.0142231479235914
2022-06-28,2022-06-28,0.476087901955524,20268.6,-0.0222575976845152
2022-06-29,2022-06-29,0.4782863793027408,20109.9,-0.0078298451792426
2022-06-30,2022-06-30,0.5198780919638232,19923.5,-0.0092690664796941
2022-07-01,2022-07-01,0.4149362664470875,19272.0,-0.0327000777975757
2022-07-02,2022-07-02,0.41817687276577,19240.9,-0.0016137401411373
2022-07-03,2022-07-03,0.4657267281602182,19305.9,0.0033782203535177
2022-07-04,2022-07-04,0.4402435993566384,20226.6,0.0476900843783505
2022-07-05,2022-07-05,0.3767671766604505,20170.0,-0.0027982953140912
2022-07-06,2022-07-06,0.4116525100470113,20554.1,0.0190431333663856
2022-07-07,2022-07-07,0.5200937195636125,21613.4,0.0515371629018055
2022-07-08,2022-07-08,0.5147249682993131,21587.9,-0.0011798236279345
2022-07-09,2022-07-09,0.4606133066277706,21580.0,-0.0003659457381218
2022-07-10,2022-07-10,0.5121074530634913,20853.8,-0.0336515291936978
2022-07-11,2022-07-11,0.4015424442173613,19954.3,-0.0431336255262829
2022-07-12,2022-07-12,0.4751900174698228,19322.9,-0.0316423026615816
2022-07-13,2022-07-13,0.3485155280099818,20220.1,0.0464319537957551
2022-07-14,2022-07-14,0.4086615841429639,20578.6,0.0177298826415299
2022-07-15,2022-07-15,0.4759326989636349,20823.1,0.0118812747222842
2022-07-16,2022-07-16,0.4933487610829241,21183.5,0.0173077015429981
2022-07-17,2022-07-17,0.4217010371370336,20794.4,-0.0183680694880449
2022-07-18,2022-07-18,0.4605940423175589,22423.9,0.0783624437348518
2022-07-19,2022-07-19,0.5033529300828798,23385.9,0.0429006551045982
2022-07-20,2022-07-20,0.4815583793103974,23221.5,-0.0070298769771529
2022-07-21,2022-07-21,0.516204066225961,23144.5,-0.0033158925995305
2022-07-22,2022-07-22,0.4941206522413456,22675.1,-0.0202812763291495
2022-07-23,2022-07-23,0.5531214394964808,22440.2,-0.0103593809950121
2022-07-24,2022-07-24,0.5674156047832124,22570.6,0.0058109999019615
2022-07-25,2022-07-25,0.4988316329927815,21300.0,-0.0562944715692094
2022-07-26,2022-07-26,0.5397266469777114,21241.0,-0.0027699530516431
2022-07-27,2022-07-27,0.5694152946507239,22941.1,0.0800386045854715
2022-07-28,2022-07-28,0.5309325778124839,23836.2,0.039017309544878
2022-07-29,2022-07-29,0.5619799227142905,23771.1,-0.0027311400307097
2022-07-30,2022-07-30,0.4999873720373893,23629.9,-0.0059399859493248
2022-07-31,2022-07-31,0.5803561309203791,23290.1,-0.0143800862466622
2022-08-01,2022-08-01,0.5112189661586158,23257.6,-0.001395442698829
2022-08-02,2022-08-02,0.5764345775261666,22975.1,-0.0121465671436433
2022-08-03,2022-08-03,0.5456103816067268,22801.5,-0.007556006285065
2022-08-04,2022-08-04,0.4923440531401944,22608.9,-0.00844681270969
2022-08-05,2022-08-05,0.5654941448110297,23298.1,0.0304835706292654
2022-08-06,2022-08-06,0.6061507437522708,22943.3,-0.0152287096372665
2022-08-07,2022-08-07,0.5953220590692906,23167.8,0.0097849916969223
2022-08-08,2022-08-08,0.5601106907024713,23804.4,0.0274777924533189
2022-08-09,2022-08-09,0.5540697765243807,23140.2,-0.0279024045974694
2022-08-10,2022-08-10,0.569610478685484,23940.9,0.034602120984261
2022-08-11,2022-08-11,0.5638645042736569,23917.2,-0.0009899377216395
2022-08-12,2022-08-12,0.6083171974002681,24387.5,0.0196636730052013
2022-08-13,2022-08-13,0.559901828955879,24429.0,0.0017016914402869
2022-08-14,2022-08-14,0.5341269439380479,24294.1,-0.0055221253428302
2022-08-15,2022-08-15,0.5789516629253413,24085.2,-0.0085987955923453
2022-08-16,2022-08-16,0.5858363785956889,23843.0,-0.0100559679803364
2022-08-17,2022-08-17,0.5104657770345571,23333.1,-0.0213857316612843
2022-08-18,2022-08-18,0.5608085429020448,23185.1,-0.0063429205720628
2022-08-19,2022-08-19,0.6446955060484405,20824.9,-0.101798137596991
2022-08-20,2022-08-20,0.5230772065175757,21127.8,0.0145450878515622
2022-08-21,2022-08-21,0.5178408580303435,21505.6,0.0178816535559782
2022-08-22,2022-08-22,0.5142853762690346,21387.0,-0.0055148426456363
2022-08-23,2022-08-23,0.614918575279585,21518.2,0.006134567728059
2022-08-24,2022-08-24,0.5246307628251573,21354.9,-0.0075889247241869
2022-08-25,2022-08-25,0.5768609787864261,21548.3,0.0090564694753896
2022-08-26,2022-08-26,0.6263883991738723,20228.7,-0.0612391696792785
2022-08-27,2022-08-27,0.4903316635839932,20023.9,-0.0101242294363947
2022-08-28,2022-08-28,0.5410021315595799,19547.5,-0.0237915690749555
2022-08-29,2022-08-29,0.5305056042989742,20275.5,0.0372426141450312
2022-08-30,2022-08-30,0.5527785875509165,19803.1,-0.023299055510345
2022-08-31,2022-08-31,0.5021744822995357,20041.5,0.012038519221738
2022-09-01,2022-09-01,0.4709861851024349,20122.5,0.0040416136516727
2022-09-02,2022-09-02,0.4463236748813845,19941.0,-0.0090197540067089
2022-09-03,2022-09-03,0.4994703100765642,19820.7,-0.0060327967504136
2022-09-04,2022-09-04,0.5683191535454044,19992.7,0.0086777964451305
2022-09-05,2022-09-05,0.5211084696304119,19784.9,-0.0103937937347131
2022-09-06,2022-09-06,0.4814229499377693,18781.5,-0.0507154446067456
2022-09-07,2022-09-07,0.4783491979847679,19287.0,0.0269147831642839
2022-09-08,2022-09-08,0.4256042315428666,19309.3,0.0011562192150151
2022-09-09,2022-09-09,0.5319781195892789,21352.0,0.1057884024796342
2022-09-10,2022-09-10,0.5826889657139587,21639.5,0.0134647808167853
2022-09-11,2022-09-11,0.6842464950716601,21820.3,0.0083550913838119
2022-09-12,2022-09-12,0.5899362413744542,22386.0,0.0259253997424417
2022-09-13,2022-09-13,0.5189739983777404,20162.5,-0.0993254712766907
2022-09-14,2022-09-14,0.4523623656146581,20217.0,0.0027030378177308
2022-09-15,2022-09-15,0.5171374508860259,19690.8,-0.0260276005342039
2022-09-16,2022-09-16,0.4477859724377988,19792.5,0.0051648485587179
2022-09-17,2022-09-17,0.5977585822377671,20102.0,0.0156372363268915
2022-09-18,2022-09-18,0.5382896595605905,19404.5,-0.0346980399960202
2022-09-19,2022-09-19,0.4368891777237441,19528.6,0.0063954237419154
2022-09-20,2022-09-20,0.5173895702767737,18866.8,-0.033888758026689
2022-09-21,2022-09-21,0.476037824505325,18447.5,-0.0222242245637839
2022-09-22,2022-09-22,0.4319126125487512,19392.5,0.0512264534489768
2022-09-23,2022-09-23,0.4601199738818399,19280.7,-0.005765115379657
2022-09-24,2022-09-24,0.495630051766351,18911.0,-0.0191746150295373
2022-09-25,2022-09-25,0.497087651728931,18799.7,-0.0058854634868594
2022-09-26,2022-09-26,0.5113538978708947,19216.3,0.0221599280839586
2022-09-27,2022-09-27,0.4586720739601279,19070.1,-0.007608124352763
2022-09-28,2022-09-28,0.5156583661579928,19407.3,0.0176821306652823
2022-09-29,2022-09-29,0.5000446956252794,19582.5,0.0090275308775564
2022-09-30,2022-09-30,0.5955203577250262,19411.7,-0.0087220732797139
2022-10-01,2022-10-01,0.6289966668226799,19304.0,-0.0055482003121829
2022-10-02,2022-10-02,0.5436255474460783,19049.4,-0.0131889763779526
2022-10-03,2022-10-03,0.5386372594378788,19622.0,0.0300586895125305
2022-10-04,2022-10-04,0.5878806019863997,20333.0,0.0362348384466415
2022-10-05,2022-10-05,0.6379687296139694,20150.0,-0.0090001475434023
2022-10-06,2022-10-06,0.5824263420604123,19954.0,-0.0097270471464019
2022-10-07,2022-10-07,0.6150998020570208,19520.9,-0.0217049213190336
2022-10-08,2022-10-08,0.6198869932675639,19406.2,-0.0058757536793898
2022-10-09,2022-10-09,0.5595514705560418,19430.0,0.0012264121775513
2022-10-10,2022-10-10,0.5938521124873142,19124.0,-0.0157488419969119
2022-10-11,2022-10-11,0.5501587599774611,19055.0,-0.003608031792512
2022-10-12,2022-10-12,0.4833942205919945,19148.0,0.004880608764104
2022-10-13,2022-10-13,0.5079970969376129,19365.5,0.0113588886567788
2022-10-14,2022-10-14,0.5681325695308984,19164.6,-0.0103741189228268
2022-10-15,2022-10-15,0.5409557159253974,19060.4,-0.0054371080012104
2022-10-16,2022-10-16,0.5142085192167519,19251.9,0.0100470084573252
2022-10-17,2022-10-17,0.5469648922541156,19540.6,0.0149959224803783
2022-10-18,2022-10-18,0.5238153263378523,19320.9,-0.0112432576277082
2022-10-19,2022-10-19,0.5508426628408255,19116.7,-0.010568865839583
2022-10-20,2022-10-20,0.5268096816771589,19034.7,-0.0042894432616508
2022-10-21,2022-10-21,0.5654801961419922,19150.9,0.0061046404724003
2022-10-22,2022-10-22,0.497266354367634,19195.1,0.0023079855254843
2022-10-23,2022-10-23,0.5693281881835981,19560.7,0.0190465274992055
2022-10-24,2022-10-24,0.5067570524630546,19318.1,-0.0124024191363295
2022-10-25,2022-10-25,0.4655600235689046,20068.3,0.0388340468265513
2022-10-26,2022-10-26,0.6245602279913717,20758.3,0.0343825834774245
2022-10-27,2022-10-27,0.5459171987677103,20285.5,-0.0227764315960362
2022-10-28,2022-10-28,0.6367090149778961,20582.8,0.0146557886174853
2022-10-29,2022-10-29,0.5842965018342704,20796.7,0.0103921721048643
2022-10-30,2022-10-30,0.5512730169536316,20615.6,-0.0087081123447471
2022-10-31,2022-10-31,0.6963457350640908,20482.0,-0.0064805293079026
2022-11-01,2022-11-01,0.5864745229196627,20472.1,-0.000483351235231
2022-11-02,2022-11-02,0.4990148267478229,20140.1,-0.0162171931555629
2022-11-03,2022-11-03,0.6660106304245885,20199.7,0.0029592703114682
2022-11-04,2022-11-04,0.5403991827253517,21137.6,0.0464313826442965
2022-11-05,2022-11-05,0.6490292984522333,21289.9,0.0072051699341459
2022-11-06,2022-11-06,0.5874961386207528,20900.0,-0.0183138483506264
2022-11-07,2022-11-07,0.6078700011361158,20578.6,-0.015377990430622
2022-11-08,2022-11-08,0.6511733880808863,18534.0,-0.0993556412972699
2022-11-09,2022-11-09,0.5381984357076846,15905.0,-0.1418474155605913
2022-11-10,2022-11-10,0.5197351300874666,17588.0,0.1058157812008802
2022-11-11,2022-11-11,0.4773793621787461,17058.3,-0.0301171253127132
2022-11-12,2022-11-12,0.5817671290567722,16806.9,-0.014737693674047
2022-11-13,2022-11-13,0.4477918287371357,16321.2,-0.0288988451171841
2022-11-14,2022-11-14,0.4268381194167754,16605.2,0.0174006813224518
2022-11-15,2022-11-15,0.5578406403473997,16888.3,0.0170488762556306
2022-11-16,2022-11-16,0.5377176439448259,16650.6,-0.014074832872462
2022-11-17,2022-11-17,0.4950382285287015,16682.1,0.0018918237180642
2022-11-18,2022-11-18,0.5095132467014548,16689.7,0.0004555781346473
2022-11-19,2022-11-19,0.526737445106551,16692.9,0.0001917350221993
2022-11-20,2022-11-20,0.5295475335716459,16272.6,-0.0251783692468056
2022-11-21,2022-11-21,0.4489904354580858,15773.0,-0.0307019161043717
2022-11-22,2022-11-22,0.4387452713467767,16220.6,0.0283776073036201
2022-11-23,2022-11-23,0.5082824147647836,16595.8,0.0231310802313107
2022-11-24,2022-11-24,0.4713241895315577,16592.4,-0.0002048711119679
2022-11-25,2022-11-25,0.4483972430079634,16516.1,-0.0045984908753406
2022-11-26,2022-11-26,0.4000231024497407,16449.2,-0.0040505930576829
2022-11-27,2022-11-27,0.4934089247996355,16422.6,-0.0016170999197531
2022-11-28,2022-11-28,0.4983086239468731,16204.5,-0.0132804793394467
2022-11-29,2022-11-29,0.4780570572745851,16433.2,0.0141133635718473
2022-11-30,2022-11-30,0.5220483185987165,17153.3,0.0438198281527637
2022-12-01,2022-12-01,0.5858389979111169,16970.5,-0.0106568415406947
2022-12-02,2022-12-02,0.4803675312403899,17083.0,0.0066291505848383
2022-12-03,2022-12-03,0.501750031134071,16879.5,-0.0119124275595621
2022-12-04,2022-12-04,0.534791270529669,17099.5,0.0130335614206582
2022-12-05,2022-12-05,0.5661332382566459,16958.3,-0.0082575513903915
2022-12-06,2022-12-06,0.5225254987954953,17078.6,0.0070938714375849
2022-12-07,2022-12-07,0.6569406428595199,16828.0,-0.0146733338798261
2022-12-08,2022-12-08,0.6403766504984666,17216.0,0.0230568100784407
2022-12-09,2022-12-09,0.5936034121566186,17122.0,-0.0054600371747212
2022-12-10,2022-12-10,0.6011779213256578,17120.0,-0.0001168087840205
2022-12-11,2022-12-11,0.5731218899962672,17077.3,-0.0024941588785046
2022-12-12,2022-12-12,0.5570835526064858,17200.0,0.0071849765478149
2022-12-13,2022-12-13,0.6629317515649638,17777.1,0.0335523255813952
2022-12-14,2022-12-14,0.6100224511639467,17803.9,0.0015075574756289
2022-12-15,2022-12-15,0.5688456623601734,17351.8,-0.0253933127011498
2022-12-16,2022-12-16,0.5186958373749201,16624.1,-0.0419380121947002
2022-12-17,2022-12-17,0.5381752290346051,16768.0,0.0086561076990634
2022-12-18,2022-12-18,0.5638300247397319,16730.3,-0.0022483301526717
2022-12-19,2022-12-19,0.533014397780356,16429.2,-0.0179972863606748
2022-12-20,2022-12-20,0.5534773080929419,16887.2,0.0278771942638715
2022-12-21,2022-12-21,0.5673907581488332,16819.6,-0.0040030318821356
2022-12-22,2022-12-22,0.5356326517550644,16815.5,-0.0002437632286141
2022-12-23,2022-12-23,0.5278050999110672,16776.4,-0.0023252356456839
2022-12-24,2022-12-24,0.361071781286836,16828.9,0.0031293960563649
2022-12-25,2022-12-25,0.5647033528678005,16824.4,-0.0002673971560827
2022-12-26,2022-12-26,0.5221914645688108,16912.9,0.0052602173034401
2022-12-27,2022-12-27,0.4710273437638535,16698.2,-0.0126944521637331
2022-12-28,2022-12-28,0.6743652290245183,16539.0,-0.0095339617443797
2022-12-29,2022-12-29,0.5681909569678779,16630.3,0.0055202853860572
2022-12-30,2022-12-30,0.635475275992455,16601.2,-0.0017498181031009
2022-12-31,2022-12-31,0.6240876994550212,16537.6,-0.0038310483579501
2023-01-01,2023-01-01,0.6186715805446135,16610.3,0.0043960429566562
2023-01-02,2023-01-02,0.6310592758252357,16666.0,0.0033533409992594
2023-01-03,2023-01-03,0.6271959748355476,16667.2,7.20028801153294e-05
2023-01-04,2023-01-04,0.5907152183875807,16842.1,0.0104936642027453
2023-01-05,2023-01-05,0.6491984809461613,16823.8,-0.0010865628395508
2023-01-06,2023-01-06,0.743854478227491,16943.8,0.007132752410276
2023-01-07,2023-01-07,0.6399595502196798,16936.5,-0.000430836058027
2023-01-08,2023-01-08,0.6366237285053967,17124.7,0.011112095179051
2023-01-09,2023-01-09,0.6474383507570532,17169.7,0.0026277832604366
2023-01-10,2023-01-10,0.7230893627036048,17428.8,0.0150905374001875
2023-01-11,2023-01-11,0.638482301737561,17935.7,0.0290840447994125
2023-01-12,2023-01-12,0.694540048683582,18838.0,0.0503074873018616
2023-01-13,2023-01-13,0.7630530176920212,19924.2,0.0576600488374563
2023-01-14,2023-01-14,0.8923322089285659,20962.8,0.0521275634655342
2023-01-15,2023-01-15,0.8474136391903431,20882.7,-0.0038210544392923
2023-01-16,2023-01-16,0.7781729665349556,21188.3,0.0146341229821813
2023-01-17,2023-01-17,0.8356117334604969,21130.9,-0.0027090422544516
2023-01-18,2023-01-18,0.7533195540634335,20680.0,-0.0213384190924191
2023-01-19,2023-01-19,0.7711490453477238,21068.3,0.0187765957446808
2023-01-20,2023-01-20,0.7241954497360487,22661.1,0.0756017334099097
2023-01-21,2023-01-21,0.8110089236932139,22781.9,0.0053307209270512
2023-01-22,2023-01-22,0.8802715259557083,22704.6,-0.0033930444782921
2023-01-23,2023-01-23,0.9235254159305716,22913.1,0.0091831611215349
2023-01-24,2023-01-24,0.7635668225019342,22627.4,-0.0124688496973346
2023-01-25,2023-01-25,1.0162434670228857,23060.6,0.0191449304825122
2023-01-26,2023-01-26,0.916221029326914,23001.9,-0.002545467160438
2023-01-27,2023-01-27,0.9098565276641264,23068.0,0.0028736756528808
2023-01-28,2023-01-28,0.9918146189907916,23015.9,-0.0022585399687878
2023-01-29,2023-01-29,0.9672391912669054,23740.3,0.0314738941340551
2023-01-30,2023-01-30,0.8276260131732271,22819.9,-0.0387695184980811
2023-01-31,2023-01-31,0.6909348356305295,23119.4,0.0131245097480707
2023-02-01,2023-02-01,0.8318655302687274,23730.0,0.0264107200013841
2023-02-02,2023-02-02,0.9044101739072508,23493.1,-0.0099831436999578
2023-02-03,2023-02-03,0.8229935395840281,23424.7,-0.0029114931618219
2023-02-04,2023-02-04,0.8354116167147382,23322.6,-0.0043586470691194
2023-02-05,2023-02-05,0.919646275149176,22929.2,-0.0168677591692177
2023-02-06,2023-02-06,0.8898028140821543,22757.7,-0.0074795457320796
2023-02-07,2023-02-07,0.8630462763940404,23234.1,0.0209335741309533
2023-02-08,2023-02-08,0.8409619302519041,22955.9,-0.0119737799183096
2023-02-09,2023-02-09,0.9653270131968628,21793.4,-0.0506405760610562
2023-02-10,2023-02-10,0.8543280981669924,21618.6,-0.0080207769324659
2023-02-11,2023-02-11,0.8550518806013964,21851.3,0.0107638792521256
2023-02-12,2023-02-12,0.941353897960402,21771.1,-0.0036702621811974
2023-02-13,2023-02-13,0.9062405698846228,21766.2,-0.0002250690135086
2023-02-14,2023-02-14,0.9075927910418996,22187.4,0.0193511040052927
2023-02-15,2023-02-15,1.0070553752908853,24332.6,0.0966855061881968
2023-02-16,2023-02-16,1.1915992170000609,23526.6,-0.0331242859373843
2023-02-17,2023-02-17,1.074074756736492,24581.5,0.0448386082136815
2023-02-18,2023-02-18,1.1126299050732913,24636.9,0.0022537273966194
2023-02-19,2023-02-19,1.071835164141279,24265.9,-0.0150587127438922
2023-02-20,2023-02-20,0.9783189083932624,24849.9,0.024066694414796
2023-02-21,2023-02-21,1.1106002157092478,24443.4,-0.016358214721186
2023-02-22,2023-02-22,0.911117664427442,24171.3,-0.0111318392694961
2023-02-23,2023-02-23,1.1157635826300143,23928.8,-0.0100325592748424
2023-02-24,2023-02-24,0.8675948888571857,23175.6,-0.0314767142522818
2023-02-25,2023-02-25,0.6730164850442305,23146.2,-0.0012685755708589
2023-02-26,2023-02-26,1.0570853584844546,23545.3,0.0172425711347865
2023-02-27,2023-02-27,0.8995351962168806,23480.0,-0.0027733772769936
2023-02-28,2023-02-28,0.8830836739348712,23129.6,-0.0149233390119251
2023-03-01,2023-03-01,1.1020748421862427,23619.8,0.0211936220254564
2023-03-02,2023-03-02,0.9309406120242146,23457.1,-0.0068882886391925
2023-03-03,2023-03-03,1.0415860125369454,22342.8,-0.0475037408716336
2023-03-04,2023-03-04,0.9348692085903936,22335.7,-0.0003177757487869
2023-03-05,2023-03-05,0.9554567861073682,22419.4,0.0037473640852985
2023-03-06,2023-03-06,0.8234839092793517,22397.1,-0.0009946742553326
2023-03-07,2023-03-07,1.0227791169138438,22187.1,-0.0093762138848333
2023-03-08,2023-03-08,0.8212378911844878,21695.4,-0.0221615262923048
2023-03-09,2023-03-09,0.8274871358287044,20348.3,-0.0620915032679739
2023-03-10,2023-03-10,0.7788442061926305,20140.3,-0.0102219841460957
2023-03-11,2023-03-11,0.9349053573630418,20447.3,0.0152430698648977
2023-03-12,2023-03-12,0.9258912187076452,21986.2,0.0752617705027069
2023-03-13,2023-03-13,1.01210673280058,24119.5,0.0970290454921722
2023-03-14,2023-03-14,1.0362815019118492,24682.5,0.0233421090818632
2023-03-15,2023-03-15,1.029183242673934,24288.0,-0.0159829838954724
2023-03-16,2023-03-16,0.946192629194606,24990.4,0.0289196310935442
2023-03-17,2023-03-17,1.1172190990035302,27384.0,0.0957807798194505
2023-03-18,2023-03-18,1.265238313626433,26907.0,-0.017418930762489
2023-03-19,2023-03-19,1.1586016655834277,27955.7,0.0389749879213587
2023-03-20,2023-03-20,1.2249877065977062,27704.1,-0.0089999534978556
2023-03-21,2023-03-21,1.1601888360757349,28091.1,0.013969051512231
2023-03-22,2023-03-22,1.2823733772679615,27233.8,-0.0305185628188287
2023-03-23,2023-03-23,1.4634458025629058,28284.1,0.0385660466038524
2023-03-24,2023-03-24,1.315529501631036,27438.9,-0.0298825134969823
2023-03-25,2023-03-25,1.1503586214112849,27447.3,0.0003061347211439
2023-03-26,2023-03-26,1.1433577064314544,27954.3,0.0184717622498387
2023-03-27,2023-03-27,1.171472318923488,27112.0,-0.0301313214782699
2023-03-28,2023-03-28,1.0509177593117622,27249.7,0.0050789318383004
2023-03-29,2023-03-29,1.1992666617159822,28338.5,0.0399564031897599
2023-03-30,2023-03-30,1.275054469052619,28015.0,-0.0114155653968982
2023-03-31,2023-03-31,1.1646538178445525,28454.9,0.0157023023380331
2023-04-01,2023-04-01,1.1675241787970427,28443.8,-0.0003900909860867
2023-04-02,2023-04-02,1.225854945064147,28161.2,-0.0099353813484835
2023-04-03,2023-04-03,1.0770045982724938,27786.1,-0.0133197448972345
2023-04-04,2023-04-04,1.3382308877583384,28155.2,0.01328362022738
2023-04-05,2023-04-05,1.1655962309539811,28154.0,-4.262090129003582e-05
2023-04-06,2023-04-06,1.3227199863204433,28022.8,-0.0046600838246785
2023-04-07,2023-04-07,1.1702378094306398,27890.7,-0.0047140185848665
2023-04-08,2023-04-08,1.207586024662732,27924.9,0.0012262151900095
2023-04-09,2023-04-09,1.195372257590951,28309.4,0.0137690734792246
2023-04-10,2023-04-10,1.0391736245803032,29623.1,0.0464050809978309
2023-04-11,2023-04-11,1.378117142039932,30185.1,0.0189716808841748
2023-04-12,2023-04-12,1.4178000727296327,29875.0,-0.0102732805258223
2023-04-13,2023-04-13,1.274808091313967,30362.7,0.0163246861924686
2023-04-14,2023-04-14,1.2760555024783689,30453.1,0.0029773373250732
2023-04-15,2023-04-15,1.4177242023770151,30280.4,-0.0056710154302844
2023-04-16,2023-04-16,1.1109131859693542,30286.6,0.0002047529094726
2023-04-17,2023-04-17,1.364485306876327,29420.0,-0.028613314138926
2023-04-18,2023-04-18,1.468930037253854,30365.8,0.0321481985044187
2023-04-19,2023-04-19,1.2226951850271706,28795.1,-0.0517259548571089
2023-04-20,2023-04-20,1.1390457857485392,28229.9,-0.0196283395438806
2023-04-21,2023-04-21,1.2127506484809212,27252.5,-0.0346228644097216
2023-04-22,2023-04-22,1.2131938969139615,27807.2,0.0203540959544996
2023-04-23,2023-04-23,1.203481341991052,27576.0,-0.0083143933945165
2023-04-24,2023-04-24,1.1624274729785922,27497.5,-0.0028466782709603
2023-04-25,2023-04-25,1.0465353919084954,28286.7,0.0287007909809982
2023-04-26,2023-04-26,1.1474241383318105,28395.9,0.0038604715290224
2023-04-27,2023-04-27,1.174151573392555,29459.0,0.0374385034459199
2023-04-28,2023-04-28,1.3359366526289138,29300.0,-0.0053973318849926
2023-04-29,2023-04-29,1.2447762050782387,29212.7,-0.0029795221843003
2023-04-30,2023-04-30,1.350684232543058,29223.0,0.0003525863751039
2023-05-01,2023-05-01,1.6258765640297714,28054.4,-0.03998904972111
2023-05-02,2023-05-02,1.23671552774971,28656.5,0.021461874073229
2023-05-03,2023-05-03,1.362730164549822,29018.4,0.0126288974578194
2023-05-04,2023-05-04,1.4137278610376551,28826.0,-0.0066302759628373
2023-05-05,2023-05-05,1.224850923815238,29491.5,0.0230867966419205
2023-05-06,2023-05-06,1.5447081631959014,28837.8,-0.022165708763542
2023-05-07,2023-05-07,1.74801389955183,28419.4,-0.0145087350630075
2023-05-08,2023-05-08,1.978328677073719,27659.8,-0.0267282208632132
2023-05-09,2023-05-09,1.8131508971743624,27610.2,-0.0017932161476221
2023-05-10,2023-05-10,1.847391611129774,27582.9,-0.0009887650216223
2023-05-11,2023-05-11,1.4720710510300443,26956.4,-0.022713347762563
2023-05-12,2023-05-12,1.32283349447878,26785.1,-0.0063547061180276
2023-05-13,2023-05-13,1.2912285267082708,26762.7,-0.0008362858454886
2023-05-14,2023-05-14,1.4980168958296718,26901.9,0.0052012689302649
2023-05-15,2023-05-15,1.306262821847862,27152.5,0.0093153271701997
2023-05-16,2023-05-16,1.3714892220145822,27024.8,-0.0047030660160206
2023-05-17,2023-05-17,1.39883668494214,27395.8,0.0137281311980106
2023-05-18,2023-05-18,1.2712093944001268,26809.3,-0.0214083910672439
2023-05-19,2023-05-19,1.331718799454112,26870.1,0.0022678697317721
2023-05-20,2023-05-20,1.153084580748646,27089.5,0.0081652096568305
2023-05-21,2023-05-21,1.2963464211124411,26732.8,-0.0131674634083316
2023-05-22,2023-05-22,1.232122656248028,26840.2,0.0040175365094565
2023-05-23,2023-05-23,1.3303545605417622,27209.9,0.0137741149469825
2023-05-24,2023-05-24,1.1907588747366984,26313.8,-0.0329328663464402
2023-05-25,2023-05-25,1.2888586498755912,26461.8,0.0056244252065456
2023-05-26,2023-05-26,1.3246335744933575,26689.9,0.0086199729421279
2023-05-27,2023-05-27,1.223716056350507,26841.6,0.0056837979910002
2023-05-28,2023-05-28,1.3724520418503456,28055.7,0.0452320278969957
2023-05-29,2023-05-29,1.4269617687079952,27722.0,-0.0118941961882969
2023-05-30,2023-05-30,1.3691104808476815,27680.1,-0.0015114349614026
2023-05-31,2023-05-31,1.2212253779157314,27201.1,-0.0173048507772731
2023-06-01,2023-06-01,1.139352872893898,26805.3,-0.0145508821334431
2023-06-02,2023-06-02,1.4060529526140444,27227.8,0.0157618082991051
2023-06-03,2023-06-03,1.091840457885438,27054.9,-0.0063501274432747
2023-06-04,2023-06-04,1.2381572323542869,27102.4,0.0017556893575656
2023-06-05,2023-06-05,1.1515140163132007,25714.7,-0.0512021075624299
2023-06-06,2023-06-06,1.2642565723355768,27221.5,0.0585968337176789
2023-06-07,2023-06-07,1.1891254277467402,26325.9,-0.0329004647062064
2023-06-08,2023-06-08,1.2947573214191863,26485.9,0.0060776649611218
2023-06-09,2023-06-09,1.4196542966972374,26468.1,-0.0006720556975599
2023-06-10,2023-06-10,1.2395741281421966,25826.6,-0.0242367226963778
2023-06-11,2023-06-11,1.2901602274231525,25909.9,0.0032253568026763
2023-06-12,2023-06-12,1.254587626393434,25894.8,-0.0005827888181738
2023-06-13,2023-06-13,1.176235726308433,25918.0,0.0008959327741477
2023-06-14,2023-06-14,0.9731088863468976,25115.9,-0.0309476039817886
2023-06-15,2023-06-15,1.1485436917900929,25586.1,0.0187212084774981
2023-06-16,2023-06-16,1.219869725872158,26336.0,0.029308882557326
2023-06-17,2023-06-17,1.1446482238728302,26508.9,0.0065651579586878
2023-06-18,2023-06-18,1.2194433604393335,26329.7,-0.0067599938133985
2023-06-19,2023-06-19,1.148828130380066,26828.5,0.0189443859975617
2023-06-20,2023-06-20,1.1377725345338208,28290.6,0.0544980151704344
2023-06-21,2023-06-21,1.094684213517865,29988.5,0.0600164012074682
2023-06-22,2023-06-22,1.2750081652744247,29875.0,-0.0037847841672641
2023-06-23,2023-06-23,1.1698088004538776,30673.4,0.0267246861924685
2023-06-24,2023-06-24,1.359326777814072,30524.2,-0.0048641493932853
2023-06-25,2023-06-25,1.4162853114372662,30458.0,-0.0021687710079215
2023-06-26,2023-06-26,1.3404740037963845,30260.1,-0.0064974719285574
2023-06-27,2023-06-27,1.2962965287089558,30683.2,0.0139821084530455
2023-06-28,2023-06-28,0.999711174723665,30066.3,-0.020105464879804
2023-06-29,2023-06-29,1.3515204410954804,30439.9,0.0124258721558689
2023-06-30,2023-06-30,1.4589034565207346,30460.2,0.0006668878675686
2023-07-01,2023-07-01,1.2227926880098134,30573.6,0.003722890854295
2023-07-02,2023-07-02,1.554750204422748,30612.7,0.0012788811262005
2023-07-03,2023-07-03,1.2664997731190777,31149.0,0.0175188728860897
2023-07-04,2023-07-04,1.3028098635653589,30756.1,-0.0126135670487014
2023-07-05,2023-07-05,1.414834253865858,30488.4,-0.0087039644168147
2023-07-06,2023-07-06,1.2507154152079163,29874.4,-0.0201388068904895
2023-07-07,2023-07-07,1.5534436719508855,30327.9,0.0151802211927267
2023-07-08,2023-07-08,1.574848963662882,30269.3,-0.00193221423178
2023-07-09,2023-07-09,1.492949183660141,30147.8,-0.0040139679477225
2023-07-10,2023-07-10,1.3609340121866658,30396.9,0.0082626261286065
2023-07-11,2023-07-11,1.2111986172018545,30608.4,0.006957946369531
2023-07-12,2023-07-12,1.2916448529720952,30368.9,-0.0078246494426366
2023-07-13,2023-07-13,1.084218213893743,31441.7,0.03532561271564
2023-07-14,2023-07-14,1.2490855540156858,30293.3,-0.0365247426188788
2023-07-15,2023-07-15,1.2098058344005975,30276.4,-0.0005578791349901
2023-07-16,2023-07-16,1.3453004633361283,30216.8,-0.001968529944115
2023-07-17,2023-07-17,1.1845160518602849,30126.1,-0.0030016414709698
2023-07-18,2023-07-18,1.3975511759443835,29845.6,-0.0093108633377702
2023-07-19,2023-07-19,1.2764256643292065,29895.5,0.001671938242153
2023-07-20,2023-07-20,1.116409559339951,29791.0,-0.0034955093575955
2023-07-21,2023-07-21,0.9780577857670408,29891.4,0.0033701453459098
2023-07-22,2023-07-22,1.1967941411367475,29783.5,-0.003609733903397
2023-07-23,2023-07-23,1.2811802650645383,30070.8,0.009646280658754
2023-07-24,2023-07-24,1.274993325586106,29163.8,-0.0301621506577809
2023-07-25,2023-07-25,1.1614790343368218,29216.3,0.0018001769316755
2023-07-26,2023-07-26,1.2154498492589367,29336.0,0.0040970280288743
2023-07-27,2023-07-27,1.1718713021578335,29209.7,-0.0043052904281428
2023-07-28,2023-07-28,1.1827153490774114,29299.9,0.0030880152825945
2023-07-29,2023-07-29,1.11396290925943,29339.1,0.0013378885252166
2023-07-30,2023-07-30,1.409504619513673,29271.1,-0.0023177261742861
2023-07-31,2023-07-31,1.1869294463854256,29220.8,-0.001718418508358
2023-08-01,2023-08-01,1.1580093137315182,29701.2,0.0164403438646443
2023-08-02,2023-08-02,1.302857506924731,29170.1,-0.0178814324000378
2023-08-03,2023-08-03,1.267588120222966,29180.2,0.000346244956308
2023-08-04,2023-08-04,1.0201176446349451,29101.1,-0.002710742215612
2023-08-05,2023-08-05,1.274290388887008,29057.7,-0.0014913525605561
2023-08-06,2023-08-06,1.3576891786040928,29075.9,0.0006263400062633
2023-08-07,2023-08-07,1.2192096717068803,29202.7,0.0043610000034393
2023-08-08,2023-08-08,1.0696300752053547,29759.0,0.019049608426618
2023-08-09,2023-08-09,1.383064561209046,29572.8,-0.006256930676434
2023-08-10,2023-08-10,1.080598128674276,29443.7,-0.0043654980252123
2023-08-11,2023-08-11,1.2719111411711586,29415.5,-0.0009577600641224
2023-08-12,2023-08-12,1.3972861224548934,29420.7,0.0001767775492511
2023-08-13,2023-08-13,1.124918212514642,29293.3,-0.0043302844595812
2023-08-14,2023-08-14,1.4250624401928245,29419.5,0.0043081523761405
2023-08-15,2023-08-15,1.4121270121054466,29188.8,-0.0078417376230052
2023-08-16,2023-08-16,1.3430677823092878,28714.4,-0.0162528092967164
2023-08-17,2023-08-17,1.2455405098784582,26609.7,-0.0732977182180369
2023-08-18,2023-08-18,1.0404202674537917,26042.1,-0.0213305674246609
2023-08-19,2023-08-19,1.030993621531938,26088.3,0.0017740504798
2023-08-20,2023-08-20,1.192212545523528,26175.9,0.0033578270719059
2023-08-21,2023-08-21,1.2121561841673651,26115.4,-0.0023112863359043
2023-08-22,2023-08-22,1.0512727355602514,26044.4,-0.0027187023748439
2023-08-23,2023-08-23,1.0514993976051497,26419.2,0.0143908095406306
2023-08-24,2023-08-24,1.025998782200839,26164.6,-0.0096369307170542
2023-08-25,2023-08-25,0.9951068287410868,26051.7,-0.0043149904833247
2023-08-26,2023-08-26,0.999757870144104,26004.3,-0.0018194589988369
2023-08-27,2023-08-27,0.8536125497271438,26087.7,0.0032071618924562
2023-08-28,2023-08-28,0.870961751047511,26106.5,0.000720646128252
2023-08-29,2023-08-29,1.1929571584284808,27700.1,0.0610422691666825
2023-08-30,2023-08-30,0.9774815580040752,27290.4,-0.0147905603228868
2023-08-31,2023-08-31,1.1024402847204835,25928.0,-0.0499223170052472
2023-09-01,2023-09-01,1.1100742930624743,25795.6,-0.005106448626967
2023-09-02,2023-09-02,1.110073491623626,25855.8,0.0023337313340259
2023-09-03,2023-09-03,1.1518681692428008,25962.1,0.0041112632368751
2023-09-04,2023-09-04,1.089318707308361,25814.0,-0.0057044692070363
2023-09-05,2023-09-05,0.9073465225842736,25779.7,-0.0013287363446191
2023-09-06,2023-09-06,0.9907622717521206,25747.4,-0.0012529238121467
2023-09-07,2023-09-07,1.0740010843856689,26240.7,0.0191592160761862
2023-09-08,2023-09-08,0.993369997020493,25899.8,-0.0129912692877858
2023-09-09,2023-09-09,1.1107101830988138,25892.6,-0.0002779944246673
2023-09-10,2023-09-10,1.0956187430822115,25828.4,-0.0024794728995928
2023-09-11,2023-09-11,1.149081345869441,25150.4,-0.02625017422682
2023-09-12,2023-09-12,1.0364585780167743,25825.8,0.0268544436668998
2023-09-13,2023-09-13,1.088031746674052,26209.9,0.0148727241750499
2023-09-14,2023-09-14,1.2098412001556451,26510.3,0.0114613180515759
2023-09-15,2023-09-15,1.4014575684141852,26591.1,0.0030478719592006
2023-09-16,2023-09-16,1.1559854255646536,26546.9,-0.0016622102884046
2023-09-17,2023-09-17,1.1126365097843949,26514.2,-0.0012317822419943
2023-09-18,2023-09-18,1.1959166374608794,26749.9,0.0088895761516469
2023-09-19,2023-09-19,1.079365294106038,27196.0,0.0166766978568144
2023-09-20,2023-09-20,1.1344653682072734,27107.7,-0.003246801000147
2023-09-21,2023-09-21,1.0598520997203862,26552.6,-0.020477576481959
2023-09-22,2023-09-22,0.986277409899106,26566.7,0.0005310214442277
2023-09-23,2023-09-23,1.1850090670603814,26563.1,-0.0001355079855609
2023-09-24,2023-09-24,1.0947238748923906,26232.4,-0.0124496011384211
2023-09-25,2023-09-25,1.0678638141121837,26290.5,0.0022148183162806
2023-09-26,2023-09-26,0.9982257720766574,26208.8,-0.0031075863905213
2023-09-27,2023-09-27,1.154577770937126,26359.6,0.0057537926192727
2023-09-28,2023-09-28,1.0843467717424455,27011.8,0.024742408837767
2023-09-29,2023-09-29,1.1043158895106422,26890.9,-0.0044758216779332
2023-09-30,2023-09-30,1.0297892799195854,26950.9,0.0022312380768214
2023-10-01,2023-10-01,1.0563733619810405,27981.4,0.0382361999042704
2023-10-02,2023-10-02,1.2199340225123043,27477.6,-0.0180048174859014
2023-10-03,2023-10-03,1.2479624221818642,27412.0,-0.0023873991906133
2023-10-04,2023-10-04,1.0012722691838598,27759.8,0.0126878739238289
2023-10-05,2023-10-05,1.0802198222414947,27398.4,-0.0130188257840473
2023-10-06,2023-10-06,1.24221647805988,27916.3,0.0189025636533519
2023-10-07,2023-10-07,1.332258789910049,27943.0,0.0009564304725195
2023-10-08,2023-10-08,1.1275021316710003,27901.2,-0.0014959023726872
2023-10-09,2023-10-09,1.1801007830551664,27578.3,-0.0115729789399739
2023-10-10,2023-10-10,1.214286285608123,27381.2,-0.0071469234869443
2023-10-11,2023-10-11,1.1831178008915202,26864.5,-0.0188706119527267
2023-10-12,2023-10-12,1.2083321512367988,26744.0,-0.0044854733942563
2023-10-13,2023-10-13,1.0131110953293716,26849.8,0.0039560275201913
2023-10-14,2023-10-14,1.0629557220350403,26836.3,-0.0005027970413187
2023-10-15,2023-10-15,1.2119296798706694,27139.8,0.0113093086602846
2023-10-16,2023-10-16,1.073093571573272,28486.3,0.0496134827817449
2023-10-17,2023-10-17,1.2464351980019452,28381.9,-0.0036649196280316
2023-10-18,2023-10-18,1.116960925073695,28307.1,-0.0026354824729846
2023-10-19,2023-10-19,1.0807074723488754,28696.9,0.0137703968262381
2023-10-20,2023-10-20,1.0732820599414028,29653.0,0.0333171875707829
2023-10-21,2023-10-21,1.204328549973017,29895.4,0.0081745523218561
2023-10-22,2023-10-22,1.2262234443026774,29981.5,0.0028800417455527
2023-10-23,2023-10-23,1.3040195252182254,33074.0,0.1031469406133782
2023-10-24,2023-10-24,1.1871243466509782,33917.0,0.025488298965955
2023-10-25,2023-10-25,1.3592691227646925,34487.7,0.0168263702568032
2023-10-26,2023-10-26,1.39726001893379,34154.0,-0.0096759134416037
2023-10-27,2023-10-27,1.4084894144139837,33893.1,-0.0076389295543713
2023-10-28,2023-10-28,1.4564517076324073,34086.6,0.0057091266363951
2023-10-29,2023-10-29,1.249121301061158,34528.6,0.0129669723586394
2023-10-30,2023-10-30,1.4295085382037525,34483.8,-0.0012974751365533
2023-10-31,2023-10-31,1.4175389443480293,34651.4,0.0048602532203527
2023-11-01,2023-11-01,1.3712380281654044,35437.4,0.0226830661964596
2023-11-02,2023-11-02,1.3484342861395875,34940.1,-0.0140331965663396
2023-11-03,2023-11-03,1.266874535359794,34700.4,-0.0068603123631585
2023-11-04,2023-11-04,1.627380114431692,35069.7,0.0106425286163847
2023-11-05,2023-11-05,1.5794086774609235,35025.5,-0.0012603472513308
2023-11-06,2023-11-06,1.254465890215234,35057.4,0.0009107650140611
2023-11-07,2023-11-07,1.3264572016223517,35406.5,0.009957954668629
2023-11-08,2023-11-08,1.527903212633816,35626.7,0.0062191970400913
2023-11-09,2023-11-09,1.71620571825879,36719.5,0.0306736239954865
2023-11-10,2023-11-10,1.7030975895110665,37330.4,0.0166369367774616
2023-11-11,2023-11-11,1.685887245600846,37162.1,-0.0045083899449243
2023-11-12,2023-11-12,1.693418305729496,37085.5,-0.0020612398115283
2023-11-13,2023-11-13,1.2938594133806838,36486.2,-0.0161599546992761
2023-11-14,2023-11-14,1.4149955106544767,35559.0,-0.0254123476821372
2023-11-15,2023-11-15,1.5526927157206147,37885.6,0.0654292865378665
2023-11-16,2023-11-16,1.8495792125797803,36176.0,-0.0451253246616127
2023-11-17,2023-11-17,1.7290794247025691,36621.9,0.0123258513931889
2023-11-18,2023-11-18,1.8233308527690149,36580.9,-0.0011195486853494
2023-11-19,2023-11-19,1.8449701820254751,37375.9,0.021732652832489
2023-11-20,2023-11-20,1.8018532044511564,37462.5,0.0023170010621818
2023-11-21,2023-11-21,1.6504458551334082,35737.0,-0.0460593927260594
2023-11-22,2023-11-22,1.5045980194229425,37413.4,0.0469093656434507
2023-11-23,2023-11-23,1.214555469893677,37294.3,-0.0031833514195448
2023-11-24,2023-11-24,1.700303198546505,37706.3,0.0110472645953938
2023-11-25,2023-11-25,1.6076342159750237,37766.6,0.0015992022553259
2023-11-26,2023-11-26,1.4610421454366478,37437.9,-0.0087034575524403
2023-11-27,2023-11-27,1.307743369739606,37234.3,-0.0054383392230866
2023-11-28,2023-11-28,1.4540482698491792,37812.1,0.0155179498473181
2023-11-29,2023-11-29,1.3476392147677727,37837.1,0.0006611640189251
2023-11-30,2023-11-30,1.3298348118340335,37716.8,-0.0031794191415303
2023-12-01,2023-12-01,1.7156543315819148,38660.0,0.0250074237475077
2023-12-02,2023-12-02,1.2766579270671772,39435.0,0.0200465597516812
2023-12-03,2023-12-03,1.7850218669097186,39979.7,0.0138126030176237
2023-12-04,2023-12-04,1.775277957041857,41993.1,0.0503605579831765
2023-12-05,2023-12-05,1.7745162254184617,44081.7,0.0497367424648333
2023-12-06,2023-12-06,1.9102968019223785,43774.8,-0.0069620726968332
2023-12-07,2023-12-07,1.478949927356446,43296.0,-0.0109377998300392
2023-12-08,2023-12-08,1.648286211838165,44209.5,0.0210989467849223
2023-12-09,2023-12-09,1.8641172283024705,43734.3,-0.0107488209547721
2023-12-10,2023-12-10,1.6335473836469845,43810.0,0.0017309068625768
2023-12-11,2023-12-11,1.7682261518671134,41271.0,-0.0579548048390778
2023-12-12,2023-12-12,1.575363616380755,41515.0,0.00591214169756
2023-12-13,2023-12-13,1.7554777211075667,42875.0,0.0327592436468746
2023-12-14,2023-12-14,1.9857599993818889,43032.4,0.003671137026239
2023-12-15,2023-12-15,2.261687684306882,41968.0,-0.0247348509495171
2023-12-16,2023-12-16,2.3516307457723262,42287.4,0.007610560426992
2023-12-17,2023-12-17,2.2848398792950744,41396.5,-0.0210677412184244
2023-12-18,2023-12-18,2.1780812592061984,42671.7,0.0308045366154143
2023-12-19,2023-12-19,2.2437241687629665,42298.3,-0.008750530210889
2023-12-20,2023-12-20,2.084024988605107,43708.9,0.0333488579919287
2023-12-21,2023-12-21,2.075307326108501,43896.3,0.004287456330404
2023-12-22,2023-12-22,2.158791599255341,43999.2,0.0023441611251973
2023-12-23,2023-12-23,1.8769127598814868,43725.2,-0.0062273859524718
2023-12-24,2023-12-24,1.936017911451038,43008.4,-0.0163932926550363
2023-12-25,2023-12-25,1.5944086556960002,43611.9,0.0140321425581979
2023-12-26,2023-12-26,1.5679708251953544,42538.5,-0.0246125484099524
2023-12-27,2023-12-27,1.6227446423864895,43453.8,0.0215169787369089
2023-12-28,2023-12-28,1.4900002280485216,42600.1,-0.019646152925636
2023-12-29,2023-12-29,1.7170318058816594,42095.1,-0.0118544322665908
2023-12-30,2023-12-30,1.722326222591009,42174.2,0.0018790785625879
2023-12-31,2023-12-31,1.962005674650021,42314.0,0.0033148228063604
2024-01-01,2024-01-01,1.764525541497183,44230.2,0.0452852483811503
2024-01-02,2024-01-02,1.504585802924025,44979.8,0.0169476963703534
2024-01-03,2024-01-03,1.717041133523214,42849.5,-0.0473612599433523
2024-01-04,2024-01-04,1.7786421335378175,44143.8,0.0302057200200702
2024-01-05,2024-01-05,1.4690553790627945,44145.4,3.6245180523586384e-05
2024-01-06,2024-01-06,1.442754631134633,43956.7,-0.0042745110475838
2024-01-07,2024-01-07,1.2248653953190691,43916.9,-0.0009054364863603
2024-01-08,2024-01-08,1.3665662941389685,46972.7,0.0695814139886921
2024-01-09,2024-01-09,1.672776487451628,46114.0,-0.0182808312062111
2024-01-10,2024-01-10,1.4206695182633622,46662.9,0.0119031096846944
2024-01-11,2024-01-11,1.8605173098269017,46337.8,-0.0069669909071231
2024-01-12,2024-01-12,1.751778156297376,42788.9,-0.0765875807655952
2024-01-13,2024-01-13,1.6126457522905986,42846.4,0.0013438064544777
2024-01-14,2024-01-14,1.458734581626439,41734.9,-0.0259415026700026
2024-01-15,2024-01-15,1.1825920582264318,42515.0,0.018691790324165
2024-01-16,2024-01-16,1.296982228997917,43133.0,0.0145360461013759
2024-01-17,2024-01-17,1.2254914265948482,42783.4,-0.0081051631001785
2024-01-18,2024-01-18,1.4146626050569082,41323.1,-0.034132397144687
2024-01-19,2024-01-19,1.2470213325659418,41662.2,0.0082060639206642
2024-01-20,2024-01-20,1.333005192921653,41691.8,0.0007104761630447
2024-01-21,2024-01-21,1.3069054549667742,41580.0,-0.0026815824694544
2024-01-22,2024-01-22,1.4474185361818066,39567.0,-0.0484126984126984
2024-01-23,2024-01-23,1.36763042811701,39890.0,0.0081633684636186
2024-01-24,2024-01-24,1.3118033317136333,40078.7,0.0047305088994735
2024-01-25,2024-01-25,1.56899287807707,39953.3,-0.0031288439994309
2024-01-26,2024-01-26,1.3517989570989273,41806.4,0.0463816505770486
2024-01-27,2024-01-27,1.5421695548711731,42102.2,0.0070754716981131
2024-01-28,2024-01-28,1.4459368752102677,42021.2,-0.0019238899629948
2024-01-29,2024-01-29,1.4275060425567143,43287.7,0.0301395486087974
2024-01-30,2024-01-30,1.3446119823859783,42918.3,-0.0085336019238719
2024-01-31,2024-01-31,1.2133502005932622,42560.5,-0.00833677009574
2024-02-01,2024-02-01,1.395790416040362,43072.6,0.0120322834553165
2024-02-02,2024-02-02,1.7274750550034337,43182.0,0.0025398977540247
2024-02-03,2024-02-03,1.5581841587564098,42992.4,-0.00439071835487
2024-02-04,2024-02-04,1.4723784617692046,42570.3,-0.0098180143467216
2024-02-05,2024-02-05,1.4287250994087128,42692.9,0.0028799421192708
2024-02-06,2024-02-06,1.5350332705306446,43079.1,0.0090460006230543
2024-02-07,2024-02-07,1.48414332963538,44326.2,0.0289490727522161
2024-02-08,2024-02-08,1.3115337743442084,45269.1,0.021271843740271
2024-02-09,2024-02-09,1.62550971629131,47116.1,0.0408004577073544
2024-02-10,2024-02-10,1.4913922499735472,47732.6,0.0130846992853823
2024-02-11,2024-02-11,1.3507775292723094,48303.4,0.0119582842753172
2024-02-12,2024-02-12,1.8257923667839304,49943.6,0.0339562018408641
2024-02-13,2024-02-13,1.3950997921268675,49696.4,-0.0049495831297703
2024-02-14,2024-02-14,1.478273761390903,51823.2,0.0427958564403054
2024-02-15,2024-02-15,1.6677085690034406,51898.5,0.0014530171814941
2024-02-16,2024-02-16,1.4205492517162692,52148.6,0.0048190217443664
2024-02-17,2024-02-17,1.5608152830514683,51679.4,-0.0089973652216933
2024-02-18,2024-02-18,1.2626962168426406,52175.9,0.0096073096823878
2024-02-19,2024-02-19,1.4297106294018624,51813.8,-0.0069399857022111
2024-02-20,2024-02-20,1.474705875640079,52297.4,0.0093334208261119
2024-02-21,2024-02-21,1.430023534300897,51877.8,-0.0080233434166898
2024-02-22,2024-02-22,1.3945754612787378,51316.9,-0.0108119465358978
2024-02-23,2024-02-23,1.61928527835487,50771.9,-0.0106202829866963
2024-02-24,2024-02-24,1.3950128557606798,51602.1,0.0163515645465306
2024-02-25,2024-02-25,1.667762171529718,51764.9,0.0031549103621753
2024-02-26,2024-02-26,1.3909116618338822,54511.6,0.0530610510210585
2024-02-27,2024-02-27,1.4796878710358172,57074.5,0.0470156810660482
2024-02-28,2024-02-28,1.7938062645870974,62487.9,0.0948479618743922
2024-02-29,2024-02-29,1.714477002700435,61203.3,-0.0205575799474777
2024-03-01,2024-03-01,1.919704111234104,62430.6,0.0200528402880235
2024-03-02,2024-03-02,1.5702579086224762,62039.9,-0.0062581490487035
2024-03-03,2024-03-03,1.905241786140288,63178.5,0.0183527052751535
2024-03-04,2024-03-04,1.7520305015515667,68296.4,0.0810069881367869
2024-03-05,2024-03-05,2.276468089649908,63747.4,-0.0666067318335957
2024-03-06,2024-03-06,1.85377080088962,66128.1,0.0373458368498167
2024-03-07,2024-03-07,2.3379086424266764,66870.0,0.0112191337721785
2024-03-08,2024-03-08,2.025948777571031,68180.2,0.0195932406161207
2024-03-09,2024-03-09,2.135069178210049,68360.1,0.0026385959560109
2024-03-10,2024-03-10,1.8952355529462983,69001.8,0.0093870547292937
2024-03-11,2024-03-11,2.287718360058745,72153.8,0.0456799677689567
2024-03-12,2024-03-12,1.920855616785325,71503.2,-0.0090168501173881
2024-03-13,2024-03-13,2.1860346214482376,73127.6,0.0227178643753007
2024-03-14,2024-03-14,1.91055494126478,71455.5,-0.0228655117903501
2024-03-15,2024-03-15,1.6448078684568528,69552.2,-0.0266361581683706
2024-03-16,2024-03-16,1.8403781232993028,65351.0,-0.0604035530148578
2024-03-17,2024-03-17,1.8034755990954765,68447.9,0.047388716316506
2024-03-18,2024-03-18,1.824579123494236,67660.0,-0.0115109448208052
2024-03-19,2024-03-19,1.881789093417502,61974.1,-0.0840363582618977
2024-03-20,2024-03-20,1.7499830326394523,67876.4,0.0952381720751087
2024-03-21,2024-03-21,1.4909555936098242,65539.9,-0.0344228627328496
2024-03-22,2024-03-22,1.5998911110058245,63826.0,-0.0261504823779101
2024-03-23,2024-03-23,1.825472201377304,64020.3,0.0030442139566948
2024-03-24,2024-03-24,1.9888679844650987,67260.9,0.0506183195017828
2024-03-25,2024-03-25,1.6403468252673916,69920.5,0.0395415464259325
2024-03-26,2024-03-26,1.7107203611317552,70044.1,0.0017677219127438
2024-03-27,2024-03-27,1.713742498898206,69532.6,-0.0073025422555218
2024-03-28,2024-03-28,1.9212440158880195,70838.7,0.018783994845583
2024-03-29,2024-03-29,1.8050716832273368,69903.6,-0.0132004116394003
2024-03-30,2024-03-30,1.933623868516024,69642.1,-0.0037408659925954
2024-03-31,2024-03-31,1.7191083951801336,71363.0,0.0247106276232336
2024-04-01,2024-04-01,1.8487511665395324,69700.0,-0.0233033925143281
2024-04-02,2024-04-02,1.724203734202722,65505.3,-0.0601822094691534
2024-04-03,2024-04-03,1.653468346815466,65971.9,0.0071230877501513
2024-04-04,2024-04-04,1.6051985734218328,68489.9,0.0381677653667698
2024-04-05,2024-04-05,1.7366012150383423,67825.7,-0.0096977802566509
2024-04-06,2024-04-06,1.8218296812895376,68901.6,0.0158627187039721
2024-04-07,2024-04-07,2.034110672397265,69362.7,0.0066921522867391
2024-04-08,2024-04-08,1.95595472639089,71678.4,0.0333853785968538
2024-04-09,2024-04-09,1.807159847394857,69189.3,-0.0347259425433602
2024-04-10,2024-04-10,1.8764828776787004,70681.7,0.0215698092046023
2024-04-11,2024-04-11,1.7503509832868096,70055.7,-0.0088566064483451
2024-04-12,2024-04-12,1.8577705726173648,67136.4,-0.0416711274029094
2024-04-13,2024-04-13,1.9967914000528544,63939.7,-0.0476150046770454
2024-04-14,2024-04-14,1.7980677618371816,65615.9,0.026215324751289
2024-04-15,2024-04-15,1.7787085847748056,63392.7,-0.0338820316417209
2024-04-16,2024-04-16,1.866370639583434,63765.0,0.005872915966665
2024-04-17,2024-04-17,1.6017640679559622,61254.5,-0.039371128361954
2024-04-18,2024-04-18,1.6601772886770425,63445.0,0.0357606379939432
2024-04-19,2024-04-19,1.760899020753936,63787.4,0.0053968003782804
2024-04-20,2024-04-20,2.771049444816568,64897.2,0.017398420377692
2024-04-21,2024-04-21,1.3149921091708388,64912.6,0.0002372983734275
2024-04-22,2024-04-22,1.2451403139933588,66778.0,0.0287371018877691
2024-04-23,2024-04-23,1.642400016386658,66386.3,-0.0058657042738625
2024-04-24,2024-04-24,1.256441682490038,64250.0,-0.0321798322846732
2024-04-25,2024-04-25,0.9132306045511182,64478.8,0.0035610894941635
2024-04-26,2024-04-26,0.838351403800852,63748.8,-0.0113215506492055
2024-04-27,2024-04-27,0.8111406435738548,63421.0,-0.0051420575759857
2024-04-28,2024-04-28,0.8025918708586406,63088.3,-0.0052458964696235
2024-04-29,2024-04-29,0.7329226184710537,63842.4,0.0119530879735227
2024-04-30,2024-04-30,0.7727262462710451,60651.2,-0.0499855895141787
2024-05-01,2024-05-01,0.6748174595733657,58307.6,-0.038640620465877
2024-05-02,2024-05-02,0.7326319930658188,59036.7,0.0125043733578469
2024-05-03,2024-05-03,0.6822988687832416,62853.7,0.0646546978404958
2024-05-04,2024-05-04,0.7927642248445983,63864.2,0.0160770169457009
2024-05-05,2024-05-05,0.9146666495595012,63988.0,0.0019384882297124
2024-05-06,2024-05-06,0.692838620314214,63142.8,-0.0132087266362442
2024-05-07,2024-05-07,0.6815092003172383,62296.0,-0.0134108718650424
2024-05-08,2024-05-08,0.6839598397017097,61157.9,-0.0182692307692307
2024-05-09,2024-05-09,0.7703275670381659,63050.1,0.0309395842564901
2024-05-10,2024-05-10,0.775585483212114,60778.1,-0.0360348357893167
2024-05-11,2024-05-11,0.8374739488468781,60809.2,0.0005116974699768
2024-05-12,2024-05-12,0.6842790047754438,61455.8,0.0106332594410056
2024-05-13,2024-05-13,0.781019818287223,62912.1,0.0236967055997967
2024-05-14,2024-05-14,0.7128446060344259,61550.5,-0.0216428954048585
2024-05-15,2024-05-15,0.7606425634331996,66175.4,0.0751399257520246
2024-05-16,2024-05-16,0.7901798425445724,65217.7,-0.0144721452382606
2024-05-17,2024-05-17,0.8633104976890109,66980.0,0.027021805430121
2024-05-18,2024-05-18,0.7202080718965025,66884.9,-0.0014198268139744
2024-05-19,2024-05-19,0.8559204626736203,66239.4,-0.0096509077534689
2024-05-20,2024-05-20,0.8786403718202807,71466.5,0.0789122486012856
2024-05-21,2024-05-21,0.833315082664301,70168.8,-0.0181581580180923
2024-05-22,2024-05-22,0.8957012631132876,69219.1,-0.0135345053642074
2024-05-23,2024-05-23,0.9840058149787132,67999.9,-0.017613635542791
2024-05-24,2024-05-24,0.9119055017059186,68584.1,0.0085911891046899
2024-05-25,2024-05-25,0.9215465659116032,69314.4,0.0106482406272006
2024-05-26,2024-05-26,0.9618944841720104,68524.3,-0.0113987858222821
2024-05-27,2024-05-27,0.7205005434109913,69461.6,0.0136783593557321
2024-05-28,2024-05-28,0.7632446096114067,68440.5,-0.014700208460502
2024-05-29,2024-05-29,0.8124039617879499,67686.7,-0.0110139464206135
2024-05-30,2024-05-30,0.7360331862975611,68402.5,0.010575194240523
2024-05-31,2024-05-31,0.924391097612669,67577.9,-0.0120551149446292
2024-06-01,2024-06-01,0.8394565388371559,67799.2,0.0032747392268774
2024-06-02,2024-06-02,0.8194892245230857,67805.9,9.882122502924418e-05
2024-06-03,2024-06-03,0.9408881965928962,68851.4,0.0154190122098518
2024-06-04,2024-06-04,0.8068548377827485,70580.0,0.0251062433007898
2024-06-05,2024-06-05,0.7995747764946854,71133.3,0.0078393312553131
2024-06-06,2024-06-06,0.8722194672180029,70830.0,-0.0042638258031049
2024-06-07,2024-06-07,1.3599349844167004,69377.0,-0.0205139065367782
2024-06-08,2024-06-08,1.22312172586985,69346.5,-0.000439626965709
2024-06-09,2024-06-09,0.9742980638049452,69667.1,0.004623160505577
2024-06-10,2024-06-10,0.884037626379977,69558.7,-0.0015559711829544
2024-06-11,2024-06-11,0.7346898980656569,67320.7,-0.032174264326389
2024-06-12,2024-06-12,0.8691483398740664,68270.3,0.014105616845933
2024-06-13,2024-06-13,0.8714460746794156,66786.9,-0.0217283357477557
2024-06-14,2024-06-14,0.7625391909364083,66039.7,-0.0111878227616493
2024-06-15,2024-06-15,0.7777404135031787,66213.7,0.0026347787770084
2024-06-16,2024-06-16,0.9184324393632456,66653.6,0.0066436402134302
2024-06-17,2024-06-17,0.7781479066232148,66472.1,-0.002723033714608
2024-06-18,2024-06-18,0.8448453697511846,65150.0,-0.0198895476448014
2024-06-19,2024-06-19,0.7589319584224855,64933.6,-0.003321565617805
2024-06-20,2024-06-20,0.7391131133304418,64854.0,-0.0012258676555743
2024-06-21,2024-06-21,0.7544377952846035,64124.0,-0.0112560520553859
2024-06-22,2024-06-22,0.8047949430263273,64240.0,0.0018089950720479
2024-06-23,2024-06-23,0.5915059876898886,63194.9,-0.0162686799501867
2024-06-24,2024-06-24,0.7685487664520507,60273.6,-0.0462268315955877
2024-06-25,2024-06-25,0.634686920137178,61777.8,0.0249561997292346
2024-06-26,2024-06-26,0.6200657314437931,60860.1,-0.0148548507716365
2024-06-27,2024-06-27,0.657579833504291,61682.0,0.0135047428446553
2024-06-28,2024-06-28,0.6799252254470121,60429.8,-0.0203008981550533
2024-06-29,2024-06-29,0.780045881454246,60982.4,0.0091444949346182
2024-06-30,2024-06-30,0.6082671507269957,62766.0,0.0292477829668886
2024-07-01,2024-07-01,0.732305331664669,62883.6,0.0018736258483891
2024-07-02,2024-07-02,0.7579038947119648,62123.6,-0.0120858220585335
2024-07-03,2024-07-03,0.7193251131955328,60208.0,-0.0308353025259321
2024-07-04,2024-07-04,0.671261567437994,57045.9,-0.052519598724422
2024-07-05,2024-07-05,0.5491953846302159,56604.9,-0.0077306169242662
2024-07-06,2024-07-06,0.7676197809497378,58216.0,0.0284622002688812
2024-07-07,2024-07-07,0.6577117181244249,55830.9,-0.0409698364710732
2024-07-08,2024-07-08,0.7280450830756431,56686.4,0.0153230558704946
2024-07-09,2024-07-09,0.7187657281141089,58023.2,0.0235823760196447
2024-07-10,2024-07-10,0.6439223637131324,57707.0,-0.0054495443202029
2024-07-11,2024-07-11,0.6601075713206491,57315.5,-0.0067842722719947
2024-07-12,2024-07-12,0.6995377246304739,57870.0,0.0096745208538702
2024-07-13,2024-07-13,0.7410973144677753,59174.0,0.022533264212891
2024-07-14,2024-07-14,0.8136032466855223,60766.0,0.0269037077094669
2024-07-15,2024-07-15,0.7821231054217405,64680.6,0.0644208932626797
2024-07-16,2024-07-16,0.7653592590160729,65010.0,0.0050927171362047
2024-07-17,2024-07-17,0.8405591106583863,64055.7,-0.0146792801107522
2024-07-18,2024-07-18,0.6718022158233309,63959.9,-0.0014955733837893
2024-07-19,2024-07-19,0.7777303294384981,66627.9,0.0417136362001815
2024-07-20,2024-07-20,0.8869997627373882,67095.6,0.0070195818868674
2024-07-21,2024-07-21,0.9121543147555048,68138.0,0.0155360411114886
2024-07-22,2024-07-22,0.9764465198735736,67499.2,-0.0093750917256156
2024-07-23,2024-07-23,0.9058243514575278,65916.4,-0.0234491668049399
2024-07-24,2024-07-24,0.7453399472674,65350.8,-0.0085805656862327
2024-07-25,2024-07-25,0.847183752417296,65773.0,0.0064605176983296
2024-07-26,2024-07-26,0.8641612119663387,67882.5,0.0320724309367066
2024-07-27,2024-07-27,0.8444226392005941,67873.8,-0.000128162633963
2024-07-28,2024-07-28,0.8031408964798299,68215.5,0.0050343431486081
2024-07-29,2024-07-29,0.977817976315589,66750.0,-0.0214833872067198
2024-07-30,2024-07-30,0.798192668928383,66159.3,-0.0088494382022471
2024-07-31,2024-07-31,0.7486841756659145,64601.8,-0.023541663832598
2024-08-01,2024-08-01,0.7197994098369347,65328.9,0.0112551043469377
2024-08-02,2024-08-02,0.6368667949102317,61483.7,-0.0588590960509055
2024-08-03,2024-08-03,0.6617421096839894,60684.6,-0.0129969406525631
2024-08-04,2024-08-04,0.6848254193501837,58144.5,-0.0418574069862864
2024-08-05,2024-08-05,0.6618532424028682,54003.1,-0.0712259972998305
2024-08-06,2024-08-06,0.6262023483157598,55991.2,0.0368145532386103
2024-08-07,2024-08-07,0.5495277889882745,55102.9,-0.0158649930703395
2024-08-08,2024-08-08,0.6044158356181701,61659.8,0.1189937371717277
2024-08-09,2024-08-09,0.6283653447451653,60808.6,-0.0138047804241986
2024-08-10,2024-08-10,0.6264264070429761,60889.9,0.0013369819400546
2024-08-11,2024-08-11,0.7749807379005742,58693.1,-0.0360782330074446
2024-08-12,2024-08-12,0.6479171093800942,59323.6,0.010742318943794
2024-08-13,2024-08-13,0.7123634568717407,60550.5,0.0206814825802885
2024-08-14,2024-08-14,0.6373970882508854,58648.1,-0.031418402820786
2024-08-15,2024-08-15,0.7491799109515729,57511.0,-0.0193885223903246
2024-08-16,2024-08-16,0.6669041233408642,58854.9,0.0233677035697519
2024-08-17,2024-08-17,0.7057474506535506,59468.5,0.0104256400061846
2024-08-18,2024-08-18,0.738139029998983,58390.0,-0.0181356516475108
2024-08-19,2024-08-19,0.6130725298186362,59398.5,0.0172717931152595
2024-08-20,2024-08-20,0.7203259699367686,58982.9,-0.0069968096837461
2024-08-21,2024-08-21,0.7053998733394186,61120.0,0.0362325351924031
2024-08-22,2024-08-22,0.915389557015636,60349.9,-0.0125998036649214
2024-08-23,2024-08-23,0.8097839659362994,64019.9,0.0608120311715512
2024-08-24,2024-08-24,0.7813460760755586,64116.5,0.0015089058245951
2024-08-25,2024-08-25,0.6802870042199741,64190.2,0.001149470105199
2024-08-26,2024-08-26,0.6826612452774745,62807.6,-0.021539113447224
2024-08-27,2024-08-27,0.7015810825828251,59384.5,-0.0545013660767168
2024-08-28,2024-08-28,0.7589662547661293,59010.0,-0.006306359403548
2024-08-29,2024-08-29,0.628795320685249,59323.2,0.0053075749872901
2024-08-30,2024-08-30,0.668825310578367,59096.3,-0.0038248105294386
2024-08-31,2024-08-31,0.6894155716768223,58941.9,-0.0026126847196863
2024-09-01,2024-09-01,0.6568508553822964,57268.1,-0.0283974557996943
2024-09-02,2024-09-02,0.7719728260903563,59112.1,0.0321994269060785
2024-09-03,2024-09-03,0.6957097965097101,57451.9,-0.0280856203721403
2024-09-04,2024-09-04,0.687193270212869,57944.8,0.0085793507264337
2024-09-05,2024-09-05,0.7043433007532448,56145.7,-0.0310485151385457
2024-09-06,2024-09-06,0.6371605388082189,53927.7,-0.0395043609751057
2024-09-07,2024-09-07,0.6789783302172802,54134.9,0.0038421812908766
2024-09-08,2024-09-08,0.7182429080412062,54839.6,0.0130174804054314
2024-09-09,2024-09-09,0.6404335956182704,57010.0,0.0395772398048126
2024-09-10,2024-09-10,0.6211171348823781,57609.1,0.0105086826872478
2024-09-11,2024-09-11,0.4891576541593606,57306.0,-0.0052613215620448
2024-09-12,2024-09-12,0.7009691947439121,58097.0,0.0138030921718492
2024-09-13,2024-09-13,0.5754330351031722,60456.2,0.0406079487753239
2024-09-14,2024-09-14,0.6628729778256991,59964.0,-0.008141431317218
2024-09-15,2024-09-15,0.7178754153683999,59100.5,-0.014400306850777
2024-09-16,2024-09-16,0.579899838338926,58187.0,-0.0154567220243483
2024-09-17,2024-09-17,0.7078422597949804,60281.0,0.0359874198704177
2024-09-18,2024-09-18,0.6593283420418252,61735.3,0.0241253462948525
2024-09-19,2024-09-19,0.6136098076994051,62926.9,0.0193017609050252
2024-09-20,2024-09-20,0.7320712607757751,63175.7,0.0039537940054252
2024-09-21,2024-09-21,0.6752003802270133,63320.6,0.0022936033949763
2024-09-22,2024-09-22,0.6772625613591399,63558.4,0.0037554918936333
2024-09-23,2024-09-23,0.7366776079419608,63302.0,-0.0040340851877957
2024-09-24,2024-09-24,0.7302788476891363,64243.1,0.0148668288521689
2024-09-25,2024-09-25,0.7271467939199128,63118.4,-0.0175069384883356
2024-09-26,2024-09-26,0.6656437788394844,65139.2,0.0320160206849349
2024-09-27,2024-09-27,0.7197506615554454,65749.6,0.0093707015130675
2024-09-28,2024-09-28,0.6785999904427943,65822.6,0.0011102729142078
2024-09-29,2024-09-29,0.8065636237242615,65568.1,-0.003866453163503
2024-09-30,2024-09-30,0.6955670586591287,63309.1,-0.0344527292997662
2024-10-01,2024-10-01,0.7802853796155412,60776.8,-0.0399989890868768
2024-10-02,2024-10-02,0.7507773705743965,60622.6,-0.0025371523344435
2024-10-03,2024-10-03,0.759522010247575,60727.2,0.0017254291303903
2024-10-04,2024-10-04,0.821509831489239,62054.4,0.0218551159941509
2024-10-05,2024-10-05,0.7482871726720908,62023.1,-0.0005043961427393
2024-10-06,2024-10-06,0.7517052677216317,62789.3,0.0123534618553411
2024-10-07,2024-10-07,0.7852369777877317,62190.7,-0.0095334714672723
2024-10-08,2024-10-08,0.83698957462243,62131.7,-0.0009486949013276
2024-10-09,2024-10-09,0.634553670819029,60606.4,-0.0245494650878697
2024-10-10,2024-10-10,0.7661907096998349,60293.2,-0.0051677710604821
2024-10-11,2024-10-11,0.7406055156607875,62509.0,0.0367504129818951
2024-10-12,2024-10-12,0.7699950512761417,63176.0,0.0106704634532628
2024-10-13,2024-10-13,0.7114215547174829,62839.8,-0.0053216411295428
2024-10-14,2024-10-14,0.7436259596317302,66064.9,0.0513225694543901
2024-10-15,2024-10-15,0.8432976504482387,67044.1,0.0148217888773012
2024-10-16,2024-10-16,0.8246627394103027,67592.0,0.0081722329034172
2024-10-17,2024-10-17,0.9220431752741312,67401.5,-0.0028183808734761
2024-10-18,2024-10-18,0.761430440249972,68407.8,0.0149299347937361
2024-10-19,2024-10-19,0.9418463122599952,68357.1,-0.0007411435538052
2024-10-20,2024-10-20,0.9402619688751784,69020.1,0.0096990656420474
2024-10-21,2024-10-21,0.932748596225337,67368.8,-0.023924914626319
2024-10-22,2024-10-22,0.7617733949524605,67406.4,0.0005581218605643
2024-10-23,2024-10-23,0.8174125277817514,66647.2,-0.0112630254693916
2024-10-24,2024-10-24,0.8474117787340981,68173.8,0.0229056884610308
2024-10-25,2024-10-25,0.8607520258801582,66662.8,-0.0221639398126552
2024-10-26,2024-10-26,0.7735348669536625,67071.8,0.0061353558506394
2024-10-27,2024-10-27,0.8484903383439901,67992.6,0.0137285714711696
2024-10-28,2024-10-28,0.9040392498569672,69940.0,0.0286413521471453
2024-10-29,2024-10-29,0.8892508514038625,72739.5,0.0400271661424078
2024-10-30,2024-10-30,0.959630173116234,72349.0,-0.0053684724255734
2024-10-31,2024-10-31,0.9894269587030772,70321.9,-0.0280183554713956
2024-11-01,2024-11-01,0.8319641000753305,69495.5,-0.0117516733762881
2024-11-02,2024-11-02,0.7693667205204973,69366.6,-0.0018547963537206
2024-11-03,2024-11-03,0.7086593526869199,68762.5,-0.0087088022189354
2024-11-04,2024-11-04,0.7725670517659158,67834.3,-0.0134986366115251
2024-11-05,2024-11-05,0.7527646600949236,69353.1,0.0223898529210149
2024-11-06,2024-11-06,0.8921391373197185,75579.9,0.0897840183063192
2024-11-07,2024-11-07,0.9217440555515992,75859.4,0.0036980731649551
2024-11-08,2024-11-08,0.8522522451302742,76482.2,0.0082099252037322
2024-11-09,2024-11-09,0.8471162923369326,76675.1,0.0025221554819292
2024-11-10,2024-11-10,0.927607469990978,80410.0,0.0487107287763561
2024-11-11,2024-11-11,0.911483170351373,88728.9,0.103456037806243
2024-11-12,2024-11-12,1.0377637255390546,87972.0,-0.008530478795522
2024-11-13,2024-11-13,1.0028391447301035,90413.3,0.0277508752784978
2024-11-14,2024-11-14,0.9380644450652924,87382.7,-0.0335194047778369
2024-11-15,2024-11-15,1.1267343881025194,91074.6,0.0422497817073632
2024-11-16,2024-11-16,1.1472384384846304,90643.3,-0.004735678224225
2024-11-17,2024-11-17,1.0698422165009975,89899.9,-0.0082013783699402
2024-11-18,2024-11-18,1.1378776182520718,90507.4,0.0067575158593058
2024-11-19,2024-11-19,1.3002990195766644,92335.9,0.0202027679504659
2024-11-20,2024-11-20,1.1107228652146506,94288.0,0.021141289574261
2024-11-21,2024-11-21,1.1366068183265898,98366.8,0.0432589512981502
2024-11-22,2024-11-22,1.135199527419541,98921.4,0.005638081141198
2024-11-23,2024-11-23,1.0805961565235054,97725.5,-0.0120893962277119
2024-11-24,2024-11-24,1.0292551300780144,97960.4,0.0024036715084598
2024-11-25,2024-11-25,1.2883775633086243,93064.0,-0.049983462705338
2024-11-26,2024-11-26,1.037155865453414,92021.4,-0.0112030430671367
2024-11-27,2024-11-27,0.989391376537075,95905.2,0.0422054000482496
2024-11-28,2024-11-28,1.0761603817528316,95694.4,-0.0021980038621471
2024-11-29,2024-11-29,0.9332173038104524,97516.3,0.019038731629019
2024-11-30,2024-11-30,1.2452024909734838,96475.1,-0.0106771893519339
2024-12-01,2024-12-01,1.2252947313269091,97265.1,0.0081886414214651
2024-12-02,2024-12-02,0.9842534356325214,95890.5,-0.0141325100164396
2024-12-03,2024-12-03,1.1901304322630224,95913.3,0.0002377712077838
2024-12-04,2024-12-04,1.1191139567350592,98669.8,0.0287394970249172
2024-12-05,2024-12-05,1.2416259500232636,97001.5,-0.0169079090055924
2024-12-06,2024-12-06,1.0688510664808144,99802.5,0.0288758421261527
2024-12-07,2024-12-07,1.1352721547090652,99899.2,0.0009689136043686
2024-12-08,2024-12-08,1.1583397881679982,101200.0,0.0130211252942966
2024-12-09,2024-12-09,1.3029476312209445,97349.1,-0.0380523715415018
2024-12-10,2024-12-10,1.1837562075191117,96602.4,-0.0076703328536166
2024-12-11,2024-12-11,1.1252152241499518,101115.3,0.0467162306526547
2024-12-12,2024-12-12,1.1941542344272922,99982.4,-0.0112040413270791
2024-12-13,2024-12-13,1.3467793446983622,101371.9,0.0138974459504872
2024-12-14,2024-12-14,1.2697872014448206,101381.0,8.976846640940117e-05
2024-12-15,2024-12-15,1.1049140823710664,104460.4,0.0303745277714757
2024-12-16,2024-12-16,1.2318911842113305,106023.2,0.0149606932387775
2024-12-17,2024-12-17,1.1512834177186153,106074.6,0.0004847995533054
2024-12-18,2024-12-18,1.189312669850244,100181.1,-0.0555599549750835
2024-12-19,2024-12-19,1.1758743488126409,97434.4,-0.0274173471842494
2024-12-20,2024-12-20,1.1598725715792115,97764.4,0.0033868941564785
2024-12-21,2024-12-21,1.1203149338207874,97261.8,-0.0051409306455109
2024-12-22,2024-12-22,1.172913589071282,95153.5,-0.0216765472158648
2024-12-23,2024-12-23,1.0349800137783096,94861.1,-0.0030729295296546
2024-12-24,2024-12-24,1.00231197284224,98627.2,0.0397012052358658
2024-12-25,2024-12-25,1.161091981843339,99379.7,0.0076297410856234
2024-12-26,2024-12-26,0.9985877837014048,95751.0,-0.0365134931983091
2024-12-27,2024-12-27,1.1838300991118336,94258.9,-0.015583127069169
2024-12-28,2024-12-28,1.0611406804193828,95259.1,0.0106111995790318
2024-12-29,2024-12-29,1.1654335903346735,93700.0,-0.0163669402713232
