o,h,c,l,t,close,low,open,high,volume
0.00361119,0.00719187,0.00643187,-0.00045366,1682208000,27576.0,27279.7,27807.2,27807.3,332082.355
0.00643187,0.00719464,0.00396581,0.00087527,1682294400,27497.5,26919.3,27575.9,28000.0,581268.268
0.00396581,0.01000517,0.00451435,0.00388728,1682380800,28286.7,27176.6,27497.4,28379.9,508254.515
0.00451435,0.011725,0.001335,-0.00594178,1682467200,28395.9,27200.0,28286.7,30048.2,1284924.668
0.001335,0.007383,0.006673,-0.001618,1682553600,29459.0,28365.3,28396.0,29898.0,952584.739
0.006673,0.010006,-0.000404,-0.000404,1682640000,29300.0,28870.0,29459.0,29591.1,508350.155
-0.000404,0.007602,0.002456,-0.006887,1682726400,29212.7,29000.4,29300.0,29443.9,218013.244
0.002456,0.008414,0.002533,0.000008,1682812800,29223.0,29067.4,29212.7,29950.0,417798.846
0.002533,0.010096,0.004048,-0.003352,1682899200,28054.4,27650.0,29223.0,29325.5,624974.488
0.004048,0.009093,0.002537,-0.003829,1682985600,28656.5,27854.0,28054.5,28888.0,513546.269
0.002537,0.010101,0.010002,0.002537,1683072000,29018.4,28080.0,28656.4,29258.4,676466.23
0.010002,0.012066,0.002508,0.002095,1683158400,28826.0,28660.0,29018.4,29380.0,426425.584
0.002508,0.010841,0.007938,-0.000414,1683244800,29491.5,28618.3,28826.0,29693.0,578485.177
0.007938,0.010361,-0.000231,-0.000678,1683331200,28837.8,28333.0,29491.5,29840.0,475628.901
-0.000231,0.007281,0.001835,-0.002062,1683417600,28419.4,28370.0,28837.9,29137.0,308410.643
0.001835,0.005841,0.002151,-0.008572,1683504000,27659.8,27250.0,28419.5,28624.6,658188.777
0.002151,0.009053,0.005392,-0.000272,1683590400,27610.2,27316.8,27659.8,27815.6,367664.686
0.005392,0.007031,-0.00066,-0.007757,1683676800,27582.9,26666.6,27610.2,28297.0,722502.676
-0.00066,0.008063,0.003436,-0.001834,1683763200,26956.4,26688.8,27583.0,27630.0,538822.363
0.003436,0.008349,0.002158,-0.000706,1683849600,26785.1,25751.0,26956.4,27090.0,615645.508
0.002158,0.00795,0.001454,-0.002749,1683936000,26762.7,26674.9,26785.2,27051.5,242694.929
0.001454,0.006619,0.003181,0.000326,1684022400,26901.9,26557.0,26762.8,27200.0,247579.427
0.003181,0.00748,0.007296,-0.003901,1684108800,27152.5,26694.4,26901.9,27650.0,450263.076
0.007296,0.011157,0.008656,0.000402,1684195200,27024.8,26832.0,27152.5,27284.7,373172.951
0.008656,0.011219,0.007553,0.00286,1684281600,27395.8,26527.5,27024.7,27500.0,490065.218
0.007553,0.011203,0.003418,0.00244,1684368000,26809.3,26335.3,27395.7,27482.7,544971.979
0.003418,0.007268,0.005446,0.00041,1684454400,26870.1,26611.2,26809.4,27180.0,324097.956
0.005446,0.006966,0.002678,-0.005519,1684540800,27089.5,26813.5,26870.1,27144.4,137515.354
0.002678,0.009135,0.003987,-0.001134,1684627200,26732.8,26642.0,27089.6,27288.0,238776.425
0.003987,0.008991,0.008738,0.00051,1684713600,26840.2,26500.0,26732.8,27097.8,328030.52
0.008738,0.011176,0.011175,0.006858,1684800000,27209.9,26782.6,26840.2,27527.5,369176.618
0.011175,0.011175,0.006308,-0.00073,1684886400,26313.8,26060.0,27209.9,27212.9,535191.677
0.006308,0.013065,0.007332,0.001712,1684972800,26461.8,25850.0,26313.9,26644.0,394535.225
0.007332,0.010144,0.003182,0.001409,1685059200,26689.9,26313.9,26461.7,26925.0,324475.546
0.003182,0.009641,0.0068,0.001762,1685145600,26841.6,26528.6,26689.8,26890.0,163681.935
0.0068,0.0068,0.0068,0.0068,1685232000,28055.7,26746.0,26841.6,28252.8,440115.394
0.009104,0.011684,0.007002,0.005154,1685318400,27722.0,27513.5,28055.8,28442.0,411290.549
0.007002,0.009303,0.006008,0.00269,1685404800,27680.1,27530.0,27722.1,28038.6,334379.313
0.006008,0.011652,0.002458,-0.002783,1685491200,27201.1,26826.0,27680.0,27825.0,471381.89
0.002458,0.013021,0.006079,0.001353,1685577600,26805.3,26600.0,27201.1,27347.9,404787.572
0.006079,0.013321,0.00892,0.004619,1685664000,27227.8,26477.6,26805.3,27290.0,391110.093
0.00892,0.011488,0.004153,0.001866,1685750400,27054.9,26900.0,27227.8,27340.2,182464.1
0.004153,0.013326,0.008256,0.004153,1685836800,27102.4,26935.3,27054.9,27460.0,218271.544
0.008256,0.010528,-0.004721,-0.015845,1685923200,25714.7,25360.1,27102.4,27125.0,700502.548
-0.004721,0.009466,0.009207,-0.004808,1686009600,27221.5,25321.6,25714.6,27358.1,731445.649
0.009207,0.011903,0.005924,0.003788,1686096000,26325.9,26111.0,27221.5,27394.4,660044.537
0.005924,0.009896,0.006657,0.002571,1686182400,26485.9,26195.4,26325.9,26800.0,333104.839
0.006657,0.010204,0.009137,0.003287,1686268800,26468.1,26236.0,26486.0,26775.0,283719.198
0.009137,0.011154,0.00311,-0.001312,1686355200,25826.6,25300.0,26468.2,26525.0,608917.569
0.00311,0.009972,0.007848,0.000491,1686441600,25909.9,25621.3,25826.6,26199.0,279365.563
0.007848,0.009363,0.008776,0.002598,1686528000,25894.8,25600.0,25910.0,26097.7,298900.468
0.008776,0.010327,0.00374,0.002661,1686614400,25918.0,25708.0,25894.8,26430.5,434536.754
0.00374,0.008921,-0.000767,-0.000791,1686700800,25115.9,24796.8,25918.0,26099.3,464681.602
-0.000767,0.011381,0.006334,-0.006337,1686787200,25586.1,24777.0,25115.9,25750.0,473971.375
0.006334,0.007055,0.006365,-0.000049,1686873600,26336.0,25142.1,25586.0,26526.9,533144.956
0.006365,0.011975,0.003798,0.002315,1686960000,26508.9,26170.8,26335.9,26900.0,305738.396
0.003798,0.008644,0.006623,0.001793,1687046400,26329.7,26230.9,26508.8,26709.4,241977.484
0.006623,0.01097,0.005606,0.000974,1687132800,26828.5,26241.2,26329.6,27077.0,400533.758
0.005606,0.006513,0.000849,-0.005809,1687219200,28290.6,26633.9,26828.6,28397.8,758176.297
0.000849,0.015145,0.014298,-0.003999,1687305600,29988.5,28236.4,28290.7,30822.0,1123474.427
0.014298,0.014298,0.008302,0.005512,1687392000,29875.0,29500.1,29988.5,30488.0,561051.742
0.008302,0.01198,0.007633,0.007198,1687478400,30673.4,29792.0,29875.0,31500.0,699073.071
0.007633,0.013142,0.009865,0.005191,1687564800,30524.2,30222.0,30673.5,30796.5,279539.288
0.009865,0.013829,0.010841,0.008356,1687651200,30458.0,30252.6,30524.2,31053.2,301533.154
0.010841,0.01264,0.007976,0.005007,1687737600,30260.1,29890.1,30458.0,30667.3,415099.356
0.007976,0.012319,0.006221,0.000958,1687824000,30683.2,30213.0,30260.1,30998.5,406073.348
0.006221,0.010334,0.006018,0.002955,1687910400,30066.3,29804.6,30683.2,30701.8,416656.434
0.006018,0.011919,0.010016,0.002713,1687996800,30439.9,30036.1,30066.3,30837.0,382072.846
0.010016,0.011284,0.010029,0.00336,1688083200,30460.2,29500.0,30439.9,31300.0,809331.305
0.010029,0.011572,0.009005,0.008199,1688169600,30573.6,30311.3,30460.2,30668.2,135520.246
0.009005,0.012471,0.009135,0.008157,1688256000,30612.7,30149.9,30573.6,30800.0,231866.188
0.009135,0.012104,0.009416,0.006627,1688342400,31149.0,30559.4,30612.7,31395.2,370293.236
0.009416,0.010833,0.008861,0.006746,1688428800,30756.1,30600.0,31149.0,31319.4,300832.26
0.008861,0.011483,0.00694,0.006315,1688515200,30488.4,30175.8,30756.1,30875.2,294896.578
0.00694,0.011596,0.001129,-0.003217,1688601600,29874.4,29818.0,30488.4,31568.0,721267.219
0.001129,0.007403,0.000008,-0.00377,1688688000,30327.9,29680.0,29874.3,30443.6,337801.654
0.000008,0.006485,0.002604,0.000008,1688774400,30269.3,30026.8,30328.0,30380.0,138734.493
0.002604,0.009944,0.000464,-0.000503,1688860800,30147.8,30042.0,30269.2,30443.4,162296.263
0.000464,0.008763,0.006355,-0.000623,1688947200,30396.9,29928.8,30147.8,31040.0,429115.537
0.006355,0.009184,0.006722,0.000547,1689033600,30608.4,30261.4,30396.9,30804.9,298904.747
0.006722,0.00967,0.001653,0.000867,1689120000,30368.9,30186.0,30608.3,30980.5,425058.257
0.001653,0.012592,0.011915,-0.002958,1689206400,31441.7,30233.0,30368.9,31850.0,696023.51
0.011915,0.014892,-0.007305,-0.007325,1689292800,30293.3,29876.6,31441.6,31640.0,538692.246
-0.007305,0.004303,0.002773,-0.009317,1689379200,30276.4,30220.2,30293.3,30380.0,111622.474
0.002773,0.009289,0.002766,0.001008,1689465600,30216.8,30050.0,30276.5,30441.6,173805.94
0.002766,0.007752,0.003446,-0.001339,1689552000,30126.1,29630.0,30216.9,30329.7,344113.427
0.003446,0.009757,0.00776,0.002963,1689638400,29845.6,29400.0,30126.0,30227.5,337396.417
0.00776,0.00937,0.002245,0.002077,1689724800,29895.5,29745.0,29845.7,30178.5,298418.854
0.002245,0.009106,0.004264,-0.004821,1689811200,29791.0,29468.8,29895.5,30420.0,410263.764
0.004264,0.005895,0.000873,0.000642,1689897600,29891.4,29705.9,29791.0,30056.2,221145.074
0.000873,0.005032,0.003305,-0.0008,1689984000,29783.5,29602.2,29891.5,29986.0,143375.956
0.003305,0.01097,0.007127,0.000135,1690070400,30070.8,29718.9,29783.5,30368.2,224713.846
0.007127,0.014399,0.006783,0.002004,1690156800,29163.8,28830.0,30070.9,30091.7,434182.417
0.006783,0.008387,0.005552,0.003334,1690243200,29216.3,29033.0,29163.8,29379.5,196438.618
0.005552,0.010234,0.001646,0.001596,1690329600,29336.0,29083.0,29216.2,29670.5,318527.582
0.001646,0.007526,0.004201,0.000014,1690416000,29209.7,29065.5,29336.0,29558.4,223376.534
0.004201,0.011406,0.007867,0.003296,1690502400,29299.9,29112.8,29209.8,29535.7,221299.867
0.007867,0.010628,0.006525,0.001977,1690588800,29339.1,29237.5,29300.0,29397.9,87100.719
0.006525,0.009871,0.000916,-0.000003,1690675200,29271.1,29006.0,29339.1,29442.5,169901.253
0.000916,0.010631,0.006174,0.000916,1690761600,29220.8,29100.0,29271.2,29525.8,230381.722
0.006174,0.012793,0.008983,0.002264,1690848000,29701.2,28550.0,29220.8,29735.0,442328.643
0.008983,0.012242,0.009717,0.006849,1690934400,29170.1,28906.3,29701.2,30059.9,491725.492
0.009717,0.01476,0.00911,0.004814,1691020800,29180.2,28955.4,29170.2,29440.0,251967.942
0.00911,0.01106,0.005417,0.002355,1691107200,29101.1,28780.0,29180.1,29323.8,229395.673
0.005417,0.01326,0.009964,0.005417,1691193600,29057.7,28960.0,29101.1,29145.0,82508.624
0.009964,0.011426,0.01048,0.006362,1691280000,29075.9,28978.5,29057.7,29199.0,103094.44
0.01048,0.012067,0.009981,0.006756,1691366400,29202.7,28682.3,29075.9,29274.5,297752.439
0.009981,0.009981,0.005201,-0.000317,1691452800,29759.0,29132.4,29202.7,30250.0,459269.801
0.005201,0.010858,0.010211,0.003401,1691539200,29572.8,29362.0,29758.9,30149.7,362009.701
0.010211,0.012575,0.008485,0.005027,1691625600,29443.7,29303.7,29572.9,29729.8,234546.038
0.008485,0.011707,0.010452,0.005364,1691712000,29415.5,29220.0,29443.7,29565.1,179044.008
0.010452,0.011773,0.009435,0.008194,1691798400,29420.7,29360.0,29415.5,29470.0,56238.035
0.009435,0.012227,0.011415,0.005883,1691884800,29293.3,29256.6,29420.8,29463.0,84190.505
0.011415,0.0149,0.009488,0.007649,1691971200,29419.5,29070.0,29293.3,29686.7,295035.383
0.009488,0.012234,0.011166,0.008034,1692057600,29188.8,29050.0,29419.5,29492.1,191289.959
0.011166,0.01242,0.011675,0.008046,1692144000,28714.4,28705.1,29188.9,29257.4,272023.138
0.011675,0.013206,-0.015251,-0.017912,1692230400,26609.7,24581.0,28714.4,28775.9,868508.22
-0.015251,0.005694,-0.000479,-0.015251,1692316800,26042.1,25600.0,26609.7,26818.0,522375.316
-0.000479,0.004796,-0.002317,-0.008126,1692403200,26088.3,25783.4,26042.0,26269.4,202219.153
-0.002317,0.001476,-0.003135,-0.00911,1692489600,26175.9,25948.5,26088.4,26285.0,141089.85
-0.003135,0.00471,-0.000819,-0.003215,1692576000,26115.4,25800.0,26175.9,26280.0,232505.265
-0.000819,0.008373,0.004638,-0.002918,1692662400,26044.4,25280.0,26115.4,26128.2,313113.576
0.004638,0.006053,-0.002909,-0.004891,1692748800,26419.2,25800.0,26044.5,26806.0,412969.028
-0.002909,0.008512,0.002726,-0.004617,1692835200,26164.6,25835.0,26419.2,26568.3,286753.337
0.002726,0.007251,0.003078,-0.002393,1692921600,26051.7,25754.4,26164.6,26300.0,274830.494
0.003078,0.007058,0.002672,-0.00103,1693008000,26004.3,25969.0,26051.7,26129.4,63925.862
0.002672,0.005795,0.000547,-0.001943,1693094400,26087.7,25955.6,26004.3,26173.6,86505.398
0.000547,0.006466,0.003138,-0.001406,1693180800,26106.5,25850.4,26087.6,26244.6,219992.051
0.003138,0.005918,0.002833,-0.010372,1693267200,27700.1,25905.2,26106.5,28168.0,700233.946
0.002833,0.006907,0.002497,0.001503,1693353600,27290.4,26950.0,27700.1,27758.2,315313.916
0.002497,0.009456,0.000602,-0.001131,1693440000,25928.0,25617.8,27290.4,27674.3,502906.277
0.000602,0.010844,0.008259,-0.000608,1693526400,25795.6,25312.0,25928.0,26151.6,361184.924
0.008259,0.008541,0.006061,-0.000852,1693612800,25855.8,25740.6,25795.6,25975.0,107642.864
0.006061,0.006887,0.003135,-0.003233,1693699200,25962.1,25777.0,25855.8,26135.2,133016.832
0.003135,0.005975,0.00076,0.000106,1693785600,25814.0,25610.0,25962.1,26099.3,173147.873
0.00076,0.007369,0.002766,-0.001073,1693872000,25779.7,25531.2,25814.0,25900.0,186639.945
0.002766,0.006151,0.005195,-0.001405,1693958400,25747.4,25326.0,25779.7,26052.0,251122.66
0.005195,0.01048,-0.000145,-0.000849,1694044800,26240.7,25602.3,25747.4,26451.0,257349.902
-0.000145,0.005378,-0.002005,-0.00422,1694131200,25899.8,25630.0,26240.7,26437.5,249269.761
-0.002005,0.003115,0.000805,-0.003119,1694217600,25892.6,25781.5,25899.9,25940.6,67909.81
0.000805,0.005426,0.001731,-0.000662,1694304000,25828.4,25508.7,25892.6,26037.3,162972.413
0.001731,0.007397,0.001745,-0.003551,1694390400,25150.4,24888.0,25828.4,25895.0,427216.374
0.001745,0.008306,0.001772,-0.005307,1694476800,25825.8,25116.4,25150.4,26580.0,592049.678
0.001772,0.003793,-0.001072,-0.003094,1694563200,26209.9,25750.0,25825.8,26400.0,335252.718
-0.001072,0.004497,-0.00203,-0.007163,1694649600,26510.3,26106.6,26209.9,26880.0,380666.471
-0.00203,0.009616,-0.000147,-0.003323,1694736000,26591.1,26206.6,26510.3,26890.0,251656.77
-0.000147,0.003019,-0.000077,-0.003833,1694822400,26546.9,26430.0,26591.1,26763.5,140482.465
-0.000077,0.002778,-0.000149,-0.003904,1694908800,26514.2,26377.4,26547.0,26614.3,114239.394
-0.000149,0.0049,0.000352,-0.008092,1694995200,26749.9,26358.6,26514.2,27397.0,472539.032
0.000352,0.007252,-0.000852,-0.004774,1695081600,27196.0,26653.2,26749.9,27480.0,433511.747
-0.000852,0.002069,-0.001199,-0.004326,1695168000,27107.7,26740.0,27195.9,27381.0,348921.447
-0.001199,0.008515,-0.000879,-0.002497,1695254400,26552.6,26360.1,27107.7,27149.0,317992.869
-0.000879,0.005088,0.004922,-0.004417,1695340800,26566.7,26452.9,26552.6,26737.7,173534.648
0.004922,0.008374,0.000716,-0.001099,1695427200,26563.1,26492.2,26566.7,26620.6,57836.484
0.000716,0.007161,-0.002389,-0.002569,1695513600,26232.4,26081.0,26563.0,26739.9,146632.773
-0.002389,0.007612,-0.003634,-0.005087,1695600000,26290.5,25965.0,26232.4,26440.0,268385.836
-0.003634,0.007428,0.007368,-0.005523,1695686400,26208.8,26073.8,26290.5,26388.0,180491.169
0.007368,0.009809,0.003501,-0.001141,1695772800,26359.6,26050.0,26208.7,26849.9,353002.84
0.003501,0.007828,-0.002712,-0.007664,1695859200,27011.8,26325.2,26359.6,27308.7,429587.858
-0.002712,0.005375,0.003007,-0.004194,1695945600,26890.9,26625.0,27011.7,27231.5,277397.643
0.003007,0.005522,-0.000087,-0.001744,1696032000,26950.9,26870.4,26890.9,27085.0,92317.154
-0.000087,0.005647,0.005302,-0.0031,1696118400,27981.4,26939.0,26951.0,28365.2,240382.946
0.005302,0.009005,0.005937,-0.00596,1696204800,27477.6,27255.0,27981.4,28613.0,593277.72
0.005937,0.008543,0.0063,0.000464,1696291200,27412.0,27123.0,27477.7,27665.0,283077.899
0.0063,0.0063,0.000046,-0.000663,1696377600,27759.8,27163.9,27412.0,27830.0,280784.322
0.000046,0.002711,0.000272,-0.006235,1696464000,27398.4,27333.5,27759.7,28110.0,370190.087
0.000272,0.004811,0.001967,-0.004686,1696550400,27916.3,27156.0,27398.3,28450.0,438445.904
0.001967,0.004408,-0.000112,-0.002387,1696636800,27943.0,27822.1,27916.3,28018.7,117049.145
-0.000112,0.005547,0.001937,-0.001362,1696723200,27901.2,27671.0,27943.0,28082.0,178380.307
0.001937,0.008637,0.007124,-0.001173,1696809600,27578.3,27250.0,27901.2,27977.0,314316.581
0.007124,0.007378,0.006981,0.001295,1696896000,27381.2,27281.0,27578.4,27727.3,239779.496
0.006981,0.011093,0.010873,0.003338,1696982400,26864.5,26525.0,27381.3,27467.6,388186.571
0.010873,0.010873,0.005129,0.002129,1697068800,26744.0,26534.8,26864.5,26939.0,220279.04
0.005129,0.006309,0.001953,0.000451,1697155200,26849.8,26670.1,26744.0,27120.8,243222.154
0.001953,0.006868,-0.000153,-0.001624,1697241600,26836.3,26773.1,26849.7,26986.4,82164.781
-0.000153,0.006842,-0.000948,-0.001541,1697328000,27139.8,26790.4,26836.4,27456.1,160000.462
-0.000948,0.011027,0.001828,-0.006738,1697414400,28486.3,27095.4,27139.8,30720.0,823003.782
0.001828,0.004293,-0.003383,-0.006637,1697500800,28381.9,28055.0,28486.3,28605.0,314189.758
-0.003383,0.002192,0.000409,-0.003586,1697587200,28307.1,28126.6,28382.0,29100.0,297176.628
0.000409,0.002193,-0.007025,-0.010118,1697673600,28696.9,28076.0,28307.2,28933.4,333673.207
-0.007025,0.007857,-0.001445,-0.011745,1697760000,29653.0,28560.0,28697.0,30243.0,551005.327
-0.001445,0.00582,0.001263,-0.003246,1697846400,29895.4,29443.5,29653.0,30374.6,258195.956
0.001263,0.0083,0.00816,-0.00074,1697932800,29981.5,29606.6,29895.4,30229.7,198602.758
0.00816,0.010757,0.006868,-0.002719,1698019200,33074.0,29869.4,29981.4,35981.9,987741.536
0.006868,0.025411,0.0123,0.006868,1698105600,33917.0,32833.5,33074.0,35300.0,921993.063
0.0123,0.014258,0.009754,0.008353,1698192000,34487.7,33660.6,33917.0,35154.3,465367.144
0.009754,0.014087,0.011575,0.009754,1698278400,34154.0,33750.0,34487.8,34828.7,339552.964
0.011575,0.016393,0.009672,0.007573,1698364800,33893.1,33350.0,34154.0,34253.3,278052.978
0.009672,0.01418,0.012672,0.009161,1698451200,34086.6,33867.4,33893.2,34535.8,138314.932
0.012672,0.017515,0.012682,0.00585,1698537600,34528.6,33933.0,34086.7,34773.8,175897.55
0.012682,0.014991,0.009512,0.009231,1698624000,34483.8,34050.0,34528.6,34888.2,281841.348
0.009512,0.0176,0.010115,0.007408,1698710400,34651.4,34016.8,34483.8,34744.7,272450.567
0.010115,0.017263,0.015419,0.008144,1698796800,35437.4,34076.0,34651.4,35734.0,469214.787
0.015419,0.015762,0.007407,0.006206,1698883200,34940.1,34300.0,35437.5,35999.9,410221.727
0.007407,0.010354,0.006729,0.003086,1698969600,34700.4,34123.0,34940.1,34944.9,306048.199
0.006729,0.012568,0.009072,0.006729,1699056000,35069.7,34571.6,34700.5,35270.0,140746.874
0.009072,0.015994,0.013544,0.009072,1699142400,35025.5,34356.0,35069.7,35455.2,231363.339
0.013544,0.01709,0.010179,0.009441,1699228800,35057.4,34743.2,35025.5,35299.9,202227.215
0.010179,0.015876,0.013285,0.008906,1699315200,35406.5,34520.3,35057.5,35921.7,343525.95
0.013285,0.016554,0.010906,0.008795,1699401600,35626.7,35073.0,35406.5,36150.0,334779.449
0.010906,0.054636,0.012917,0.006533,1699488000,36719.5,35304.0,35626.7,38499.9,778877.937
0.012917,0.041164,0.017189,0.011737,1699574400,37330.4,36350.0,36719.6,37570.0,299373.892
0.017189,0.024795,0.020587,0.01347,1699660800,37162.1,36588.0,37330.3,37422.2,159239.284
0.020587,0.036577,0.032028,0.020587,1699747200,37085.5,36753.6,37162.1,37258.4,118890.045
0.032028,0.032028,0.014759,0.014566,1699833600,36486.2,36350.0,37085.6,37464.8,257075.648
0.014759,0.021715,0.00821,0.008152,1699920000,35559.0,34446.3,36486.2,36779.9,397265.8
0.00821,0.016229,0.013271,0.007119,1700006400,37885.6,35388.0,35559.1,38000.0,423818.57
0.013271,0.019556,0.008388,0.006313,1700092800,36176.0,35486.1,37885.5,37956.5,434444.366
0.008388,0.01477,0.008807,0.007179,1700179200,36621.9,35868.3,36176.0,37020.5,319943.051
0.008807,0.011928,0.009528,0.007342,1700265600,36580.9,36196.0,36621.9,36900.0,121720.922
0.009528,0.015464,0.01103,0.008434,1700352000,37375.9,36380.0,36580.9,37528.2,154713.007
0.01103,0.017203,0.009217,0.008242,1700438400,37462.5,36600.0,37375.8,37784.7,310504.037
0.009217,0.01047,0.009362,0.006921,1700524800,35737.0,35720.0,37462.6,37675.0,450731.16
0.009362,0.01164,0.011242,0.001855,1700611200,37413.4,35610.7,35737.0,37880.0,338189.618
0.011242,0.014752,0.010329,0.005697,1700697600,37294.3,36856.3,37413.5,37650.0,185369.931
0.010329,0.014771,0.006153,0.006074,1700784000,37706.3,37257.3,37294.4,38425.0,351031.723
0.006153,0.012017,0.008866,0.006153,1700870400,37766.6,37570.9,37706.3,37886.5,82589.329
0.008866,0.011883,0.009756,0.005068,1700956800,37437.9,37126.0,37766.7,37807.6,173758.644
0.009756,0.013306,0.010801,0.005591,1701043200,37234.3,36700.0,37437.9,37560.0,266112.699
0.010801,0.010936,0.008085,0.007322,1701129600,37812.1,36856.0,37234.4,38395.0,318426.327
0.008085,0.012884,0.009229,0.003478,1701216000,37837.1,37551.8,37812.0,38500.0,261631.881
0.009229,0.009654,0.009284,0.006382,1701302400,37716.8,37442.9,37837.2,38132.0,191188.871
0.009284,0.014195,0.00752,0.006376,1701388800,38660.0,37600.0,37716.9,38989.0,342361.994
0.00752,0.011911,0.011616,0.004215,1701475200,39435.0,38613.5,38659.9,39900.0,213210.311
0.011616,0.012849,0.012284,0.008535,1701561600,39979.7,39255.2,39435.1,40410.1,221917.905
0.012284,0.045708,0.01191,0.010309,1701648000,41993.1,39970.4,39979.8,42440.0,602492.859
0.01191,0.017667,0.017209,0.00665,1701734400,44081.7,41393.5,41993.1,44528.1,575038.041
0.017209,0.017306,0.009478,0.007362,1701820800,43774.8,43377.0,44081.7,44349.8,383957.738
0.009478,0.028466,0.021256,0.007551,1701907200,43296.0,42815.0,43775.1,44066.7,346421.958
0.021256,0.034163,0.012658,0.01123,1701993600,44209.5,43100.0,43296.0,44779.3,281880.593
0.012658,0.046871,0.026208,0.012658,1702080000,43734.3,43555.0,44209.6,44389.2,189339.656
0.026208,0.033889,0.021883,0.017734,1702166400,43810.0,43552.5,43734.2,44099.2,144548.259
0.021883,0.026547,0.01483,0.004306,1702252800,41271.0,40228.3,43810.1,43833.4,620753.439
0.01483,0.023492,0.019239,0.00566,1702339200,41515.0,40711.0,41271.1,42125.0,356541.118
0.019239,0.019741,0.009549,0.008749,1702425600,42875.0,40556.0,41514.9,43517.6,396710.296
0.009549,0.013077,0.011033,0.006809,1702512000,43032.4,41140.0,42875.0,43450.1,361628.325
0.011033,0.025764,0.009994,0.004902,1702598400,41968.0,41668.0,43032.3,43098.0,257177.013
0.009994,0.02433,0.014441,0.009994,1702684800,42287.4,41638.1,41968.0,42756.7,160549.459
0.014441,0.023368,0.014723,0.010087,1702771200,41396.5,41248.3,42287.4,42476.0,224722.851
0.014723,0.018137,0.01024,0.008871,1702857600,42671.7,40553.8,41396.6,42795.3,375385.675
0.01024,0.016683,0.011251,0.00862,1702944000,42298.3,41835.4,42671.8,43550.0,315311.844
0.011251,0.031738,0.02289,0.009747,1703030400,43708.9,42218.3,42298.2,44384.6,377008.923
0.02289,0.041032,0.02575,0.019759,1703116800,43896.3,43317.2,43708.9,44287.2,276922.155
0.02575,0.036335,0.016868,0.013581,1703203200,43999.2,43430.4,43896.4,44484.0,238341.933
0.016868,0.02866,0.010185,0.005674,1703289600,43725.2,43304.2,43999.2,44023.0,120792.199
0.010185,0.024648,0.011844,0.009211,1703376000,43008.4,42550.0,43725.2,43994.8,179967.251
0.011844,0.051711,0.03951,0.008675,1703462400,43611.9,42755.4,43008.4,43850.0,184210.274
0.03951,0.046168,0.034797,0.021549,1703548800,42538.5,41597.0,43611.9,43635.1,295583.678
0.034797,0.05723,0.019904,0.01988,1703635200,43453.8,42145.7,42538.6,43700.0,251351.538
0.019904,0.056693,0.052326,0.009863,1703721600,42600.1,42320.5,43453.8,43850.0,257515.182
0.052326,0.052326,0.032221,0.026577,1703808000,42095.1,41283.2,42600.1,43171.9,337421.865
0.032221,0.043472,0.026972,0.023268,1703894400,42174.2,41550.0,42095.1,42654.6,183890.67
0.026972,0.041339,0.038914,0.025845,1703980800,42314.0,42001.0,42174.3,42951.0,173508.289
0.038914,0.061231,0.061056,0.029494,1704067200,44230.2,42207.9,42314.0,44266.0,206424.144
0.061056,0.100893,0.027288,0.027198,1704153600,44979.8,44200.9,44230.3,45950.0,459798.523
0.027288,0.033706,0.010069,0.002636,1704240000,42849.5,40333.0,44979.7,45582.3,595855.225
0.010069,0.013619,0.006647,0.006454,1704326400,44143.8,42625.0,42849.5,44840.8,333923.098
0.006647,0.009372,0.006629,0.005441,1704412800,44145.4,42300.0,44143.8,44500.0,374967.791
0.006629,0.009966,0.00821,0.00632,1704499200,43956.7,43391.3,44145.3,44214.6,138542.797
0.00821,0.009469,0.005869,0.005457,1704585600,43916.9,43557.5,43956.6,44486.9,180710.714
0.005869,0.017126,0.016343,0.005869,1704672000,46972.7,43158.1,43916.9,47312.0,495087.983
0.016343,0.018519,0.010407,0.007988,1704758400,46114.0,44417.2,46972.6,48100.0,513362.773
0.010407,0.014239,0.010804,0.007961,1704844800,46662.9,44291.5,46113.9,47699.3,668657.474
0.010804,0.020903,0.009348,0.006789,1704931200,46337.8,45600.0,46663.0,49027.5,596698.379
0.009348,0.030902,0.009507,0.006447,1705017600,42788.9,41370.0,46337.9,46536.2,575943.258
0.009507,0.009507,0.006952,0.004586,1705104000,42846.4,42445.7,42789.0,43273.4,207737.326
0.006952,0.01199,0.009982,0.005588,1705190400,41734.9,41713.5,42846.4,43096.1,181096.968
0.009982,0.012539,0.009163,0.006196,1705276800,42515.0,41720.0,41734.9,43376.0,240059.141
0.009163,0.011248,0.008136,0.007864,1705363200,43133.0,42050.0,42515.0,43589.0,287207.233
0.008136,0.011445,0.011374,0.005986,1705449600,42783.4,42200.0,43133.0,43198.0,209396.081
0.011374,0.013182,0.010852,0.008406,1705536000,41323.1,40673.6,42783.3,42932.3,335080.756
0.010852,0.014773,0.01227,0.008321,1705622400,41662.2,40300.0,41323.2,42197.0,345941.73
0.01227,0.01302,0.009592,0.008301,1705708800,41691.8,41453.6,41662.1,41883.5,95866.062
0.009592,0.011374,0.009882,0.008098,1705795200,41580.0,41500.0,41691.8,41880.9,67035.552
0.009882,0.01353,0.009758,0.006983,1705881600,39567.0,39402.0,41579.9,41692.3,459024.106
0.009758,0.013257,0.009699,0.007552,1705968000,39890.0,38545.0,39567.1,40172.7,414373.386
0.009699,0.012062,0.011079,0.006721,1706054400,40078.7,39493.3,39889.9,40560.6,272754.171
0.011079,0.011303,0.010147,0.007527,1706140800,39953.3,39535.3,40078.8,40300.0,203728.679
0.010147,0.01049,0.007204,0.004293,1706227200,41806.4,39813.1,39953.3,42239.3,355418.478
0.007204,0.011075,0.005122,0.004998,1706313600,42102.2,41360.1,41806.4,42187.1,118437.114
0.005122,0.010587,0.009027,-0.001799,1706400000,42021.2,41600.0,42102.2,42836.0,205736.453
0.009027,0.011295,0.006796,0.006312,1706486400,43287.7,41768.3,42021.2,43340.8,249502.11
0.006796,0.0122,0.001505,0.0011,1706572800,42918.3,42665.6,43287.6,43888.0,257582.784
0.001505,0.00977,0.007565,-0.005336,1706659200,42560.5,42257.6,42918.3,43748.6,313069.11
0.007565,0.009036,0.006652,-0.007381,1706745600,43072.6,41866.8,42560.5,43288.0,274321.107
0.006652,0.011666,0.005445,0.004869,1706832000,43182.0,42512.7,43072.6,43480.0,205767.574
0.005445,0.009044,0.007371,0.002194,1706918400,42992.4,42858.3,43182.0,43372.2,89735.22
0.007371,0.009334,0.00571,0.00348,1707004800,42570.3,42176.7,42992.4,43112.1,127421.548
0.00571,0.011236,0.00852,0.001534,1707091200,42692.9,42235.1,42570.3,43580.0,240655.549
0.00852,0.011587,0.00714,0.00662,1707177600,43079.1,42559.8,42692.9,43378.8,196157.643
0.00714,0.010845,0.010833,0.001864,1707264000,44326.2,42763.4,43079.1,44388.0,252057.708
0.010833,0.011086,0.001483,0.000959,1707350400,45269.1,44306.8,44326.3,45600.0,299738.288
0.001483,0.013705,0.008249,-0.005029,1707436800,47116.1,45218.1,45269.2,48230.3,519919.419
0.008249,0.012113,0.009313,0.006871,1707523200,47732.6,46836.4,47116.1,48189.6,179626.604
0.009313,0.01276,0.010786,0.008846,1707609600,48303.4,47539.4,47732.6,48600.0,209951.626
0.010786,0.024809,0.015701,0.009149,1707696000,49943.6,47702.0,48303.4,50413.2,450895.202
0.015701,0.016235,0.007248,0.007247,1707782400,49696.4,48301.0,49943.6,50428.8,382348.085
0.007248,0.018496,0.009648,0.004788,1707868800,51823.2,49215.7,49696.4,52100.0,395191.791
0.009648,0.015605,0.014058,0.006768,1707955200,51898.5,51334.9,51823.1,52859.0,392724.603
0.014058,0.030252,0.008947,0.008473,1708041600,52148.6,51611.7,51898.4,52623.0,259819.793
0.008947,0.016538,0.013893,0.008488,1708128000,51679.4,50647.5,52148.7,52192.8,222342.005
0.013893,0.023004,0.02109,0.011612,1708214400,52175.9,51178.0,51679.5,52450.0,166636.426
0.02109,0.026001,0.009564,0.009196,1708300800,51813.8,51688.8,52175.9,52532.9,196387.978
0.009564,0.026996,0.009955,0.007754,1708387200,52297.4,50788.0,51813.7,53090.9,388913.064
0.009955,0.014401,0.013388,0.006813,1708473600,51877.8,50528.4,52297.3,52402.3,308127.301
0.013388,0.01874,0.010928,0.010768,1708560000,51316.9,50967.5,51877.9,52130.8,244144.647
0.010928,0.015358,0.009398,0.007096,1708646400,50771.9,50512.7,51316.9,51576.3,215474.562
0.009398,0.015255,0.012836,0.009398,1708732800,51602.1,50611.4,50771.9,51736.6,104944.457
0.012836,0.018591,0.017573,0.01119,1708819200,51764.9,51300.4,51602.1,52050.0,122177.26
0.017573,0.034523,0.027533,0.01288,1708905600,54511.6,50922.5,51764.9,54991.8,393466.231
0.027533,0.090857,0.023661,0.019407,1708992000,57074.5,54495.0,54511.7,57780.0,511475.535
0.023661,0.110101,0.067695,0.016678,1709078400,62487.9,56730.1,57074.5,64300.0,1010118.442
0.067695,0.08688,0.052332,0.046746,1709164800,61203.3,60452.0,62487.9,63762.8,584713.883
0.052332,0.072329,0.028954,0.02891,1709251200,62430.6,60844.8,61203.3,63199.0,299231.827
0.028954,0.06915,0.048097,0.028367,1709337600,62039.9,61605.0,62430.6,62513.1,159283.629
0.048097,0.058565,0.057381,0.037945,1709424000,63178.5,61339.5,62039.9,63330.9,200312.503
0.057381,0.088736,0.054183,0.042433,1709510400,68296.4,62299.0,63178.5,68600.0,632882.144
0.054183,0.109159,0.03329,0.03329,1709596800,63747.4,59112.0,68296.5,69350.0,1053025.132
0.03329,0.059684,0.031845,0.016579,1709683200,66128.1,62829.3,63747.5,67729.5,534011.813
0.031845,0.054712,0.031606,0.029658,1709769600,66870.0,65609.3,66128.0,68101.3,296092.788
0.031606,0.066161,0.017899,0.017865,1709856000,68180.2,66120.0,66870.0,70330.8,459387.207
0.017899,0.032704,0.030823,0.016119,1709942400,68360.1,67908.7,68180.2,68608.7,94899.005
0.030823,0.086692,0.036796,0.029986,1710028800,69001.8,68155.0,68360.2,69999.8,233596.523
0.036796,0.138218,0.043364,0.030891,1710115200,72153.8,67000.0,69001.8,72890.0,474396.897
0.043364,0.069484,0.03228,0.03228,1710201600,71503.2,68600.0,72153.9,73370.0,472072.331
0.03228,0.071415,0.02206,0.022026,1710288000,73127.6,71388.1,71503.3,73755.0,288446.338
0.02206,0.049777,0.039119,0.02206,1710374400,71455.5,68600.0,73127.6,73881.4,513901.237
0.039119,0.052298,0.012199,0.009988,1710460800,69552.2,65580.0,71455.6,72500.0,705810.685
0.012199,0.027291,0.018573,0.012199,1710547200,65351.0,64750.0,69552.1,70097.6,333426.129
0.018573,0.028164,0.016077,0.01554,1710633600,68447.9,64559.8,65351.0,68972.4,314890.309
0.016077,0.034432,0.016328,0.015755,1710720000,67660.0,66601.6,68447.9,69044.4,317885.916
0.016328,0.028896,0.014583,0.010358,1710806400,61974.1,61582.8,67660.0,68178.6,700466.795
0.014583,0.0261,0.013035,0.01024,1710892800,67876.4,60800.0,61974.1,68140.0,637362.465
0.013035,0.020007,0.011752,0.011498,1710979200,65539.9,64550.1,67876.4,68293.9,347218.385
0.011752,0.013331,0.011069,0.008217,1711065600,63826.0,62294.0,65539.9,66691.9,401149.333
0.011069,0.015172,0.011433,0.009943,1711152000,64020.3,63020.2,63826.1,66050.0,239124.0
0.011433,0.019494,0.019494,0.010871,1711238400,67260.9,63822.0,64020.4,67700.0,244179.435
0.019494,0.035528,0.023494,0.013694,1711324800,69920.5,66427.6,67260.9,71228.3,395156.191
0.023494,0.052143,0.039044,0.019568,1711411200,70044.1,69320.0,69920.6,71649.0,307861.116
0.039044,0.049895,0.031128,0.025898,1711497600,69532.6,68364.8,70044.2,71888.0,407286.574
0.031128,0.054929,0.032211,0.028332,1711584000,70838.7,68941.0,69532.6,71636.2,241970.822
0.032211,0.054383,0.025809,0.024428,1711670400,69903.6,69000.0,70838.8,70976.9,187970.841
0.025809,0.049103,0.034647,0.017853,1711756800,69642.1,69577.2,69903.6,70388.0,91126.75
0.034647,0.077281,0.072385,0.023967,1711843200,71363.0,69608.0,69642.0,71495.5,132458.79
0.072385,0.099259,0.017934,0.012985,1711929600,69700.0,68103.3,71363.0,71388.0,282812.126
0.017934,0.03164,0.008305,0.007647,1712016000,65505.3,64603.2,69700.0,69731.6,499041.572
0.008305,0.01176,0.00842,0.008121,1712102400,65971.9,64500.0,65502.4,66940.0,275041.23
0.00842,0.010508,0.009377,0.002519,1712188800,68489.9,65100.0,65971.8,69329.7,326385.338
0.009377,0.010699,0.009403,0.008331,1712275200,67825.7,65966.0,68489.8,68787.1,313547.293
0.009403,0.011496,0.009773,0.008849,1712361600,68901.6,67450.0,67825.8,69708.0,127343.726
0.009773,0.0128,0.012182,0.009773,1712448000,69362.7,68820.6,68901.5,70395.0,171783.436
0.012182,0.034462,0.019981,0.010926,1712534400,71678.4,69040.4,69362.7,72890.4,297237.449
0.019981,0.029038,0.011215,0.010918,1712620800,69189.3,68216.0,71678.3,71820.6,334059.403
0.011215,0.016564,0.011512,0.009564,1712707200,70681.7,67546.2,69189.2,71412.2,337774.756
0.011512,0.017358,0.009438,0.007965,1712793600,70055.7,69592.6,70681.8,71387.4,256194.153
0.009438,0.020068,0.006234,0.004429,1712880000,67136.4,65102.0,70055.6,71297.0,415528.149
0.006234,0.009455,0.001714,0.000918,1712966400,63939.7,59652.5,67136.4,67975.4,515005.203
0.001714,0.011305,0.006893,0.001654,1713052800,65615.9,62139.3,63939.7,65822.1,395770.133
0.006893,0.007104,0.006748,-0.014196,1713139200,63392.7,62242.5,65615.9,66874.9,381532.225
0.006748,0.009051,0.004639,0.001541,1713225600,63765.0,61521.0,63392.8,64356.3,405931.439
0.004639,0.007946,0.00524,-0.00234,1713312000,61254.5,59625.0,63764.9,64483.3,444032.992
0.00524,0.007842,-0.002019,-0.007816,1713398400,63445.0,60763.8,61254.5,64100.0,363302.394
-0.002019,0.008421,0.005625,-0.002224,1713484800,63787.4,59541.0,63445.0,65480.0,574264.058
0.005625,0.005957,-0.000356,-0.006439,1713571200,64897.2,63045.1,63787.4,65400.0,197142.262
-0.000356,0.008404,0.006214,-0.008215,1713657600,64912.6,64214.2,64897.2,65678.7,160533.948
0.006214,0.007799,-0.007912,-0.008573,1713744000,66778.0,64470.5,64912.7,67222.0,246268.411
-0.007912,0.007949,0.005076,-0.011477,1713830400,66386.3,65750.0,66777.9,67158.9,178665.564
0.005076,0.010531,0.009493,0.00282,1713916800,64250.0,63575.0,66386.2,67068.2,280545.061
0.009493,0.009493,-0.000659,-0.002948,1714003200,64478.8,62721.3,64250.0,65270.6,275211.062
-0.000659,0.01006,0.009532,-0.002867,1714089600,63748.8,63291.5,64478.8,64783.1,202149.813
0.009532,0.009714,0.00407,0.003734,1714176000,63421.0,62332.8,63748.7,63901.4,167349.109
0.00407,0.008225,0.00223,-0.006495,1714262400,63088.3,62700.0,63420.9,64350.0,126056.151
0.00223,0.009711,0.004518,-0.008278,1714348800,63842.4,61726.2,63088.4,64200.0,228411.163
0.004518,0.010082,0.009094,-0.003682,1714435200,60651.2,59150.0,63842.4,64700.0,408747.703
0.009094,0.01018,0.005304,0.002717,1714521600,58307.6,56537.7,60651.2,60816.7,564108.4
0.005304,0.007987,-0.005752,-0.008167,1714608000,59036.7,56951.6,58307.7,59637.3,299229.302
-0.005752,0.004832,-0.004344,-0.009095,1714694400,62853.7,58781.3,59036.7,63333.0,353606.459
-0.004344,0.007353,0.005864,-0.005313,1714780800,63864.2,62520.0,62853.7,64547.9,205205.199
0.005864,0.009337,0.002548,-0.0028,1714867200,63988.0,62833.0,63864.3,64644.3,185495.653
0.002548,0.009605,0.008182,-0.000701,1714953600,63142.8,62655.3,63987.9,65500.0,305110.067
0.008182,0.009505,0.006606,0.004017,1715040000,62296.0,62203.6,63142.7,64392.2,238974.646
0.006606,0.010334,0.008068,0.006395,1715126400,61157.9,60843.6,62296.0,62994.9,241651.579
0.008068,0.0102,-0.000307,-0.000997,1715212800,63050.1,60550.0,61157.9,63447.2,242451.302
-0.000307,0.00887,0.008593,-0.003777,1715299200,60778.1,60117.4,63050.0,63446.5,307214.96
0.008593,0.009364,0.006474,0.004988,1715385600,60809.2,60432.6,60778.0,61491.4,113294.787
0.006474,0.00954,0.000616,-0.002943,1715472000,61455.8,60557.3,60809.2,61849.4,104043.897
0.000616,0.00964,0.002579,-0.001702,1715558400,62912.1,60750.0,61455.7,63440.0,261927.073
0.002579,0.012974,0.006333,-0.002753,1715644800,61550.5,60950.0,62912.2,63099.6,244345.274
0.006333,0.007182,0.002115,-0.008773,1715731200,66175.4,61316.1,61550.5,66440.0,365031.68
0.002115,0.010005,0.006199,-0.001243,1715817600,65217.7,64567.0,66175.4,66800.0,242455.324
0.006199,0.006902,0.000577,-0.003048,1715904000,66980.0,65061.2,65217.7,67400.6,227063.919
0.000577,0.008011,0.004942,-0.006833,1715990400,66884.9,66503.2,66980.0,67340.5,96931.548
0.004942,0.00932,0.003409,0.003023,1716076800,66239.4,65835.8,66884.9,67750.0,148170.35
0.003409,0.015144,0.014827,-0.00149,1716163200,71466.5,66010.0,66239.4,71674.6,366028.078
0.014827,0.024913,0.012096,0.012028,1716249600,70168.8,69165.6,71466.5,72132.8,263674.327
0.012096,0.016507,0.011951,0.009931,1716336000,69219.1,68736.8,70168.7,70715.4,194160.494
0.011951,0.01855,0.010852,0.009921,1716422400,67999.9,66156.6,69219.2,70133.3,300093.622
0.010852,0.012399,0.008977,0.008424,1716508800,68584.1,66639.0,67999.9,69273.5,186681.082
0.008977,0.010861,0.010425,0.008841,1716595200,69314.4,68523.7,68584.0,69622.8,85113.605
0.010425,0.01164,0.010681,0.010013,1716681600,68524.3,68155.0,69314.5,69590.3,84069.824
0.010681,0.034122,0.016217,0.010141,1716768000,69461.6,68268.7,68524.4,70750.0,170291.356
0.016217,0.016217,0.014568,0.009574,1716854400,68440.5,67273.0,69461.5,69628.0,227838.44
0.014568,0.01605,0.010221,0.010108,1716940800,67686.7,67129.0,68440.4,68983.0,158236.599
0.010221,0.012325,0.011994,0.009093,1717027200,68402.5,67167.0,67686.8,69568.9,194573.899
0.011994,0.012611,0.011922,0.009277,1717113600,67577.9,66700.5,68402.6,69080.0,195751.752
0.011922,0.012832,0.011196,0.010582,1717200000,67799.2,67480.0,67577.9,67936.0,50943.058
0.011196,0.01404,0.011296,0.010118,1717286400,67805.9,67296.3,67799.2,68545.9,102194.718
0.011296,0.016313,0.011988,0.010587,1717372800,68851.4,67642.6,67805.9,70372.9,227676.93
0.011988,0.02068,0.008999,0.008799,1717459200,70580.0,68595.5,68851.3,71146.4,216100.016
0.008999,0.019599,0.009966,0.008916,1717545600,71133.3,70423.6,70580.0,71824.4,203992.034
0.009966,0.021038,0.009853,0.009481,1717632000,70830.0,70101.9,71133.3,71714.8,158483.564
0.009853,0.01824,0.010908,0.009595,1717718400,69377.0,68405.0,70830.0,72144.0,299412.37
0.010908,0.013577,0.008838,0.008743,1717804800,69346.5,69192.3,69377.0,69613.6,65739.857
0.008838,0.009976,0.008851,0.008501,1717891200,69667.1,69160.0,69346.6,69879.0,68024.1
0.008851,0.010857,0.00884,0.008135,1717977600,69558.7,69201.2,69667.1,70222.7,127381.604
0.00884,0.010096,0.00478,0.00456,1718064000,67320.7,66000.0,69558.8,69600.0,311984.942
0.00478,0.010082,0.009565,0.000799,1718150400,68270.3,66920.0,67320.6,70028.0,329918.46
0.009565,0.01045,0.006946,0.00244,1718236800,66786.9,66251.1,68270.3,68607.7,248355.461
0.006946,0.010126,0.005148,0.000926,1718323200,66039.7,65052.4,66786.8,67366.5,239411.231
0.005148,0.00898,0.006041,0.003136,1718409600,66213.7,65801.0,66039.7,66482.6,72423.755
0.006041,0.007456,0.004336,0.001585,1718496000,66653.6,66012.1,66213.7,66960.3,80361.551
0.004336,0.010171,0.004512,0.001437,1718582400,66472.1,65094.9,66653.5,67280.6,248420.787
0.004512,0.009165,0.007888,-0.004091,1718668800,65150.0,64009.8,66472.1,66558.9,335559.394
0.007888,0.008755,0.006241,-0.001242,1718755200,64933.6,64600.0,65149.9,65711.9,150032.669
0.006241,0.009802,0.006341,0.005339,1718841600,64854.0,64526.0,64933.6,66467.0,220954.676
0.006341,0.009436,0.008105,-0.00543,1718928000,64124.0,63361.2,64854.0,65055.5,210109.601
0.008105,0.008105,0.005466,-0.002787,1719014400,64240.0,63915.8,64124.1,64520.0,53855.862
0.005466,0.008272,0.006209,0.00069,1719100800,63194.9,63137.9,64240.1,64500.0,72052.293
0.006209,0.009406,-0.001115,-0.002155,1719187200,60273.6,58218.0,63194.9,63357.0,445903.184
-0.001115,0.007378,-0.000212,-0.007611,1719273600,61777.8,60230.5,60273.5,62448.1,264647.317
-0.000212,0.006756,0.005683,-0.004996,1719360000,60860.1,60696.0,61777.9,62465.1,170601.18
0.005683,0.010493,0.007043,0.003573,1719446400,61682.0,60605.0,60860.1,62379.7,160172.482
0.007043,0.01252,0.011828,-0.000557,1719532800,60429.8,60038.0,61682.1,62204.0,195508.125
0.011828,0.011877,0.003482,-0.005615,1719619200,60982.4,60400.1,60429.8,61232.0,79680.289
0.003482,0.011266,0.005928,-0.004272,1719705600,62766.0,60705.0,60982.5,63058.4,147777.915
0.005928,0.011029,0.002042,-0.003893,1719792000,62883.6,62502.2,62766.1,63849.0,193937.938
0.002042,0.012327,0.009962,-0.003877,1719878400,62123.6,61800.0,62883.7,63284.0,163101.243
0.009962,0.009994,0.006514,0.000863,1719964800,60208.0,59299.3,62123.5,62278.2,295303.265
0.006514,0.008241,0.005606,-0.002477,1720051200,57045.9,56560.0,60208.0,60500.0,445656.277
0.005606,0.00808,0.003557,-0.005055,1720137600,56604.9,53329.5,57045.9,57533.4,577193.595
0.003557,0.008495,0.001665,-0.000857,1720224000,58216.0,56000.0,56604.9,58472.0,178580.022
0.001665,0.010289,0.003333,-0.004686,1720310400,55830.9,55688.0,58216.0,58443.0,210361.981
0.003333,0.009067,0.007949,-0.001525,1720396800,56686.4,54243.1,55831.0,58200.0,464106.957
0.007949,0.009025,0.007843,0.00317,1720483200,58023.2,56256.2,56686.4,58290.6,257237.048
0.007843,0.010028,0.00922,-0.00276,1720569600,57707.0,57125.0,58023.1,59449.6,254248.937
0.00922,0.009451,0.006732,0.004104,1720656000,57315.5,57030.0,57707.0,59780.0,293106.959
0.006732,0.008016,0.004551,-0.002747,1720742400,57870.0,56500.1,57315.7,58500.0,238100.616
0.004551,0.008291,0.007176,-0.000813,1720828800,59174.0,57728.6,57870.0,59850.0,157884.322
0.007176,0.009226,0.00469,-0.000295,1720915200,60766.0,59164.0,59173.9,61412.4,208060.883
0.00469,0.009887,-0.000704,-0.007519,1721001600,64680.6,60622.6,60766.0,64870.7,352222.181
-0.000704,0.020738,0.005325,-0.000704,1721088000,65010.0,62350.0,64680.6,65388.0,375258.616
0.005325,0.010402,0.001651,-0.004888,1721174400,64055.7,63823.0,65010.0,66100.0,276656.393
0.001651,0.006608,0.005176,-0.000695,1721260800,63959.9,63206.4,64055.8,65173.8,215648.157
0.005176,0.010591,0.001957,-0.002156,1721347200,66627.9,63266.2,63960.0,67362.8,311859.805
0.001957,0.007056,-0.000165,-0.000264,1721433600,67095.6,66159.1,66627.9,67648.7,123564.406
-0.000165,0.010245,0.010065,-0.000817,1721520000,68138.0,65750.0,67095.6,68351.2,207228.372
0.010065,0.010065,0.004941,0.0014,1721606400,67499.2,66538.6,68138.0,68459.7,192991.391
0.004941,0.008411,0.008186,0.001961,1721692800,65916.4,65416.5,67499.2,67729.3,270430.68
0.008186,0.01006,0.009678,0.006432,1721779200,65350.8,65040.5,65916.3,67087.3,215079.421
0.009678,0.009845,0.006228,0.004814,1721865600,65773.0,63456.7,65350.7,66144.0,319685.441
0.006228,0.01088,0.007107,0.00231,1721952000,67882.5,65688.2,65773.0,68200.0,235384.526
0.007107,0.012958,0.00979,0.004932,1722038400,67873.8,66624.5,67882.5,69381.7,330982.647
0.00979,0.010476,0.009974,0.004401,1722124800,68215.5,67037.0,67873.7,68300.0,116913.935
0.009974,0.012743,0.004151,0.003966,1722211200,66750.0,66365.8,68215.5,70081.0,372537.818
0.004151,0.010493,0.005867,-0.000288,1722297600,66159.3,65254.5,66750.1,66966.6,246551.044
0.005867,0.00965,0.007802,0.002462,1722384000,64601.8,64500.4,66159.3,66826.3,246389.446
0.007802,0.010492,0.009019,0.003578,1722470400,65328.9,62271.2,64601.8,65650.0,372654.59
0.009019,0.011625,0.007978,0.006142,1722556800,61483.7,61200.2,65329.0,65577.0,421628.42
0.007978,0.008759,0.008627,-0.000151,1722643200,60684.6,59800.0,61483.7,62166.0,290469.956
0.008627,0.010962,0.00603,0.002941,1722729600,58144.5,57040.0,60684.5,61089.5,339512.415
0.00603,0.007885,0.003176,-0.006551,1722816000,54003.1,48888.0,58144.5,58286.9,1281982.025
0.003176,0.004739,-0.000858,-0.004775,1722902400,55991.2,53925.3,54003.5,56999.9,435953.439
-0.000858,0.008736,0.004125,-0.004361,1722988800,55102.9,54519.8,55991.3,57699.0,377442.54
0.004125,0.005415,0.002622,-0.005061,1723075200,61659.8,54672.4,55102.9,62737.2,470117.508
0.002622,0.00777,-0.000591,-0.000804,1723161600,60808.6,59500.0,61659.8,61726.0,308674.339
-0.000591,0.006537,0.006171,-0.000674,1723248000,60889.9,60208.5,60808.6,61450.0,115593.354
0.006171,0.006171,0.004272,-0.001674,1723334400,58693.1,58255.4,60889.8,62000.0,202539.076
0.004272,0.010422,0.005411,-0.002176,1723420800,59323.6,57615.0,58693.1,60666.0,367126.29
0.005411,0.007312,0.002551,-0.00292,1723507200,60550.5,58360.0,59323.7,61545.0,255934.721
0.002551,0.004517,-0.00407,-0.010971,1723593600,58648.1,58367.2,60550.4,61839.7,295662.808
-0.00407,0.007036,-0.007398,-0.009813,1723680000,57511.0,55969.0,58648.1,59820.0,360815.946
-0.007398,0.003841,0.003762,-0.00828,1723766400,58854.9,57062.1,57511.1,59780.2,268756.529
0.003762,0.006926,0.004223,-0.000645,1723852800,59468.5,58769.4,58854.9,59690.2,77085.532
0.004223,0.007968,-0.000388,-0.001619,1723939200,58390.0,58352.0,59468.5,60250.0,149660.264
-0.000388,0.000384,-0.00398,-0.006773,1724025600,59398.5,57750.0,58390.1,59585.4,214043.139
-0.00398,0.004428,-0.007617,-0.008092,1724112000,58982.9,58501.1,59398.4,61386.0,287049.13
-0.007617,0.003306,-0.000101,-0.007617,1724198400,61120.0,58728.9,58982.7,61793.9,270583.679
-0.000101,0.003586,0.000698,-0.005321,1724284800,60349.9,59677.6,61120.0,61392.0,211098.959
0.000698,0.003469,-0.002795,-0.010415,1724371200,64019.9,60301.5,60349.9,65000.0,382490.709
-0.002795,0.009049,0.000327,-0.002795,1724457600,64116.5,63522.7,64020.0,64472.5,132741.902
0.000327,0.007179,0.00625,-0.001844,1724544000,64190.2,63731.3,64116.6,65175.4,115546.888
0.00625,0.007336,0.002675,-0.001554,1724630400,62807.6,62750.2,64190.1,64455.8,195977.222
0.002675,0.008315,-0.00628,-0.006294,1724716800,59384.5,57928.2,62807.7,63196.0,339269.805
-0.00628,0.003944,0.000585,-0.008101,1724803200,59010.0,57820.0,59384.4,60197.8,313788.567
0.000585,0.004582,-0.000491,-0.004311,1724889600,59323.2,58655.0,59010.0,61144.9,233896.685
-0.000491,0.005808,0.000563,-0.00459,1724976000,59096.3,57525.0,59323.3,59914.9,268276.469
0.000563,0.006201,0.00552,-0.001424,1725062400,58941.9,58700.0,59096.4,59436.0,68866.674
0.00552,0.006996,-0.001713,-0.003138,1725148800,57268.1,57123.0,58941.9,59052.7,222909.914
-0.001713,0.008037,0.006338,-0.003896,1725235200,59112.1,57093.0,57268.1,59412.3,201218.384
0.006338,0.008236,0.004482,0.002839,1725321600,57451.9,57320.0,59112.2,59790.0,230196.497
0.004482,0.007905,0.007151,-0.004542,1725408000,57944.8,55555.0,57452.0,58500.0,326983.311
0.007151,0.007771,0.003272,-0.005481,1725494400,56145.7,55600.0,57944.8,58318.9,294703.592
0.003272,0.005923,-0.002539,-0.004939,1725580800,53927.7,52510.8,56145.7,57000.0,479063.113
-0.002539,0.003916,0.003491,-0.007252,1725667200,54134.9,53725.0,53927.7,54820.2,127686.594
0.003491,0.00386,-0.003156,-0.006461,1725753600,54839.6,53596.5,54134.9,55300.0,162078.536
-0.003156,-0.000722,-0.002698,-0.009079,1725840000,57010.0,54557.0,54839.6,58153.2,313094.361
-0.002698,0.002278,-0.00619,-0.007528,1725926400,57609.1,56361.0,57010.1,58033.2,228317.676
-0.00619,0.003004,-0.001736,-0.007052,1726012800,57306.0,55515.2,57609.2,57954.4,338231.445
-0.001736,0.003269,0.000482,-0.003771,1726099200,58097.0,57283.1,57305.6,58606.6,261449.688
0.000482,0.002557,-0.008242,-0.010628,1726185600,60456.2,57594.0,58097.1,60597.0,277429.492
-0.008242,0.006831,0.001567,-0.008242,1726272000,59964.0,59360.1,60456.2,60572.9,102580.577
0.001567,0.006774,0.005665,-0.001627,1726358400,59100.5,58654.0,59963.9,60369.4,130524.206
0.005665,0.009716,0.008501,0.000069,1726444800,58187.0,57446.3,59100.5,59182.2,250699.432
0.008501,0.009795,0.005242,-0.000705,1726531200,60281.0,57588.8,58187.0,61345.0,318442.066
0.005242,0.007842,0.007842,-0.000004,1726617600,61735.3,59138.0,60281.0,61765.0,355729.312
0.007842,0.009512,0.009512,0.001789,1726704000,62926.9,61534.0,61735.3,63830.1,302382.412
0.009512,0.012805,0.00344,-0.001689,1726790400,63175.7,62320.0,62926.9,64126.7,257172.835
0.00344,0.010295,0.00362,0.002173,1726876800,63320.6,62714.2,63175.8,63546.9,78248.362
0.00362,0.009666,0.007289,0.002397,1726963200,63558.4,62339.0,63320.6,64000.0,149129.884
0.007289,0.007289,0.005418,0.000359,1727049600,63302.0,62534.4,63558.5,64724.8,234343.564
0.005418,0.005703,0.005072,-0.003055,1727136000,64243.1,62688.2,63302.1,64666.0,236987.628
0.005072,0.007223,0.005287,0.000109,1727222400,63118.4,62910.0,64243.2,64800.0,184950.772
0.005287,0.010013,0.0063,0.002424,1727308800,65139.2,62634.4,63118.3,65800.0,321186.356
0.0063,0.007768,0.005813,0.000177,1727395200,65749.6,64788.0,65139.1,66450.0,226404.021
0.005813,0.009433,0.004516,0.003969,1727481600,65822.6,65368.1,65749.5,66237.0,92773.553
0.004516,0.009901,0.005829,0.003197,1727568000,65568.1,65400.0,65822.7,66059.3,88131.799
0.005829,0.011384,0.010296,0.001442,1727654400,63309.1,62825.0,65568.2,65588.8,296848.373
0.010296,0.01046,0.004752,0.002885,1727740800,60776.8,60128.2,63309.0,64092.6,429817.835
0.004752,0.009242,0.006152,0.002243,1727827200,60622.6,59934.9,60776.7,62355.0,327001.805
0.006152,0.010053,0.006563,0.002651,1727913600,60727.2,59815.0,60622.7,61452.6,286137.212
0.006563,0.008013,0.00078,-0.001502,1728000000,62054.4,60434.1,60727.1,62457.1,234795.836
0.00078,0.007991,0.004836,-0.00028,1728086400,62023.1,61648.0,62054.3,62344.0,74330.781
0.004836,0.00819,0.005781,0.002103,1728172800,62789.3,61778.9,62023.1,62961.5,96413.453
0.005781,0.008197,-0.000503,-0.001045,1728259200,62190.7,62091.8,62789.2,64448.2,298949.375
-0.000503,0.011359,0.008574,-0.000691,1728345600,62131.7,61836.0,62190.6,63178.7,226276.359
0.008574,0.01045,0.003463,0.003228,1728432000,60606.4,60251.9,62131.8,62520.9,217302.173
0.003463,0.010384,0.002337,0.000506,1728518400,60293.2,58900.0,60606.3,61297.0,262947.653
0.002337,0.005336,0.005336,-0.001451,1728604800,62509.0,60057.8,60293.3,63400.0,263691.142
0.005336,0.010774,0.007027,-0.001869,1728691200,63176.0,62458.0,62509.0,63462.6,102784.406
0.007027,0.008246,0.007247,0.002696,1728777600,62839.8,62020.0,63176.0,63260.0,129696.156
0.007247,0.014211,0.009677,0.003082,1728864000,66064.9,62420.0,62839.7,66533.0,338251.601
0.009677,0.013779,0.008453,0.006288,1728950400,67044.1,64771.7,66064.9,67953.7,422005.511
0.008453,0.011445,0.009385,0.0077,1729036800,67592.0,66724.2,67044.0,68400.0,254153.501
0.009385,0.011559,0.009925,0.006791,1729123200,67401.5,66600.0,67592.0,67925.9,220272.837
0.009925,0.011981,0.007727,0.006222,1729209600,68407.8,67165.0,67401.5,69000.0,245301.761
0.007727,0.010425,0.009073,0.007727,1729296000,68357.1,68000.0,68407.8,68684.9,68632.108
0.009073,0.011541,0.011149,0.008352,1729382400,69020.1,68069.8,68357.1,69425.8,105939.492
0.011149,0.013461,0.00731,0.007053,1729468800,67368.8,66865.9,69020.2,69566.0,253437.333
0.00731,0.012283,0.009686,0.006617,1729555200,67406.4,66536.5,67368.7,67825.0,218518.977
0.009686,0.012112,0.011317,0.008041,1729641600,66647.2,65222.3,67406.5,67449.0,248215.058
0.011317,0.013688,0.009667,0.007409,1729728000,68173.8,66482.0,66647.3,68842.5,212340.722
0.009667,0.01181,0.008327,0.001952,1729814400,66662.8,65557.2,68173.8,68748.0,348511.871
0.008327,0.009589,0.008334,0.004915,1729900800,67071.8,66414.1,66662.7,67450.0,94169.992
0.008334,0.009979,0.009808,0.006829,1729987200,67992.6,66909.4,67071.9,68306.1,88468.808
0.009808,0.013181,0.010172,0.005661,1730073600,69940.0,67584.2,67992.7,70331.0,256128.622
0.010172,0.015122,0.01485,0.008481,1730160000,72739.5,69733.0,69939.9,73660.0,382502.06
0.01485,0.016749,0.012067,0.010486,1730246400,72349.0,71444.2,72739.5,72984.9,227108.808
0.012067,0.0138,0.012637,0.007973,1730332800,70321.9,69705.0,72349.0,72720.3,256485.328
0.012637,0.012637,0.011885,0.006539,1730419200,69495.5,68822.5,70321.9,71650.0,352591.088
0.011885,0.011885,0.010028,0.008386,1730505600,69366.6,69022.8,69495.4,69913.1,79314.105
0.010028,0.011372,0.010463,0.008897,1730592000,68762.5,67446.6,69366.6,69393.7,226477.376
0.010463,0.01131,0.009991,0.007478,1730678400,67834.3,66810.0,68762.5,69495.3,244912.166
0.009991,0.010923,0.007504,0.006344,1730764800,69353.1,67454.2,67834.4,70537.4,273070.87
0.007504,0.023373,0.009716,0.006056,1730851200,75579.9,69272.7,69353.1,76420.0,677440.286
0.009716,0.017826,0.007711,0.005523,1730937600,75859.4,74450.0,75579.9,76900.0,280675.033
0.007711,0.013335,0.005571,0.004657,1731024000,76482.2,75576.3,75859.4,77182.9,230370.324
0.005571,0.012514,0.012414,0.005571,1731110400,76675.1,75683.2,76482.2,76920.0,117754.034
0.012414,0.04328,0.041948,0.010145,1731196800,80410.0,76501.1,76675.1,81699.8,417426.899
0.041948,0.050257,0.050153,0.010828,1731283200,88728.9,80261.2,80409.9,89800.0,614141.662
0.050153,0.097062,0.013456,0.013126,1731369600,87972.0,85159.9,88729.0,90070.1,639481.584
0.013456,0.034402,0.013577,0.010797,1731456000,90413.3,86180.0,87972.0,93421.1,555288.297
0.013577,0.0248,0.01382,0.008986,1731542400,87382.7,86714.0,90413.3,91846.1,364621.68
0.01382,0.022479,0.014419,0.009331,1731628800,91074.6,87111.0,87382.6,91921.5,314431.908
0.014419,0.024106,0.022347,0.013153,1731715200,90643.3,90120.0,91074.6,91849.8,129023.447
0.022347,0.033318,0.016937,0.010994,1731801600,89899.9,88736.1,90643.2,91539.6,167504.792
0.016937,0.059978,0.026015,0.014426,1731888000,90507.4,89422.1,89900.0,92700.0,333557.11
0.026015,0.038245,0.009789,0.009421,1731974400,92335.9,90405.6,90507.4,93985.9,303532.031
0.009789,0.015858,0.009297,0.007925,1732060800,94288.0,91500.0,92335.9,94849.0,290044.227
0.009297,0.020066,0.012579,0.006317,1732147200,98366.8,94008.7,94288.0,99100.0,418383.136
0.012579,0.028216,0.010004,0.009324,1732233600,98921.4,97199.9,98366.8,99660.0,265774.067
0.010004,0.01889,0.018115,0.009779,1732320000,97725.5,97173.5,98921.5,98937.3,120358.422
0.018115,0.03415,0.027989,0.013986,1732406400,97960.4,95822.1,97725.6,98666.0,173118.84
0.027989,0.040871,0.019521,0.013323,1732492800,93064.0,92666.0,97960.5,98999.0,329375.021
0.019521,0.036953,0.033473,0.01908,1732579200,92021.4,90866.4,93064.0,95064.0,344929.233
0.033473,0.033675,0.0114,0.010843,1732665600,95905.2,91864.0,92021.5,97250.0,237005.987
0.0114,0.027484,0.024439,0.011121,1732752000,95694.4,94700.1,95905.2,96627.6,154007.026
0.024439,0.029707,0.012258,0.011637,1732838400,97516.3,95404.5,95694.4,98713.3,190520.949
0.012258,0.021459,0.01607,0.011765,1732924800,96475.1,96150.0,97516.2,97522.1,93074.218
0.01607,0.02283,0.022788,0.012816,1733011200,97265.1,95736.5,96475.2,97933.0,113222.99
0.022788,0.03611,0.013196,0.010179,1733097600,95890.5,94400.0,97265.0,98266.0,257613.911
0.013196,0.030126,0.028886,0.013196,1733184000,95913.3,93605.0,95890.6,96375.0,206601.98
0.028886,0.034251,0.028229,0.019192,1733270400,98669.8,94650.8,95913.3,99099.9,275949.205
0.028229,0.111062,0.011795,0.011795,1733356800,97001.5,90200.0,98669.8,104630.4,580277.391
0.011795,0.02862,0.026559,0.008274,1733443200,99802.5,96429.5,97001.6,101988.8,282369.608
0.026559,0.027665,0.017392,0.009749,1733529600,99899.2,98876.9,99802.5,100499.0,95858.658
0.017392,0.027791,0.027536,0.013775,1733616000,101200.0,98709.4,99899.2,101457.9,109755.676
0.027536,0.029532,0.01005,0.009293,1733702400,97349.1,94039.7,101200.1,101300.0,326973.59
0.01005,0.011889,0.007403,0.00678,1733788800,96602.4,94265.5,97349.1,98320.6,291490.744
0.007403,0.011689,0.008161,0.006941,1733875200,101115.3,95650.0,96602.3,101880.0,221807.705
0.008161,0.012172,0.010319,0.007273,1733961600,99982.4,99280.2,101115.3,102538.4,215219.075
0.010319,0.01181,0.006906,0.004973,1734048000,101371.9,99149.6,99982.3,101869.5,152437.318
0.006906,0.011636,0.009629,0.006442,1734134400,101381.0,100559.8,101371.9,102638.0,107680.549
0.009629,0.011697,0.011642,0.007184,1734220800,104460.4,101200.1,101381.0,105374.6,157733.916
0.011642,0.018082,0.007987,0.007182,1734307200,106023.2,103264.6,104460.5,107777.0,274395.756
0.007987,0.011495,0.010408,0.007987,1734393600,106074.6,105252.0,106023.2,108366.8,197773.912
0.010408,0.011495,0.009167,0.007288,1734480000,100181.1,99951.1,106074.6,106484.6,328581.935
0.009167,0.009665,0.004805,0.00364,1734566400,97434.4,95681.2,100181.2,102756.7,372968.463
0.004805,0.010312,0.005036,0.00147,1734652800,97764.4,92272.6,97434.3,98243.0,396188.795
0.005036,0.008746,0.00679,-0.003074,1734739200,97261.8,96375.0,97764.5,99485.0,161258.48
0.00679,0.009173,0.005496,0.001962,1734825600,95153.5,94200.0,97261.7,97437.9,148114.735
0.005496,0.008977,0.008203,0.004494,1734912000,94861.1,92464.4,95153.4,96499.0,247211.855
0.008203,0.011526,0.007977,0.004068,1734998400,98627.2,93525.6,94861.0,99450.0,211610.632
0.007977,0.011426,0.010092,0.00697,1735084800,99379.7,97570.0,98626.9,99580.7,124696.892
0.010092,0.011882,0.009873,0.002293,1735171200,95751.0,95153.0,99379.6,99950.0,194857.651
0.009873,0.012605,0.007626,0.007171,1735257600,94258.9,93440.0,95750.9,97564.5,206008.243
0.007626,0.009734,0.008641,0.003867,1735344000,95259.1,94100.0,94258.9,95700.0,67991.349
0.008641,0.00962,0.001084,-0.000655,1735430400,93700.0,92961.8,95259.1,95300.0,95047.934
0.001084,0.012066,0.009683,0.001084,1735516800,92759.3,91510.0,93699.9,95031.6,222343.593
0.009683,0.013583,0.011188,0.006857,1735603200,93548.9,92000.0,92759.3,96254.3,178648.116
0.011188,0.014408,0.012749,0.008857,1735689600,94580.9,92796.5,93548.8,95161.2,91236.66
0.012749,0.013375,0.011451,0.008517,1735776000,96967.5,94357.4,94580.9,97822.4,181645.495
0.011451,0.011451,0.004369,0.002848,1735862400,98145.7,96061.5,96967.6,98949.0,125220.674
0.004369,0.010595,0.009567,0.003695,1735948800,98173.2,97438.2,98145.7,98760.9,71914.634
0.009567,0.010873,0.009852,0.005232,1736035200,98340.2,97227.0,98173.2,98852.6,74949.289
0.009852,0.011433,0.004365,0.003122,1736121600,102180.4,97872.6,98340.2,102444.0,207493.329
0.004365,0.012432,0.006608,0.004365,1736208000,96920.3,96153.0,102180.5,102762.1,258711.309
0.006608,0.009824,0.007577,0.004759,1736294400,95014.1,92500.0,96920.2,97242.2,262012.113
0.007577,0.008573,0.002936,-0.001992,1736380800,92505.9,91055.8,95014.0,95358.7,257760.902
0.002936,0.009848,0.006701,-0.000067,1736467200,94675.5,92173.6,92506.0,95882.5,261942.954
0.006701,0.008179,0.00588,0.002899,1736553600,94562.5,93802.1,94675.6,94988.0,64661.763
0.00588,0.009326,0.005942,0.004937,1736640000,94499.9,93661.1,94562.4,95444.0,77298.133
0.005942,0.009089,0.008817,-0.005021,1736726400,94485.3,88909.0,94499.9,95934.5,361150.49
0.008817,0.010807,0.004036,0.004036,1736812800,96514.9,94305.4,94485.4,97353.9,212859.661
0.004036,0.007919,0.001334,0.00045,1736899200,100460.0,96450.2,96514.9,100658.9,222417.566
0.001334,0.010583,0.005338,0.001334,1736985600,99937.4,97293.6,100460.0,100850.0,216802.52
0.005338,0.015532,0.006159,-0.001768,1737072000,104042.5,99902.0,99937.4,105784.0,249449.969
0.006159,0.013475,0.013137,0.006159,1737158400,104524.3,102242.8,104042.6,104962.1,167940.092
0.013137,0.019431,0.014074,0.012645,1737244800,101311.5,99600.0,104524.3,106450.0,280949.178
0.014074,0.028606,0.010631,0.010387,1737331200,102247.6,99501.0,101311.5,110000.0,530508.18
0.010631,0.011646,0.007413,0.005742,1737417600,106114.5,100097.2,102247.7,107241.6,273296.828
0.007413,0.011356,0.007129,0.005466,1737504000,103664.9,103211.6,106115.4,106390.0,151243.528
0.007129,0.010389,0.002274,0.001997,1737590400,103864.1,101211.0,103664.9,106840.2,418154.019
0.002274,0.008787,0.00535,0.002274,1737676800,104808.1,102680.0,103864.0,107076.5,165746.95
0.00535,0.010867,0.00825,0.00535,1737763200,104702.0,104040.6,104808.0,105274.7,65630.163
0.00825,0.010865,0.009235,0.007733,1737849600,102560.1,102450.3,104702.0,105496.9,75787.087
0.009235,0.009891,0.008121,-0.002665,1737936000,102021.3,97680.0,102560.0,103216.5,325689.874
0.008121,0.010335,0.007132,0.001057,1738022400,101279.6,100235.0,102021.3,103797.0,169917.261
0.007132,0.009875,0.008899,0.005069,1738108800,103698.2,101269.7,101279.7,104755.0,169989.952
0.008899,0.011946,0.001601,0.000574,1738195200,104676.9,103224.5,103698.1,106450.0,136967.4
0.001601,0.009385,0.004991,0.001601,1738281600,102379.7,101509.0,104676.9,106000.0,172237.817
0.004991,0.008371,0.004763,-0.00095,1738368000,100603.6,100215.0,102379.8,102734.9,90863.091
0.004763,0.008868,0.00867,-0.001572,1738454400,97664.5,96029.6,100603.6,101426.0,232934.693
0.00867,0.01919,0.001377,-0.003919,1738540800,101293.7,91130.3,97664.5,102456.0,455088.034
0.001377,0.011037,-0.000916,-0.000916,1738627200,97709.9,96100.0,101293.6,101729.3,262746.203
-0.000916,0.00498,0.003581,-0.00133,1738713600,96553.2,96106.1,97710.0,99124.2,151379.666
0.003581,0.008162,0.007605,-0.000877,1738800000,96515.1,95613.5,96553.2,99093.0,161521.013
0.007605,0.007878,-0.002419,-0.002502,1738886400,96454.5,95555.0,96515.0,100112.4,223373.629
-0.002419,0.005076,0.001125,-0.003585,1738972800,96411.9,95600.0,96454.5,96850.0,69050.432
0.001125,0.006342,0.000084,-0.000797,1739059200,96423.6,94650.1,96412.0,97301.7,101177.286
0.000084,0.008836,0.004245,0.000084,1739145600,97379.2,95200.1,96423.6,98328.0,132932.545
0.004245,0.008186,0.002411,-0.001294,1739232000,95731.4,94814.3,97379.2,98482.2,154832.904
0.002411,0.009497,0.009391,0.002411,1739318400,97816.3,94003.9,95731.4,98090.9,202448.079
0.009391,0.009521,0.006185,0.000602,1739404800,96560.6,95160.1,97816.3,98053.8,142240.526
0.006185,0.007472,0.002141,0.000319,1739491200,97445.1,96225.7,96560.6,98792.8,144452.957
0.002141,0.006918,0.004433,-0.000043,1739577600,97538.0,97170.0,97445.2,97941.2,47418.593
0.004433,0.005283,0.004654,0.001158,1739664000,96067.0,96002.0,97538.0,97665.8,56684.873
0.004654,0.006778,0.006539,0.00132,1739750400,95743.2,95150.6,96067.0,97000.0,105576.986
0.006539,0.00984,0.007498,0.005125,1739836800,95622.0,93321.6,95743.1,96737.3,179173.362
0.007498,0.009054,0.005071,0.004851,1739923200,96598.0,95012.5,95622.0,96878.7,124996.873
0.005071,0.007641,0.001866,0.000927,1740009600,98252.9,96366.0,96597.9,98662.1,129180.172
0.001866,0.023914,0.023054,0.00053,1740096000,96127.9,94830.4,98252.8,99431.5,250618.273
0.023054,0.023054,0.005791,0.00442,1740182400,96503.3,95701.9,96128.0,96988.0,65792.15
0.005791,0.008652,0.005921,0.004069,1740268800,96218.4,95180.2,96503.3,96602.9,69298.691
0.005921,0.009949,0.008379,0.003054,1740355200,91514.5,91300.0,96218.4,96470.0,217488.75
0.008379,0.008911,0.004945,0.000555,1740441600,88639.1,86020.4,91514.5,92500.0,472296.502
0.004945,0.008525,0.007947,0.002227,1740528000,84208.5,82222.0,88639.1,89367.1,401141.821
0.007947,0.011852,0.01121,0.000245,1740614400,84668.1,82667.0,84208.6,87066.0,269408.53
0.01121,0.01121,0.002634,-0.004516,1740700800,84299.6,78200.2,84668.2,85084.5,536343.231
0.002634,0.004158,0.000442,-0.004349,1740787200,86007.7,83779.0,84299.6,86516.5,146996.671
0.000442,0.013921,0.000786,-0.004372,1740873600,94222.8,85015.0,86007.7,94971.0,364711.538
0.000786,0.008549,0.001487,-0.00086,1740960000,86192.7,85029.0,94222.0,94373.4,436032.402
0.001487,0.00377,0.001649,-0.001873,1741046400,87245.9,81200.0,86193.3,88931.0,432434.798
0.001649,0.006308,0.002972,-0.000456,1741132800,90566.1,86328.0,87245.9,91000.0,279001.09
0.002972,0.007787,0.000183,-0.000907,1741219200,89887.8,87790.5,90566.1,92780.3,303058.632
0.000183,0.007883,0.005247,-0.00494,1741305600,86753.8,84600.0,89887.9,91257.7,452474.195
0.005247,0.005408,-0.000488,-0.002435,1741392000,86184.7,85108.0,86753.8,86876.5,96106.187
-0.000488,0.010611,0.000691,-0.000488,1741478400,80688.8,79933.4,86184.7,86470.6,221609.348
0.000691,0.007454,0.005733,-0.004154,1741564800,78567.8,77410.1,80690.7,84031.5,416386.797
0.005733,0.008194,0.001616,-0.001249,1741651200,82896.0,76560.0,78567.8,83600.0,390779.169
0.001616,0.006759,0.00211,-0.002432,1741737600,83640.7,80578.5,82896.0,84487.0,306171.124
0.00211,0.006515,0.003217,0.000503,1741824000,81085.4,79903.4,83640.7,84307.1,247960.052
0.003217,0.006542,-0.001741,-0.00205,1741910400,83939.8,80772.0,81085.5,85270.2,233544.708
-0.001741,0.00334,0.001962,-0.002922,1741996800,84302.9,83564.5,83939.9,84625.0,76674.97
0.001962,0.004916,0.000007,-0.000942,1742083200,82541.6,81925.6,84303.0,85136.0,174630.7
0.000007,0.007186,-0.000352,-0.000626,1742169600,83962.9,82384.0,82541.6,84727.1,182662.082
-0.000352,0.006087,0.001112,-0.000912,1742256000,82666.1,81113.5,83963.0,83979.8,188897.749
0.001112,0.005679,0.00155,-0.00146,1742342400,86809.8,82501.8,82666.2,86990.0,251961.741
0.00155,0.006378,0.003644,0.001064,1742428800,84183.6,83613.6,86809.8,87500.0,242943.492
0.003644,0.005103,0.000732,-0.00035,1742515200,84050.3,83122.0,84183.6,84813.6,144422.271
0.000732,0.003996,0.002628,-0.001567,1742601600,83804.9,83589.5,84050.3,84509.0,52218.652
0.002628,0.002754,0.000873,-0.001783,1742688000,86044.2,83761.2,83804.9,86110.9,90899.873
0.000873,0.005613,-0.000759,-0.007793,1742774400,87463.4,85478.3,86044.1,88752.0,210907.484
-0.000759,0.004616,-0.002243,-0.007315,1742860800,87369.8,86260.0,87463.4,88500.0,173505.289
-0.002243,0.004603,0.00201,-0.002243,1742947200,86873.8,85816.3,87369.9,88270.2,187956.695
0.00201,0.003363,0.001075,-0.002133,1743033600,87191.2,85724.5,86873.9,87722.4,163451.689
0.001075,0.008468,0.005498,-0.000853,1743120000,84380.8,83531.7,87191.2,87470.0,222284.56
0.005498,0.00666,0.002029,-0.000028,1743206400,82604.7,81601.0,84380.8,84589.7,135513.705
0.002029,0.003957,0.002096,-0.002463,1743292800,82352.8,81501.4,82604.8,83490.0,109565.925
0.002096,0.005525,0.003623,-0.000965,1743379200,82517.5,81222.0,82353.1,83895.8,212064.576
0.003623,0.006483,0.000625,-0.001121,1743465600,85120.9,82383.3,82517.5,85595.5,197263.176
