start_time,aggregated_long_liquidation_usd,aggregated_short_liquidation_usd,time
2021-01-01,28359527.24342,16620671.21235,1609459200000
2021-01-02,109881434.96233,205560189.00357,1609545600000
2021-01-03,111899526.65052,81593606.37884,1609632000000
2021-01-04,265126887.09426,38919082.50255,1609718400000
2021-01-05,59004516.33606,69951972.85285,1609804800000
2021-01-06,71034600.67147,82238270.8576,1609891200000
2021-01-07,147295266.57904,108778429.6444,1609977600000
2021-01-08,139028469.36678,92125978.4221,1610064000000
2021-01-09,53004370.65111,26382386.40596,1610150400000
2021-01-10,278044875.57428,44368332.19402,1610236800000
2021-01-11,371047907.96246,140251880.73767,1610323200000
2021-01-12,114198080.32332,68129513.84938,1610409600000
2021-01-13,57189649.50589,90321911.66188,1610496000000
2021-01-14,64345888.24775,67080305.92579,1610582400000
2021-01-15,203527239.95679,54624662.72413,1610668800000
2021-01-16,76400037.3394,37934686.8979,1610755200000
2021-01-17,76043982.6872,48000202.56467,1610841600000
2021-01-18,53805536.4989,36338319.45514,1610928000000
2021-01-19,53768468.7316,21406493.02277,1611014400000
2021-01-20,128023451.35649,33718899.15838,1611100800000
2021-01-21,214369038.74049,59140534.73427,1611187200000
2021-01-22,73586608.87491,86730747.9392,1611273600000
2021-01-23,50261535.12836,25235947.8719,1611360000000
2021-01-24,50923777.92238,27886570.59706,1611446400000
2021-01-25,71562653.78747,52436144.64005,1611532800000
2021-01-26,64021144.65144,39826354.44362,1611619200000
2021-01-27,107329042.26376,46065189.07172,1611705600000
2021-01-28,19092009.97941,65435293.24042,1611792000000
2021-01-29,204771156.22352,193055044.01971,1611878400000
2021-01-30,43198495.44857,24915915.38616,1611964800000
2021-01-31,57972086.60985,10578886.6634,1612051200000
2021-02-01,28314018.2219,25182855.57124,1612137600000
2021-02-02,16511560.58984,38283445.50534,1612224000000
2021-02-03,25174325.26599,35480814.49486,1612310400000
2021-02-04,78007547.23799,40226509.14077,1612396800000
2021-02-05,26090720.15448,21818816.35533,1612483200000
2021-02-06,76711301.28351,64757184.83228,1612569600000
2021-02-07,127258674.90555,28842494.01542,1612656000000
2021-02-08,79602515.94848,309529153.55231,1612742400000
2021-02-09,107617744.93333,85061661.22841,1612828800000
2021-02-10,153517965.96539,30896604.93373,1612915200000
2021-02-11,71987975.60276,84840527.74148,1613001600000
2021-02-12,75611055.09401,31172348.23178,1613088000000
2021-02-13,49580296.97101,11793229.29114,1613174400000
2021-02-14,52227777.01522,66798942.13667,1613260800000
2021-02-15,182577992.56652,38326433.17542,1613347200000
2021-02-16,107137423.31343,89491845.26531,1613433600000
2021-02-17,38854545.44602,107414516.83696,1613520000000
2021-02-18,48233850.83828,17565775.11033,1613606400000
2021-02-19,49617448.58691,168798579.94146,1613692800000
2021-02-20,181100566.64428,63019634.17172,1613779200000
2021-02-21,37487754.24189,40967888.45539,1613865600000
2021-02-22,660040210.85816,109356666.4323,1613952000000
2021-02-23,472917868.91812,190394448.47756,1614038400000
2021-02-24,103805715.26768,69539545.19022,1614124800000
2021-02-25,162583670.45187,70988693.31074,1614211200000
2021-02-26,166034214.19937,97289882.60299,1614297600000
2021-02-27,70633653.4933,45768635.18866,1614384000000
2021-02-28,139629886.48041,86231803.70564,1614470400000
2021-03-01,41629279.59179,116740439.10726,1614556800000
2021-03-02,98380955.17007,38918758.2594,1614643200000
2021-03-03,73429295.9075,110626236.03496,1614729600000
2021-03-04,177449638.75025,61790624.3062,1614816000000
2021-03-05,113852225.47821,64666204.90639,1614902400000
2021-03-06,54324089.82414,37064454.11157,1614988800000
2021-03-07,45121001.10862,78133658.96494,1615075200000
2021-03-08,60660214.81407,53058530.39214,1615161600000
2021-03-09,45117874.84743,110005794.30553,1615248000000
2021-03-10,131252430.16454,122175978.67009,1615334400000
2021-03-11,130362642.95119,76250266.5167,1615420800000
2021-03-12,154477864.15332,43381417.03629,1615507200000
2021-03-13,54545814.19753,190739785.79068,1615593600000
2021-03-14,118210042.56632,22583299.89497,1615680000000
2021-03-15,535898305.20355,52417933.24841,1615766400000
2021-03-16,176065514.13514,59541433.09725,1615852800000
2021-03-17,90439181.41775,90196776.39073,1615939200000
2021-03-18,118362041.69817,54653269.55009,1616025600000
2021-03-19,82299899.16212,29288257.90513,1616112000000
2021-03-20,61857301.93153,29395252.11253,1616198400000
2021-03-21,206715088.48419,42309587.6267,1616284800000
2021-03-22,320879403.08154,34931654.48981,1616371200000
2021-03-23,120173708.78813,43218476.37017,1616457600000
2021-03-24,313244318.74299,68519473.47982,1616544000000
2021-03-25,215188313.58415,76372864.91894,1616630400000
2021-03-26,29025020.5999,86188540.11969,1616716800000
2021-03-27,44420984.85548,99464678.64355,1616803200000
2021-03-28,61923621.47269,25459439.36265,1616889600000
2021-03-29,43795300.49496,109454966.1185,1616976000000
2021-03-30,27695074.47201,45885446.96753,1617062400000
2021-03-31,185516108.8776,57914604.08669,1617148800000
2021-04-01,61878793.10966,19379374.95628,1617235200000
2021-04-02,58701170.71048,32068964.16841,1617321600000
2021-04-03,173640121.83408,17126012.23138,1617408000000
2021-04-04,70645093.73045,24128183.27856,1617494400000
2021-04-05,37091102.43306,29538902.32838,1617580800000
2021-04-06,56433058.73581,10480090.79238,1617667200000
2021-04-07,204428179.58104,20051253.03155,1617753600000
2021-04-08,15044360.80498,30085944.4128,1617840000000
2021-04-09,20648973.47405,24331261.75429,1617926400000
2021-04-10,114719719.82232,116442741.92371,1618012800000
2021-04-11,24310396.27896,12119091.87628,1618099200000
2021-04-12,44553885.07,23161282.47917,1618185600000
2021-04-13,32676061.533,129964257.17532,1618272000000
2021-04-14,189506191.76316,69705270.91309,1618358400000
2021-04-15,20671985.32048,14559125.29011,1618444800000
2021-04-16,179836531.89029,14813687.35597,1618531200000
2021-04-17,98917624.60682,8308269.71958,1618617600000
2021-04-18,1433580350.04491,137423699.33717,1618704000000
2021-04-19,100996921.94275,40725611.93339,1618790400000
2021-04-20,96902895.04049,58452901.67816,1618876800000
2021-04-21,101274332.4258,26286354.7321,1618963200000
2021-04-22,288602589.51815,82509700.58017,1619049600000
2021-04-23,379071547.58726,144979704.11742,1619136000000
2021-04-24,79304269.22008,60205165.59847,1619222400000
2021-04-25,175314350.11966,54731233.01383,1619308800000
2021-04-26,55225188.45579,185914456.58873,1619395200000
2021-04-27,17518297.49821,32199317.97298,1619481600000
2021-04-28,15453329.51158,20013576.25939,1619568000000
2021-04-29,16466024.7223,7790635.66449,1619654400000
2021-04-30,6256366.6466,26534343.60789,1619740800000
2021-05-01,9293473.91252,9012008.31796,1619827200000
2021-05-02,12857277.74136,7570469.57292,1619913600000
2021-05-03,15457145.14772,12771534.37667,1620000000000
2021-05-04,37576250.2495,13830931.52933,1620086400000
2021-05-05,10171949.09368,19639187.42917,1620172800000
2021-05-06,18102500.83939,14031765.61753,1620259200000
2021-05-07,16888922.44698,16273776.23279,1620345600000
2021-05-08,11742357.66827,17016635.32267,1620432000000
2021-05-09,13464611.42088,9697812.26776,1620518400000
2021-05-10,44386943.46668,16352365.64808,1620604800000
2021-05-11,16384398.18087,11362901.61716,1620691200000
2021-05-12,36834994.4223,16038939.52082,1620777600000
2021-05-13,68538866.35872,37542055.5447,1620864000000
2021-05-14,17143731.8696,16678213.40665,1620950400000
2021-05-15,32221114.39843,22122800.63442,1621036800000
2021-05-16,43652247.69162,26294558.25047,1621123200000
2021-05-17,66537765.57476,38372428.25291,1621209600000
2021-05-18,30761099.37428,23606715.73614,1621296000000
2021-05-19,145717283.2215,60515941.53193,1621382400000
2021-05-20,31027554.08181,29668480.48618,1621468800000
2021-05-21,36678801.96272,22158856.21871,1621555200000
2021-05-22,15363067.5409,12268845.75675,1621641600000
2021-05-23,31511072.63142,18366501.29176,1621728000000
2021-05-24,14493723.9274,14075604.00908,1621814400000
2021-05-25,14193910.57966,9670279.56364,1621900800000
2021-05-26,10147952.44218,9431887.00446,1621987200000
2021-05-27,13957995.34709,7979433.36664,1622073600000
2021-05-28,21813055.42634,13117486.99056,1622160000000
2021-05-29,12689257.22731,11205195.39012,1622246400000
2021-05-30,7561486.82476,10681946.70234,1622332800000
2021-05-31,8954230.91989,12333743.15199,1622419200000
2021-06-01,12175212.28755,8766384.72734,1622505600000
2021-06-02,4980733.81325,6454794.22928,1622592000000
2021-06-03,6237447.36578,8405883.73553,1622678400000
2021-06-04,15167643.79473,8999343.09267,1622764800000
2021-06-05,13989195.0459,9655036.01815,1622851200000
2021-06-06,5400918.54752,5558303.61194,1622937600000
2021-06-07,3115312.50399,2615403.76102,1623024000000
2021-06-08,12203787.40394,9543036.5352,1623110400000
2021-06-09,17328214.23564,25119566.5087,1623196800000
2021-06-10,19698016.19361,17597931.47206,1623283200000
2021-06-11,11873313.40264,10251618.60067,1623369600000
2021-06-12,17844174.05959,10513892.8582,1623456000000
2021-06-13,10467045.57897,17402912.99939,1623542400000
2021-06-14,14146495.11872,13188934.90098,1623628800000
2021-06-15,12676369.33153,12758268.96019,1623715200000
2021-06-16,16122401.6884,8984049.27681,1623801600000
2021-06-17,12192975.77174,8982408.75747,1623888000000
2021-06-18,25558631.51484,14483071.42674,1623974400000
2021-06-19,15869666.48156,15030541.25791,1624060800000
2021-06-20,18988241.02142,17534781.12679,1624147200000
2021-06-21,44924613.45139,24599509.16481,1624233600000
2021-06-22,42091264.29166,31207141.6326,1624320000000
2021-06-23,20125356.11342,23800692.09097,1624406400000
2021-06-24,13659597.27355,14126676.47412,1624492800000
2021-06-25,35469689.60551,20803997.97936,1624579200000
2021-06-26,25377722.57341,20912757.67422,1624665600000
2021-06-27,15936812.89836,17985144.37298,1624752000000
2021-06-28,12589951.25689,8609121.23054,1624838400000
2021-06-29,10715089.55401,14010880.76362,1624924800000
2021-06-30,13794980.10123,10340030.83648,1625011200000
2021-07-01,14464762.64577,10006213.37854,1625097600000
2021-07-02,12114261.90189,11939103.65333,1625184000000
2021-07-03,7210730.4489,8035839.43021,1625270400000
2021-07-04,4548374.26253,7652155.60637,1625356800000
2021-07-05,15832790.66951,7062263.81559,1625443200000
2021-07-06,10787745.96949,11894744.00163,1625529600000
2021-07-07,6157087.94994,6790961.62742,1625616000000
2021-07-08,13775708.85551,8574227.47983,1625702400000
2021-07-09,6906248.93174,10000639.91504,1625788800000
2021-07-10,8460217.60747,5428968.77415,1625875200000
2021-07-11,4201781.10231,5968423.80872,1625961600000
2021-07-12,12287012.75238,5932725.51533,1626048000000
2021-07-13,13360586.90369,5917087.88024,1626134400000
2021-07-14,8718474.42112,8982439.88246,1626220800000
2021-07-15,13518810.35031,5410033.38711,1626307200000
2021-07-16,16894770.04015,7964587.51303,1626393600000
2021-07-17,7933513.1308,6149150.06514,1626480000000
2021-07-18,6562730.40307,7169028.23064,1626566400000
2021-07-19,10758670.04775,3809949.57287,1626652800000
2021-07-20,13272712.12676,8300100.69901,1626739200000
2021-07-21,6552363.34623,19020275.56652,1626825600000
2021-07-22,7309512.80212,8032530.88166,1626912000000
2021-07-23,5520513.2747,15429205.97861,1626998400000
2021-07-24,5210930.5567,8817299.8705,1627084800000
2021-07-25,5398710.33081,12926650.17131,1627171200000
2021-07-26,26149686.33172,42624947.22308,1627257600000
2021-07-27,14382143.07851,22805297.38428,1627344000000
2021-07-28,18376622.96257,20688942.48941,1627430400000
2021-07-29,8281617.0622,7899055.61335,1627516800000
2021-07-30,8551896.17024,14262543.61927,1627603200000
2021-07-31,9464753.14163,7302434.31684,1627689600000
2021-08-01,19306134.65175,9666351.4041,1627776000000
2021-08-02,12578558.88671,10057776.92331,1627862400000
2021-08-03,18240697.70534,10946838.11392,1627948800000
2021-08-04,8358093.87057,13918902.76751,1628035200000
2021-08-05,20541728.85452,20749792.41172,1628121600000
2021-08-06,12468969.85918,20585507.68685,1628208000000
2021-08-07,13948177.5612,23890950.41539,1628294400000
2021-08-08,18651954.20123,15801274.72466,1628380800000
2021-08-09,13873989.67357,23111496.20046,1628467200000
2021-08-10,13278245.27592,10950039.98948,1628553600000
2021-08-11,9479525.30644,10634038.21525,1628640000000
2021-08-12,19543063.11022,8957285.01749,1628726400000
2021-08-13,4148554.94886,20098369.73267,1628812800000
2021-08-14,10914346.13817,8053978.61808,1628899200000
2021-08-15,11714992.44986,9502455.01456,1628985600000
2021-08-16,14857341.88189,8732869.42934,1629072000000
2021-08-17,23419744.5108,12159870.03043,1629158400000
2021-08-18,13166411.11317,9854818.62652,1629244800000
2021-08-19,11555168.91964,22189755.45065,1629331200000
2021-08-20,4444783.5834,18496030.69234,1629417600000
2021-08-21,8642406.00261,8247941.55273,1629504000000
2021-08-22,8350018.14155,7236371.23172,1629590400000
2021-08-23,8574021.08936,11594193.69321,1629676800000
2021-08-24,22477644.63105,7119639.79826,1629763200000
2021-08-25,8194408.86887,13847052.05376,1629849600000
2021-08-26,20508796.83051,8499060.51017,1629936000000
2021-08-27,8030591.64334,13239499.8876,1630022400000
2021-08-28,4816589.8015,3763834.79441,1630108800000
2021-08-29,5005289.95092,7959407.56849,1630195200000
2021-08-30,11993907.13333,5763246.50807,1630281600000
2021-08-31,11761407.93202,11631895.17397,1630368000000
2021-09-01,5493271.88958,13776997.2176,1630454400000
2021-09-02,7343538.16913,13557345.55553,1630540800000
2021-09-03,8215513.54148,11456921.80989,1630627200000
2021-09-04,6833597.21383,5720221.62432,1630713600000
2021-09-05,2847875.24496,10467540.90262,1630800000000
2021-09-06,4206262.26024,11675160.57695,1630886400000
2021-09-07,75870226.17458,18448838.93649,1630972800000
2021-09-08,13983104.22042,11708161.26168,1631059200000
2021-09-09,7338153.00852,6252797.60107,1631145600000
2021-09-10,11632299.44166,5530779.39202,1631232000000
2021-09-11,4272092.50247,5874281.21495,1631318400000
2021-09-12,4701352.18461,5852329.42872,1631404800000
2021-09-13,16243147.66042,12021827.54605,1631491200000
2021-09-14,3447514.69882,9549598.80043,1631577600000
2021-09-15,3331169.48826,5624906.6835,1631664000000
2021-09-16,9853991.87802,4718934.88702,1631750400000
2021-09-17,8358146.88473,4922147.82818,1631836800000
2021-09-18,3354376.41694,7052221.02115,1631923200000
2021-09-19,7720331.17478,3283017.08405,1632009600000
2021-09-20,33983969.93281,13255808.94116,1632096000000
2021-09-21,32926083.28553,20041471.75716,1632182400000
2021-09-22,8334919.36617,13488767.92461,1632268800000
2021-09-23,5760959.946,9572124.11483,1632355200000
2021-09-24,19213365.68134,13407811.20585,1632441600000
2021-09-25,5485366.68996,5871377.98195,1632528000000
2021-09-26,9615020.50846,8364824.81978,1632614400000
2021-09-27,6353460.78835,5780665.64744,1632700800000
2021-09-28,10544270.20033,4309960.37301,1632787200000
2021-09-29,6441564.15936,6352259.626,1632873600000
2021-09-30,6494423.12915,12045086.21214,1632960000000
2021-10-01,5446829.50276,18784918.77236,1633046400000
2021-10-02,4727335.83782,4110921.06249,1633132800000
2021-10-03,5566119.7534,6851341.16094,1633219200000
2021-10-04,9457221.76195,8906020.70069,1633305600000
2021-10-05,4905981.02472,12310062.44879,1633392000000
2021-10-06,9370228.6752,19874539.84183,1633478400000
2021-10-07,14647171.71709,9815591.86966,1633564800000
2021-10-08,7520235.86086,7533318.18051,1633651200000
2021-10-09,4093209.01497,3959807.76277,1633737600000
2021-10-10,10118420.48376,8369469.33471,1633824000000
2021-10-11,5563520.0253,17655796.3464,1633910400000
2021-10-12,14779814.31658,8871484.37432,1633996800000
2021-10-13,7496763.35165,15381343.98984,1634083200000
2021-10-14,6566806.97932,11488929.20687,1634169600000
2021-10-15,11644540.8659,28398117.73708,1634256000000
2021-10-16,8508952.14755,5476603.06096,1634342400000
2021-10-17,9130997.67463,8189887.95634,1634428800000
2021-10-18,10813244.04602,15394676.09758,1634515200000
2021-10-19,8685814.11518,16875227.56037,1634601600000
2021-10-20,7214631.47392,12697522.5351,1634688000000
2021-10-21,21034002.72104,16150407.29278,1634774400000
2021-10-22,14603335.70863,7739499.15483,1634860800000
2021-10-23,7101949.38996,6409467.65379,1634947200000
2021-10-24,8927579.83529,6003535.58543,1635033600000
2021-10-25,3663279.16705,20037720.84233,1635120000000
2021-10-26,21473830.92916,5915969.38142,1635206400000
2021-10-27,26154624.3813,11856468.70933,1635292800000
2021-10-28,11739272.61936,17722990.97493,1635379200000
2021-10-29,6302375.38373,7333038.93498,1635465600000
2021-10-30,6613166.14763,4668485.17358,1635552000000
2021-10-31,12976052.32177,6774445.24046,1635638400000
2021-11-01,12338334.21683,7020283.49329,1635724800000
2021-11-02,5958822.037,12537365.31456,1635811200000
2021-11-03,7879507.82172,7463385.32966,1635897600000
2021-11-04,11886105.81978,3606273.23627,1635984000000
2021-11-05,7826980.66356,5574920.0734,1636070400000
2021-11-06,10303221.06465,3980423.25851,1636156800000
2021-11-07,2159489.32694,6485106.33704,1636243200000
2021-11-08,4949088.89661,28121827.60389,1636329600000
2021-11-09,13018325.96481,10088678.94702,1636416000000
2021-11-10,34058033.37616,18607815.54804,1636502400000
2021-11-11,6937885.1141,4961012.05245,1636588800000
2021-11-12,14372372.4919,7081790.62918,1636675200000
2021-11-13,2640926.2313,4222873.79257,1636761600000
2021-11-14,5807536.82019,7370742.59631,1636848000000
2021-11-15,17105562.49734,4993647.728,1636934400000
2021-11-16,50527999.80166,13948509.27829,1637020800000
2021-11-17,16754063.79048,10640635.8749,1637107200000
2021-11-18,32376810.91152,9771458.89334,1637193600000
2021-11-19,12521431.41496,8268785.83448,1637280000000
2021-11-20,5026725.11762,9118250.45491,1637366400000
2021-11-21,8813180.05174,3262940.88604,1637452800000
2021-11-22,26964899.64671,7914399.1623,1637539200000
2021-11-23,10957092.50593,7384633.40121,1637625600000
2021-11-24,12811369.92422,6437366.93118,1637712000000
2021-11-25,4149912.70478,12305361.1331,1637798400000
2021-11-26,67818491.7455,8443697.09639,1637884800000
2021-11-27,6614076.10697,3555916.32758,1637971200000
2021-11-28,14525081.17036,15353467.12651,1638057600000
2021-11-29,6117774.16579,13280527.9109,1638144000000
2021-11-30,32269461.79477,19522974.49834,1638230400000
2021-12-01,13025520.73827,8403132.63693,1638316800000
2021-12-02,13721477.37522,7517870.80772,1638403200000
2021-12-03,42330869.87269,8162829.79961,1638489600000
2021-12-04,94765315.86697,27668119.6495,1638576000000
2021-12-05,15233046.21616,11095907.60062,1638662400000
2021-12-06,11873367.06768,19446959.79702,1638748800000
2021-12-07,7275535.47208,7780793.00507,1638835200000
2021-12-08,8403616.86461,7453851.66495,1638921600000
2021-12-09,20155196.45849,6084018.42564,1639008000000
2021-12-10,10858733.34924,9751021.16639,1639094400000
2021-12-11,5196105.54408,7400411.63555,1639180800000
2021-12-12,3405905.94167,4594498.86076,1639267200000
2021-12-13,15842878.68317,7914507.74785,1639353600000
2021-12-14,7756648.02913,8063876.00556,1639440000000
2021-12-15,10481440.32198,10107301.11478,1639526400000
2021-12-16,8758061.43183,3207041.83668,1639612800000
2021-12-17,15375108.8406,6580399.14748,1639699200000
2021-12-18,4966183.60587,4797741.96515,1639785600000
2021-12-19,6684594.76546,6127177.71385,1639872000000
2021-12-20,8463663.4527,7552233.12563,1639958400000
2021-12-21,3875712.58392,10800477.63,1640044800000
2021-12-22,5212108.04198,5948768.98207,1640131200000
2021-12-23,4816419.18909,13405184.6732,1640217600000
2021-12-24,8953226.92586,7719996.85036,1640304000000
2021-12-25,2612967.66844,2348673.91991,1640390400000
2021-12-26,6516983.89293,4511167.58079,1640476800000
2021-12-27,7227664.1753,4531301.6582,1640563200000
2021-12-28,20902768.02045,4216659.10502,1640649600000
2021-12-29,9420651.35672,5071861.99904,1640736000000
2021-12-30,8293830.98686,5733016.2386,1640822400000
2021-12-31,18035352.25544,7284195.45795,1640908800000
2022-01-01,3464694.301,5012471.8126,1640995200000
2022-01-02,7374772.23368,4746792.5502,1641081600000
2022-01-03,10179621.95918,3886539.02466,1641168000000
2022-01-04,19499096.83574,6485202.72165,1641254400000
2022-01-05,30691103.46098,9204642.15196,1641340800000
2022-01-06,8121446.12792,5594790.7459,1641427200000
2022-01-07,18020333.30954,8990260.73927,1641513600000
2022-01-08,10149267.82137,6374741.83154,1641600000000
2022-01-09,4945126.08955,5376470.55213,1641686400000
2022-01-10,15048584.58689,9382796.19681,1641772800000
2022-01-11,5915811.93931,9725234.90881,1641859200000
2022-01-12,3448890.52369,6536983.50785,1641945600000
2022-01-13,8990046.60734,3570970.72269,1642032000000
2022-01-14,6222685.91428,5203201.74238,1642118400000
2022-01-15,2770913.82155,3465027.89334,1642204800000
2022-01-16,3540778.9328,3087351.20902,1642291200000
2022-01-17,9974014.13511,3166763.51561,1642377600000
2022-01-18,7144270.29443,6186909.00128,1642464000000
2022-01-19,10711817.36996,4932289.6559,1642550400000
2022-01-20,15518833.25908,7825911.08817,1642636800000
2022-01-21,46653264.55377,16821089.64497,1642723200000
2022-01-22,25131010.08514,17005057.42895,1642809600000
2022-01-23,8387746.33301,8059155.02048,1642896000000
2022-01-24,23676787.54708,20682885.07422,1642982400000
2022-01-25,8764211.31828,10888829.28001,1643068800000
2022-01-26,15580017.11201,12734023.48059,1643155200000
2022-01-27,13672196.43541,10593394.81655,1643241600000
2022-01-28,7850810.20155,10194675.67829,1643328000000
2022-01-29,4011510.56409,4504085.34391,1643414400000
2022-01-30,4183846.66618,2758315.42832,1643500800000
2022-01-31,6022754.29499,8608051.92254,1643587200000
2022-02-01,6870929.87201,6996081.18714,1643673600000
2022-02-02,12663640.54307,3470984.86879,1643760000000
2022-02-03,6952669.24358,5134746.31076,1643846400000
2022-02-04,5287650.01671,18654120.24476,1643932800000
2022-02-05,7094597.92406,5588254.27477,1644019200000
2022-02-06,2575805.70824,6159747.8042,1644105600000
2022-02-07,6148215.98144,15795657.74062,1644192000000
2022-02-08,13855118.05631,16429979.75606,1644278400000
2022-02-09,7719311.67264,7960306.2044,1644364800000
2022-02-10,14721199.6614,13236068.34134,1644451200000
2022-02-11,13877863.04208,6952006.71874,1644537600000
2022-02-12,5176178.11352,4631312.49365,1644624000000
2022-02-13,3875160.53832,2387800.43279,1644710400000
2022-02-14,6206798.03596,4397484.27354,1644796800000
2022-02-15,1903170.98102,10342071.38709,1644883200000
2022-02-16,5500946.50745,4210723.9224,1644969600000
2022-02-17,14372503.55094,3955330.66238,1645056000000
2022-02-18,10050510.59514,6570977.15178,1645142400000
2022-02-19,3447124.56858,2297844.00714,1645228800000
2022-02-20,8715602.1935,3373367.33469,1645315200000
2022-02-21,14230368.37973,9756333.73299,1645401600000
2022-02-22,7210560.24201,8351338.80982,1645488000000
2022-02-23,8296032.75368,3845402.92243,1645574400000
2022-02-24,18157921.64855,18527788.06679,1645660800000
2022-02-25,6572962.64477,7131744.86681,1645747200000
2022-02-26,5002296.61306,3931644.87621,1645833600000
2022-02-27,10996425.88456,5418439.29825,1645920000000
2022-02-28,8112799.49926,15566756.22237,1646006400000
2022-03-01,7589158.88911,6908159.58118,1646092800000
2022-03-02,7367750.16665,6053101.52316,1646179200000
2022-03-03,9187067.82175,4529457.89181,1646265600000
2022-03-04,16873724.19896,5191577.86869,1646352000000
2022-03-05,2575643.30186,2935275.23947,1646438400000
2022-03-06,6785771.05529,4038121.17693,1646524800000
2022-03-07,9581532.70382,6772255.25229,1646611200000
2022-03-08,7693209.49284,7528856.63416,1646697600000
2022-03-09,4991915.27072,10351942.78605,1646784000000
2022-03-10,10552421.32242,5672267.27553,1646870400000
2022-03-11,7817640.76981,4762228.96094,1646956800000
2022-03-12,2251987.21797,1221771.4654,1647043200000
2022-03-13,4633748.38694,1688913.89245,1647129600000
2022-03-14,4263290.88173,5445143.92947,1647216000000
2022-03-15,3469553.39274,4400612.42742,1647302400000
2022-03-16,8178848.77682,11280713.06073,1647388800000
2022-03-17,2491831.60781,2862410.33698,1647475200000
2022-03-18,3835099.44758,4785343.04636,1647561600000
2022-03-19,1939443.43724,1942285.49467,1647648000000
2022-03-20,4028486.34282,2068775.47693,1647734400000
2022-03-21,3578269.4664,3216531.19787,1647820800000
2022-03-22,4197403.72254,5857820.0052,1647907200000
2022-03-23,3564423.82158,3608849.90822,1647993600000
2022-03-24,2679463.91408,5720704.9487,1648080000000
2022-03-25,4794635.82934,5748925.07414,1648166400000
2022-03-26,1338020.82619,1444042.87787,1648252800000
2022-03-27,2029107.18489,6413484.59885,1648339200000
2022-03-28,7678993.16668,9699575.4963,1648425600000
2022-03-29,5877732.54944,4463511.31946,1648512000000
2022-03-30,5564167.85435,3682343.00331,1648598400000
2022-03-31,12443699.88456,3228043.08218,1648684800000
2022-04-01,10293527.6675,9392165.09714,1648771200000
2022-04-02,6793216.95106,4783321.88403,1648857600000
2022-04-03,3389691.20725,6099945.08728,1648944000000
2022-04-04,6379216.42674,5308894.36217,1649030400000
2022-04-05,6544038.07131,2329679.90224,1649116800000
2022-04-06,22830173.61634,4302728.98326,1649203200000
2022-04-07,4673618.04236,3385430.89127,1649289600000
2022-04-08,7784520.6325,5113475.72207,1649376000000
2022-04-09,1387204.93701,1919239.25892,1649462400000
2022-04-10,5256414.34871,2360705.35452,1649548800000
2022-04-11,16793607.21048,3744518.23412,1649635200000
2022-04-12,5701416.61205,4829742.74447,1649721600000
2022-04-13,3573141.62883,8022683.54776,1649808000000
2022-04-14,4708293.98374,1390941.38524,1649894400000
2022-04-15,2438020.47615,3321228.65379,1649980800000
2022-04-16,1253716.13568,2000713.92181,1650067200000
2022-04-17,5710541.49751,892506.29934,1650153600000
2022-04-18,7751453.06018,6832356.55747,1650240000000
2022-04-19,1602064.28549,5206213.39056,1650326400000
2022-04-20,3303401.28931,3856435.96499,1650412800000
2022-04-21,17456490.53893,4676598.7597,1650499200000
2022-04-22,6162229.27409,3161386.8948,1650585600000
2022-04-23,2545640.9063,1203767.74073,1650672000000
2022-04-24,3330233.61233,1710815.57967,1650758400000
2022-04-25,8280717.67973,9021032.12075,1650844800000
2022-04-26,13491210.26171,4431513.69156,1650931200000
2022-04-27,4136322.46785,5988071.30225,1651017600000
2022-04-28,7178759.97355,9262155.06484,1651104000000
2022-04-29,11964051.59647,2859662.2674,1651190400000
2022-04-30,9203528.17718,1427761.34932,1651276800000
2022-05-01,4796857.66609,5589174.46366,1651363200000
2022-05-02,5373627.00542,3562190.35134,1651449600000
2022-05-03,3112024.12882,1096249.46176,1651536000000
2022-05-04,2734046.1456,8830023.37765,1651622400000
2022-05-05,14236392.44287,3777077.8454,1651708800000
2022-05-06,8024035.02331,6112555.07343,1651795200000
2022-05-07,4862819.37442,1919048.21418,1651881600000
2022-05-08,6627220.14363,4488233.67245,1651968000000
2022-05-09,30037529.7975,13038325.50473,1652054400000
2022-05-10,19050800.76146,19187253.95938,1652140800000
2022-05-11,38248218.05883,20393917.56721,1652227200000
2022-05-12,33241324.12635,32785486.71143,1652313600000
2022-05-13,11646826.17938,9356986.13014,1652400000000
2022-05-14,4767143.34817,5331354.40029,1652486400000
2022-05-15,4105548.16487,6296264.37324,1652572800000
2022-05-16,8214499.62468,5150728.59653,1652659200000
2022-05-17,5287646.16082,5089549.94783,1652745600000
2022-05-18,9225493.51633,2580957.99388,1652832000000
2022-05-19,4098525.3468,8866783.21305,1652918400000
2022-05-20,7605837.21769,4896905.20344,1653004800000
2022-05-21,1335059.80973,1838444.70715,1653091200000
2022-05-22,1654304.39961,3194774.61984,1653177600000
2022-05-23,8936027.52141,4355556.88902,1653264000000
2022-05-24,4263193.8484,3445851.52849,1653350400000
2022-05-25,4360645.40163,3502484.96744,1653436800000
2022-05-26,10667241.23386,5712747.61907,1653523200000
2022-05-27,8023944.75278,4049311.02596,1653609600000
2022-05-28,423008.71063,1659078.76913,1653696000000
2022-05-29,1084068.80542,2201464.9144,1653782400000
2022-05-30,3261444.57089,9263447.47098,1653868800000
2022-05-31,4129677.65669,4065361.70045,1653955200000
2022-06-01,11776478.0716,3678481.85568,1654041600000
2022-06-02,3584568.72176,3770021.62974,1654128000000
2022-06-03,5647978.97932,2370544.57207,1654214400000
2022-06-04,1338666.88978,1222300.24838,1654300800000
2022-06-05,2299604.74888,1660794.78582,1654387200000
2022-06-06,2290416.34838,6651986.05338,1654473600000
2022-06-07,12999852.56047,10568058.53507,1654560000000
2022-06-08,6582252.22479,4510009.4197,1654646400000
2022-06-09,3466019.53437,2268306.63553,1654732800000
2022-06-10,5874882.36879,3254739.00326,1654819200000
2022-06-11,9724706.65654,3480973.19049,1654905600000
2022-06-12,12344828.81979,4331919.75793,1654992000000
2022-06-13,40659493.13575,17022627.37541,1655078400000
2022-06-14,21196890.82696,18565567.61847,1655164800000
2022-06-15,20632755.71638,19185830.72684,1655251200000
2022-06-16,14984029.53229,7220133.19686,1655337600000
2022-06-17,8076331.24765,7967851.99661,1655424000000
2022-06-18,21209987.07463,12082874.7012,1655510400000
2022-06-19,10494139.43116,14097049.88913,1655596800000
2022-06-20,11610377.31281,11106183.52634,1655683200000
2022-06-21,6832033.49292,6506493.48422,1655769600000
2022-06-22,8747774.4248,5033971.46084,1655856000000
2022-06-23,3421419.44616,6036979.18884,1655942400000
2022-06-24,4801259.47085,6180577.02643,1656028800000
2022-06-25,3038054.92615,3792731.45204,1656115200000
2022-06-26,2721433.31298,2178515.97848,1656201600000
2022-06-27,4546431.42461,2114814.32662,1656288000000
2022-06-28,5513991.26701,2110664.06453,1656374400000
2022-06-29,4211786.29412,2851185.97107,1656460800000
2022-06-30,6627380.07735,5580241.20721,1656547200000
2022-07-01,8652645.85477,5440836.99587,1656633600000
2022-07-02,1973062.61108,3064235.08809,1656720000000
2022-07-03,3371662.47962,2461140.90494,1656806400000
2022-07-04,3224902.2176,4548170.71536,1656892800000
2022-07-05,6994966.35468,7037254.27539,1656979200000
2022-07-06,7184782.90668,5300071.75494,1657065600000
2022-07-07,2267300.77448,8887092.68902,1657152000000
2022-07-08,7947309.04695,5842706.24148,1657238400000
2022-07-09,2982885.66792,1846494.31384,1657324800000
2022-07-10,4113971.39854,1766781.38819,1657411200000
2022-07-11,5727066.60567,3484686.39505,1657497600000
2022-07-12,8312975.50301,2950096.67645,1657584000000
2022-07-13,5564745.74694,9366778.99719,1657670400000
2022-07-14,4784040.89937,8863236.85365,1657756800000
2022-07-15,3833622.80455,5855083.04324,1657843200000
2022-07-16,5280040.92796,4557715.5348,1657929600000
2022-07-17,3979261.57808,3358079.81001,1658016000000
2022-07-18,10337865.93861,15451093.24431,1658102400000
2022-07-19,9309461.9389,12007986.59483,1658188800000
2022-07-20,11501221.89048,10798581.69316,1658275200000
2022-07-21,7721187.99084,6156352.99258,1658361600000
2022-07-22,5550218.25163,5404906.68101,1658448000000
2022-07-23,4761582.49556,2285144.98557,1658534400000
2022-07-24,3931147.40305,3632040.09585,1658620800000
2022-07-25,10602276.26973,2794300.44543,1658707200000
2022-07-26,5887031.09054,3343211.92247,1658793600000
2022-07-27,2836043.77342,10356299.49694,1658880000000
2022-07-28,5916885.14234,12969583.87632,1658966400000
2022-07-29,5345708.23191,6454875.54909,1659052800000
2022-07-30,4172634.8164,4176270.18835,1659139200000
2022-07-31,4682651.99828,2647925.46452,1659225600000
2022-08-01,6915025.30354,3231522.76746,1659312000000
2022-08-02,7714990.04725,3574351.72127,1659398400000
2022-08-03,5832662.60669,4236012.64552,1659484800000
2022-08-04,4408842.76407,2644055.90114,1659571200000
2022-08-05,3481880.69599,5540209.81948,1659657600000
2022-08-06,2045150.50594,542968.05356,1659744000000
2022-08-07,1442479.52276,2245010.79152,1659830400000
2022-08-08,4022693.30401,5311415.55732,1659916800000
2022-08-09,7839478.71147,2262390.63547,1660003200000
2022-08-10,5371741.27974,5842763.22547,1660089600000
2022-08-11,7077303.62872,6699370.36041,1660176000000
2022-08-12,3341392.93845,3794884.75383,1660262400000
2022-08-13,3184167.16409,3972128.76258,1660348800000
2022-08-14,4024305.19597,4234356.38669,1660435200000
2022-08-15,8794248.03787,7690544.96429,1660521600000
2022-08-16,4716580.19086,1935143.83538,1660608000000
2022-08-17,6900829.64142,3634141.30412,1660694400000
2022-08-18,4129134.34819,1464805.70182,1660780800000
2022-08-19,21056523.35385,4585394.6137,1660867200000
2022-08-20,3331570.85679,3220552.79695,1660953600000
2022-08-21,2587975.98516,4064112.38063,1661040000000
2022-08-22,4291527.52992,3281433.45969,1661126400000
2022-08-23,2611110.21608,4440062.85761,1661212800000
2022-08-24,3733706.54024,4605217.09133,1661299200000
2022-08-25,2191792.94662,1906038.08594,1661385600000
2022-08-26,11570896.72244,3234535.26994,1661472000000
2022-08-27,3078261.7805,2870242.50512,1661558400000
2022-08-28,3840760.871,1588885.90104,1661644800000
2022-08-29,1585667.68281,4523381.74426,1661731200000
2022-08-30,7730790.64568,3740760.36722,1661817600000
2022-08-31,4751750.51585,3663935.28378,1661904000000
2022-09-01,3392325.31199,3123049.55332,1661990400000
2022-09-02,5962684.68674,2812999.91104,1662076800000
2022-09-03,1099526.27203,472219.74439,1662163200000
2022-09-04,1517283.47482,1480257.21645,1662249600000
2022-09-05,3123829.18408,1818652.67052,1662336000000
2022-09-06,10706206.6865,4040192.68481,1662422400000
2022-09-07,4661611.87924,5001531.11005,1662508800000
2022-09-08,3849840.582,3901915.44996,1662595200000
2022-09-09,3498276.34932,11190614.43913,1662681600000
2022-09-10,3062089.60012,4896589.08473,1662768000000
2022-09-11,2401954.66839,2574474.08792,1662854400000
2022-09-12,4263672.24284,7705835.79147,1662940800000
2022-09-13,18385454.49779,5245572.48122,1663027200000
2022-09-14,5324040.88194,4941407.58829,1663113600000
2022-09-15,6894684.45963,3458917.3379,1663200000000
2022-09-16,2953317.81948,2771969.16377,1663286400000
2022-09-17,2167200.07234,2987447.30522,1663372800000
2022-09-18,6694793.61328,1623460.07123,1663459200000
2022-09-19,7357624.03031,6974382.53777,1663545600000
2022-09-20,6305999.59326,3524246.98335,1663632000000
2022-09-21,10066316.20762,8621092.24158,1663718400000
2022-09-22,4259667.78966,9598881.42532,1663804800000
2022-09-23,7163601.56336,6421867.35756,1663891200000
2022-09-24,4235220.51348,1575074.1398,1663977600000
2022-09-25,2360933.25809,1852981.41799,1664064000000
2022-09-26,4298807.29562,4679450.54789,1664150400000
2022-09-27,11205139.18445,8145597.48776,1664236800000
2022-09-28,8817380.42157,7927224.14473,1664323200000
2022-09-29,6159410.15078,5224222.17108,1664409600000
2022-09-30,6128285.57789,5122840.50985,1664496000000
2022-10-01,1091327.62571,401106.47135,1664582400000
2022-10-02,2849993.43619,1765863.57019,1664668800000
2022-10-03,1701193.2497,5220582.56869,1664755200000
2022-10-04,4117711.32935,5988123.21868,1664841600000
2022-10-05,3942982.88761,3678129.94508,1664928000000
2022-10-06,3033847.24581,2830303.03155,1665014400000
2022-10-07,5142765.08408,1675515.17681,1665100800000
2022-10-08,1427371.44685,729815.1145,1665187200000
2022-10-09,425580.13217,522673.87714,1665273600000
2022-10-10,5047367.44824,1694021.37462,1665360000000
2022-10-11,4050334.48605,2021037.25223,1665446400000
2022-10-12,346529.69691,1208418.05746,1665532800000
2022-10-13,7781145.54859,5977880.09892,1665619200000
2022-10-14,5927231.19277,6364452.15711,1665705600000
2022-10-15,1005900.20379,579230.4449,1665792000000
2022-10-16,1293833.98166,1566932.9486,1665878400000
2022-10-17,964962.91767,1841656.61719,1665964800000
2022-10-18,3811256.95712,2403802.89967,1666051200000
2022-10-19,2275045.85425,749412.48532,1666137600000
2022-10-20,3299680.22838,1867831.64083,1666224000000
2022-10-21,2598500.45375,2572457.27436,1666310400000
2022-10-22,532355.58186,444947.16714,1666396800000
2022-10-23,800401.6492,3866453.96026,1666483200000
2022-10-24,1812000.21709,2447375.04662,1666569600000
2022-10-25,2482532.11052,8736552.56573,1666656000000
2022-10-26,4041744.79084,5336186.8621,1666742400000
2022-10-27,4609124.55649,2727655.37365,1666828800000
2022-10-28,3960172.02901,2938368.58847,1666915200000
2022-10-29,2851672.96063,7578738.40884,1667001600000
2022-10-30,2677981.36155,1840604.92328,1667088000000
2022-10-31,3322103.35266,2526060.58381,1667174400000
2022-11-01,1263303.12647,1312787.18388,1667260800000
2022-11-02,5430722.01229,2807790.00926,1667347200000
2022-11-03,3953109.93339,1677557.69367,1667433600000
2022-11-04,3044179.75422,8789013.42769,1667520000000
2022-11-05,1334379.94326,2927358.36884,1667606400000
2022-11-06,4479839.88931,532337.1236,1667692800000
2022-11-07,7623013.27787,1289933.48311,1667779200000
2022-11-08,37868366.548,16424907.09744,1667865600000
2022-11-09,35862011.02616,15311364.79831,1667952000000
2022-11-10,13035860.76371,21251351.59468,1668038400000
2022-11-11,8096602.85157,9004919.26114,1668124800000
2022-11-12,3163716.75961,1230672.20673,1668211200000
2022-11-13,3938420.3988,1442427.9673,1668297600000
2022-11-14,10222142.99162,7714615.27571,1668384000000
2022-11-15,4331536.15331,3756966.10484,1668470400000
2022-11-16,3501389.96652,2223963.85305,1668556800000
2022-11-17,2694258.0357,1690478.62291,1668643200000
2022-11-18,1978936.5865,1435488.3263,1668729600000
2022-11-19,787732.75929,646949.21956,1668816000000
2022-11-20,3468112.11536,909587.1036,1668902400000
2022-11-21,6202657.81045,4359040.33525,1668988800000
2022-11-22,2660291.52105,3808510.77054,1669075200000
2022-11-23,3051186.49336,4385913.87286,1669161600000
2022-11-24,1474878.12418,1562452.45488,1669248000000
2022-11-25,1438233.31026,806648.2757,1669334400000
2022-11-26,1423094.82192,1528601.30771,1669420800000
2022-11-27,643268.69787,726413.36954,1669507200000
2022-11-28,4814419.45759,2726419.26791,1669593600000
2022-11-29,882223.33359,2342892.99101,1669680000000
2022-11-30,1813505.53347,5398450.08828,1669766400000
2022-12-01,1826604.10805,763544.43147,1669852800000
2022-12-02,1349793.28816,1897501.54996,1669939200000
2022-12-03,1415378.84237,218884.26664,1670025600000
2022-12-04,511632.78737,1371765.80657,1670112000000
2022-12-05,2214306.46099,2604147.62014,1670198400000
2022-12-06,1201569.32038,855735.54907,1670284800000
2022-12-07,1859110.94034,525648.66531,1670371200000
2022-12-08,1164338.80721,2302478.9097,1670457600000
2022-12-09,689210.07031,727375.70795,1670544000000
2022-12-10,189923.1147,77224.53102,1670630400000
2022-12-11,1379511.75459,517352.44892,1670716800000
2022-12-12,1953305.34679,2279448.71013,1670803200000
2022-12-13,2606073.71828,10273827.53946,1670889600000
2022-12-14,2821955.69486,4031258.92201,1670976000000
2022-12-15,2863249.5892,533402.13743,1671062400000
2022-12-16,8648400.43264,1361209.49853,1671148800000
2022-12-17,657572.86976,1649838.12101,1671235200000
2022-12-18,717949.81957,1094055.15264,1671321600000
2022-12-19,3583809.35792,574053.50605,1671408000000
2022-12-20,980953.52769,2411895.62051,1671494400000
2022-12-21,1264232.99976,208355.32429,1671580800000
2022-12-22,1127044.82881,873069.30721,1671667200000
2022-12-23,681685.46515,820904.4412,1671753600000
2022-12-24,385.94728,64277.2208,1671840000000
2022-12-25,402523.07986,356548.58848,1671926400000
2022-12-26,233614.3927,1064704.68738,1672012800000
2022-12-27,1075225.19839,532462.33215,1672099200000
2022-12-28,2041771.12754,727752.42005,1672185600000
2022-12-29,1776007.73292,514725.26691,1672272000000
2022-12-30,836903.36475,671357.33476,1672358400000
2022-12-31,466395.70506,392211.7605,1672444800000
2023-01-01,43412.23488,294702.5603,1672531200000
2023-01-02,682776.65392,1747088.6582,1672617600000
2023-01-03,822255.6352,376687.22674,1672704000000
2023-01-04,796389.60874,3253060.43547,1672790400000
2023-01-05,134007.79987,430668.56399,1672876800000
2023-01-06,1082595.84823,2477902.68917,1672963200000
2023-01-07,23001.46513,111082.30735,1673049600000
2023-01-08,810684.76863,3143703.72347,1673136000000
2023-01-09,2002806.81475,6717821.12618,1673222400000
2023-01-10,365493.4929,3788881.0992,1673308800000
2023-01-11,927046.73533,5984262.65948,1673395200000
2023-01-12,5377003.82633,9079003.61557,1673481600000
2023-01-13,3237500.99608,11323772.33198,1673568000000
2023-01-14,8798901.51371,21942910.83872,1673654400000
2023-01-15,3514559.96113,2845485.15102,1673740800000
2023-01-16,4011949.36786,5123266.5628,1673827200000
2023-01-17,4653732.88717,4163590.60816,1673913600000
2023-01-18,9514376.20093,5555335.57359,1674000000000
2023-01-19,1414180.1759,3577879.18741,1674086400000
2023-01-20,2635303.80933,9899354.94487,1674172800000
2023-01-21,4796060.903,7087063.47494,1674259200000
2023-01-22,3850981.16781,4773653.64183,1674345600000
2023-01-23,2599091.03863,5355708.23261,1674432000000
2023-01-24,6887049.94633,2740358.52,1674518400000
2023-01-25,5457525.10731,11106132.0793,1674604800000
2023-01-26,2630948.19434,3094090.78612,1674691200000
2023-01-27,4583337.04945,4484984.9005,1674777600000
2023-01-28,1355577.02338,456615.62962,1674864000000
2023-01-29,1611775.33475,8199475.74569,1674950400000
2023-01-30,8832387.57943,2824904.02672,1675036800000
2023-01-31,2565260.37445,2861077.45236,1675123200000
2023-02-01,2769932.38868,5710995.22223,1675209600000
2023-02-02,6685039.3096,5898839.1639,1675296000000
2023-02-03,3078531.92114,2385048.02923,1675382400000
2023-02-04,1328344.7509,1106375.25329,1675468800000
2023-02-05,4919219.57411,1230731.9848,1675555200000
2023-02-06,3830502.26357,2273105.81194,1675641600000
2023-02-07,2009878.77033,4047634.42468,1675728000000
2023-02-08,4516006.44503,2206780.43929,1675814400000
2023-02-09,14104386.27331,2835085.64655,1675900800000
2023-02-10,2875715.44089,2951958.70472,1675987200000
2023-02-11,155384.67355,932041.00963,1676073600000
2023-02-12,2071978.02668,1300893.83419,1676160000000
2023-02-13,9246152.3683,3859027.03582,1676246400000
2023-02-14,3553438.71931,5728948.22941,1676332800000
2023-02-15,2147837.5776,11611928.31953,1676419200000
2023-02-16,12842185.32619,8539130.55753,1676505600000
2023-02-17,8553840.30738,13082690.79286,1676592000000
2023-02-18,1359909.76984,2006826.45233,1676678400000
2023-02-19,4814110.16804,6304523.02153,1676764800000
2023-02-20,6461532.15949,5309192.48407,1676851200000
2023-02-21,9445120.98717,6904957.93777,1676937600000
2023-02-22,10887140.74488,5234012.39832,1677024000000
2023-02-23,9856590.64973,5558936.57542,1677110400000
2023-02-24,9864205.15171,4035622.50596,1677196800000
2023-02-25,4636257.78421,1438976.10201,1677283200000
2023-02-26,1936860.97024,4077048.39744,1677369600000
2023-02-27,4874929.68767,3278797.59895,1677456000000
2023-02-28,5875277.78348,1979181.32875,1677542400000
2023-03-01,6882608.27802,6134223.4592,1677628800000
2023-03-02,3295083.3009,2171795.34772,1677715200000
2023-03-03,11523171.7446,2794091.06733,1677801600000
2023-03-04,2146740.79309,641750.48203,1677888000000
2023-03-05,1119427.71005,1713705.25654,1677974400000
2023-03-06,4237960.30622,844583.85693,1678060800000
2023-03-07,3965038.23873,2171990.5876,1678147200000
2023-03-08,5524667.78353,1665756.27382,1678233600000
2023-03-09,13778555.94947,2841579.87633,1678320000000
2023-03-10,12694033.78567,8355743.08412,1678406400000
2023-03-11,6350020.74699,9283134.95735,1678492800000
2023-03-12,3801314.2636,9181696.45276,1678579200000
2023-03-13,10916825.03241,14183347.13727,1678665600000
2023-03-14,18468242.27383,16021389.90198,1678752000000
2023-03-15,13191819.7247,10679538.17804,1678838400000
2023-03-16,4155209.26662,5744181.33562,1678924800000
2023-03-17,8647380.66475,15636563.87597,1679011200000
2023-03-18,9825823.15688,6200921.87187,1679097600000
2023-03-19,4192384.76812,7091144.57708,1679184000000
2023-03-20,11458457.05316,7726963.95531,1679270400000
2023-03-21,4751270.79845,6581988.38872,1679356800000
2023-03-22,10284927.23034,8551507.76501,1679443200000
2023-03-23,6931317.95667,9605648.45312,1679529600000
2023-03-24,8613426.46844,3410576.02326,1679616000000
2023-03-25,3412716.58308,1931455.53675,1679702400000
2023-03-26,1744844.77621,2837325.42203,1679788800000
2023-03-27,8864441.7216,2654897.66369,1679875200000
2023-03-28,4508786.24888,5125684.22464,1679961600000
2023-03-29,2056660.27561,7140872.73731,1680048000000
2023-03-30,5994144.73492,5628139.45034,1680134400000
2023-03-31,3119943.41632,4095544.28566,1680220800000
2023-04-01,1529151.40702,1202820.50453,1680307200000
2023-04-02,2861590.36394,1914755.16826,1680393600000
2023-04-03,7258116.09655,6190256.60063,1680480000000
2023-04-04,2622022.28871,2583412.77056,1680566400000
2023-04-05,4014262.24181,4385703.3524,1680652800000
2023-04-06,3111732.92616,1346166.23829,1680739200000
2023-04-07,1105461.38231,499877.0958,1680825600000
2023-04-08,756591.85199,492518.66829,1680912000000
2023-04-09,915311.13942,2344397.63793,1680998400000
2023-04-10,2030372.80673,10390213.98424,1681084800000
2023-04-11,4773670.58643,8417920.13995,1681171200000
2023-04-12,4381904.64678,3806703.76364,1681257600000
2023-04-13,1717304.84345,3912401.03112,1681344000000
2023-04-14,7153667.97218,7882089.78406,1681430400000
2023-04-15,873349.2233,540368.97368,1681516800000
2023-04-16,1561675.94531,4467582.14578,1681603200000
2023-04-17,6414269.44202,1275624.4718,1681689600000
2023-04-18,5510013.11818,10340703.66416,1681776000000
2023-04-19,9687725.86083,2397683.59724,1681862400000
2023-04-20,7599952.89304,3706539.10013,1681948800000
2023-04-21,10582384.81089,3485890.03693,1682035200000
2023-04-22,1210557.43653,2380317.96099,1682121600000
2023-04-23,2381997.792,1578230.60729,1682208000000
2023-04-24,5595181.59471,7308210.97953,1682294400000
2023-04-25,1736260.28611,5259151.69421,1682380800000
2023-04-26,16898635.32323,15130531.27132,1682467200000
2023-04-27,7505263.18853,9425951.21746,1682553600000
2023-04-28,2821820.19103,2559744.90076,1682640000000
2023-04-29,673316.56519,829330.46885,1682726400000
2023-04-30,2881913.33291,6052502.80791,1682812800000
2023-05-01,14806999.82369,2766449.84752,1682899200000
2023-05-02,1939988.70471,4018025.4926,1682985600000
2023-05-03,4238597.69215,6354963.60878,1683072000000
2023-05-04,2152847.84657,1422558.8205,1683158400000
2023-05-05,2066858.2868,7840149.99094,1683244800000
2023-05-06,6432146.17837,2862175.12797,1683331200000
2023-05-07,2769752.4715,1907728.24746,1683417600000
2023-05-08,11559806.8968,3293390.54759,1683504000000
2023-05-09,2291165.59153,2167464.55599,1683590400000
2023-05-10,8446805.62314,11611031.63818,1683676800000
2023-05-11,5766691.63877,1907090.88373,1683763200000
2023-05-12,6490490.15308,4923176.95081,1683849600000
2023-05-13,1121414.23671,927414.07627,1683936000000
2023-05-14,972540.53019,1701348.91123,1684022400000
2023-05-15,2477799.95382,3780625.70148,1684108800000
2023-05-16,2043115.14102,1503191.87374,1684195200000
2023-05-17,3117301.61912,6304061.02447,1684281600000
2023-05-18,5213135.44203,3056845.80318,1684368000000
2023-05-19,2518350.34817,1422049.60788,1684454400000
2023-05-20,218996.40661,654358.04899,1684540800000
2023-05-21,1485151.59335,438643.39492,1684627200000
2023-05-22,2156098.47638,1868146.73146,1684713600000
2023-05-23,1281104.14053,3246451.76826,1684800000000
2023-05-24,6882291.35948,2450773.99572,1684886400000
2023-05-25,4721074.67365,2390283.56754,1684972800000
2023-05-26,1156365.75082,2135932.58789,1685059200000
2023-05-27,796821.35967,767807.59179,1685145600000
2023-05-28,769626.27484,7674763.64631,1685232000000
2023-05-29,3942267.7881,4059835.68191,1685318400000
2023-05-30,2659315.04652,2222144.89866,1685404800000
2023-05-31,4179817.48067,2085381.27329,1685491200000
2023-06-01,3897713.54971,1610530.90327,1685577600000
2023-06-02,1480956.1286,2867137.21904,1685664000000
2023-06-03,1077455.29782,335949.57456,1685750400000
2023-06-04,809502.98361,1125236.08081,1685836800000
2023-06-05,17044965.77857,2882537.01644,1685923200000
2023-06-06,2411209.88898,9042865.4613,1686009600000
2023-06-07,9689087.75828,4204976.32387,1686096000000
2023-06-08,2094238.01309,1662142.33438,1686182400000
2023-06-09,1308098.27161,1878041.52423,1686268800000
2023-06-10,12160891.52997,10277120.94359,1686355200000
2023-06-11,1541421.60313,1628469.19899,1686441600000
2023-06-12,1850539.65479,1602366.45565,1686528000000
2023-06-13,3155513.67979,2040339.68677,1686614400000
2023-06-14,4176630.82911,1747820.85719,1686700800000
2023-06-15,2779575.32534,3230683.23178,1686787200000
2023-06-16,1863741.21674,4443525.86912,1686873600000
2023-06-17,921455.03615,1224137.05864,1686960000000
2023-06-18,998134.32732,561318.33086,1687046400000
2023-06-19,4020312.25411,2649598.22305,1687132800000
2023-06-20,6884667.00364,7979298.07767,1687219200000
2023-06-21,5379540.48554,16935452.60762,1687305600000
2023-06-22,4038049.4824,3565130.38284,1687392000000
2023-06-23,4308883.83043,8643735.77277,1687478400000
2023-06-24,2581137.51844,6969341.16023,1687564800000
2023-06-25,3343883.39297,3482653.40915,1687651200000
2023-06-26,4385643.98868,3245121.07754,1687737600000
2023-06-27,2052979.12874,3407918.58234,1687824000000
2023-06-28,5662962.69028,1828825.2698,1687910400000
2023-06-29,1428136.19315,4345706.37222,1687996800000
2023-06-30,7786118.59912,8886787.93885,1688083200000
2023-07-01,381265.77285,659143.35801,1688169600000
2023-07-02,1306281.62443,1938960.3247,1688256000000
2023-07-03,1301708.45219,4407528.78628,1688342400000
2023-07-04,2246656.68864,716853.5886,1688428800000
2023-07-05,3781463.78277,1474076.4645,1688515200000
2023-07-06,9025270.52909,5706829.38586,1688601600000
2023-07-07,1663280.33891,1459818.05511,1688688000000
2023-07-08,1152057.59864,325682.83813,1688774400000
2023-07-09,970296.76545,756548.68676,1688860800000
2023-07-10,3070163.87237,4579442.94138,1688947200000
2023-07-11,1231117.27727,2422589.14576,1689033600000
2023-07-12,3266205.1219,1313959.65175,1689120000000
2023-07-13,3842939.36586,11589313.20968,1689206400000
2023-07-14,7487138.67104,2225194.35392,1689292800000
2023-07-15,382041.6808,266953.25212,1689379200000
2023-07-16,1657332.51271,854167.85767,1689465600000
2023-07-17,7281555.40709,2384569.40873,1689552000000
2023-07-18,2919531.83281,1369381.22655,1689638400000
2023-07-19,1909115.7791,1993444.17678,1689724800000
2023-07-20,2629186.59153,2126936.80769,1689811200000
2023-07-21,735907.27385,1035069.83505,1689897600000
2023-07-22,1132701.54688,269233.91697,1689984000000
2023-07-23,1881962.00483,2206620.08204,1690070400000
2023-07-24,4539968.09235,1521527.19574,1690156800000
2023-07-25,640943.86735,879260.91275,1690243200000
2023-07-26,2025604.15949,1999942.92997,1690329600000
2023-07-27,1822503.72484,337461.46412,1690416000000
2023-07-28,819807.56762,1069300.42956,1690502400000
2023-07-29,145627.07399,238334.87349,1690588800000
2023-07-30,1452774.47543,666867.0086,1690675200000
2023-07-31,1177609.11763,791998.77244,1690761600000
2023-08-01,3845341.20777,6919399.82289,1690848000000
2023-08-02,4072297.23719,3911990.24048,1690934400000
2023-08-03,1329453.51862,1595762.86114,1691020800000
2023-08-04,2035432.98892,510742.55315,1691107200000
2023-08-05,607418.389,260372.52803,1691193600000
2023-08-06,424983.97908,525801.43934,1691280000000
2023-08-07,3299334.40658,2137073.14482,1691366400000
2023-08-08,1414989.75431,8985227.92569,1691452800000
2023-08-09,2625458.02922,1194363.75198,1691539200000
2023-08-10,1351343.19297,590625.86077,1691625600000
2023-08-11,824996.80768,309107.8434,1691712000000
2023-08-12,50466.45624,334502.41135,1691798400000
2023-08-13,1286941.39196,354234.57345,1691884800000
2023-08-14,4157378.79372,1782518.84355,1691971200000
2023-08-15,2751019.22097,465554.6936,1692057600000
2023-08-16,4660604.88051,451361.32661,1692144000000
2023-08-17,34196620.61214,10023749.18612,1692230400000
2023-08-18,6550235.87071,4435924.24728,1692316800000
2023-08-19,1872778.32444,1396481.57559,1692403200000
2023-08-20,671625.62813,787029.25712,1692489600000
2023-08-21,2801854.0895,1121230.67963,1692576000000
2023-08-22,3417584.27354,2385213.23457,1692662400000
2023-08-23,3261862.89554,8129361.49009,1692748800000
2023-08-24,3126482.51935,762131.17634,1692835200000
2023-08-25,3072807.36961,1425462.47218,1692921600000
2023-08-26,31516.7749,121968.45722,1693008000000
2023-08-27,333148.10524,656553.58322,1693094400000
2023-08-28,1519429.27634,1386672.65618,1693180800000
2023-08-29,4524554.95247,7709102.20694,1693267200000
2023-08-30,2664555.95226,928671.11621,1693353600000
2023-08-31,7502614.09998,1631670.23112,1693440000000
2023-09-01,3977679.87155,2727556.40571,1693526400000
2023-09-02,686954.1051,548720.80035,1693612800000
2023-09-03,472891.44055,738855.05678,1693699200000
2023-09-04,1717094.18463,833165.79111,1693785600000
2023-09-05,1288233.23862,1050393.9882,1693872000000
2023-09-06,2180501.13432,1702773.00824,1693958400000
2023-09-07,1218069.91594,2945438.13244,1694044800000
2023-09-08,1714861.59247,865926.16327,1694131200000
2023-09-09,39307.6186,46140.2907,1694217600000
2023-09-10,4278589.72094,572980.11424,1694304000000
2023-09-11,4279889.55915,1657045.86647,1694390400000
2023-09-12,2499023.54629,5758793.28979,1694476800000
2023-09-13,1441078.31416,1868345.14829,1694563200000
2023-09-14,1556769.38975,3513034.87899,1694649600000
2023-09-15,1782993.47643,2573298.89338,1694736000000
2023-09-16,1302418.62737,1127652.20468,1694822400000
2023-09-17,1342855.63966,424420.53507,1694908800000
2023-09-18,3663349.6096,6850611.10185,1694995200000
2023-09-19,3498165.05403,5251315.89641,1695081600000
2023-09-20,3137488.27291,2247104.42342,1695168000000
2023-09-21,4796696.2437,1128014.02494,1695254400000
2023-09-22,550067.03183,622696.07352,1695340800000
2023-09-23,78147.392,39135.72957,1695427200000
2023-09-24,1601431.76077,475123.96285,1695513600000
2023-09-25,2347489.09727,2062404.42777,1695600000000
2023-09-26,1052662.56495,748636.96412,1695686400000
2023-09-27,2313350.51778,3383843.12725,1695772800000
2023-09-28,2050753.76846,5577444.95625,1695859200000
2023-09-29,2615809.70543,1929560.14421,1695945600000
2023-09-30,219716.71294,1132979.26128,1696032000000
2023-10-01,596270.66004,7580691.44593,1696118400000
2023-10-02,7722894.446,4577000.11186,1696204800000
2023-10-03,2523966.46048,1415796.32128,1696291200000
2023-10-04,1414267.53887,2881010.80306,1696377600000
2023-10-05,3570738.22498,2207888.12891,1696464000000
2023-10-06,2642423.63378,5592566.23949,1696550400000
2023-10-07,369401.9529,209990.38284,1696636800000
2023-10-08,709877.50326,590678.17436,1696723200000
2023-10-09,3713195.30827,1816283.89625,1696809600000
2023-10-10,2405905.59937,1026445.25673,1696896000000
2023-10-11,6363580.72108,1483090.46165,1696982400000
2023-10-12,1991455.62616,781860.56643,1697068800000
2023-10-13,1589932.38154,2492961.51539,1697155200000
2023-10-14,97680.11161,315490.7611,1697241600000
2023-10-15,965571.47744,2129297.37234,1697328000000
2023-10-16,6436501.02186,16339975.92508,1697414400000
2023-10-17,4837505.56507,3300483.67569,1697500800000
2023-10-18,2265795.28898,1756018.50701,1697587200000
2023-10-19,2044304.54056,5636454.67664,1697673600000
2023-10-20,3295537.37972,7553305.67266,1697760000000
2023-10-21,1996224.72753,3926526.95343,1697846400000
2023-10-22,1788460.7294,1794849.29908,1697932800000
2023-10-23,8381292.99575,34717431.24342,1698019200000
2023-10-24,11853520.45999,15702561.45023,1698105600000
2023-10-25,4983809.94626,7854583.64524,1698192000000
2023-10-26,7679152.19624,4622764.68747,1698278400000
2023-10-27,5189089.28468,2251440.03701,1698364800000
2023-10-28,896146.16278,1743666.42206,1698451200000
2023-10-29,1151720.53195,2814351.21054,1698537600000
2023-10-30,6520143.23085,3297826.66246,1698624000000
2023-10-31,2938576.22445,3202620.49959,1698710400000
2023-11-01,4479728.06132,9938857.73402,1698796800000
2023-11-02,6651464.19175,4406937.57811,1698883200000
2023-11-03,7971796.28098,3385123.7457,1698969600000
2023-11-04,846305.63086,3161331.4978,1699056000000
2023-11-05,3419671.43117,4324103.69195,1699142400000
2023-11-06,3333453.70259,3153076.04059,1699228800000
2023-11-07,3971935.31207,5293534.56732,1699315200000
2023-11-08,2101000.17168,4668772.84215,1699401600000
2023-11-09,9439692.4184,19270751.2691,1699488000000
2023-11-10,3566717.47302,6832479.18553,1699574400000
2023-11-11,3342844.84411,2731109.6441,1699660800000
2023-11-12,5888560.68695,1805824.52494,1699747200000
2023-11-13,6522469.68221,3650569.7309,1699833600000
2023-11-14,8529826.84963,3997117.53531,1699920000000
2023-11-15,2915023.60077,16241053.55771,1700006400000
2023-11-16,17371163.10919,4493335.2614,1700092800000
2023-11-17,5372463.2713,7783065.81876,1700179200000
2023-11-18,2361230.69202,1888179.60761,1700265600000
2023-11-19,1169557.5631,4825429.08215,1700352000000
2023-11-20,3310352.44855,4914699.86218,1700438400000
2023-11-21,15769826.42354,4864054.55238,1700524800000
2023-11-22,2234917.93236,10199157.84523,1700611200000
2023-11-23,2747937.6471,1751942.96224,1700697600000
2023-11-24,2820304.97605,7529978.86678,1700784000000
2023-11-25,222825.81099,776039.28664,1700870400000
2023-11-26,2524807.80428,1154310.74227,1700956800000
2023-11-27,4369061.36408,1691509.60052,1701043200000
2023-11-28,3490631.55702,8452747.24889,1701129600000
2023-11-29,3576518.36443,3583939.81739,1701216000000
2023-11-30,2056502.84841,1888361.93669,1701302400000
2023-12-01,2240349.03337,7451855.4953,1701388800000
2023-12-02,1182420.24791,6558512.14993,1701475200000
2023-12-03,2326424.60744,5443213.2384,1701561600000
2023-12-04,5824752.09207,24631786.37206,1701648000000
2023-12-05,6059834.62678,21907820.87808,1701734400000
2023-12-06,11032417.19326,6616645.61085,1701820800000
2023-12-07,8053351.21118,6000143.23231,1701907200000
2023-12-08,2143816.15665,19354475.8722,1701993600000
2023-12-09,4316489.7584,3355641.35869,1702080000000
2023-12-10,1109356.57508,2090332.68695,1702166400000
2023-12-11,25874276.45463,8480995.73885,1702252800000
2023-12-12,7543437.64901,5821086.1547,1702339200000
2023-12-13,5002997.85393,8377700.35653,1702425600000
2023-12-14,5587281.38358,10703505.15513,1702512000000
2023-12-15,6022926.91567,2245709.42435,1702598400000
2023-12-16,2410147.64506,2822404.17615,1702684800000
2023-12-17,9661892.49474,1855209.85356,1702771200000
2023-12-18,15572728.36908,8951671.80401,1702857600000
2023-12-19,8207679.20037,8238240.62703,1702944000000
2023-12-20,4015848.5099,13271592.47864,1703030400000
2023-12-21,3571936.05061,6214399.08707,1703116800000
2023-12-22,4084929.53714,4245927.19508,1703203200000
2023-12-23,1832180.68065,1795840.64597,1703289600000
2023-12-24,5165822.1387,2658292.31356,1703376000000
2023-12-25,2553902.14834,5557999.48105,1703462400000
2023-12-26,9143472.40247,3810703.2918,1703548800000
2023-12-27,3428200.41929,6975156.50358,1703635200000
2023-12-28,8593401.62672,3587723.4491,1703721600000
2023-12-29,7701332.16235,2942216.24068,1703808000000
2023-12-30,4400540.04693,2325266.7191,1703894400000
2023-12-31,3650859.31611,5878235.75858,1703980800000
2024-01-01,1619073.99103,21414841.13206,1704067200000
2024-01-02,7527677.44098,10727663.79951,1704153600000
2024-01-03,26139865.1908,8814091.05786,1704240000000
2024-01-04,3325378.07103,7007790.50508,1704326400000
2024-01-05,6494682.76231,5782170.68643,1704412800000
2024-01-06,2776866.62521,3293240.51871,1704499200000
2024-01-07,4513746.06884,2307061.63438,1704585600000
2024-01-08,5193889.62895,12911997.37858,1704672000000
2024-01-09,17131939.87545,7809057.02138,1704758400000
2024-01-10,14122455.58647,12660236.51796,1704844800000
2024-01-11,13877326.61967,19418046.89117,1704931200000
2024-01-12,25635317.93494,7811813.70849,1705017600000
2024-01-13,3575628.661,2671615.25273,1705104000000
2024-01-14,5921339.88661,2007944.67596,1705190400000
2024-01-15,3918838.06298,6135184.32701,1705276800000
2024-01-16,3525176.01307,13187567.10641,1705363200000
2024-01-17,7766413.5349,2011427.556,1705449600000
2024-01-18,21088510.5488,4812337.84383,1705536000000
2024-01-19,11924599.9421,7144337.37046,1705622400000
2024-01-20,827923.2656,1286973.79425,1705708800000
2024-01-21,979671.08427,846260.13474,1705795200000
2024-01-22,17932759.62683,4914690.06213,1705881600000
2024-01-23,14483777.33819,11272947.29028,1705968000000
2024-01-24,4400407.31003,12403629.40237,1706054400000
2024-01-25,2475455.7885,2534368.73768,1706140800000
2024-01-26,2415961.99402,10088467.42961,1706227200000
2024-01-27,1897597.68981,1981501.91322,1706313600000
2024-01-28,5189860.9192,5706476.13954,1706400000000
2024-01-29,2305344.03384,6791340.34118,1706486400000
2024-01-30,6371059.1534,7316914.07297,1706572800000
2024-01-31,9693858.75976,5823237.43908,1706659200000
2024-02-01,15053384.47405,6235334.72478,1706745600000
2024-02-02,2652996.18493,3863341.39456,1706832000000
2024-02-03,953884.32151,734702.36047,1706918400000
2024-02-04,3688371.16725,980739.7455,1707004800000
2024-02-05,5170239.39888,4563203.52297,1707091200000
2024-02-06,6580005.96027,3404936.41128,1707177600000
2024-02-07,2209626.08964,8114823.95871,1707264000000
2024-02-08,2050769.65289,10092845.33817,1707350400000
2024-02-09,5294000.26789,14852429.73375,1707436800000
2024-02-10,2489444.13495,4181898.20417,1707523200000
2024-02-11,3902639.78472,5279794.57316,1707609600000
2024-02-12,7764853.46895,21960336.40453,1707696000000
2024-02-13,7220101.12555,8284349.75912,1707782400000
2024-02-14,4864180.2588,24185663.00648,1707868800000
2024-02-15,10153684.44718,18021851.12849,1707955200000
2024-02-16,4115971.64244,5535277.60958,1708041600000
2024-02-17,5103446.3587,5229672.38388,1708128000000
2024-02-18,2943145.49652,8722030.11063,1708214400000
2024-02-19,6893104.3972,8019313.96839,1708300800000
2024-02-20,22206791.74362,11446885.4565,1708387200000
2024-02-21,10024806.3099,5104105.82993,1708473600000
2024-02-22,5421935.69216,5068230.7248,1708560000000
2024-02-23,5737946.55342,2573935.12879,1708646400000
2024-02-24,722122.72565,4052376.59552,1708732800000
2024-02-25,2346275.46461,4668138.80403,1708819200000
2024-02-26,4029095.73123,31509316.25397,1708905600000
2024-02-27,17465215.1246,22576448.70234,1708992000000
2024-02-28,21418108.0852,62370896.16275,1709078400000
2024-02-29,20732593.41671,14055157.48106,1709164800000
2024-03-01,4731926.7695,21441986.03174,1709251200000
2024-03-02,4760336.7074,4244090.12456,1709337600000
2024-03-03,4979684.95694,8872472.1467,1709424000000
2024-03-04,12656307.57296,42712463.23114,1709510400000
2024-03-05,62660722.85696,33283076.59497,1709596800000
2024-03-06,20973956.23157,21482202.15493,1709683200000
2024-03-07,6045034.94105,9204958.38005,1709769600000
2024-03-08,14430709.40783,13706630.13377,1709856000000
2024-03-09,3956132.5867,2806398.87793,1709942400000
2024-03-10,8141633.18045,16304915.45509,1710028800000
2024-03-11,12184761.78,25073793.53663,1710115200000
2024-03-12,16698819.03491,10721370.68913,1710201600000
2024-03-13,6470721.07435,11894324.77535,1710288000000
2024-03-14,25186365.73195,13866193.09607,1710374400000
2024-03-15,36463152.25321,25222159.44461,1710460800000
2024-03-16,24600733.05321,7624107.48728,1710547200000
2024-03-17,7114291.0359,13591792.68219,1710633600000
2024-03-18,11495914.93429,11516236.27212,1710720000000
2024-03-19,38096202.48854,15014868.88294,1710806400000
2024-03-20,25748648.14228,28751050.55778,1710892800000
2024-03-21,11783551.53703,8992290.85364,1710979200000
2024-03-22,14434288.89653,17055620.57151,1711065600000
2024-03-23,6138756.59804,6638117.1947,1711152000000
2024-03-24,3399656.76731,16944898.47244,1711238400000
2024-03-25,7255288.59941,17012844.68398,1711324800000
2024-03-26,8939102.08786,7477936.2129,1711411200000
2024-03-27,10527244.07199,10938723.10669,1711497600000
2024-03-28,3587986.49725,16845048.8168,1711584000000
2024-03-29,10783835.18936,3984593.70488,1711670400000
2024-03-30,1477120.11554,2398324.1156,1711756800000
2024-03-31,1246518.94107,7867704.57672,1711843200000
2024-04-01,10930995.98974,9542465.36927,1711929600000
2024-04-02,18175174.31395,30700656.74558,1712016000000
2024-04-03,5451607.6092,17040821.01029,1712102400000
2024-04-04,6483249.96478,14602041.59156,1712188800000
2024-04-05,11418211.55966,8882702.34367,1712275200000
2024-04-06,1552020.87941,8491863.67422,1712361600000
2024-04-07,3706375.9002,12531485.85662,1712448000000
2024-04-08,5889596.66794,18987410.05901,1712534400000
2024-04-09,15205425.79107,5821791.93585,1712620800000
2024-04-10,8203690.67415,12842252.60631,1712707200000
2024-04-11,5356342.91329,12314913.45458,1712793600000
2024-04-12,22143588.56512,20736818.11319,1712880000000
2024-04-13,47564940.68671,20657394.93411,1712966400000
2024-04-14,12373872.48504,11057973.01905,1713052800000
2024-04-15,15517814.18043,8010505.66642,1713139200000
2024-04-16,14259991.09096,9694466.78877,1713225600000
2024-04-17,16332334.17753,9123313.22004,1713312000000
2024-04-18,9141002.4478,12400719.23257,1713398400000
2024-04-19,16523845.91483,17126358.62634,1713484800000
2024-04-20,3356589.66783,5055743.54887,1713571200000
2024-04-21,3064105.7606,3082237.56825,1713657600000
2024-04-22,4132929.11753,7199318.63015,1713744000000
2024-04-23,4251846.3336,3547193.94506,1713830400000
2024-04-24,10739850.54652,3952420.29981,1713916800000
2024-04-25,15612117.99574,7706264.24223,1714003200000
2024-04-26,6342098.11962,2945551.72464,1714089600000
2024-04-27,5872467.57067,3122419.50746,1714176000000
2024-04-28,2982172.9824,3349412.38403,1714262400000
2024-04-29,7428999.86908,5789146.48904,1714348800000
2024-04-30,22318904.50562,9044216.03462,1714435200000
2024-05-01,25190418.67921,12924133.74871,1714521600000
2024-05-02,6245937.91673,7408183.3105,1714608000000
2024-05-03,4842415.49754,16963777.32529,1714694400000
2024-05-04,2842165.6249,7410170.63366,1714780800000
2024-05-05,3959875.11961,5749668.12849,1714867200000
2024-05-06,9724888.21371,7020355.32928,1714953600000
2024-05-07,15657442.24158,5488062.46522,1715040000000
2024-05-08,11462368.12412,6980770.0113,1715126400000
2024-05-09,3392475.68328,11078091.00411,1715212800000
2024-05-10,17098581.92891,6733814.80721,1715299200000
2024-05-11,1363582.43093,1860702.36575,1715385600000
2024-05-12,2270895.17563,7489448.28708,1715472000000
2024-05-13,6413806.79574,9901739.20954,1715558400000
2024-05-14,6539291.28368,2460295.53583,1715644800000
2024-05-15,3756621.17397,13410057.9924,1715731200000
2024-05-16,7530826.85482,4932552.99535,1715817600000
2024-05-17,6232388.39426,12391627.96482,1715904000000
2024-05-18,1788956.16254,2073265.36305,1715990400000
2024-05-19,5310843.32656,1840255.41635,1716076800000
2024-05-20,6076916.40053,24426520.36741,1716163200000
2024-05-21,7018340.68964,6127362.81323,1716249600000
2024-05-22,6660196.85811,2593472.66609,1716336000000
2024-05-23,12608609.4307,6087328.70192,1716422400000
2024-05-24,3467216.66959,5679207.81231,1716508800000
2024-05-25,708027.42167,2775355.63783,1716595200000
2024-05-26,1745255.20636,2892250.97672,1716681600000
2024-05-27,3069415.17536,7672864.35193,1716768000000
2024-05-28,10323844.36684,5673103.3092,1716854400000
2024-05-29,6946886.2066,2559773.87371,1716940800000
2024-05-30,6858239.50326,6977447.05732,1717027200000
2024-05-31,20986381.60995,5986882.67786,1717113600000
2024-06-01,239093.39305,794441.44915,1717200000000
2024-06-02,4612873.28403,2851205.19873,1717286400000
2024-06-03,4361224.55058,10493941.82155,1717372800000
2024-06-04,2411796.37087,8871074.26529,1717459200000
2024-06-05,2432096.24714,8530819.70671,1717545600000
2024-06-06,9686153.58405,2508749.9772,1717632000000
2024-06-07,18691534.67419,6728547.52111,1717718400000
2024-06-08,749908.28381,330658.06332,1717804800000
2024-06-09,624134.17989,1337043.26148,1717891200000
2024-06-10,3164282.92263,2304795.32711,1717977600000
2024-06-11,13279670.22458,4219933.91314,1718064000000
2024-06-12,11336424.39523,11690937.14759,1718150400000
2024-06-13,26129014.45469,3003990.03227,1718236800000
2024-06-14,13038270.05186,3245637.11712,1718323200000
2024-06-15,759449.62554,592231.46969,1718409600000
2024-06-16,1080360.48479,1914811.83751,1718496000000
2024-06-17,8174290.98242,10190223.64593,1718582400000
2024-06-18,22092841.78999,5354499.2098,1718668800000
2024-06-19,3472685.76754,1725387.57708,1718755200000
2024-06-20,4416744.01423,5182774.25188,1718841600000
2024-06-21,9043830.77356,4310015.01068,1718928000000
2024-06-22,399874.12926,278230.44537,1719014400000
2024-06-23,4842193.56764,227745.62699,1719100800000
2024-06-24,50531953.46024,8494471.03792,1719187200000
2024-06-25,3989398.90301,8588650.88438,1719273600000
2024-06-26,3725592.98415,2298436.75573,1719360000000
2024-06-27,2366039.28297,4373206.80845,1719446400000
2024-06-28,17809666.45052,4288218.40863,1719532800000
2024-06-29,345032.27339,1196698.3656,1719619200000
2024-06-30,1740290.55143,9382469.91786,1719705600000
2024-07-01,5532491.77525,8334205.42285,1719792000000
2024-07-02,5457786.86384,2332875.29584,1719878400000
2024-07-03,17228419.27951,4045638.6493,1719964800000
2024-07-04,81068378.49422,8201703.62583,1720051200000
2024-07-05,26667674.67672,14403087.06726,1720137600000
2024-07-06,2383767.0348,8641950.81815,1720224000000
2024-07-07,14161637.13094,4410934.19545,1720310400000
2024-07-08,23607803.95927,23290389.8303,1720396800000
2024-07-09,4011726.85529,7118946.40987,1720483200000
2024-07-10,6414450.49499,9057763.77193,1720569600000
2024-07-11,8002523.34251,3743995.52661,1720656000000
2024-07-12,7264015.1518,6101168.50861,1720742400000
2024-07-13,1114957.45023,5664558.55279,1720828800000
2024-07-14,2431817.66908,5824676.37103,1720915200000
2024-07-15,4293922.89157,26010695.45483,1721001600000
2024-07-16,10359108.60495,9498724.18767,1721088000000
2024-07-17,13904508.11386,6837149.95959,1721174400000
2024-07-18,7955139.68161,5292559.95711,1721260800000
2024-07-19,8740703.87134,20483951.96972,1721347200000
2024-07-20,4552789.10559,2944505.31784,1721433600000
2024-07-21,15042774.5851,7167211.63426,1721520000000
2024-07-22,5394227.6104,4764236.03666,1721606400000
2024-07-23,10654571.68136,4457755.82108,1721692800000
2024-07-24,8092526.76244,4022083.54127,1721779200000
2024-07-25,24903599.68839,9114083.88217,1721865600000
2024-07-26,3420705.59594,7908601.7002,1721952000000
2024-07-27,13977626.1896,7740810.37671,1722038400000
2024-07-28,3119770.53008,2235046.60355,1722124800000
2024-07-29,12774092.86579,8767440.76271,1722211200000
2024-07-30,8153609.38962,2945596.79208,1722297600000
2024-07-31,11577201.0968,4189896.34329,1722384000000
2024-08-01,21491685.2347,12057170.77579,1722470400000
2024-08-02,25297321.90339,7957877.05458,1722556800000
2024-08-03,18039965.39461,5524166.59199,1722643200000
2024-08-04,24113921.4422,5978999.74421,1722729600000
2024-08-05,91672162.25547,46258775.68774,1722816000000
2024-08-06,12265889.00215,15073432.38731,1722902400000
2024-08-07,12968983.70686,9641603.02235,1722988800000
2024-08-08,6610254.02265,34285500.7101,1723075200000
2024-08-09,8732418.51048,5057653.7249,1723161600000
2024-08-10,1911533.19713,2358872.5412,1723248000000
2024-08-11,8828126.71742,3953610.15898,1723334400000
2024-08-12,10775727.33185,13303093.76477,1723420800000
2024-08-13,4147667.26073,7324630.57349,1723507200000
2024-08-14,10547605.75477,3426794.12686,1723593600000
2024-08-15,26152079.87258,6458733.96754,1723680000000
2024-08-16,5232538.7448,7909075.05873,1723766400000
2024-08-17,770920.99947,1899251.55415,1723852800000
2024-08-18,6099295.86621,2937690.03982,1723939200000
2024-08-19,2611127.69178,3961911.3295,1724025600000
2024-08-20,10447018.59885,9216811.10057,1724112000000
2024-08-21,3946081.92609,7173416.11381,1724198400000
2024-08-22,4302386.78778,3286126.05184,1724284800000
2024-08-23,3703980.15992,10364506.48312,1724371200000
2024-08-24,3817907.63885,2870308.78646,1724457600000
2024-08-25,1222529.13839,2034107.80938,1724544000000
2024-08-26,7666125.36244,1695370.6971,1724630400000
2024-08-27,32508114.79445,5734514.13817,1724716800000
2024-08-28,12615025.74739,9158588.31126,1724803200000
2024-08-29,5823639.3562,6040874.67782,1724889600000
2024-08-30,5574209.45939,5642267.46915,1724976000000
2024-08-31,1072336.43163,643688.42136,1725062400000
2024-09-01,16203190.10509,3481449.87672,1725148800000
2024-09-02,11877365.23127,5961651.22596,1725235200000
2024-09-03,6485079.61337,3858476.95155,1725321600000
2024-09-04,12805506.95582,10488891.95655,1725408000000
2024-09-05,7275456.68607,2422537.51265,1725494400000
2024-09-06,23132978.71976,7118671.03605,1725580800000
2024-09-07,1629920.27194,1704279.07602,1725667200000
2024-09-08,1577103.93704,3862957.63391,1725753600000
2024-09-09,3215222.51016,13058744.17956,1725840000000
2024-09-10,4970915.14115,8169995.03064,1725926400000
2024-09-11,10830112.05669,5779469.34537,1726012800000
2024-09-12,3551686.84265,4221509.99276,1726099200000
2024-09-13,1865274.43832,21305478.02202,1726185600000
2024-09-14,1597162.61085,1041182.71717,1726272000000
2024-09-15,3377951.71711,1730946.39263,1726358400000
2024-09-16,7887179.637,2858560.75114,1726444800000
2024-09-17,6535413.04152,16004555.398,1726531200000
2024-09-18,5949227.23579,12984980.91226,1726617600000
2024-09-19,3784866.58884,9857863.39926,1726704000000
2024-09-20,7070263.9086,4942423.77056,1726790400000
2024-09-21,603558.72584,3973359.00955,1726876800000
2024-09-22,3759029.56435,2640965.35936,1726963200000
2024-09-23,9909154.68303,12345907.591,1727049600000
2024-09-24,3214741.17701,4598130.86596,1727136000000
2024-09-25,4697247.6272,1928619.85514,1727222400000
2024-09-26,5997169.81849,10601389.4974,1727308800000
2024-09-27,2543639.51339,7682847.32601,1727395200000
2024-09-28,2501569.52324,1508626.87893,1727481600000
2024-09-29,1077619.25662,2066847.88668,1727568000000
2024-09-30,14731754.11932,3777241.87924,1727654400000
2024-10-01,67988784.99075,7140144.25629,1727740800000
2024-10-02,9595919.09495,7272631.05414,1727827200000
2024-10-03,9896017.00958,5544778.65491,1727913600000
2024-10-04,4081131.1326,16447545.34199,1728000000000
2024-10-05,2889167.56463,832338.40462,1728086400000
2024-10-06,1267657.27561,4986857.57604,1728172800000
2024-10-07,11378253.80466,14855689.55963,1728259200000
2024-10-08,5834082.45098,3925357.12964,1728345600000
2024-10-09,8473869.61408,1439524.12492,1728432000000
2024-10-10,27423364.75775,4059973.44267,1728518400000
2024-10-11,2370491.54348,10706561.2971,1728604800000
2024-10-12,1750395.23427,5409422.56681,1728691200000
2024-10-13,6231483.24946,1948443.30739,1728777600000
2024-10-14,2517765.29433,26500750.90757,1728864000000
2024-10-15,10440868.39049,15275870.0199,1728950400000
2024-10-16,4425084.2066,10978050.92593,1729036800000
2024-10-17,5306267.728,3100971.42582,1729123200000
2024-10-18,2165246.84856,8173384.47184,1729209600000
2024-10-19,1519940.94276,2464533.66479,1729296000000
2024-10-20,691374.40158,5469628.02969,1729382400000
2024-10-21,8758027.07737,4935518.99704,1729468800000
2024-10-22,10480604.87869,3183592.40622,1729555200000
2024-10-23,10213061.12844,3139595.8991,1729641600000
2024-10-24,2725425.76017,8402499.05631,1729728000000
2024-10-25,19697055.72992,5540880.45956,1729814400000
2024-10-26,650255.70003,2265032.60329,1729900800000
2024-10-27,365862.29495,3634067.01697,1729987200000
2024-10-28,3502301.19329,10954500.82746,1730073600000
2024-10-29,4667572.27436,40880310.61466,1730160000000
2024-10-30,4552422.29273,3288689.87677,1730246400000
2024-10-31,22140092.59776,3254151.22854,1730332800000
2024-11-01,13102918.80825,9390902.35002,1730419200000
2024-11-02,1849924.2919,1505322.14984,1730505600000
2024-11-03,28882401.18086,6146976.20912,1730592000000
2024-11-04,11703820.69137,4908993.83116,1730678400000
2024-11-05,5512022.42772,8041302.97631,1730764800000
2024-11-06,15568736.0574,142679167.45589,1730851200000
2024-11-07,7281848.84536,25503541.37656,1730937600000
2024-11-08,4051379.33784,6614218.74801,1731024000000
2024-11-09,6026312.61522,20999163.39035,1731110400000
2024-11-10,11019437.55794,25064536.36554,1731196800000
2024-11-11,9237906.37765,71083568.40812,1731283200000
2024-11-12,31532757.85828,27819485.65247,1731369600000
2024-11-13,39475226.18051,72298462.53339,1731456000000
2024-11-14,21835774.84533,12215613.61517,1731542400000
2024-11-15,11413112.51006,28140899.53624,1731628800000
2024-11-16,3351179.62096,9232661.04624,1731715200000
2024-11-17,8641188.39773,7014590.20826,1731801600000
2024-11-18,12013561.11159,14851646.14149,1731888000000
2024-11-19,7127218.74126,12724574.30902,1731974400000
2024-11-20,7892344.41015,15603724.31294,1732060800000
2024-11-21,11326736.92613,38172566.95768,1732147200000
2024-11-22,9300292.78326,18858291.02894,1732233600000
2024-11-23,25752618.57572,11037312.88857,1732320000000
2024-11-24,25157255.07273,8512257.26142,1732406400000
2024-11-25,41077728.21693,12417064.69899,1732492800000
2024-11-26,23300235.78466,16931529.12766,1732579200000
2024-11-27,6875724.44543,19479522.44137,1732665600000
2024-11-28,5750774.54686,5837335.78857,1732752000000
2024-11-29,7320624.58722,17509360.98626,1732838400000
