start_time,long_liquidation_usd,short_liquidation_usd,time
2021-01-01,22943027.24342,15278571.21235,1609459200000
2021-01-02,90141934.96233,194408589.00357,1609545600000
2021-01-03,92589526.65052,74771706.37884,1609632000000
2021-01-04,217331987.09426,34963282.50255,1609718400000
2021-01-05,49277016.33606,63741572.85285,1609804800000
2021-01-06,58575400.67147,72749570.8576,1609891200000
2021-01-07,118819266.57904,98822929.6444,1609977600000
2021-01-08,113064969.36678,83348478.4221,1610064000000
2021-01-09,44750870.65111,24053486.40596,1610150400000
2021-01-10,221510575.57428,41378332.19402,1610236800000
2021-01-11,308626307.96246,128326980.73767,1610323200000
2021-01-12,94508780.32332,63484513.84938,1610409600000
2021-01-13,50037449.50589,81568011.66188,1610496000000
2021-01-14,53475888.24775,61425405.92579,1610582400000
2021-01-15,170786539.95679,50827262.72413,1610668800000
2021-01-16,65449137.3394,33633086.8979,1610755200000
2021-01-17,64782382.6872,40226102.56467,1610841600000
2021-01-18,45771936.4989,32983619.45514,1610928000000
2021-01-19,43456068.7316,18425393.02277,1611014400000
2021-01-20,109655651.35649,29695799.15838,1611100800000
2021-01-21,182327538.74049,54274234.73427,1611187200000
2021-01-22,63082006.63511,77037855.9711,1611273600000
2021-01-23,39091314.36006,22486715.5982,1611360000000
2021-01-24,45211827.76208,25838886.54636,1611446400000
2021-01-25,60886288.15167,49649839.37165,1611532800000
2021-01-26,54501993.71864,36485641.34182,1611619200000
2021-01-27,93504957.10886,42993515.53402,1611705600000
2021-01-28,16292609.97941,60971346.47992,1611792000000
2021-01-29,172229485.00722,172162507.37081,1611878400000
2021-01-30,36462702.40677,21386652.04316,1611964800000
2021-01-31,49168634.47185,9561886.6634,1612051200000
2021-02-01,24909002.8305,24004615.28764,1612137600000
2021-02-02,13402279.66844,35727305.19144,1612224000000
2021-02-03,20529149.68309,32967299.83636,1612310400000
2021-02-04,68551254.59889,35698147.68097,1612396800000
2021-02-05,21047828.69268,20054194.90713,1612483200000
2021-02-06,61540723.29051,60054640.49678,1612569600000
2021-02-07,107057175.40815,26324655.86932,1612656000000
2021-02-08,66371424.10368,286730738.25531,1612742400000
2021-02-09,89371697.03483,78146260.81881,1612828800000
2021-02-10,134357720.58269,27634076.01873,1612915200000
2021-02-11,58692810.15196,78327939.70518,1613001600000
2021-02-12,58831606.06831,26727804.71348,1613088000000
2021-02-13,41396631.25351,10728829.29114,1613174400000
2021-02-14,41395497.15602,58871890.15027,1613260800000
2021-02-15,152700479.83442,32777856.37312,1613347200000
2021-02-16,93496982.60823,74287928.51101,1613433600000
2021-02-17,29876645.00282,93262217.15016,1613520000000
2021-02-18,34873003.97128,14152475.11033,1613606400000
2021-02-19,39976821.15251,149664609.01806,1613692800000
2021-02-20,149158602.39218,53592300.89142,1613779200000
2021-02-21,28879951.98229,36877781.34959,1613865600000
2021-02-22,539701131.56346,94042789.3875,1613952000000
2021-02-23,383935157.95992,171353533.98526,1614038400000
2021-02-24,85233428.13218,61754591.49442,1614124800000
2021-02-25,138975865.73127,60220366.02504,1614211200000
2021-02-26,142746057.01467,85676939.44419,1614297600000
2021-02-27,59717088.4077,39153527.53426,1614384000000
2021-02-28,118537636.49691,74711603.03014,1614470400000
2021-03-01,33452605.77319,105099851.50646,1614556800000
2021-03-02,83050311.33917,34104932.0135,1614643200000
2021-03-03,59984698.2422,98069036.39236,1614729600000
2021-03-04,156005493.98045,55663528.4383,1614816000000
2021-03-05,98909564.35451,59035782.63799,1614902400000
2021-03-06,46117771.01444,32576138.16197,1614988800000
2021-03-07,34489438.45362,69127571.87204,1615075200000
2021-03-08,52102782.46357,47860234.67074,1615161600000
2021-03-09,34099977.48163,100278780.26993,1615248000000
2021-03-10,111154767.30624,111761351.68399,1615334400000
2021-03-11,107086721.16469,68302200.9862,1615420800000
2021-03-12,128076561.45382,39324625.40459,1615507200000
2021-03-13,41448906.09203,171627129.75968,1615593600000
2021-03-14,101747414.69962,20476164.49677,1615680000000
2021-03-15,437847961.06885,45063788.59791,1615766400000
2021-03-16,143128693.95474,54183261.57945,1615852800000
2021-03-17,76524113.45565,82086362.73933,1615939200000
2021-03-18,94217150.85307,51247462.36039,1616025600000
2021-03-19,69565625.76222,25936615.49663,1616112000000
2021-03-20,51753134.85393,25443522.69233,1616198400000
2021-03-21,171068781.80889,33387656.5518,1616284800000
2021-03-22,266323425.03544,28177971.67681,1616371200000
2021-03-23,96854842.87793,38533065.14317,1616457600000
2021-03-24,250710278.28529,60158149.16232,1616544000000
2021-03-25,176826471.05325,68116415.78804,1616630400000
2021-03-26,24449094.6924,77459558.18809,1616716800000
2021-03-27,36624509.93098,91496485.08605,1616803200000
2021-03-28,50906148.77219,21534295.05585,1616889600000
2021-03-29,37382694.61676,96959308.2746,1616976000000
2021-03-30,22397040.47201,40659735.40263,1617062400000
2021-03-31,149748878.6618,50337556.99959,1617148800000
2021-04-01,51252237.26296,13638208.22938,1617235200000
2021-04-02,46569148.15238,26527447.27351,1617321600000
2021-04-03,143960165.22988,14115712.23138,1617408000000
2021-04-04,55931000.94185,21455831.88396,1617494400000
2021-04-05,29493143.41726,28051137.96208,1617580800000
2021-04-06,46712315.38401,8473290.79238,1617667200000
2021-04-07,170948046.19644,17347157.78915,1617753600000
2021-04-08,11791160.80498,27295070.8488,1617840000000
2021-04-09,15107073.47405,21523145.60439,1617926400000
2021-04-10,89878145.41192,105852041.15711,1618012800000
2021-04-11,19140652.68226,11127388.91628,1618099200000
2021-04-12,39041211.2775,20678250.25517,1618185600000
2021-04-13,24484635.3761,110716661.11102,1618272000000
2021-04-14,153140576.62846,57406413.00509,1618358400000
2021-04-15,16199285.32048,12492797.26141,1618444800000
2021-04-16,148406018.32009,12616087.35597,1618531200000
2021-04-17,82269280.31532,7092169.71958,1618617600000
2021-04-18,1112616792.14481,87332852.14297,1618704000000
2021-04-19,87298347.37525,38699569.80899,1618790400000
2021-04-20,78563112.36729,54150687.17776,1618876800000
2021-04-21,82842722.7995,20166431.6109,1618963200000
2021-04-22,238660984.89625,72192617.25167,1619049600000
2021-04-23,318886941.17216,129540513.53432,1619136000000
2021-04-24,69729613.70708,56029516.99577,1619222400000
2021-04-25,152700353.40306,50858511.34733,1619308800000
2021-04-26,47833225.54969,173856759.17943,1619395200000
2021-04-27,13089597.49821,29183830.83178,1619481600000
2021-04-28,11524382.61818,15644722.46999,1619568000000
2021-04-29,10159764.4566,5759147.82469,1619654400000
2021-04-30,4310366.6466,18706657.06949,1619740800000
2021-05-01,6072353.32942,8347428.84546,1619827200000
2021-05-02,8412483.63586,4498855.22572,1619913600000
2021-05-03,10078160.05892,9559476.50617,1620000000000
2021-05-04,20127112.7945,11312997.83263,1620086400000
2021-05-05,7563174.57278,14532750.13977,1620172800000
2021-05-06,13149332.35779,9823691.35583,1620259200000
2021-05-07,13533344.16858,13243689.15409,1620345600000
2021-05-08,9261170.53717,13468786.30857,1620432000000
2021-05-09,9046382.40898,7712700.41606,1620518400000
2021-05-10,26213969.00668,14396250.58658,1620604800000
2021-05-11,11584516.94597,10329084.66376,1620691200000
2021-05-12,18522564.3536,13020746.56302,1620777600000
2021-05-13,32922449.37132,28150093.2655,1620864000000
2021-05-14,11717258.2916,12195216.86375,1620950400000
2021-05-15,24580993.93263,18994784.43442,1621036800000
2021-05-16,26000168.69902,22217977.86557,1621123200000
2021-05-17,40916212.13226,27520732.80211,1621209600000
2021-05-18,22446127.88448,20479330.51694,1621296000000
2021-05-19,79305480.7229,45201021.15003,1621382400000
2021-05-20,19622171.81331,22071389.94968,1621468800000
2021-05-21,19243582.16062,15782381.33481,1621555200000
2021-05-22,9587068.4142,9104202.07425,1621641600000
2021-05-23,17188457.16932,12175712.07176,1621728000000
2021-05-24,9280040.4781,9861511.46048,1621814400000
2021-05-25,7482116.45496,7274543.27094,1621900800000
2021-05-26,6531516.48638,6288690.06796,1621987200000
2021-05-27,7240314.52009,5559949.44574,1622073600000
2021-05-28,11682360.78854,8703787.11066,1622160000000
2021-05-29,7487367.39851,7322234.39972,1622246400000
2021-05-30,4426892.76326,5693876.12534,1622332800000
2021-05-31,5833589.03469,7425379.66789,1622419200000
2021-06-01,6717802.27995,5636097.39294,1622505600000
2021-06-02,2896255.72325,4621378.96428,1622592000000
2021-06-03,3575852.33578,5440689.57193,1622678400000
2021-06-04,7986375.82533,6562531.03127,1622764800000
2021-06-05,7227769.5283,5491962.83345,1622851200000
2021-06-06,3074065.07982,4140759.33874,1622937600000
2021-06-07,2089496.78309,1737135.60032,1623024000000
2021-06-08,7315479.42254,7261650.9154,1623110400000
2021-06-09,14020875.55774,17991743.2944,1623196800000
2021-06-10,14531691.20801,14087320.36486,1623283200000
2021-06-11,9062724.94044,8362563.14457,1623369600000
2021-06-12,12372812.47779,8254460.8347,1623456000000
2021-06-13,7672032.76957,10918442.16869,1623542400000
2021-06-14,10089394.55572,9524984.65908,1623628800000
2021-06-15,9001361.48803,10229821.66989,1623715200000
2021-06-16,11683625.1052,7524833.14871,1623801600000
2021-06-17,8667750.49774,7566548.77207,1623888000000
2021-06-18,15665678.34884,11870340.65134,1623974400000
2021-06-19,12777519.88036,12701899.09631,1624060800000
2021-06-20,12553195.95142,13874319.57339,1624147200000
2021-06-21,31631962.60039,19399046.11211,1624233600000
2021-06-22,29801826.68156,23167919.3218,1624320000000
2021-06-23,15336519.69442,18478990.71677,1624406400000
2021-06-24,10834828.39715,11241652.39492,1624492800000
2021-06-25,25841262.47011,17356151.87606,1624579200000
2021-06-26,20302353.01631,15991241.91422,1624665600000
2021-06-27,12579476.27266,14463640.86828,1624752000000
2021-06-28,9775593.15439,7035277.66754,1624838400000
2021-06-29,9114184.98791,11421803.63982,1624924800000
2021-06-30,9880999.92323,8770076.95688,1625011200000
2021-07-01,9340239.07427,8558491.10594,1625097600000
2021-07-02,9719236.73189,10145188.05243,1625184000000
2021-07-03,5695130.4489,6566852.99211,1625270400000
2021-07-04,3541402.74773,5535403.67647,1625356800000
2021-07-05,10851358.19741,6250307.03129,1625443200000
2021-07-06,7502969.05369,10273773.27223,1625529600000
2021-07-07,4424365.97324,5465884.02322,1625616000000
2021-07-08,9950439.15431,7057047.51513,1625702400000
2021-07-09,4926056.98184,7644223.15974,1625788800000
2021-07-10,6900464.75847,4636305.03025,1625875200000
2021-07-11,3383781.10231,4672345.03892,1625961600000
2021-07-12,9005420.77798,4708836.43773,1626048000000
2021-07-13,10216908.00829,4897021.34264,1626134400000
2021-07-14,6435850.23612,7390551.50886,1626220800000
2021-07-15,9286304.04231,4321237.16181,1626307200000
2021-07-16,13238679.80115,6933666.41423,1626393600000
2021-07-17,6254059.5826,5392153.29474,1626480000000
2021-07-18,4726402.65477,6288317.85334,1626566400000
2021-07-19,8045725.23145,3318149.57287,1626652800000
2021-07-20,8898687.34206,6945043.30621,1626739200000
2021-07-21,5089690.02713,14498227.02772,1626825600000
2021-07-22,5804463.97462,6591800.94436,1626912000000
2021-07-23,4313387.5161,13215807.54911,1626998400000
2021-07-24,3988057.7531,7093135.4212,1627084800000
2021-07-25,4478880.03141,10592506.02811,1627171200000
2021-07-26,18530360.96882,31361151.70308,1627257600000
2021-07-27,10773705.17361,17764685.39108,1627344000000
2021-07-28,12514576.43977,17828263.31021,1627430400000
2021-07-29,6903304.1437,6467161.51725,1627516800000
2021-07-30,6277288.51634,10321611.50827,1627603200000
2021-07-31,7094237.92073,6013195.64564,1627689600000
2021-08-01,11414848.28685,7897440.8993,1627776000000
2021-08-02,9399689.22731,8898103.87721,1627862400000
2021-08-03,13808628.96754,9047825.21472,1627948800000
2021-08-04,6891665.52197,11918323.38031,1628035200000
2021-08-05,15510979.72802,16155313.03632,1628121600000
2021-08-06,10224564.37458,14833873.01875,1628208000000
2021-08-07,10571312.6476,19485720.23819,1628294400000
2021-08-08,14989379.41543,13134157.16386,1628380800000
2021-08-09,10695659.05977,19426682.50616,1628467200000
2021-08-10,9545391.95952,9564226.70118,1628553600000
2021-08-11,6760912.16104,9623448.64145,1628640000000
2021-08-12,15356396.19472,7534254.44589,1628726400000
2021-08-13,3065354.94886,16415748.93847,1628812800000
2021-08-14,8060992.47207,7126048.74448,1628899200000
2021-08-15,8975583.22436,8230070.01416,1628985600000
2021-08-16,11812258.98969,6474875.96784,1629072000000
2021-08-17,18362758.6035,10340272.44833,1629158400000
2021-08-18,10351238.44427,8919409.90962,1629244800000
2021-08-19,9121070.98574,18570520.35645,1629331200000
2021-08-20,3321483.5834,13851496.83984,1629417600000
2021-08-21,5831535.57011,7006761.27113,1629504000000
2021-08-22,6567422.17645,6052770.79582,1629590400000
2021-08-23,6546929.89376,9851306.00401,1629676800000
2021-08-24,17972437.72045,6393723.51906,1629763200000
2021-08-25,5604165.87797,11967211.38796,1629849600000
2021-08-26,13281493.32561,7573125.98567,1629936000000
2021-08-27,6065883.16544,11159009.8938,1630022400000
2021-08-28,4238270.2927,3044357.35401,1630108800000
2021-08-29,3424462.68842,6559116.68999,1630195200000
2021-08-30,7629228.03223,5321193.97977,1630281600000
2021-08-31,8390144.61692,10921444.42497,1630368000000
2021-09-01,3788248.34558,11255593.3247,1630454400000
2021-09-02,4049263.04183,8793753.04663,1630540800000
2021-09-03,6447615.16428,9102872.50459,1630627200000
2021-09-04,4814539.01303,5060021.62432,1630713600000
2021-09-05,2179675.24496,7413377.29162,1630800000000
2021-09-06,3399142.15114,8140709.63425,1630886400000
2021-09-07,53688581.89848,15116891.63969,1630972800000
2021-09-08,9578829.54892,9656865.26278,1631059200000
2021-09-09,4665052.22032,4959022.01527,1631145600000
2021-09-10,7886702.22476,4894479.39202,1631232000000
2021-09-11,3347177.02287,4228646.16615,1631318400000
2021-09-12,3320263.18951,4884027.54482,1631404800000
2021-09-13,11451117.33502,8819129.77645,1631491200000
2021-09-14,2578814.69882,6908889.70123,1631577600000
2021-09-15,2427769.48826,4172147.3291,1631664000000
2021-09-16,7128966.00972,4394146.53752,1631750400000
2021-09-17,6790947.56773,4699350.12418,1631836800000
2021-09-18,2337671.40244,5870946.38795,1631923200000
2021-09-19,5828275.01368,3088617.08405,1632009600000
2021-09-20,18932365.61881,11313617.75426,1632096000000
2021-09-21,20073778.72223,13936323.13476,1632182400000
2021-09-22,5891628.89877,10054184.75841,1632268800000
2021-09-23,4309815.1542,7628490.41233,1632355200000
2021-09-24,13581086.94314,10445180.19265,1632441600000
2021-09-25,4600044.37566,5373009.46225,1632528000000
2021-09-26,7041783.65636,6489799.29358,1632614400000
2021-09-27,5106800.53135,4891268.79634,1632700800000
2021-09-28,8008342.57233,3796493.47811,1632787200000
2021-09-29,5095014.38046,5176320.6187,1632873600000
2021-09-30,5561015.84195,9312956.58804,1632960000000
2021-10-01,4805668.47246,13273239.67386,1633046400000
2021-10-02,3722052.89442,3456880.77769,1633132800000
2021-10-03,4351784.538,4774704.37854,1633219200000
2021-10-04,7503545.37035,7813856.08519,1633305600000
2021-10-05,4133380.65332,7886323.52679,1633392000000
2021-10-06,7008056.3,14180254.04693,1633478400000
2021-10-07,11111493.17059,8968293.93006,1633564800000
2021-10-08,5336748.50776,5975552.93551,1633651200000
2021-10-09,3197530.87407,3309961.86837,1633737600000
2021-10-10,7742339.99696,6568298.60681,1633824000000
2021-10-11,4805914.5188,14754803.8011,1633910400000
2021-10-12,9631355.77128,8039777.36942,1633996800000
2021-10-13,6005263.16455,12900224.93294,1634083200000
2021-10-14,5413757.22372,7260317.68167,1634169600000
2021-10-15,8576515.9344,19363506.15858,1634256000000
2021-10-16,4892571.60295,5169858.47576,1634342400000
2021-10-17,4740931.26923,7300078.36884,1634428800000
2021-10-18,7471472.86782,12828716.23968,1634515200000
2021-10-19,5175227.18008,11056545.89297,1634601600000
2021-10-20,5637009.98122,9057596.6932,1634688000000
2021-10-21,12560698.21174,14317799.33768,1634774400000
2021-10-22,8769980.39023,6916297.52243,1634860800000
2021-10-23,5442143.04836,5790897.97919,1634947200000
2021-10-24,7039449.31089,5540584.38113,1635033600000
2021-10-25,2069664.91285,17750495.81123,1635120000000
2021-10-26,9887502.62336,5233485.35702,1635206400000
2021-10-27,19904775.4877,10082617.14263,1635292800000
2021-10-28,9590566.71446,12790827.74773,1635379200000
2021-10-29,3361627.05463,6658768.08118,1635465600000
2021-10-30,5492204.84993,3953508.31038,1635552000000
2021-10-31,8956440.91797,5519153.40566,1635638400000
2021-11-01,9146694.18403,6295950.49499,1635724800000
2021-11-02,4575380.3803,8001587.81646,1635811200000
2021-11-03,5380343.38172,5902203.44466,1635897600000
2021-11-04,9157375.14588,3098573.23627,1635984000000
2021-11-05,6060825.66096,5261465.0941,1636070400000
2021-11-06,8857921.45355,3603945.44981,1636156800000
2021-11-07,1816527.57684,4479397.16744,1636243200000
2021-11-08,3729678.29211,17415551.01809,1636329600000
2021-11-09,8297132.19511,7570181.61862,1636416000000
2021-11-10,22176179.41016,14090361.56824,1636502400000
2021-11-11,4611285.1141,4788636.51145,1636588800000
2021-11-12,10384968.7639,5899178.19478,1636675200000
2021-11-13,2088490.0693,3352177.04127,1636761600000
2021-11-14,3724291.78309,6598624.96431,1636848000000
2021-11-15,13786672.29784,3398179.2942,1636934400000
2021-11-16,30003724.70266,12046921.40749,1637020800000
2021-11-17,11784684.70438,8973892.7153,1637107200000
2021-11-18,21979971.15852,9101065.85564,1637193600000
2021-11-19,5930280.52376,7643953.02598,1637280000000
2021-11-20,3278671.70062,6067333.98351,1637366400000
2021-11-21,6459624.13964,2971433.03904,1637452800000
2021-11-22,16055179.81191,6905329.7303,1637539200000
2021-11-23,7960639.41613,6758391.14551,1637625600000
2021-11-24,10482317.92242,5845990.74378,1637712000000
2021-11-25,3589737.65698,9800869.7033,1637798400000
2021-11-26,48085595.0713,8013990.27859,1637884800000
2021-11-27,4464180.19257,3370593.55948,1637971200000
2021-11-28,12073082.67046,11609514.21641,1638057600000
2021-11-29,4500362.15979,7327627.5353,1638144000000
2021-11-30,22604083.53947,14616682.96124,1638230400000
2021-12-01,10491101.97527,6452940.37503,1638316800000
2021-12-02,10841929.68682,6763550.65932,1638403200000
2021-12-03,26620528.53249,6821802.52771,1638489600000
2021-12-04,61109568.01047,20896348.6142,1638576000000
2021-12-05,12251646.93346,9008964.39262,1638662400000
2021-12-06,9326585.14378,15178866.79982,1638748800000
2021-12-07,6122094.34428,5075044.30947,1638835200000
2021-12-08,6364214.31231,6799323.05065,1638921600000
2021-12-09,13184140.01769,5076140.61214,1639008000000
2021-12-10,8373296.36564,7754870.58949,1639094400000
2021-12-11,3899757.68498,6192621.64485,1639180800000
2021-12-12,2917135.99077,3504063.99606,1639267200000
2021-12-13,9735384.14487,6077028.61205,1639353600000
2021-12-14,5574036.36433,6529082.61396,1639440000000
2021-12-15,6524652.77938,7765762.93748,1639526400000
2021-12-16,7250050.66583,2683809.03028,1639612800000
2021-12-17,9584013.9533,5774506.23108,1639699200000
2021-12-18,3489018.53797,4040134.93065,1639785600000
2021-12-19,4610650.11966,4975557.88125,1639872000000
2021-12-20,6248431.7813,5767523.72533,1639958400000
2021-12-21,2678431.88612,6809286.2631,1640044800000
2021-12-22,3841259.08948,5677526.62837,1640131200000
2021-12-23,3826150.02869,9348976.6576,1640217600000
2021-12-24,7091937.47596,6481459.26776,1640304000000
2021-12-25,2228372.53774,2184790.12671,1640390400000
2021-12-26,5425114.88193,3916609.07039,1640476800000
2021-12-27,5058109.2543,3817521.2332,1640563200000
2021-12-28,13125869.43685,3896359.10502,1640649600000
2021-12-29,5888046.03912,4568681.62294,1640736000000
2021-12-30,4619001.14916,4907519.9258,1640822400000
2021-12-31,9412471.96284,6185509.69745,1640908800000
2022-01-01,2828019.7387,3994411.0526,1640995200000
2022-01-02,5400391.75118,3758861.8687,1641081600000
2022-01-03,8106730.09688,3247987.50696,1641168000000
2022-01-04,17874013.11564,5107865.42895,1641254400000
2022-01-05,22284798.40738,8257332.97906,1641340800000
2022-01-06,5184851.62512,5100046.1717,1641427200000
2022-01-07,11400293.24284,7255900.79007,1641513600000
2022-01-08,7306228.30557,4682124.75424,1641600000000
2022-01-09,4089682.51575,4371805.75373,1641686400000
2022-01-10,10001108.02939,7406704.74281,1641772800000
2022-01-11,4029945.27091,7766550.23081,1641859200000
2022-01-12,2914005.01769,4523285.56095,1641945600000
2022-01-13,7133131.37934,3403709.94899,1642032000000
2022-01-14,4301435.57918,4306507.95098,1642118400000
2022-01-15,2411009.82095,2664206.69714,1642204800000
2022-01-16,2902400.2658,2558491.55492,1642291200000
2022-01-17,7364580.75211,3081820.27641,1642377600000
2022-01-18,5331229.02203,4858262.58108,1642464000000
2022-01-19,9087343.61226,3576096.4126,1642550400000
2022-01-20,10502649.05388,6660373.60067,1642636800000
2022-01-21,29218650.07087,14303905.36907,1642723200000
2022-01-22,18504708.46144,13280117.37315,1642809600000
2022-01-23,6723924.17301,6350292.57558,1642896000000
2022-01-24,17204508.54848,14700246.12662,1642982400000
2022-01-25,7459995.79898,9634979.74291,1643068800000
2022-01-26,10880358.07881,10407847.80879,1643155200000
2022-01-27,10297423.95681,7906025.12035,1643241600000
2022-01-28,5610406.42225,8064155.73049,1643328000000
2022-01-29,3109028.63459,3248840.64201,1643414400000
2022-01-30,3076000.18218,2466566.26902,1643500800000
2022-01-31,4260981.50379,6155206.96954,1643587200000
2022-02-01,5081817.39371,5619095.84524,1643673600000
2022-02-02,8247535.43237,3233015.54309,1643760000000
2022-02-03,6024043.89358,4424276.14936,1643846400000
2022-02-04,4301209.62751,10617820.91866,1643932800000
2022-02-05,5721147.38546,4896934.94917,1644019200000
2022-02-06,2250233.51814,4443234.4331,1644105600000
2022-02-07,4878332.93154,11553402.67822,1644192000000
2022-02-08,10446999.61621,11274512.91236,1644278400000
2022-02-09,6838878.63804,6845894.9677,1644364800000
2022-02-10,11411854.268,9770115.60004,1644451200000
2022-02-11,8848454.50288,6309160.72134,1644537600000
2022-02-12,3940295.91732,3889592.14025,1644624000000
2022-02-13,3050875.85412,1953928.68089,1644710400000
2022-02-14,4833817.78546,4013158.77884,1644796800000
2022-02-15,1653117.97482,7579723.28769,1644883200000
2022-02-16,4653966.54395,3859371.9895,1644969600000
2022-02-17,7969784.50914,3837927.79288,1645056000000
2022-02-18,7300002.74234,4434584.89208,1645142400000
2022-02-19,2723788.63258,1820454.72564,1645228800000
2022-02-20,5314572.7649,2382743.23749,1645315200000
2022-02-21,9550773.47953,8025188.59059,1645401600000
2022-02-22,4926526.40051,6512247.71902,1645488000000
2022-02-23,5764581.24258,2672867.06403,1645574400000
2022-02-24,11368265.12745,12971029.33329,1645660800000
2022-02-25,5444414.87997,4866048.35711,1645747200000
2022-02-26,3910536.03356,2172748.90511,1645833600000
2022-02-27,6686989.63656,4574198.03175,1645920000000
2022-02-28,5808501.70476,8819206.42687,1646006400000
2022-03-01,5638754.28191,5179255.93108,1646092800000
2022-03-02,5363610.73795,4262294.00456,1646179200000
2022-03-03,6302389.43555,3914471.47631,1646265600000
2022-03-04,11048831.67016,4573561.00519,1646352000000
2022-03-05,1944893.48166,2479851.91287,1646438400000
2022-03-06,4703342.94989,2754537.67913,1646524800000
2022-03-07,6724477.57132,5372689.27719,1646611200000
2022-03-08,5727763.07394,6572630.69296,1646697600000
2022-03-09,4141900.67722,5610265.53465,1646784000000
2022-03-10,6179242.41482,4325817.45833,1646870400000
2022-03-11,5838218.43511,3747947.83564,1646956800000
2022-03-12,1892548.48857,964981.8792,1647043200000
2022-03-13,2986975.31184,1170213.89245,1647129600000
2022-03-14,3222747.18153,3201692.59257,1647216000000
2022-03-15,2564771.42064,2487694.56812,1647302400000
2022-03-16,6451691.17622,6402132.81433,1647388800000
2022-03-17,1925495.39131,2424498.27258,1647475200000
2022-03-18,2452504.00928,3226631.96276,1647561600000
2022-03-19,1492336.10524,1499191.21957,1647648000000
2022-03-20,3152273.51952,1859958.83593,1647734400000
2022-03-21,2812468.6237,2871521.01877,1647820800000
2022-03-22,3201391.17314,3414329.8481,1647907200000
2022-03-23,2848875.73608,2873330.32832,1647993600000
2022-03-24,1933863.91408,3997311.7427,1648080000000
2022-03-25,3906901.80494,3833816.32934,1648166400000
2022-03-26,949320.82619,1222242.87787,1648252800000
2022-03-27,1842468.63849,3933013.30315,1648339200000
2022-03-28,4598448.88158,5129885.4619,1648425600000
2022-03-29,4315044.97124,3633238.63296,1648512000000
2022-03-30,3851829.19245,3386340.59771,1648598400000
2022-03-31,8462146.80636,2905401.97148,1648684800000
2022-04-01,5792487.0144,6825153.14314,1648771200000
2022-04-02,5330436.93036,3184115.73223,1648857600000
2022-04-03,2748367.68835,5061389.48098,1648944000000
2022-04-04,4586750.99384,4710838.26797,1649030400000
2022-04-05,4593417.65641,1784926.98384,1649116800000
2022-04-06,15051341.10884,3462603.30236,1649203200000
2022-04-07,3129682.82756,2970393.21437,1649289600000
2022-04-08,5564138.8663,4210940.07537,1649376000000
2022-04-09,1308404.93701,1482039.25892,1649462400000
2022-04-10,4171420.84151,1502738.82952,1649548800000
2022-04-11,11052549.34458,3279335.86552,1649635200000
2022-04-12,4770333.11415,4123915.73017,1649721600000
2022-04-13,3197698.49273,6397202.38836,1649808000000
2022-04-14,3264415.03504,1194505.93924,1649894400000
2022-04-15,1799440.26835,1763275.60159,1649980800000
2022-04-16,1032155.72318,1595266.51991,1650067200000
2022-04-17,4698482.10921,851526.65914,1650153600000
2022-04-18,5160594.80338,5321231.78257,1650240000000
2022-04-19,1206164.28549,4111976.11156,1650326400000
2022-04-20,2582675.34501,3363590.39909,1650412800000
2022-04-21,11609728.24323,3289684.778,1650499200000
2022-04-22,4482264.01139,2902881.0473,1650585600000
2022-04-23,1633647.9516,1076177.60853,1650672000000
2022-04-24,2791033.75313,1202242.20957,1650758400000
2022-04-25,5759479.07763,6611255.66285,1650844800000
2022-04-26,8233070.36581,3896494.01966,1650931200000
2022-04-27,3188264.54615,5164716.95185,1651017600000
2022-04-28,3937885.03555,5927116.47534,1651104000000
2022-04-29,9623641.32807,2166042.1171,1651190400000
2022-04-30,6633235.90648,1379059.60022,1651276800000
2022-05-01,3411600.98749,3968803.49646,1651363200000
2022-05-02,4501615.60512,2894001.78584,1651449600000
2022-05-03,2435248.61702,1043949.46176,1651536000000
2022-05-04,2120593.2856,6155767.72845,1651622400000
2022-05-05,8635694.72357,3341909.6401,1651708800000
2022-05-06,6346604.37851,5125898.76783,1651795200000
2022-05-07,2806648.87702,1536891.42258,1651881600000
2022-05-08,4581619.46863,3278548.84885,1651968000000
2022-05-09,19515190.3075,10055750.71703,1652054400000
2022-05-10,14204641.17646,15390202.88278,1652140800000
2022-05-11,28244792.93423,16111272.75591,1652227200000
2022-05-12,15556978.45655,26224899.19813,1652313600000
2022-05-13,9467153.49828,7883127.33264,1652400000000
2022-05-14,3399554.77397,4325091.82549,1652486400000
2022-05-15,3057733.25217,4896583.50414,1652572800000
2022-05-16,5584547.46238,4215554.41983,1652659200000
2022-05-17,4094898.97652,4327008.16663,1652745600000
2022-05-18,5852128.31263,2026551.86858,1652832000000
2022-05-19,3425677.4002,6398818.20375,1652918400000
2022-05-20,4955639.88879,4102645.44294,1653004800000
2022-05-21,1022038.70123,1564405.31355,1653091200000
2022-05-22,1330085.88041,2108995.02524,1653177600000
2022-05-23,5847976.69541,3915959.26002,1653264000000
2022-05-24,3033062.5151,2536660.36619,1653350400000
2022-05-25,3530412.04813,2653177.25914,1653436800000
2022-05-26,6518378.70606,4656243.11427,1653523200000
2022-05-27,6284555.37738,3383775.97116,1653609600000
2022-05-28,370402.38433,1059263.94403,1653696000000
2022-05-29,858406.36942,1466886.5437,1653782400000
2022-05-30,2693750.04169,5742231.57448,1653868800000
2022-05-31,2614816.32879,3046836.38675,1653955200000
2022-06-01,6691225.5434,3243823.28588,1654041600000
2022-06-02,3115426.53736,3212372.12044,1654128000000
2022-06-03,4226324.26232,1973053.20837,1654214400000
2022-06-04,1147427.17168,991648.16638,1654300800000
2022-06-05,1857369.15288,1417398.12632,1654387200000
2022-06-06,1940768.26398,4898049.61378,1654473600000
2022-06-07,8227493.72197,8170605.90487,1654560000000
2022-06-08,4959140.05839,3462471.8077,1654646400000
2022-06-09,2756716.69687,1996179.60663,1654732800000
2022-06-10,4358152.93329,2769828.74036,1654819200000
2022-06-11,7282173.02514,2813205.30199,1654905600000
2022-06-12,7285337.50749,3517472.95793,1654992000000
2022-06-13,22305824.51785,12389233.29511,1655078400000
2022-06-14,15756273.90036,14425203.33877,1655164800000
2022-06-15,14654150.52278,14494723.35474,1655251200000
2022-06-16,11103653.10359,6291231.47306,1655337600000
2022-06-17,6709146.40005,7201989.65011,1655424000000
2022-06-18,12883090.97853,7639145.7518,1655510400000
2022-06-19,8477863.75226,10215712.37033,1655596800000
2022-06-20,9565649.69451,8659868.67564,1655683200000
2022-06-21,5242885.60502,4846090.57382,1655769600000
2022-06-22,6694484.47,4051325.16964,1655856000000
2022-06-23,2887786.86816,4668054.23444,1655942400000
2022-06-24,4092102.00705,5003805.98583,1656028800000
2022-06-25,2534368.21345,3185740.44344,1656115200000
2022-06-26,2067464.72818,1938584.76128,1656201600000
2022-06-27,3385219.05681,1883256.63922,1656288000000
2022-06-28,4015978.63801,1860741.24833,1656374400000
2022-06-29,3055929.01102,2437415.29867,1656460800000
2022-06-30,3840174.33705,4546604.15971,1656547200000
2022-07-01,5689620.71527,3793893.63747,1656633600000
2022-07-02,1552313.85388,2832816.63869,1656720000000
2022-07-03,2820757.90472,1808257.82004,1656806400000
2022-07-04,2689468.3108,3107542.95596,1656892800000
2022-07-05,5386558.91158,5264672.31289,1656979200000
2022-07-06,6381135.76398,4468235.70744,1657065600000
2022-07-07,1951575.21938,6459382.89272,1657152000000
2022-07-08,6537958.34195,4207001.44218,1657238400000
2022-07-09,2413489.57792,1541295.47474,1657324800000
2022-07-10,2826502.66154,1535364.37199,1657411200000
2022-07-11,3925780.23687,3073131.21455,1657497600000
2022-07-12,5886322.45581,2412909.91795,1657584000000
2022-07-13,4207931.03044,7366347.55409,1657670400000
2022-07-14,4154040.33867,6705931.68915,1657756800000
2022-07-15,3505539.88165,4785437.37764,1657843200000
2022-07-16,4377932.26146,3509306.5884,1657929600000
2022-07-17,3074914.85328,2760859.91321,1658016000000
2022-07-18,8009777.25601,12117307.28761,1658102400000
2022-07-19,7529993.4322,9095390.23623,1658188800000
2022-07-20,9269257.98348,8231819.22606,1658275200000
2022-07-21,5452901.77304,5374044.14438,1658361600000
2022-07-22,4618463.63183,4067638.70001,1658448000000
2022-07-23,3484170.32456,1916364.03297,1658534400000
2022-07-24,3659434.60985,2876987.90045,1658620800000
2022-07-25,7536015.14463,2368502.27863,1658707200000
2022-07-26,4901806.60144,2918296.55077,1658793600000
2022-07-27,2369935.19562,6947459.43674,1658880000000
2022-07-28,5118407.85124,8517330.44192,1658966400000
2022-07-29,4673125.54851,5142400.94979,1659052800000
2022-07-30,2802732.4281,3412109.31075,1659139200000
2022-07-31,4042816.92588,2105372.63752,1659225600000
2022-08-01,4440461.10354,2804235.38686,1659312000000
2022-08-02,6578953.12485,3261203.20757,1659398400000
2022-08-03,4970313.88859,3679808.81052,1659484800000
2022-08-04,3508598.29857,2479361.70724,1659571200000
2022-08-05,2954428.53699,4087840.23168,1659657600000
2022-08-06,1272002.61344,499475.23136,1659744000000
2022-08-07,1086354.53386,2035621.26052,1659830400000
2022-08-08,3245753.56621,3852982.40972,1659916800000
2022-08-09,5367639.98117,2220299.93637,1660003200000
2022-08-10,4097980.60714,4652914.32797,1660089600000
2022-08-11,5633928.14092,5600187.59551,1660176000000
2022-08-12,2713862.74505,3064783.27613,1660262400000
2022-08-13,2849015.41619,3337011.52158,1660348800000
2022-08-14,3393195.80837,3773469.82229,1660435200000
2022-08-15,6647108.63377,6414776.86869,1660521600000
2022-08-16,4153947.90326,1789365.78888,1660608000000
2022-08-17,5034738.76762,3337289.41862,1660694400000
2022-08-18,3232597.74079,1390076.86852,1660780800000
2022-08-19,9872581.82065,3946701.5757,1660867200000
2022-08-20,2671635.08339,2654486.35295,1660953600000
2022-08-21,2186497.39216,3352872.84313,1661040000000
2022-08-22,3384861.55562,2777890.39789,1661126400000
2022-08-23,2103918.15698,3514647.40711,1661212800000
2022-08-24,3002525.88634,4284084.97543,1661299200000
2022-08-25,1879256.12962,1682304.29444,1661385600000
2022-08-26,7550656.82214,2725147.85604,1661472000000
2022-08-27,2275479.6009,2637271.01942,1661558400000
2022-08-28,3027045.5716,1480359.38444,1661644800000
2022-08-29,1470596.37231,3619176.42476,1661731200000
2022-08-30,6177119.54068,3280189.05652,1661817600000
2022-08-31,4107764.27635,3166920.51498,1661904000000
2022-09-01,2753461.23649,2748712.46042,1661990400000
2022-09-02,5262357.19984,2283624.77694,1662076800000
2022-09-03,868323.34153,462966.94299,1662163200000
2022-09-04,1243021.54462,1249702.75305,1662249600000
2022-09-05,2795483.43048,1592427.72062,1662336000000
2022-09-06,7685135.0877,3742322.05921,1662422400000
2022-09-07,3728182.76184,3951405.22355,1662508800000
2022-09-08,3342348.6685,3502869.24036,1662595200000
2022-09-09,3064490.64522,7606172.27753,1662681600000
2022-09-10,2751634.90312,4195959.05183,1662768000000
2022-09-11,2183374.13419,1994163.44612,1662854400000
2022-09-12,3426312.60744,5904369.30157,1662940800000
2022-09-13,12092771.65999,4242027.61542,1663027200000
2022-09-14,4421243.08854,3803863.16579,1663113600000
2022-09-15,5330593.23733,3089864.6085,1663200000000
2022-09-16,2127497.80918,2543793.62897,1663286400000
2022-09-17,1719260.28374,2403089.22072,1663372800000
2022-09-18,4729847.05718,1529636.13653,1663459200000
2022-09-19,5131781.03461,5472141.84957,1663545600000
2022-09-20,5451282.60616,2866657.64195,1663632000000
2022-09-21,6043593.04432,5637081.41718,1663718400000
2022-09-22,3753661.59066,8053808.63332,1663804800000
2022-09-23,6305852.96816,5746145.06406,1663891200000
2022-09-24,3645471.83608,1553733.9858,1663977600000
2022-09-25,1971355.05869,1587817.50409,1664064000000
2022-09-26,3789748.21992,3682018.55449,1664150400000
2022-09-27,8200714.96285,5561177.83326,1664236800000
2022-09-28,6741263.97937,6501757.49043,1664323200000
2022-09-29,5028098.62028,4508940.02148,1664409600000
2022-09-30,4881624.47299,3482192.17555,1664496000000
2022-10-01,814490.41781,391806.01795,1664582400000
2022-10-02,2183214.73349,1662137.68249,1664668800000
2022-10-03,1433716.7074,4543449.95269,1664755200000
2022-10-04,3905081.75615,3819094.99958,1664841600000
2022-10-05,2902386.04331,2870401.46288,1664928000000
2022-10-06,2320801.51071,2385953.99725,1665014400000
2022-10-07,3765416.85538,1652597.56011,1665100800000
2022-10-08,1092121.99315,717343.89,1665187200000
2022-10-09,350360.63867,464217.68444,1665273600000
2022-10-10,3911406.53654,1639816.40792,1665360000000
2022-10-11,3018703.38915,1674131.90483,1665446400000
2022-10-12,321284.74031,1140405.58026,1665532800000
2022-10-13,4777741.97559,4313166.96382,1665619200000
2022-10-14,4387939.50067,3489570.35771,1665705600000
2022-10-15,706032.05509,507730.4449,1665792000000
2022-10-16,1151489.59146,1222454.6244,1665878400000
2022-10-17,905462.91767,1452910.32899,1665964800000
2022-10-18,2752564.66202,2184027.88657,1666051200000
2022-10-19,1988656.10445,706093.51212,1666137600000
2022-10-20,2725084.39868,1693525.98843,1666224000000
2022-10-21,1809686.36805,2220971.54906,1666310400000
2022-10-22,525815.99086,434783.65024,1666396800000
2022-10-23,554609.4441,3354015.69386,1666483200000
2022-10-24,1281494.17399,2307385.01922,1666569600000
2022-10-25,2215670.19912,5565981.25593,1666656000000
2022-10-26,3403975.54234,3072679.7697,1666742400000
2022-10-27,3483552.57489,2574883.71335,1666828800000
2022-10-28,3225887.14641,2358018.15107,1666915200000
2022-10-29,2625002.17243,6040366.83234,1667001600000
2022-10-30,2019518.16835,1742802.86668,1667088000000
2022-10-31,2422047.36596,2284752.16021,1667174400000
2022-11-01,1181542.60447,1136230.91718,1667260800000
2022-11-02,4005836.06049,2441103.66026,1667347200000
2022-11-03,3579205.61959,1449728.30537,1667433600000
2022-11-04,2302912.19622,6323055.29409,1667520000000
2022-11-05,1133567.18686,2145311.03854,1667606400000
2022-11-06,4082242.68591,464833.3508,1667692800000
2022-11-07,6113353.39777,1167300.16551,1667779200000
2022-11-08,25213372.4477,12083214.71634,1667865600000
2022-11-09,23042526.70896,12366323.42691,1667952000000
2022-11-10,9869855.21331,18187865.62908,1668038400000
2022-11-11,6083563.35847,6942427.33934,1668124800000
2022-11-12,2433805.12291,1054268.90043,1668211200000
2022-11-13,2654677.9101,1386672.1917,1668297600000
2022-11-14,5981639.00132,4781242.92541,1668384000000
2022-11-15,3669763.64331,2978901.41054,1668470400000
2022-11-16,2556621.69492,1971301.00235,1668556800000
2022-11-17,2383951.8829,1442601.85351,1668643200000
2022-11-18,1396244.7746,1148888.2348,1668729600000
2022-11-19,772662.55629,578759.14516,1668816000000
2022-11-20,2237016.13866,856921.7043,1668902400000
2022-11-21,3281419.04235,3856189.09745,1668988800000
2022-11-22,2216794.95935,2787824.36094,1669075200000
2022-11-23,2466925.53506,3195303.67586,1669161600000
2022-11-24,1348089.66288,1104818.17348,1669248000000
2022-11-25,1189948.87046,741295.9577,1669334400000
2022-11-26,795086.56562,727912.20751,1669420800000
2022-11-27,490964.65027,659198.39564,1669507200000
2022-11-28,3757964.12739,2513260.98791,1669593600000
2022-11-29,645079.70959,1842844.99821,1669680000000
2022-11-30,1549817.62567,3170602.80828,1669766400000
2022-12-01,1406188.80585,627063.00357,1669852800000
2022-12-02,1166724.51406,1731087.59996,1669939200000
2022-12-03,1313083.55227,169072.49784,1670025600000
2022-12-04,493315.96107,1166132.28497,1670112000000
2022-12-05,1637486.41169,1663916.70224,1670198400000
2022-12-06,1088867.10028,791935.54907,1670284800000
2022-12-07,1182605.29634,493978.12731,1670371200000
2022-12-08,1034338.80721,1555876.8756,1670457600000
2022-12-09,441455.09621,527407.68015,1670544000000
2022-12-10,182523.1147,66224.53102,1670630400000
2022-12-11,1172963.34199,260403.26592,1670716800000
2022-12-12,1378541.97329,1767108.43003,1670803200000
2022-12-13,1908809.28398,9111020.28616,1670889600000
2022-12-14,1779456.06896,2741456.18521,1670976000000
2022-12-15,2044716.1101,527502.13743,1671062400000
2022-12-16,4751535.92574,1195155.44223,1671148800000
2022-12-17,595256.85456,1488036.79581,1671235200000
2022-12-18,672749.81957,1038545.06484,1671321600000
2022-12-19,2551811.69602,513153.50605,1671408000000
2022-12-20,808660.68769,1972946.31011,1671494400000
2022-12-21,981827.35476,189855.32429,1671580800000
2022-12-22,760378.92251,689976.52111,1671667200000
2022-12-23,647985.46515,727497.8779,1671753600000
2022-12-24,285.94728,60877.2208,1671840000000
2022-12-25,225796.17406,355673.47388,1671926400000
2022-12-26,200813.5314,765261.48128,1672012800000
2022-12-27,731142.02049,504796.50925,1672099200000
2022-12-28,1611614.00324,616319.23225,1672185600000
2022-12-29,1751132.13522,456136.68221,1672272000000
2022-12-30,614228.23195,603009.03066,1672358400000
2022-12-31,412195.70506,372011.7605,1672444800000
2023-01-01,43312.23488,274726.3593,1672531200000
2023-01-02,364504.39332,1462672.2698,1672617600000
2023-01-03,656198.0279,372521.02364,1672704000000
2023-01-04,596147.39754,2571795.00107,1672790400000
2023-01-05,111107.79987,414768.56399,1672876800000
2023-01-06,849226.92083,2272051.24297,1672963200000
2023-01-07,23001.46513,107725.83115,1673049600000
2023-01-08,690489.56443,2346049.58037,1673136000000
2023-01-09,1536813.13605,4808273.19338,1673222400000
2023-01-10,327594.9889,2313085.1066,1673308800000
2023-01-11,692666.76203,4043010.39668,1673395200000
2023-01-12,4395496.13973,6354721.25287,1673481600000
2023-01-13,2508252.17748,7963705.12518,1673568000000
2023-01-14,6499734.14621,15136990.24432,1673654400000
2023-01-15,2425891.61923,2406604.62812,1673740800000
2023-01-16,3137605.91716,3795771.8693,1673827200000
2023-01-17,3871942.94507,2989862.98246,1673913600000
2023-01-18,5198078.28313,4551322.09579,1674000000000
2023-01-19,1269079.7714,3171757.54131,1674086400000
2023-01-20,1701642.38043,7025551.51967,1674172800000
2023-01-21,3429666.3712,5091275.84974,1674259200000
2023-01-22,2430503.75281,4157830.37603,1674345600000
2023-01-23,1688679.15173,4800623.74291,1674432000000
2023-01-24,4789767.40313,2290938.3865,1674518400000
2023-01-25,3187215.25101,8087890.029,1674604800000
2023-01-26,1922839.25714,2412493.78642,1674691200000
2023-01-27,2714945.32665,3338339.7184,1674777600000
2023-01-28,1058879.74248,436170.88682,1674864000000
2023-01-29,1183863.46055,6231388.19359,1674950400000
2023-01-30,5062912.56913,2442000.85852,1675036800000
2023-01-31,1827199.88735,2350455.60026,1675123200000
2023-02-01,2125001.27718,3883950.57033,1675209600000
2023-02-02,4545051.958,3603684.2094,1675296000000
2023-02-03,2050336.01544,2185636.91783,1675382400000
2023-02-04,1160537.092,945667.89549,1675468800000
2023-02-05,2438633.83911,1136958.1598,1675555200000
2023-02-06,2699808.84717,1936433.13104,1675641600000
2023-02-07,1477923.02453,2916359.73828,1675728000000
2023-02-08,3299310.33513,1642767.85299,1675814400000
2023-02-09,8654293.87521,2578421.72965,1675900800000
2023-02-10,1684295.26109,2835235.76842,1675987200000
2023-02-11,149140.62715,681044.91693,1676073600000
2023-02-12,1529733.19488,923799.26039,1676160000000
2023-02-13,8130027.3812,3542152.04952,1676246400000
2023-02-14,2714705.09671,4005031.93831,1676332800000
2023-02-15,1900982.8034,7125882.95173,1676419200000
2023-02-16,8543615.39449,6181389.83043,1676505600000
2023-02-17,6297843.34758,9392598.28666,1676592000000
2023-02-18,1281379.63384,1711835.93493,1676678400000
2023-02-19,2605669.20214,5165153.42803,1676764800000
2023-02-20,4406296.01339,4012007.68417,1676851200000
2023-02-21,6597558.56377,6011681.00317,1676937600000
2023-02-22,7705467.98258,4536648.09112,1677024000000
2023-02-23,5671416.63443,4792370.04112,1677110400000
2023-02-24,6611162.59671,3326265.16866,1677196800000
2023-02-25,3721094.60101,1266289.50851,1677283200000
2023-02-26,1695805.33994,2758025.58344,1677369600000
2023-02-27,3903667.60777,2421140.63145,1677456000000
2023-02-28,4295775.28978,1689317.90955,1677542400000
2023-03-01,6193339.75912,4084032.8128,1677628800000
2023-03-02,2725307.2129,1800734.95532,1677715200000
2023-03-03,5334097.2142,2497797.40443,1677801600000
2023-03-04,1856076.89009,525680.72683,1677888000000
2023-03-05,928819.66865,1380756.04244,1677974400000
2023-03-06,2642541.94352,470519.70963,1678060800000
2023-03-07,2631063.69333,1667967.6934,1678147200000
2023-03-08,3864176.89213,1459937.97602,1678233600000
2023-03-09,7502481.74577,2540067.96383,1678320000000
2023-03-10,8880671.75717,6504053.73732,1678406400000
2023-03-11,5422799.59589,7243704.19725,1678492800000
2023-03-12,3088089.9212,6200024.26086,1678579200000
2023-03-13,8661674.04641,9362353.13427,1678665600000
2023-03-14,12673022.93073,10241572.87348,1678752000000
2023-03-15,9208288.1181,8970962.44354,1678838400000
2023-03-16,3136763.35132,4582088.06702,1678924800000
2023-03-17,6255297.98395,10229447.16837,1679011200000
2023-03-18,7543879.57668,5098635.68887,1679097600000
2023-03-19,3162929.86112,4982700.78378,1679184000000
2023-03-20,7203485.69386,5411787.55591,1679270400000
2023-03-21,3900909.43595,5398642.26122,1679356800000
2023-03-22,6214540.65274,5565569.34511,1679443200000
2023-03-23,5503528.47827,6087434.81552,1679529600000
2023-03-24,5880500.67264,2892476.35726,1679616000000
2023-03-25,2582882.94028,1352882.75835,1679702400000
2023-03-26,996460.05341,2064223.13303,1679788800000
2023-03-27,5448167.6963,2140040.38089,1679875200000
2023-03-28,3205544.64148,4205029.24324,1679961600000
2023-03-29,1772266.76431,4795465.31821,1680048000000
2023-03-30,4061614.23442,4238259.37714,1680134400000
2023-03-31,2302168.95052,3407641.38366,1680220800000
2023-04-01,1131435.22152,1057345.14993,1680307200000
2023-04-02,2206935.59474,1773720.48526,1680393600000
2023-04-03,4894731.39805,5238199.20503,1680480000000
2023-04-04,2348602.22101,1973369.63376,1680566400000
2023-04-05,2828851.75931,3106371.6429,1680652800000
2023-04-06,2454631.45386,1278478.68049,1680739200000
2023-04-07,773707.10161,456877.0958,1680825600000
2023-04-08,718263.96829,421674.25949,1680912000000
2023-04-09,770785.89662,1754866.03103,1680998400000
2023-04-10,1785693.59203,6887615.97784,1681084800000
2023-04-11,4007022.93873,6179018.82985,1681171200000
2023-04-12,3327975.71728,3255266.86214,1681257600000
2023-04-13,1335804.79525,2648950.85572,1681344000000
2023-04-14,5547897.15068,5800869.61446,1681430400000
2023-04-15,606669.0372,466797.28058,1681516800000
2023-04-16,1066394.82501,4398959.90718,1681603200000
2023-04-17,4412590.15262,1053537.283,1681689600000
2023-04-18,4989776.94948,8014333.21106,1681776000000
2023-04-19,6130620.40813,2002147.02634,1681862400000
2023-04-20,5199100.25614,3245314.76963,1681948800000
2023-04-21,5769565.18719,3065172.92093,1682035200000
2023-04-22,1001822.50533,1779011.85219,1682121600000
2023-04-23,1862696.4557,1382350.35829,1682208000000
2023-04-24,3910003.22561,6377349.81103,1682294400000
2023-04-25,1357484.92531,3904047.90751,1682380800000
2023-04-26,10233478.44633,9935709.62162,1682467200000
2023-04-27,4525948.90943,7722710.77496,1682553600000
2023-04-28,1601921.47033,2268933.69916,1682640000000
2023-04-29,486961.49309,786126.96515,1682726400000
2023-04-30,2207764.33481,5157198.40621,1682812800000
2023-05-01,9868385.89189,2388405.48922,1682899200000
2023-05-02,1678865.13281,3100314.3137,1682985600000
2023-05-03,3088836.52875,3869179.28758,1683072000000
2023-05-04,1559411.42187,1303804.3163,1683158400000
2023-05-05,1753903.5121,6767258.22834,1683244800000
2023-05-06,4204628.08197,2150367.16467,1683331200000
2023-05-07,1829780.2846,1373832.40196,1683417600000
2023-05-08,8055017.001,2967917.53569,1683504000000
2023-05-09,2039129.89263,1818165.04679,1683590400000
2023-05-10,6049692.72874,10045897.87648,1683676800000
2023-05-11,4551594.85367,1824954.05923,1683763200000
2023-05-12,3709972.25028,3877927.43951,1683849600000
2023-05-13,1091114.23671,715828.47657,1683936000000
2023-05-14,837969.06479,1202662.74443,1684022400000
2023-05-15,1599005.06792,2327214.29728,1684108800000
2023-05-16,1467449.58412,1431226.06494,1684195200000
2023-05-17,2011552.60642,4530098.60957,1684281600000
2023-05-18,3847602.47443,2366305.00808,1684368000000
2023-05-19,2236716.55747,1295175.05888,1684454400000
2023-05-20,208566.35041,509004.99889,1684540800000
2023-05-21,1222865.96555,226739.70442,1684627200000
2023-05-22,1847147.62618,1589536.66026,1684713600000
2023-05-23,1114267.21003,2134355.63836,1684800000000
2023-05-24,4667067.34248,2301798.97672,1684886400000
2023-05-25,4082764.86535,1776969.59834,1684972800000
2023-05-26,1081841.71802,1720181.32769,1685059200000
2023-05-27,492789.71647,717649.08119,1685145600000
2023-05-28,682897.36804,4497772.81411,1685232000000
2023-05-29,3395877.6425,3293564.29161,1685318400000
2023-05-30,2165641.17602,1770645.90816,1685404800000
2023-05-31,3128851.20337,1937151.38259,1685491200000
2023-06-01,2532607.62451,1220139.42917,1685577600000
2023-06-02,1133751.5334,2483711.57644,1685664000000
2023-06-03,862926.82432,302649.22276,1685750400000
2023-06-04,597622.29081,827097.48991,1685836800000
2023-06-05,12523263.27657,2291418.56654,1685923200000
2023-06-06,2106893.94318,6098563.7617,1686009600000
2023-06-07,7730729.25748,3833225.33747,1686096000000
2023-06-08,1819422.00269,1328121.46438,1686182400000
2023-06-09,1076791.22781,1747611.95413,1686268800000
2023-06-10,7141637.46577,9568612.07599,1686355200000
2023-06-11,1378800.68603,1456032.36399,1686441600000
2023-06-12,1278385.98469,1429425.52105,1686528000000
2023-06-13,2476516.67409,1719797.09667,1686614400000
2023-06-14,2022670.63401,1560661.69149,1686700800000
2023-06-15,2342276.89494,2325478.23408,1686787200000
2023-06-16,1384071.48794,3534802.22462,1686873600000
2023-06-17,680350.31285,920673.62494,1686960000000
2023-06-18,854070.56632,479425.35466,1687046400000
2023-06-19,3728529.96121,1717188.21805,1687132800000
2023-06-20,6302010.80554,4609903.95257,1687219200000
2023-06-21,4200868.83304,11832267.63612,1687305600000
2023-06-22,2969070.3752,2908558.16314,1687392000000
2023-06-23,2801849.89393,6062638.84587,1687478400000
2023-06-24,1651798.29734,6524871.65073,1687564800000
2023-06-25,2532922.79187,3301210.60155,1687651200000
2023-06-26,3422255.93818,2891210.68044,1687737600000
2023-06-27,1423487.01684,2816529.68244,1687824000000
2023-06-28,4182393.42728,1689317.451,1687910400000
2023-06-29,1039665.45255,3339157.41642,1687996800000
2023-06-30,4276573.42412,6633454.47285,1688083200000
2023-07-01,371665.77285,525314.57021,1688169600000
2023-07-02,1128219.37223,1594271.496,1688256000000
2023-07-03,1047742.66329,2504578.93938,1688342400000
2023-07-04,1989713.76394,625388.4457,1688428800000
2023-07-05,2281366.80067,1228372.0837,1688515200000
2023-07-06,5929562.78089,3556863.70416,1688601600000
2023-07-07,1251523.56871,1334166.50541,1688688000000
2023-07-08,1095593.60194,325682.83813,1688774400000
2023-07-09,809878.19085,568402.84266,1688860800000
2023-07-10,1982464.38157,3470143.11858,1688947200000
2023-07-11,987417.27727,2107404.75306,1689033600000
2023-07-12,2082687.3552,1013355.35305,1689120000000
2023-07-13,3466501.12446,8747273.89028,1689206400000
2023-07-14,5384918.97704,1947860.34242,1689292800000
2023-07-15,381375.8046,239153.24152,1689379200000
2023-07-16,1167739.79901,820807.26587,1689465600000
2023-07-17,6264920.92499,1953610.74203,1689552000000
2023-07-18,2226067.57491,1343385.14625,1689638400000
2023-07-19,1672965.3078,1501785.16768,1689724800000
2023-07-20,2034905.17413,1775553.67709,1689811200000
2023-07-21,701884.23565,897674.69685,1689897600000
2023-07-22,757697.59218,264552.96227,1689984000000
2023-07-23,1818793.00573,1677356.34254,1690070400000
2023-07-24,2856952.53545,1370304.08334,1690156800000
2023-07-25,572430.15565,785590.24185,1690243200000
2023-07-26,1741369.89569,1664788.29377,1690329600000
2023-07-27,1441586.64254,324960.47412,1690416000000
2023-07-28,779786.22042,1004458.49966,1690502400000
2023-07-29,137091.34519,231287.58749,1690588800000
2023-07-30,1222271.87903,615667.0086,1690675200000
2023-07-31,1028381.62523,722366.67304,1690761600000
2023-08-01,1631787.41337,5754820.76289,1690848000000
2023-08-02,3401764.70589,2594245.16758,1690934400000
2023-08-03,1193998.19762,1496470.08794,1691020800000
2023-08-04,1621232.93252,480342.55315,1691107200000
2023-08-05,594044.3518,258277.42293,1691193600000
2023-08-06,420383.97908,446301.43934,1691280000000
2023-08-07,2615507.30008,1670770.87722,1691366400000
2023-08-08,1083620.06301,7129882.14859,1691452800000
2023-08-09,2164852.89952,1100605.88198,1691539200000
2023-08-10,871201.63837,519865.18257,1691625600000
2023-08-11,583759.41818,291407.8434,1691712000000
2023-08-12,50466.45624,324473.00935,1691798400000
2023-08-13,1173083.22846,348034.97345,1691884800000
2023-08-14,3507287.23682,1523951.80765,1691971200000
2023-08-15,1916672.46547,400285.1817,1692057600000
2023-08-16,3265260.87201,421656.16261,1692144000000
2023-08-17,20790432.97214,6900748.07482,1692230400000
2023-08-18,5005878.45881,3545350.64618,1692316800000
2023-08-19,1585750.46424,1251050.73789,1692403200000
2023-08-20,632847.74753,589642.33562,1692489600000
2023-08-21,2660643.8203,1029363.91863,1692576000000
2023-08-22,2106570.42464,1380885.69937,1692662400000
2023-08-23,2815841.66584,7100094.92539,1692748800000
2023-08-24,2287069.56915,706975.57384,1692835200000
2023-08-25,2651504.75681,1208248.74878,1692921600000
2023-08-26,31516.7749,114338.48922,1693008000000
2023-08-27,223548.10524,531495.74372,1693094400000
2023-08-28,987024.03724,1186605.26058,1693180800000
2023-08-29,3928636.97427,5388618.73094,1693267200000
2023-08-30,2052984.77496,909244.12631,1693353600000
2023-08-31,3747431.82888,1243771.11042,1693440000000
2023-09-01,3115190.84605,2385305.42441,1693526400000
2023-09-02,657051.9699,495960.88095,1693612800000
2023-09-03,431639.67455,570331.58068,1693699200000
2023-09-04,1289025.92783,803731.07991,1693785600000
2023-09-05,1092249.74982,859993.9882,1693872000000
2023-09-06,1890471.96952,1277444.77284,1693958400000
2023-09-07,683056.53074,2116562.32724,1694044800000
2023-09-08,1221008.21387,787605.96187,1694131200000
2023-09-09,39274.7177,46140.2907,1694217600000
2023-09-10,3931266.91964,508469.55584,1694304000000
2023-09-11,3327751.54495,1631951.85087,1694390400000
2023-09-12,2267615.68349,3382956.83419,1694476800000
2023-09-13,1213570.47796,1634452.18459,1694563200000
2023-09-14,1348760.79715,2813402.07739,1694649600000
2023-09-15,1646704.31623,2336905.99588,1694736000000
2023-09-16,1153515.45067,1123803.65828,1694822400000
2023-09-17,1292830.78476,423967.62207,1694908800000
2023-09-18,2733871.1314,5364235.93615,1694995200000
2023-09-19,3062047.85953,4429790.65161,1695081600000
2023-09-20,2690808.24781,2086785.07342,1695168000000
2023-09-21,3762835.8665,857905.02484,1695254400000
2023-09-22,506667.03183,613796.07352,1695340800000
2023-09-23,78147.392,38846.90367,1695427200000
2023-09-24,897719.20457,434823.96285,1695513600000
2023-09-25,1594928.26287,1828231.83997,1695600000000
2023-09-26,961721.28245,564865.44502,1695686400000
2023-09-27,1411237.20398,2555257.61405,1695772800000
2023-09-28,1797854.38076,4448310.34315,1695859200000
2023-09-29,2043668.68873,1478715.97681,1695945600000
2023-09-30,219116.71294,1086114.94818,1696032000000
2023-10-01,473318.68484,6899023.67033,1696118400000
2023-10-02,6089212.0084,3920837.90686,1696204800000
2023-10-03,1706553.55438,1362356.82988,1696291200000
2023-10-04,1082525.59187,2614256.53666,1696377600000
2023-10-05,3053127.58748,2035890.82241,1696464000000
2023-10-06,1988859.31168,5128488.35609,1696550400000
2023-10-07,367601.9529,209390.38284,1696636800000
2023-10-08,620645.34586,551241.40876,1696723200000
2023-10-09,2867847.00447,1689814.70835,1696809600000
2023-10-10,2145079.45747,946045.25673,1696896000000
2023-10-11,4849661.77898,1399070.69805,1696982400000
2023-10-12,1907706.23996,742960.30983,1697068800000
2023-10-13,1495126.94134,1543336.61159,1697155200000
2023-10-14,96345.95611,315290.7611,1697241600000
2023-10-15,876714.74844,1634483.44744,1697328000000
2023-10-16,4086624.53666,11539713.77268,1697414400000
2023-10-17,4502955.79637,3071596.52419,1697500800000
2023-10-18,2047376.13398,1230820.73371,1697587200000
2023-10-19,1756955.03196,5206061.02644,1697673600000
2023-10-20,2568241.45052,4422723.18766,1697760000000
2023-10-21,1830671.48793,2435331.17273,1697846400000
2023-10-22,1481479.8869,1564799.00638,1697932800000
2023-10-23,6843130.40045,28823548.01272,1698019200000
2023-10-24,9468615.39629,12816488.02833,1698105600000
2023-10-25,4005431.17236,6991814.71854,1698192000000
2023-10-26,6663363.23814,4357677.45577,1698278400000
2023-10-27,3466268.77848,2149839.33281,1698364800000
2023-10-28,752110.49238,1174688.28066,1698451200000
2023-10-29,1058343.39075,2211331.56044,1698537600000
2023-10-30,5352238.72725,3085288.00586,1698624000000
2023-10-31,2453969.77525,2895120.90099,1698710400000
2023-11-01,3156191.70282,8718868.38802,1698796800000
2023-11-02,4912628.95225,3892500.28201,1698883200000
2023-11-03,6280212.48498,3159379.3981,1698969600000
2023-11-04,725794.84666,3004457.3471,1699056000000
2023-11-05,2667017.17157,4211937.95585,1699142400000
2023-11-06,2659554.13249,3061042.65049,1699228800000
2023-11-07,3651238.64587,4353299.83372,1699315200000
2023-11-08,1750332.58038,4050337.91235,1699401600000
2023-11-09,6746384.8604,15694918.7891,1699488000000
2023-11-10,3197153.34912,6056844.70913,1699574400000
2023-11-11,2871919.66601,2521863.4306,1699660800000
2023-11-12,3854836.09645,1789403.37494,1699747200000
2023-11-13,5509096.59961,3471983.5674,1699833600000
2023-11-14,4806956.23313,3789771.39661,1699920000000
2023-11-15,2680802.90707,12657055.84941,1700006400000
2023-11-16,12285577.81679,4202448.7466,1700092800000
2023-11-17,4531523.4924,7170744.35346,1700179200000
2023-11-18,2140148.94352,1594865.23851,1700265600000
2023-11-19,1144857.5631,4137550.30375,1700352000000
2023-11-20,2930920.19855,4141960.35428,1700438400000
2023-11-21,13612909.47954,4501580.89898,1700524800000
2023-11-22,2012435.00966,9012926.06983,1700611200000
2023-11-23,2261462.0912,1699838.68434,1700697600000
2023-11-24,2605992.85465,6735193.86178,1700784000000
2023-11-25,213725.81099,771497.60004,1700870400000
2023-11-26,1938529.95408,1063395.60557,1700956800000
2023-11-27,3840785.86438,1639782.38382,1701043200000
2023-11-28,3217631.55702,7502802.18449,1701129600000
2023-11-29,3298618.36443,3360055.66749,1701216000000
2023-11-30,1817202.84841,1817361.93669,1701302400000
2023-12-01,1978149.03337,5822708.9521,1701388800000
2023-12-02,1089481.35221,5179837.82773,1701475200000
2023-12-03,2100177.70414,5041275.1477,1701561600000
2023-12-04,4820851.51297,18514502.70526,1701648000000
2023-12-05,4917269.35488,15968120.26888,1701734400000
2023-12-06,8998718.43126,6522746.64295,1701820800000
2023-12-07,6600867.48758,5889639.41911,1701907200000
2023-12-08,1685416.15665,17073537.4437,1701993600000
2023-12-09,3293069.7044,3268356.70749,1702080000000
2023-12-10,927912.91878,2060632.68695,1702166400000
2023-12-11,18065223.49903,7409836.53305,1702252800000
2023-12-12,6083637.64901,5591086.1547,1702339200000
2023-12-13,3840597.85393,6868000.35653,1702425600000
2023-12-14,4210281.38358,10073905.15513,1702512000000
2023-12-15,5169926.91567,2207009.42435,1702598400000
2023-12-16,2198447.64506,2748604.17615,1702684800000
2023-12-17,7468492.49474,1816009.85356,1702771200000
2023-12-18,14612928.36908,8180371.80401,1702857600000
2023-12-19,6381379.20037,7305340.62703,1702944000000
2023-12-20,3178748.5099,10491092.47864,1703030400000
2023-12-21,3000436.05061,5959699.08707,1703116800000
2023-12-22,3794129.53714,4036227.19508,1703203200000
2023-12-23,1002780.68065,1764940.64597,1703289600000
2023-12-24,4435422.1387,2571492.31356,1703376000000
2023-12-25,2380402.14834,4938899.48105,1703462400000
2023-12-26,6229072.40247,3675803.2918,1703548800000
2023-12-27,3251900.41929,6608456.50358,1703635200000
2023-12-28,7560201.62672,3484223.4491,1703721600000
2023-12-29,5621432.16235,2858716.24068,1703808000000
2023-12-30,3989240.04693,2265066.7191,1703894400000
2023-12-31,3404759.31611,5790935.75858,1703980800000
2024-01-01,1525373.99103,20239441.13206,1704067200000
2024-01-02,6458477.44098,9501063.79951,1704153600000
2024-01-03,22906265.1908,8258491.05786,1704240000000
2024-01-04,3064648.08433,6408790.50508,1704326400000
2024-01-05,5388821.02111,5480542.54353,1704412800000
2024-01-06,2424572.42611,3215697.54411,1704499200000
2024-01-07,3990530.14074,2248761.63438,1704585600000
2024-01-08,4534955.55455,10215052.62788,1704672000000
2024-01-09,13682456.33015,7097834.98928,1704758400000
2024-01-10,12202747.58017,11266657.68296,1704844800000
2024-01-11,10012608.35197,18660942.60917,1704931200000
2024-01-12,17903035.60164,7566705.35589,1705017600000
2024-01-13,3093056.8985,2626887.05463,1705104000000
2024-01-14,4711694.62061,1963944.67596,1705190400000
2024-01-15,2979683.72918,5132810.88651,1705276800000
2024-01-16,3132514.18757,12193064.67951,1705363200000
2024-01-17,6829544.4949,1821827.556,1705449600000
2024-01-18,18371703.7077,4701035.45403,1705536000000
2024-01-19,9574292.4264,6212414.51086,1705622400000
2024-01-20,777893.1419,1276341.44015,1705708800000
2024-01-21,945971.08427,842060.13474,1705795200000
2024-01-22,15766768.40073,4721136.41903,1705881600000
2024-01-23,11272729.71029,10701827.75428,1705968000000
2024-01-24,4152877.91563,11290172.99517,1706054400000
2024-01-25,2217901.934,2444858.90048,1706140800000
2024-01-26,2264983.36572,7853225.25841,1706227200000
2024-01-27,1866773.24681,1922011.64742,1706313600000
2024-01-28,3671451.17,4762463.14394,1706400000000
2024-01-29,2090662.44404,6221485.80648,1706486400000
2024-01-30,5831173.8408,6902172.06327,1706572800000
2024-01-31,7592591.63426,5660466.14418,1706659200000
2024-02-01,14519619.81815,5808399.93548,1706745600000
2024-02-02,2390336.17203,3593538.34276,1706832000000
2024-02-03,907126.38411,649976.92377,1706918400000
2024-02-04,2639907.18725,973667.7207,1707004800000
2024-02-05,4037565.15468,4389774.92507,1707091200000
2024-02-06,6447823.79167,3100589.30228,1707177600000
2024-02-07,1998856.94874,6935446.62171,1707264000000
2024-02-08,1817522.81459,8877018.52597,1707350400000
2024-02-09,3806903.47029,11600796.89505,1707436800000
2024-02-10,2209429.21265,3922021.62357,1707523200000
2024-02-11,3489845.60542,4633928.94076,1707609600000
2024-02-12,6189707.20125,16567084.77983,1707696000000
2024-02-13,5328468.98605,7568172.67482,1707782400000
2024-02-14,4574145.5019,19282934.32638,1707868800000
2024-02-15,8184157.18968,16070041.23799,1707955200000
2024-02-16,3226908.64964,5227551.77188,1708041600000
2024-02-17,4623169.8159,4642659.04028,1708128000000
2024-02-18,2687821.86762,8264005.49553,1708214400000
2024-02-19,6526982.9521,7817376.49029,1708300800000
2024-02-20,17324658.37112,10013801.8796,1708387200000
2024-02-21,8370346.4294,4876254.46013,1708473600000
2024-02-22,4887090.85066,4709066.1054,1708560000000
2024-02-23,5025779.25862,2463814.96949,1708646400000
2024-02-24,719420.08975,3419554.63052,1708732800000
2024-02-25,2247971.34971,4220021.22893,1708819200000
2024-02-26,3286971.70833,24077421.18237,1708905600000
2024-02-27,15235178.6347,17628242.52984,1708992000000
2024-02-28,13792583.7289,50568262.76545,1709078400000
2024-02-29,16590279.15231,12809175.87276,1709164800000
2024-03-01,3645132.9765,20244364.92954,1709251200000
2024-03-02,4200354.0741,4141135.88156,1709337600000
2024-03-03,3928055.67614,7751970.6545,1709424000000
2024-03-04,9444493.47236,35329849.99494,1709510400000
2024-03-05,31462173.95826,27895746.89167,1709596800000
2024-03-06,15702706.12227,18429869.54243,1709683200000
2024-03-07,5130300.65015,8285959.80655,1709769600000
2024-03-08,8465167.94123,10174911.90757,1709856000000
2024-03-09,2300447.6334,2615366.70183,1709942400000
2024-03-10,5553708.36795,15370943.13979,1710028800000
2024-03-11,7688770.7895,13061807.83903,1710115200000
2024-03-12,8908161.85151,9386395.47783,1710201600000
2024-03-13,3025472.76085,10133371.98825,1710288000000
2024-03-14,14718741.10735,12081765.03087,1710374400000
2024-03-15,22240783.68161,19782615.12091,1710460800000
2024-03-16,14857076.18261,6954579.02098,1710547200000
2024-03-17,5674688.4755,11953558.40459,1710633600000
2024-03-18,8978040.37409,10731091.02562,1710720000000
2024-03-19,22752906.00804,12769440.42684,1710806400000
2024-03-20,20262277.92138,20156020.56988,1710892800000
2024-03-21,8375152.32453,8046442.06904,1710979200000
2024-03-22,9253263.88913,14329436.42621,1711065600000
2024-03-23,4898374.54584,5147449.2923,1711152000000
2024-03-24,2517314.51421,12923647.59194,1711238400000
2024-03-25,5844473.53831,13405259.38078,1711324800000
2024-03-26,6242127.80426,6288185.9204,1711411200000
2024-03-27,5870863.80389,9684664.03889,1711497600000
2024-03-28,3021165.77555,16001251.7129,1711584000000
2024-03-29,7519293.02546,3620091.36578,1711670400000
2024-03-30,1155508.48654,2012692.2294,1711756800000
2024-03-31,996646.62707,7096102.40112,1711843200000
2024-04-01,7039859.89964,6828174.43507,1711929600000
2024-04-02,10481249.96975,13384960.31888,1712016000000
2024-04-03,4309138.9044,16315709.10179,1712102400000
2024-04-04,4471412.98328,12042845.22956,1712188800000
2024-04-05,8142704.64866,7968361.44567,1712275200000
2024-04-06,1324851.63161,6856554.31722,1712361600000
2024-04-07,2919180.9335,11557622.30142,1712448000000
2024-04-08,4845306.21634,14901457.95831,1712534400000
2024-04-09,9044529.04737,5616016.04865,1712620800000
2024-04-10,5849873.37915,10965142.22251,1712707200000
2024-04-11,4338050.17379,11181313.89088,1712793600000
2024-04-12,12331849.46412,6134374.91649,1712880000000
2024-04-13,31697633.14711,15488818.68101,1712966400000
2024-04-14,8512081.01084,9111952.93795,1713052800000
2024-04-15,8376493.29613,6904121.96962,1713139200000
2024-04-16,8717176.37756,7566372.34277,1713225600000
2024-04-17,9815304.63003,7632232.52714,1713312000000
2024-04-18,7308016.2503,8485310.81887,1713398400000
2024-04-19,12143291.30363,11594358.71734,1713484800000
2024-04-20,2329309.88783,4042559.50697,1713571200000
2024-04-21,1745847.6887,2431171.15965,1713657600000
2024-04-22,3395074.89163,4440248.07675,1713744000000
2024-04-23,3077873.4658,2861838.54446,1713830400000
2024-04-24,7084051.13452,3296398.78841,1713916800000
2024-04-25,13787008.99864,6287420.58013,1714003200000
2024-04-26,3764846.11332,2179297.22404,1714089600000
2024-04-27,3458447.55897,2298026.11856,1714176000000
2024-04-28,2346267.449,2734635.49643,1714262400000
2024-04-29,4539780.38438,4663850.95164,1714348800000
2024-04-30,14134144.49102,7071272.71742,1714435200000
2024-05-01,12937274.35701,10019282.92741,1714521600000
2024-05-02,4169809.51353,4919001.3649,1714608000000
2024-05-03,4005593.41774,10439979.60749,1714694400000
2024-05-04,2282076.6911,5828927.43456,1714780800000
2024-05-05,2924179.97701,4730890.05309,1714867200000
2024-05-06,6646550.47681,5091513.18268,1714953600000
2024-05-07,13407021.12098,4299599.45122,1715040000000
2024-05-08,7527576.22052,5625557.3087,1715126400000
2024-05-09,2285020.60998,7684338.53761,1715212800000
2024-05-10,11819454.75811,5675792.58321,1715299200000
2024-05-11,1048146.65273,1395102.61405,1715385600000
2024-05-12,1682160.83733,7210427.68618,1715472000000
2024-05-13,5436260.63404,6529785.81344,1715558400000
2024-05-14,4996555.55648,1839267.89443,1715644800000
2024-05-15,2627759.11307,10097347.9721,1715731200000
2024-05-16,4599166.56212,3940628.87745,1715817600000
2024-05-17,5486179.58676,7196961.01622,1715904000000
2024-05-18,1431509.25494,1899920.11435,1715990400000
2024-05-19,2485802.99936,1558782.29645,1716076800000
2024-05-20,4356028.92333,16555760.46721,1716163200000
2024-05-21,4073071.77934,4911675.25683,1716249600000
2024-05-22,3535307.27471,2107824.03819,1716336000000
2024-05-23,7674495.2494,4206014.37432,1716422400000
2024-05-24,2260732.81109,3318216.84101,1716508800000
2024-05-25,662001.05587,2326259.34763,1716595200000
2024-05-26,955977.85946,2072915.69812,1716681600000
2024-05-27,2307150.21826,6065297.67383,1716768000000
2024-05-28,6800177.13544,5159545.8884,1716854400000
2024-05-29,5665262.1852,2293454.71111,1716940800000
2024-05-30,5950619.86276,5386655.07792,1717027200000
2024-05-31,7361814.80895,4888536.05176,1717113600000
2024-06-01,237014.30845,787536.55365,1717200000000
2024-06-02,3192179.78643,2447741.75523,1717286400000
2024-06-03,3192788.66538,7541887.09805,1717372800000
2024-06-04,1863161.14967,6903707.87139,1717459200000
2024-06-05,1776483.65714,6372060.25641,1717545600000
2024-06-06,6695149.86285,2067431.1389,1717632000000
2024-06-07,8302909.93359,5632936.59391,1717718400000
2024-06-08,709874.50541,329825.77322,1717804800000
2024-06-09,481099.50279,1105983.71208,1717891200000
2024-06-10,2712404.47773,1634142.77491,1717977600000
2024-06-11,5386675.54048,3039702.02744,1718064000000
2024-06-12,8220185.45783,6549945.72869,1718150400000
2024-06-13,23245926.19779,2473055.50607,1718236800000
2024-06-14,8083469.04046,2806428.33062,1718323200000
2024-06-15,660509.03674,543550.02229,1718409600000
2024-06-16,706081.57879,1673547.06751,1718496000000
2024-06-17,6437334.53452,8777110.53643,1718582400000
2024-06-18,18789846.05379,4548444.3492,1718668800000
2024-06-19,3050593.40414,1328625.99128,1718755200000
2024-06-20,3333459.37963,3526895.46608,1718841600000
2024-06-21,6464070.22786,3661571.62488,1718928000000
2024-06-22,381050.16736,266270.66357,1719014400000
2024-06-23,2483331.00164,214687.98349,1719100800000
2024-06-24,37022854.85524,7152793.47492,1719187200000
2024-06-25,3433325.35201,5788127.64368,1719273600000
2024-06-26,2311063.83375,1652372.88003,1719360000000
2024-06-27,2000399.01947,3127096.59925,1719446400000
2024-06-28,14671124.98822,3317772.76843,1719532800000
2024-06-29,310586.00299,695734.0016,1719619200000
2024-06-30,1290615.04353,3262597.77376,1719705600000
2024-07-01,3787313.30285,6405410.16505,1719792000000
2024-07-02,2933392.69904,1427406.09294,1719878400000
2024-07-03,10893428.53101,3290363.3654,1719964800000
2024-07-04,67357064.79952,6624180.76473,1720051200000
2024-07-05,11884051.54682,10402086.91096,1720137600000
2024-07-06,1881046.623,7451712.42045,1720224000000
2024-07-07,9699808.68184,3741508.04915,1720310400000
2024-07-08,16975847.25237,19762151.0871,1720396800000
2024-07-09,3534289.58509,5218936.31477,1720483200000
2024-07-10,5658164.85259,8052971.60293,1720569600000
2024-07-11,6469291.71171,2999935.91811,1720656000000
2024-07-12,5376540.5916,4925984.36601,1720742400000
2024-07-13,868582.55913,3983818.14959,1720828800000
2024-07-14,1498946.15588,4174605.75983,1720915200000
2024-07-15,3516047.97837,20704869.01393,1721001600000
2024-07-16,8389442.10185,7397207.30317,1721088000000
2024-07-17,11439146.11366,5896134.58849,1721174400000
2024-07-18,6424155.16171,4696000.87841,1721260800000
2024-07-19,8210966.51674,16789240.91942,1721347200000
2024-07-20,1919075.39989,2637825.58234,1721433600000
2024-07-21,14290973.2107,6257013.85036,1721520000000
2024-07-22,3929488.8334,4043176.77196,1721606400000
2024-07-23,7669260.18866,3998262.32608,1721692800000
2024-07-24,6210383.21554,3461449.59927,1721779200000
2024-07-25,18470053.07749,7206000.80447,1721865600000
2024-07-26,2999842.74914,5549630.0902,1721952000000
2024-07-27,9600860.2226,6178219.44921,1722038400000
2024-07-28,2779791.06388,2067160.43895,1722124800000
2024-07-29,5775749.67069,7570817.87691,1722211200000
2024-07-30,5506447.15592,2846960.26568,1722297600000
2024-07-31,5304419.7892,3276836.62989,1722384000000
2024-08-01,12520527.1561,10002067.96209,1722470400000
2024-08-02,16071247.53399,6499031.27028,1722556800000
2024-08-03,12241698.31901,4579799.48219,1722643200000
2024-08-04,12897140.1526,4360208.55491,1722729600000
2024-08-05,52119106.88637,30924280.66114,1722816000000
2024-08-06,7890752.26345,13082454.92021,1722902400000
2024-08-07,7777121.10956,7574570.24415,1722988800000
2024-08-08,5043963.53555,27772501.36,1723075200000
2024-08-09,6974087.52408,4633261.4911,1723161600000
2024-08-10,1863960.37153,1932067.2361,1723248000000
2024-08-11,6598851.21062,3601438.50148,1723334400000
2024-08-12,8778060.31995,12098540.59537,1723420800000
2024-08-13,3387578.13313,6269706.19949,1723507200000
2024-08-14,7406733.20537,2685921.80946,1723593600000
2024-08-15,18533869.42598,5245907.90304,1723680000000
2024-08-16,2908913.4132,5276439.95253,1723766400000
2024-08-17,666692.76747,1161744.60835,1723852800000
2024-08-18,2766521.29671,2575707.06522,1723939200000
2024-08-19,1707980.08638,2991709.7821,1724025600000
2024-08-20,5169539.82875,8375226.86017,1724112000000
2024-08-21,2936858.26899,5642853.98021,1724198400000
2024-08-22,2727669.26528,2954797.47494,1724284800000
2024-08-23,2720787.53812,7502565.50342,1724371200000
2024-08-24,2029771.85345,2608605.28446,1724457600000
2024-08-25,1195217.27569,1385316.65758,1724544000000
2024-08-26,4576163.31844,1350113.9379,1724630400000
2024-08-27,24417021.14675,5059442.90317,1724716800000
2024-08-28,9820317.99169,7390746.86266,1724803200000
2024-08-29,4156759.6946,5217384.81252,1724889600000
2024-08-30,4484037.75529,5127986.66145,1724976000000
2024-08-31,944079.96383,601106.94796,1725062400000
2024-09-01,12489907.78789,3212379.33812,1725148800000
2024-09-02,11513700.93877,4127412.14926,1725235200000
2024-09-03,5581822.43267,2834935.99985,1725321600000
2024-09-04,9480524.71272,7981897.03625,1725408000000
2024-09-05,5106444.96027,2238553.28995,1725494400000
2024-09-06,15072774.34776,5939327.58095,1725580800000
2024-09-07,1263573.82164,1464384.24182,1725667200000
2024-09-08,1328907.51384,3394182.38491,1725753600000
2024-09-09,2814089.38446,8343294.66256,1725840000000
2024-09-10,3999985.09725,3948213.37524,1725926400000
2024-09-11,9485596.86869,4732488.51507,1726012800000
2024-09-12,2863605.07505,3688967.02886,1726099200000
2024-09-13,1701828.80722,19474419.05652,1726185600000
2024-09-14,1315581.49595,694133.64357,1726272000000
2024-09-15,2479385.81861,1557310.66073,1726358400000
2024-09-16,5755514.6533,2623385.19974,1726444800000
2024-09-17,5931161.71232,12558265.3074,1726531200000
2024-09-18,4722355.84059,10339096.88596,1726617600000
2024-09-19,3388808.27974,6828920.48086,1726704000000
2024-09-20,6110228.4796,3992814.99536,1726790400000
2024-09-21,522596.31604,3589521.69105,1726876800000
2024-09-22,2572061.63455,2415950.70396,1726963200000
2024-09-23,9334728.56223,7961188.0439,1727049600000
2024-09-24,2921557.63521,3667924.56346,1727136000000
2024-09-25,4189796.1894,1566992.41564,1727222400000
2024-09-26,4823470.70599,7217753.5695,1727308800000
2024-09-27,2083454.70019,6468727.34341,1727395200000
2024-09-28,2423580.23254,1424896.65933,1727481600000
2024-09-29,1017598.08692,1794916.56948,1727568000000
2024-09-30,11397479.21312,3111078.25024,1727654400000
2024-10-01,50484747.28295,6567745.71979,1727740800000
2024-10-02,8043474.55645,6717464.16964,1727827200000
2024-10-03,7995069.29158,5230452.51951,1727913600000
2024-10-04,2851737.6482,14961799.96149,1728000000000
2024-10-05,2742000.98433,702779.52162,1728086400000
2024-10-06,1192835.15321,4352296.15874,1728172800000
2024-10-07,8976894.66536,11677700.76933,1728259200000
2024-10-08,4954763.83848,3783641.54274,1728345600000
2024-10-09,6067017.08918,1373199.69962,1728432000000
2024-10-10,22446792.66355,3753565.74447,1728518400000
2024-10-11,2166410.99918,9281482.2987,1728604800000
2024-10-12,1694681.85657,4936559.66161,1728691200000
2024-10-13,5557345.44686,1675094.99939,1728777600000
2024-10-14,2335034.68343,17810922.33657,1728864000000
2024-10-15,6896735.63699,12028232.0631,1728950400000
2024-10-16,4092381.9415,9946843.22563,1729036800000
2024-10-17,4156606.6571,2485017.17092,1729123200000
2024-10-18,1988727.29856,5477893.73784,1729209600000
2024-10-19,1465075.26046,2445832.45549,1729296000000
2024-10-20,646301.62108,4528272.45989,1729382400000
2024-10-21,6866353.71247,4673674.06964,1729468800000
2024-10-22,9752780.58599,2903847.62902,1729555200000
2024-10-23,7652058.06554,2744653.5842,1729641600000
2024-10-24,2038207.63417,6827195.73861,1729728000000
2024-10-25,15056627.65982,4867298.55296,1729814400000
2024-10-26,609629.62593,2129142.10159,1729900800000
2024-10-27,339987.32475,2896679.06447,1729987200000
2024-10-28,2986823.72229,6843037.60306,1730073600000
2024-10-29,3405071.21766,33805574.86246,1730160000000
2024-10-30,3561557.19753,2962588.55467,1730246400000
2024-10-31,19299168.88336,3043688.63164,1730332800000
2024-11-01,9823001.49515,7209388.14462,1730419200000
2024-11-02,1668771.0515,1469743.13994,1730505600000
2024-11-03,23345183.10416,5592230.14042,1730592000000
2024-11-04,8155119.85267,4332300.81086,1730678400000
2024-11-05,4942640.40452,6973274.02591,1730764800000
2024-11-06,11098180.225,133474959.95819,1730851200000
2024-11-07,6131678.25466,22303022.89506,1730937600000
2024-11-08,3312384.56924,4886280.68721,1731024000000
2024-11-09,5044227.35042,20435535.58095,1731110400000
2024-11-10,7640564.52864,19517151.55274,1731196800000
2024-11-11,6402988.90435,51493053.76422,1731283200000
2024-11-12,19449242.55058,23380323.50997,1731369600000
2024-11-13,29660238.57951,68842508.81209,1731456000000
2024-11-14,15670134.57923,10864899.57847,1731542400000
2024-11-15,9244917.53466,26360276.84394,1731628800000
2024-11-16,2779881.70646,9095551.74574,1731715200000
2024-11-17,5983044.34653,5847727.42086,1731801600000
2024-11-18,8504005.05769,13150943.38009,1731888000000
2024-11-19,5847705.12486,11254830.84432,1731974400000
2024-11-20,4329650.54815,13663291.76334,1732060800000
2024-11-21,7946489.11573,31545510.26488,1732147200000
2024-11-22,6868162.99006,13290632.79624,1732233600000
2024-11-23,18234950.31382,10781092.48097,1732320000000
2024-11-24,22309037.60093,7325925.45332,1732406400000
2024-11-25,28242268.92763,11617968.66349,1732492800000
2024-11-26,15476685.94196,11370845.17126,1732579200000
2024-11-27,3762545.22763,17042953.58527,1732665600000
2024-11-28,3588111.78796,4736416.51557,1732752000000
2024-11-29,5670526.72302,15574537.82646,1732838400000
