h,c,o,l,t,low,open,close,volume,high
0.00719187,0.00643187,0.00361119,-0.00045366,1682208000,27279.7,27807.2,27576.0,332082.355,27807.3
0.00719464,0.00396581,0.00643187,0.00087527,1682294400,26919.3,27575.9,27497.5,581268.268,28000.0
0.01000517,0.00451435,0.00396581,0.00388728,1682380800,27176.6,27497.4,28286.7,508254.515,28379.9
0.011725,0.001335,0.00451435,-0.00594178,1682467200,27200.0,28286.7,28395.9,1284924.668,30048.2
0.007383,0.006673,0.001335,-0.001618,1682553600,28365.3,28396.0,29459.0,952584.739,29898.0
0.010006,-0.000404,0.006673,-0.000404,1682640000,28870.0,29459.0,29300.0,508350.155,29591.1
0.007602,0.002456,-0.000404,-0.006887,1682726400,29000.4,29300.0,29212.7,218013.244,29443.9
0.008414,0.002533,0.002456,0.000008,1682812800,29067.4,29212.7,29223.0,417798.846,29950.0
0.010096,0.004048,0.002533,-0.003352,1682899200,27650.0,29223.0,28054.4,624974.488,29325.5
0.009093,0.002537,0.004048,-0.003829,1682985600,27854.0,28054.5,28656.5,513546.269,28888.0
0.010101,0.010002,0.002537,0.002537,1683072000,28080.0,28656.4,29018.4,676466.23,29258.4
0.012066,0.002508,0.010002,0.002095,1683158400,28660.0,29018.4,28826.0,426425.584,29380.0
0.010841,0.007938,0.002508,-0.000414,1683244800,28618.3,28826.0,29491.5,578485.177,29693.0
0.010361,-0.000231,0.007938,-0.000678,1683331200,28333.0,29491.5,28837.8,475628.901,29840.0
0.007281,0.001835,-0.000231,-0.002062,1683417600,28370.0,28837.9,28419.4,308410.643,29137.0
0.005841,0.002151,0.001835,-0.008572,1683504000,27250.0,28419.5,27659.8,658188.777,28624.6
0.009053,0.005392,0.002151,-0.000272,1683590400,27316.8,27659.8,27610.2,367664.686,27815.6
0.007031,-0.00066,0.005392,-0.007757,1683676800,26666.6,27610.2,27582.9,722502.676,28297.0
0.008063,0.003436,-0.00066,-0.001834,1683763200,26688.8,27583.0,26956.4,538822.363,27630.0
0.008349,0.002158,0.003436,-0.000706,1683849600,25751.0,26956.4,26785.1,615645.508,27090.0
0.00795,0.001454,0.002158,-0.002749,1683936000,26674.9,26785.2,26762.7,242694.929,27051.5
0.006619,0.003181,0.001454,0.000326,1684022400,26557.0,26762.8,26901.9,247579.427,27200.0
0.00748,0.007296,0.003181,-0.003901,1684108800,26694.4,26901.9,27152.5,450263.076,27650.0
0.011157,0.008656,0.007296,0.000402,1684195200,26832.0,27152.5,27024.8,373172.951,27284.7
0.011219,0.007553,0.008656,0.00286,1684281600,26527.5,27024.7,27395.8,490065.218,27500.0
0.011203,0.003418,0.007553,0.00244,1684368000,26335.3,27395.7,26809.3,544971.979,27482.7
0.007268,0.005446,0.003418,0.00041,1684454400,26611.2,26809.4,26870.1,324097.956,27180.0
0.006966,0.002678,0.005446,-0.005519,1684540800,26813.5,26870.1,27089.5,137515.354,27144.4
0.009135,0.003987,0.002678,-0.001134,1684627200,26642.0,27089.6,26732.8,238776.425,27288.0
0.008991,0.008738,0.003987,0.00051,1684713600,26500.0,26732.8,26840.2,328030.52,27097.8
0.011176,0.011175,0.008738,0.006858,1684800000,26782.6,26840.2,27209.9,369176.618,27527.5
0.011175,0.006308,0.011175,-0.00073,1684886400,26060.0,27209.9,26313.8,535191.677,27212.9
0.013065,0.007332,0.006308,0.001712,1684972800,25850.0,26313.9,26461.8,394535.225,26644.0
0.010144,0.003182,0.007332,0.001409,1685059200,26313.9,26461.7,26689.9,324475.546,26925.0
0.009641,0.0068,0.003182,0.001762,1685145600,26528.6,26689.8,26841.6,163681.935,26890.0
0.0068,0.0068,0.0068,0.0068,1685232000,26746.0,26841.6,28055.7,440115.394,28252.8
0.011684,0.007002,0.009104,0.005154,1685318400,27513.5,28055.8,27722.0,411290.549,28442.0
0.009303,0.006008,0.007002,0.00269,1685404800,27530.0,27722.1,27680.1,334379.313,28038.6
0.011652,0.002458,0.006008,-0.002783,1685491200,26826.0,27680.0,27201.1,471381.89,27825.0
0.013021,0.006079,0.002458,0.001353,1685577600,26600.0,27201.1,26805.3,404787.572,27347.9
0.013321,0.00892,0.006079,0.004619,1685664000,26477.6,26805.3,27227.8,391110.093,27290.0
0.011488,0.004153,0.00892,0.001866,1685750400,26900.0,27227.8,27054.9,182464.1,27340.2
0.013326,0.008256,0.004153,0.004153,1685836800,26935.3,27054.9,27102.4,218271.544,27460.0
0.010528,-0.004721,0.008256,-0.015845,1685923200,25360.1,27102.4,25714.7,700502.548,27125.0
0.009466,0.009207,-0.004721,-0.004808,1686009600,25321.6,25714.6,27221.5,731445.649,27358.1
0.011903,0.005924,0.009207,0.003788,1686096000,26111.0,27221.5,26325.9,660044.537,27394.4
0.009896,0.006657,0.005924,0.002571,1686182400,26195.4,26325.9,26485.9,333104.839,26800.0
0.010204,0.009137,0.006657,0.003287,1686268800,26236.0,26486.0,26468.1,283719.198,26775.0
0.011154,0.00311,0.009137,-0.001312,1686355200,25300.0,26468.2,25826.6,608917.569,26525.0
0.009972,0.007848,0.00311,0.000491,1686441600,25621.3,25826.6,25909.9,279365.563,26199.0
0.009363,0.008776,0.007848,0.002598,1686528000,25600.0,25910.0,25894.8,298900.468,26097.7
0.010327,0.00374,0.008776,0.002661,1686614400,25708.0,25894.8,25918.0,434536.754,26430.5
0.008921,-0.000767,0.00374,-0.000791,1686700800,24796.8,25918.0,25115.9,464681.602,26099.3
0.011381,0.006334,-0.000767,-0.006337,1686787200,24777.0,25115.9,25586.1,473971.375,25750.0
0.007055,0.006365,0.006334,-0.000049,1686873600,25142.1,25586.0,26336.0,533144.956,26526.9
0.011975,0.003798,0.006365,0.002315,1686960000,26170.8,26335.9,26508.9,305738.396,26900.0
0.008644,0.006623,0.003798,0.001793,1687046400,26230.9,26508.8,26329.7,241977.484,26709.4
0.01097,0.005606,0.006623,0.000974,1687132800,26241.2,26329.6,26828.5,400533.758,27077.0
0.006513,0.000849,0.005606,-0.005809,1687219200,26633.9,26828.6,28290.6,758176.297,28397.8
0.015145,0.014298,0.000849,-0.003999,1687305600,28236.4,28290.7,29988.5,1123474.427,30822.0
0.014298,0.008302,0.014298,0.005512,1687392000,29500.1,29988.5,29875.0,561051.742,30488.0
0.01198,0.007633,0.008302,0.007198,1687478400,29792.0,29875.0,30673.4,699073.071,31500.0
0.013142,0.009865,0.007633,0.005191,1687564800,30222.0,30673.5,30524.2,279539.288,30796.5
0.013829,0.010841,0.009865,0.008356,1687651200,30252.6,30524.2,30458.0,301533.154,31053.2
0.01264,0.007976,0.010841,0.005007,1687737600,29890.1,30458.0,30260.1,415099.356,30667.3
0.012319,0.006221,0.007976,0.000958,1687824000,30213.0,30260.1,30683.2,406073.348,30998.5
0.010334,0.006018,0.006221,0.002955,1687910400,29804.6,30683.2,30066.3,416656.434,30701.8
0.011919,0.010016,0.006018,0.002713,1687996800,30036.1,30066.3,30439.9,382072.846,30837.0
0.011284,0.010029,0.010016,0.00336,1688083200,29500.0,30439.9,30460.2,809331.305,31300.0
0.011572,0.009005,0.010029,0.008199,1688169600,30311.3,30460.2,30573.6,135520.246,30668.2
0.012471,0.009135,0.009005,0.008157,1688256000,30149.9,30573.6,30612.7,231866.188,30800.0
0.012104,0.009416,0.009135,0.006627,1688342400,30559.4,30612.7,31149.0,370293.236,31395.2
0.010833,0.008861,0.009416,0.006746,1688428800,30600.0,31149.0,30756.1,300832.26,31319.4
0.011483,0.00694,0.008861,0.006315,1688515200,30175.8,30756.1,30488.4,294896.578,30875.2
0.011596,0.001129,0.00694,-0.003217,1688601600,29818.0,30488.4,29874.4,721267.219,31568.0
0.007403,0.000008,0.001129,-0.00377,1688688000,29680.0,29874.3,30327.9,337801.654,30443.6
0.006485,0.002604,0.000008,0.000008,1688774400,30026.8,30328.0,30269.3,138734.493,30380.0
0.009944,0.000464,0.002604,-0.000503,1688860800,30042.0,30269.2,30147.8,162296.263,30443.4
0.008763,0.006355,0.000464,-0.000623,1688947200,29928.8,30147.8,30396.9,429115.537,31040.0
0.009184,0.006722,0.006355,0.000547,1689033600,30261.4,30396.9,30608.4,298904.747,30804.9
0.00967,0.001653,0.006722,0.000867,1689120000,30186.0,30608.3,30368.9,425058.257,30980.5
0.012592,0.011915,0.001653,-0.002958,1689206400,30233.0,30368.9,31441.7,696023.51,31850.0
0.014892,-0.007305,0.011915,-0.007325,1689292800,29876.6,31441.6,30293.3,538692.246,31640.0
0.004303,0.002773,-0.007305,-0.009317,1689379200,30220.2,30293.3,30276.4,111622.474,30380.0
0.009289,0.002766,0.002773,0.001008,1689465600,30050.0,30276.5,30216.8,173805.94,30441.6
0.007752,0.003446,0.002766,-0.001339,1689552000,29630.0,30216.9,30126.1,344113.427,30329.7
0.009757,0.00776,0.003446,0.002963,1689638400,29400.0,30126.0,29845.6,337396.417,30227.5
0.00937,0.002245,0.00776,0.002077,1689724800,29745.0,29845.7,29895.5,298418.854,30178.5
0.009106,0.004264,0.002245,-0.004821,1689811200,29468.8,29895.5,29791.0,410263.764,30420.0
0.005895,0.000873,0.004264,0.000642,1689897600,29705.9,29791.0,29891.4,221145.074,30056.2
0.005032,0.003305,0.000873,-0.0008,1689984000,29602.2,29891.5,29783.5,143375.956,29986.0
0.01097,0.007127,0.003305,0.000135,1690070400,29718.9,29783.5,30070.8,224713.846,30368.2
0.014399,0.006783,0.007127,0.002004,1690156800,28830.0,30070.9,29163.8,434182.417,30091.7
0.008387,0.005552,0.006783,0.003334,1690243200,29033.0,29163.8,29216.3,196438.618,29379.5
0.010234,0.001646,0.005552,0.001596,1690329600,29083.0,29216.2,29336.0,318527.582,29670.5
0.007526,0.004201,0.001646,0.000014,1690416000,29065.5,29336.0,29209.7,223376.534,29558.4
0.011406,0.007867,0.004201,0.003296,1690502400,29112.8,29209.8,29299.9,221299.867,29535.7
0.010628,0.006525,0.007867,0.001977,1690588800,29237.5,29300.0,29339.1,87100.719,29397.9
0.009871,0.000916,0.006525,-0.000003,1690675200,29006.0,29339.1,29271.1,169901.253,29442.5
0.010631,0.006174,0.000916,0.000916,1690761600,29100.0,29271.2,29220.8,230381.722,29525.8
0.012793,0.008983,0.006174,0.002264,1690848000,28550.0,29220.8,29701.2,442328.643,29735.0
0.012242,0.009717,0.008983,0.006849,1690934400,28906.3,29701.2,29170.1,491725.492,30059.9
0.01476,0.00911,0.009717,0.004814,1691020800,28955.4,29170.2,29180.2,251967.942,29440.0
0.01106,0.005417,0.00911,0.002355,1691107200,28780.0,29180.1,29101.1,229395.673,29323.8
0.01326,0.009964,0.005417,0.005417,1691193600,28960.0,29101.1,29057.7,82508.624,29145.0
0.011426,0.01048,0.009964,0.006362,1691280000,28978.5,29057.7,29075.9,103094.44,29199.0
0.012067,0.009981,0.01048,0.006756,1691366400,28682.3,29075.9,29202.7,297752.439,29274.5
0.009981,0.005201,0.009981,-0.000317,1691452800,29132.4,29202.7,29759.0,459269.801,30250.0
0.010858,0.010211,0.005201,0.003401,1691539200,29362.0,29758.9,29572.8,362009.701,30149.7
0.012575,0.008485,0.010211,0.005027,1691625600,29303.7,29572.9,29443.7,234546.038,29729.8
0.011707,0.010452,0.008485,0.005364,1691712000,29220.0,29443.7,29415.5,179044.008,29565.1
0.011773,0.009435,0.010452,0.008194,1691798400,29360.0,29415.5,29420.7,56238.035,29470.0
0.012227,0.011415,0.009435,0.005883,1691884800,29256.6,29420.8,29293.3,84190.505,29463.0
0.0149,0.009488,0.011415,0.007649,1691971200,29070.0,29293.3,29419.5,295035.383,29686.7
0.012234,0.011166,0.009488,0.008034,1692057600,29050.0,29419.5,29188.8,191289.959,29492.1
0.01242,0.011675,0.011166,0.008046,1692144000,28705.1,29188.9,28714.4,272023.138,29257.4
0.013206,-0.015251,0.011675,-0.017912,1692230400,24581.0,28714.4,26609.7,868508.22,28775.9
0.005694,-0.000479,-0.015251,-0.015251,1692316800,25600.0,26609.7,26042.1,522375.316,26818.0
0.004796,-0.002317,-0.000479,-0.008126,1692403200,25783.4,26042.0,26088.3,202219.153,26269.4
0.001476,-0.003135,-0.002317,-0.00911,1692489600,25948.5,26088.4,26175.9,141089.85,26285.0
0.00471,-0.000819,-0.003135,-0.003215,1692576000,25800.0,26175.9,26115.4,232505.265,26280.0
0.008373,0.004638,-0.000819,-0.002918,1692662400,25280.0,26115.4,26044.4,313113.576,26128.2
0.006053,-0.002909,0.004638,-0.004891,1692748800,25800.0,26044.5,26419.2,412969.028,26806.0
0.008512,0.002726,-0.002909,-0.004617,1692835200,25835.0,26419.2,26164.6,286753.337,26568.3
0.007251,0.003078,0.002726,-0.002393,1692921600,25754.4,26164.6,26051.7,274830.494,26300.0
0.007058,0.002672,0.003078,-0.00103,1693008000,25969.0,26051.7,26004.3,63925.862,26129.4
0.005795,0.000547,0.002672,-0.001943,1693094400,25955.6,26004.3,26087.7,86505.398,26173.6
0.006466,0.003138,0.000547,-0.001406,1693180800,25850.4,26087.6,26106.5,219992.051,26244.6
0.005918,0.002833,0.003138,-0.010372,1693267200,25905.2,26106.5,27700.1,700233.946,28168.0
0.006907,0.002497,0.002833,0.001503,1693353600,26950.0,27700.1,27290.4,315313.916,27758.2
0.009456,0.000602,0.002497,-0.001131,1693440000,25617.8,27290.4,25928.0,502906.277,27674.3
0.010844,0.008259,0.000602,-0.000608,1693526400,25312.0,25928.0,25795.6,361184.924,26151.6
0.008541,0.006061,0.008259,-0.000852,1693612800,25740.6,25795.6,25855.8,107642.864,25975.0
0.006887,0.003135,0.006061,-0.003233,1693699200,25777.0,25855.8,25962.1,133016.832,26135.2
0.005975,0.00076,0.003135,0.000106,1693785600,25610.0,25962.1,25814.0,173147.873,26099.3
0.007369,0.002766,0.00076,-0.001073,1693872000,25531.2,25814.0,25779.7,186639.945,25900.0
0.006151,0.005195,0.002766,-0.001405,1693958400,25326.0,25779.7,25747.4,251122.66,26052.0
0.01048,-0.000145,0.005195,-0.000849,1694044800,25602.3,25747.4,26240.7,257349.902,26451.0
0.005378,-0.002005,-0.000145,-0.00422,1694131200,25630.0,26240.7,25899.8,249269.761,26437.5
0.003115,0.000805,-0.002005,-0.003119,1694217600,25781.5,25899.9,25892.6,67909.81,25940.6
0.005426,0.001731,0.000805,-0.000662,1694304000,25508.7,25892.6,25828.4,162972.413,26037.3
0.007397,0.001745,0.001731,-0.003551,1694390400,24888.0,25828.4,25150.4,427216.374,25895.0
0.008306,0.001772,0.001745,-0.005307,1694476800,25116.4,25150.4,25825.8,592049.678,26580.0
0.003793,-0.001072,0.001772,-0.003094,1694563200,25750.0,25825.8,26209.9,335252.718,26400.0
0.004497,-0.00203,-0.001072,-0.007163,1694649600,26106.6,26209.9,26510.3,380666.471,26880.0
0.009616,-0.000147,-0.00203,-0.003323,1694736000,26206.6,26510.3,26591.1,251656.77,26890.0
0.003019,-0.000077,-0.000147,-0.003833,1694822400,26430.0,26591.1,26546.9,140482.465,26763.5
0.002778,-0.000149,-0.000077,-0.003904,1694908800,26377.4,26547.0,26514.2,114239.394,26614.3
0.0049,0.000352,-0.000149,-0.008092,1694995200,26358.6,26514.2,26749.9,472539.032,27397.0
0.007252,-0.000852,0.000352,-0.004774,1695081600,26653.2,26749.9,27196.0,433511.747,27480.0
0.002069,-0.001199,-0.000852,-0.004326,1695168000,26740.0,27195.9,27107.7,348921.447,27381.0
0.008515,-0.000879,-0.001199,-0.002497,1695254400,26360.1,27107.7,26552.6,317992.869,27149.0
0.005088,0.004922,-0.000879,-0.004417,1695340800,26452.9,26552.6,26566.7,173534.648,26737.7
0.008374,0.000716,0.004922,-0.001099,1695427200,26492.2,26566.7,26563.1,57836.484,26620.6
0.007161,-0.002389,0.000716,-0.002569,1695513600,26081.0,26563.0,26232.4,146632.773,26739.9
0.007612,-0.003634,-0.002389,-0.005087,1695600000,25965.0,26232.4,26290.5,268385.836,26440.0
0.007428,0.007368,-0.003634,-0.005523,1695686400,26073.8,26290.5,26208.8,180491.169,26388.0
0.009809,0.003501,0.007368,-0.001141,1695772800,26050.0,26208.7,26359.6,353002.84,26849.9
0.007828,-0.002712,0.003501,-0.007664,1695859200,26325.2,26359.6,27011.8,429587.858,27308.7
0.005375,0.003007,-0.002712,-0.004194,1695945600,26625.0,27011.7,26890.9,277397.643,27231.5
0.005522,-0.000087,0.003007,-0.001744,1696032000,26870.4,26890.9,26950.9,92317.154,27085.0
0.005647,0.005302,-0.000087,-0.0031,1696118400,26939.0,26951.0,27981.4,240382.946,28365.2
0.009005,0.005937,0.005302,-0.00596,1696204800,27255.0,27981.4,27477.6,593277.72,28613.0
0.008543,0.0063,0.005937,0.000464,1696291200,27123.0,27477.7,27412.0,283077.899,27665.0
0.0063,0.000046,0.0063,-0.000663,1696377600,27163.9,27412.0,27759.8,280784.322,27830.0
0.002711,0.000272,0.000046,-0.006235,1696464000,27333.5,27759.7,27398.4,370190.087,28110.0
0.004811,0.001967,0.000272,-0.004686,1696550400,27156.0,27398.3,27916.3,438445.904,28450.0
0.004408,-0.000112,0.001967,-0.002387,1696636800,27822.1,27916.3,27943.0,117049.145,28018.7
0.005547,0.001937,-0.000112,-0.001362,1696723200,27671.0,27943.0,27901.2,178380.307,28082.0
0.008637,0.007124,0.001937,-0.001173,1696809600,27250.0,27901.2,27578.3,314316.581,27977.0
0.007378,0.006981,0.007124,0.001295,1696896000,27281.0,27578.4,27381.2,239779.496,27727.3
0.011093,0.010873,0.006981,0.003338,1696982400,26525.0,27381.3,26864.5,388186.571,27467.6
0.010873,0.005129,0.010873,0.002129,1697068800,26534.8,26864.5,26744.0,220279.04,26939.0
0.006309,0.001953,0.005129,0.000451,1697155200,26670.1,26744.0,26849.8,243222.154,27120.8
0.006868,-0.000153,0.001953,-0.001624,1697241600,26773.1,26849.7,26836.3,82164.781,26986.4
0.006842,-0.000948,-0.000153,-0.001541,1697328000,26790.4,26836.4,27139.8,160000.462,27456.1
0.011027,0.001828,-0.000948,-0.006738,1697414400,27095.4,27139.8,28486.3,823003.782,30720.0
0.004293,-0.003383,0.001828,-0.006637,1697500800,28055.0,28486.3,28381.9,314189.758,28605.0
0.002192,0.000409,-0.003383,-0.003586,1697587200,28126.6,28382.0,28307.1,297176.628,29100.0
0.002193,-0.007025,0.000409,-0.010118,1697673600,28076.0,28307.2,28696.9,333673.207,28933.4
0.007857,-0.001445,-0.007025,-0.011745,1697760000,28560.0,28697.0,29653.0,551005.327,30243.0
0.00582,0.001263,-0.001445,-0.003246,1697846400,29443.5,29653.0,29895.4,258195.956,30374.6
0.0083,0.00816,0.001263,-0.00074,1697932800,29606.6,29895.4,29981.5,198602.758,30229.7
0.010757,0.006868,0.00816,-0.002719,1698019200,29869.4,29981.4,33074.0,987741.536,35981.9
0.025411,0.0123,0.006868,0.006868,1698105600,32833.5,33074.0,33917.0,921993.063,35300.0
0.014258,0.009754,0.0123,0.008353,1698192000,33660.6,33917.0,34487.7,465367.144,35154.3
0.014087,0.011575,0.009754,0.009754,1698278400,33750.0,34487.8,34154.0,339552.964,34828.7
0.016393,0.009672,0.011575,0.007573,1698364800,33350.0,34154.0,33893.1,278052.978,34253.3
0.01418,0.012672,0.009672,0.009161,1698451200,33867.4,33893.2,34086.6,138314.932,34535.8
0.017515,0.012682,0.012672,0.00585,1698537600,33933.0,34086.7,34528.6,175897.55,34773.8
0.014991,0.009512,0.012682,0.009231,1698624000,34050.0,34528.6,34483.8,281841.348,34888.2
0.0176,0.010115,0.009512,0.007408,1698710400,34016.8,34483.8,34651.4,272450.567,34744.7
0.017263,0.015419,0.010115,0.008144,1698796800,34076.0,34651.4,35437.4,469214.787,35734.0
0.015762,0.007407,0.015419,0.006206,1698883200,34300.0,35437.5,34940.1,410221.727,35999.9
0.010354,0.006729,0.007407,0.003086,1698969600,34123.0,34940.1,34700.4,306048.199,34944.9
0.012568,0.009072,0.006729,0.006729,1699056000,34571.6,34700.5,35069.7,140746.874,35270.0
0.015994,0.013544,0.009072,0.009072,1699142400,34356.0,35069.7,35025.5,231363.339,35455.2
0.01709,0.010179,0.013544,0.009441,1699228800,34743.2,35025.5,35057.4,202227.215,35299.9
0.015876,0.013285,0.010179,0.008906,1699315200,34520.3,35057.5,35406.5,343525.95,35921.7
0.016554,0.010906,0.013285,0.008795,1699401600,35073.0,35406.5,35626.7,334779.449,36150.0
0.054636,0.012917,0.010906,0.006533,1699488000,35304.0,35626.7,36719.5,778877.937,38499.9
0.041164,0.017189,0.012917,0.011737,1699574400,36350.0,36719.6,37330.4,299373.892,37570.0
0.024795,0.020587,0.017189,0.01347,1699660800,36588.0,37330.3,37162.1,159239.284,37422.2
0.036577,0.032028,0.020587,0.020587,1699747200,36753.6,37162.1,37085.5,118890.045,37258.4
0.032028,0.014759,0.032028,0.014566,1699833600,36350.0,37085.6,36486.2,257075.648,37464.8
0.021715,0.00821,0.014759,0.008152,1699920000,34446.3,36486.2,35559.0,397265.8,36779.9
0.016229,0.013271,0.00821,0.007119,1700006400,35388.0,35559.1,37885.6,423818.57,38000.0
0.019556,0.008388,0.013271,0.006313,1700092800,35486.1,37885.5,36176.0,434444.366,37956.5
0.01477,0.008807,0.008388,0.007179,1700179200,35868.3,36176.0,36621.9,319943.051,37020.5
0.011928,0.009528,0.008807,0.007342,1700265600,36196.0,36621.9,36580.9,121720.922,36900.0
0.015464,0.01103,0.009528,0.008434,1700352000,36380.0,36580.9,37375.9,154713.007,37528.2
0.017203,0.009217,0.01103,0.008242,1700438400,36600.0,37375.8,37462.5,310504.037,37784.7
0.01047,0.009362,0.009217,0.006921,1700524800,35720.0,37462.6,35737.0,450731.16,37675.0
0.01164,0.011242,0.009362,0.001855,1700611200,35610.7,35737.0,37413.4,338189.618,37880.0
0.014752,0.010329,0.011242,0.005697,1700697600,36856.3,37413.5,37294.3,185369.931,37650.0
0.014771,0.006153,0.010329,0.006074,1700784000,37257.3,37294.4,37706.3,351031.723,38425.0
0.012017,0.008866,0.006153,0.006153,1700870400,37570.9,37706.3,37766.6,82589.329,37886.5
0.011883,0.009756,0.008866,0.005068,1700956800,37126.0,37766.7,37437.9,173758.644,37807.6
0.013306,0.010801,0.009756,0.005591,1701043200,36700.0,37437.9,37234.3,266112.699,37560.0
0.010936,0.008085,0.010801,0.007322,1701129600,36856.0,37234.4,37812.1,318426.327,38395.0
0.012884,0.009229,0.008085,0.003478,1701216000,37551.8,37812.0,37837.1,261631.881,38500.0
0.009654,0.009284,0.009229,0.006382,1701302400,37442.9,37837.2,37716.8,191188.871,38132.0
0.014195,0.00752,0.009284,0.006376,1701388800,37600.0,37716.9,38660.0,342361.994,38989.0
0.011911,0.011616,0.00752,0.004215,1701475200,38613.5,38659.9,39435.0,213210.311,39900.0
0.012849,0.012284,0.011616,0.008535,1701561600,39255.2,39435.1,39979.7,221917.905,40410.1
0.045708,0.01191,0.012284,0.010309,1701648000,39970.4,39979.8,41993.1,602492.859,42440.0
0.017667,0.017209,0.01191,0.00665,1701734400,41393.5,41993.1,44081.7,575038.041,44528.1
0.017306,0.009478,0.017209,0.007362,1701820800,43377.0,44081.7,43774.8,383957.738,44349.8
0.028466,0.021256,0.009478,0.007551,1701907200,42815.0,43775.1,43296.0,346421.958,44066.7
0.034163,0.012658,0.021256,0.01123,1701993600,43100.0,43296.0,44209.5,281880.593,44779.3
0.046871,0.026208,0.012658,0.012658,1702080000,43555.0,44209.6,43734.3,189339.656,44389.2
0.033889,0.021883,0.026208,0.017734,1702166400,43552.5,43734.2,43810.0,144548.259,44099.2
0.026547,0.01483,0.021883,0.004306,1702252800,40228.3,43810.1,41271.0,620753.439,43833.4
0.023492,0.019239,0.01483,0.00566,1702339200,40711.0,41271.1,41515.0,356541.118,42125.0
0.019741,0.009549,0.019239,0.008749,1702425600,40556.0,41514.9,42875.0,396710.296,43517.6
0.013077,0.011033,0.009549,0.006809,1702512000,41140.0,42875.0,43032.4,361628.325,43450.1
0.025764,0.009994,0.011033,0.004902,1702598400,41668.0,43032.3,41968.0,257177.013,43098.0
0.02433,0.014441,0.009994,0.009994,1702684800,41638.1,41968.0,42287.4,160549.459,42756.7
0.023368,0.014723,0.014441,0.010087,1702771200,41248.3,42287.4,41396.5,224722.851,42476.0
0.018137,0.01024,0.014723,0.008871,1702857600,40553.8,41396.6,42671.7,375385.675,42795.3
0.016683,0.011251,0.01024,0.00862,1702944000,41835.4,42671.8,42298.3,315311.844,43550.0
0.031738,0.02289,0.011251,0.009747,1703030400,42218.3,42298.2,43708.9,377008.923,44384.6
0.041032,0.02575,0.02289,0.019759,1703116800,43317.2,43708.9,43896.3,276922.155,44287.2
0.036335,0.016868,0.02575,0.013581,1703203200,43430.4,43896.4,43999.2,238341.933,44484.0
0.02866,0.010185,0.016868,0.005674,1703289600,43304.2,43999.2,43725.2,120792.199,44023.0
0.024648,0.011844,0.010185,0.009211,1703376000,42550.0,43725.2,43008.4,179967.251,43994.8
0.051711,0.03951,0.011844,0.008675,1703462400,42755.4,43008.4,43611.9,184210.274,43850.0
0.046168,0.034797,0.03951,0.021549,1703548800,41597.0,43611.9,42538.5,295583.678,43635.1
0.05723,0.019904,0.034797,0.01988,1703635200,42145.7,42538.6,43453.8,251351.538,43700.0
0.056693,0.052326,0.019904,0.009863,1703721600,42320.5,43453.8,42600.1,257515.182,43850.0
0.052326,0.032221,0.052326,0.026577,1703808000,41283.2,42600.1,42095.1,337421.865,43171.9
0.043472,0.026972,0.032221,0.023268,1703894400,41550.0,42095.1,42174.2,183890.67,42654.6
0.041339,0.038914,0.026972,0.025845,1703980800,42001.0,42174.3,42314.0,173508.289,42951.0
0.061231,0.061056,0.038914,0.029494,1704067200,42207.9,42314.0,44230.2,206424.144,44266.0
0.100893,0.027288,0.061056,0.027198,1704153600,44200.9,44230.3,44979.8,459798.523,45950.0
0.033706,0.010069,0.027288,0.002636,1704240000,40333.0,44979.7,42849.5,595855.225,45582.3
0.013619,0.006647,0.010069,0.006454,1704326400,42625.0,42849.5,44143.8,333923.098,44840.8
0.009372,0.006629,0.006647,0.005441,1704412800,42300.0,44143.8,44145.4,374967.791,44500.0
0.009966,0.00821,0.006629,0.00632,1704499200,43391.3,44145.3,43956.7,138542.797,44214.6
0.009469,0.005869,0.00821,0.005457,1704585600,43557.5,43956.6,43916.9,180710.714,44486.9
0.017126,0.016343,0.005869,0.005869,1704672000,43158.1,43916.9,46972.7,495087.983,47312.0
0.018519,0.010407,0.016343,0.007988,1704758400,44417.2,46972.6,46114.0,513362.773,48100.0
0.014239,0.010804,0.010407,0.007961,1704844800,44291.5,46113.9,46662.9,668657.474,47699.3
0.020903,0.009348,0.010804,0.006789,1704931200,45600.0,46663.0,46337.8,596698.379,49027.5
0.030902,0.009507,0.009348,0.006447,1705017600,41370.0,46337.9,42788.9,575943.258,46536.2
0.009507,0.006952,0.009507,0.004586,1705104000,42445.7,42789.0,42846.4,207737.326,43273.4
0.01199,0.009982,0.006952,0.005588,1705190400,41713.5,42846.4,41734.9,181096.968,43096.1
0.012539,0.009163,0.009982,0.006196,1705276800,41720.0,41734.9,42515.0,240059.141,43376.0
0.011248,0.008136,0.009163,0.007864,1705363200,42050.0,42515.0,43133.0,287207.233,43589.0
0.011445,0.011374,0.008136,0.005986,1705449600,42200.0,43133.0,42783.4,209396.081,43198.0
0.013182,0.010852,0.011374,0.008406,1705536000,40673.6,42783.3,41323.1,335080.756,42932.3
0.014773,0.01227,0.010852,0.008321,1705622400,40300.0,41323.2,41662.2,345941.73,42197.0
0.01302,0.009592,0.01227,0.008301,1705708800,41453.6,41662.1,41691.8,95866.062,41883.5
0.011374,0.009882,0.009592,0.008098,1705795200,41500.0,41691.8,41580.0,67035.552,41880.9
0.01353,0.009758,0.009882,0.006983,1705881600,39402.0,41579.9,39567.0,459024.106,41692.3
0.013257,0.009699,0.009758,0.007552,1705968000,38545.0,39567.1,39890.0,414373.386,40172.7
0.012062,0.011079,0.009699,0.006721,1706054400,39493.3,39889.9,40078.7,272754.171,40560.6
0.011303,0.010147,0.011079,0.007527,1706140800,39535.3,40078.8,39953.3,203728.679,40300.0
0.01049,0.007204,0.010147,0.004293,1706227200,39813.1,39953.3,41806.4,355418.478,42239.3
0.011075,0.005122,0.007204,0.004998,1706313600,41360.1,41806.4,42102.2,118437.114,42187.1
0.010587,0.009027,0.005122,-0.001799,1706400000,41600.0,42102.2,42021.2,205736.453,42836.0
0.011295,0.006796,0.009027,0.006312,1706486400,41768.3,42021.2,43287.7,249502.11,43340.8
0.0122,0.001505,0.006796,0.0011,1706572800,42665.6,43287.6,42918.3,257582.784,43888.0
0.00977,0.007565,0.001505,-0.005336,1706659200,42257.6,42918.3,42560.5,313069.11,43748.6
0.009036,0.006652,0.007565,-0.007381,1706745600,41866.8,42560.5,43072.6,274321.107,43288.0
0.011666,0.005445,0.006652,0.004869,1706832000,42512.7,43072.6,43182.0,205767.574,43480.0
0.009044,0.007371,0.005445,0.002194,1706918400,42858.3,43182.0,42992.4,89735.22,43372.2
0.009334,0.00571,0.007371,0.00348,1707004800,42176.7,42992.4,42570.3,127421.548,43112.1
0.011236,0.00852,0.00571,0.001534,1707091200,42235.1,42570.3,42692.9,240655.549,43580.0
0.011587,0.00714,0.00852,0.00662,1707177600,42559.8,42692.9,43079.1,196157.643,43378.8
0.010845,0.010833,0.00714,0.001864,1707264000,42763.4,43079.1,44326.2,252057.708,44388.0
0.011086,0.001483,0.010833,0.000959,1707350400,44306.8,44326.3,45269.1,299738.288,45600.0
0.013705,0.008249,0.001483,-0.005029,1707436800,45218.1,45269.2,47116.1,519919.419,48230.3
0.012113,0.009313,0.008249,0.006871,1707523200,46836.4,47116.1,47732.6,179626.604,48189.6
0.01276,0.010786,0.009313,0.008846,1707609600,47539.4,47732.6,48303.4,209951.626,48600.0
0.024809,0.015701,0.010786,0.009149,1707696000,47702.0,48303.4,49943.6,450895.202,50413.2
0.016235,0.007248,0.015701,0.007247,1707782400,48301.0,49943.6,49696.4,382348.085,50428.8
0.018496,0.009648,0.007248,0.004788,1707868800,49215.7,49696.4,51823.2,395191.791,52100.0
0.015605,0.014058,0.009648,0.006768,1707955200,51334.9,51823.1,51898.5,392724.603,52859.0
0.030252,0.008947,0.014058,0.008473,1708041600,51611.7,51898.4,52148.6,259819.793,52623.0
0.016538,0.013893,0.008947,0.008488,1708128000,50647.5,52148.7,51679.4,222342.005,52192.8
0.023004,0.02109,0.013893,0.011612,1708214400,51178.0,51679.5,52175.9,166636.426,52450.0
0.026001,0.009564,0.02109,0.009196,1708300800,51688.8,52175.9,51813.8,196387.978,52532.9
0.026996,0.009955,0.009564,0.007754,1708387200,50788.0,51813.7,52297.4,388913.064,53090.9
0.014401,0.013388,0.009955,0.006813,1708473600,50528.4,52297.3,51877.8,308127.301,52402.3
0.01874,0.010928,0.013388,0.010768,1708560000,50967.5,51877.9,51316.9,244144.647,52130.8
0.015358,0.009398,0.010928,0.007096,1708646400,50512.7,51316.9,50771.9,215474.562,51576.3
0.015255,0.012836,0.009398,0.009398,1708732800,50611.4,50771.9,51602.1,104944.457,51736.6
0.018591,0.017573,0.012836,0.01119,1708819200,51300.4,51602.1,51764.9,122177.26,52050.0
0.034523,0.027533,0.017573,0.01288,1708905600,50922.5,51764.9,54511.6,393466.231,54991.8
0.090857,0.023661,0.027533,0.019407,1708992000,54495.0,54511.7,57074.5,511475.535,57780.0
0.110101,0.067695,0.023661,0.016678,1709078400,56730.1,57074.5,62487.9,1010118.442,64300.0
0.08688,0.052332,0.067695,0.046746,1709164800,60452.0,62487.9,61203.3,584713.883,63762.8
0.072329,0.028954,0.052332,0.02891,1709251200,60844.8,61203.3,62430.6,299231.827,63199.0
0.06915,0.048097,0.028954,0.028367,1709337600,61605.0,62430.6,62039.9,159283.629,62513.1
0.058565,0.057381,0.048097,0.037945,1709424000,61339.5,62039.9,63178.5,200312.503,63330.9
0.088736,0.054183,0.057381,0.042433,1709510400,62299.0,63178.5,68296.4,632882.144,68600.0
0.109159,0.03329,0.054183,0.03329,1709596800,59112.0,68296.5,63747.4,1053025.132,69350.0
0.059684,0.031845,0.03329,0.016579,1709683200,62829.3,63747.5,66128.1,534011.813,67729.5
0.054712,0.031606,0.031845,0.029658,1709769600,65609.3,66128.0,66870.0,296092.788,68101.3
0.066161,0.017899,0.031606,0.017865,1709856000,66120.0,66870.0,68180.2,459387.207,70330.8
0.032704,0.030823,0.017899,0.016119,1709942400,67908.7,68180.2,68360.1,94899.005,68608.7
0.086692,0.036796,0.030823,0.029986,1710028800,68155.0,68360.2,69001.8,233596.523,69999.8
0.138218,0.043364,0.036796,0.030891,1710115200,67000.0,69001.8,72153.8,474396.897,72890.0
0.069484,0.03228,0.043364,0.03228,1710201600,68600.0,72153.9,71503.2,472072.331,73370.0
0.071415,0.02206,0.03228,0.022026,1710288000,71388.1,71503.3,73127.6,288446.338,73755.0
0.049777,0.039119,0.02206,0.02206,1710374400,68600.0,73127.6,71455.5,513901.237,73881.4
0.052298,0.012199,0.039119,0.009988,1710460800,65580.0,71455.6,69552.2,705810.685,72500.0
0.027291,0.018573,0.012199,0.012199,1710547200,64750.0,69552.1,65351.0,333426.129,70097.6
0.028164,0.016077,0.018573,0.01554,1710633600,64559.8,65351.0,68447.9,314890.309,68972.4
0.034432,0.016328,0.016077,0.015755,1710720000,66601.6,68447.9,67660.0,317885.916,69044.4
0.028896,0.014583,0.016328,0.010358,1710806400,61582.8,67660.0,61974.1,700466.795,68178.6
0.0261,0.013035,0.014583,0.01024,1710892800,60800.0,61974.1,67876.4,637362.465,68140.0
0.020007,0.011752,0.013035,0.011498,1710979200,64550.1,67876.4,65539.9,347218.385,68293.9
0.013331,0.011069,0.011752,0.008217,1711065600,62294.0,65539.9,63826.0,401149.333,66691.9
0.015172,0.011433,0.011069,0.009943,1711152000,63020.2,63826.1,64020.3,239124.0,66050.0
0.019494,0.019494,0.011433,0.010871,1711238400,63822.0,64020.4,67260.9,244179.435,67700.0
0.035528,0.023494,0.019494,0.013694,1711324800,66427.6,67260.9,69920.5,395156.191,71228.3
0.052143,0.039044,0.023494,0.019568,1711411200,69320.0,69920.6,70044.1,307861.116,71649.0
0.049895,0.031128,0.039044,0.025898,1711497600,68364.8,70044.2,69532.6,407286.574,71888.0
0.054929,0.032211,0.031128,0.028332,1711584000,68941.0,69532.6,70838.7,241970.822,71636.2
0.054383,0.025809,0.032211,0.024428,1711670400,69000.0,70838.8,69903.6,187970.841,70976.9
0.049103,0.034647,0.025809,0.017853,1711756800,69577.2,69903.6,69642.1,91126.75,70388.0
0.077281,0.072385,0.034647,0.023967,1711843200,69608.0,69642.0,71363.0,132458.79,71495.5
0.099259,0.017934,0.072385,0.012985,1711929600,68103.3,71363.0,69700.0,282812.126,71388.0
0.03164,0.008305,0.017934,0.007647,1712016000,64603.2,69700.0,65505.3,499041.572,69731.6
0.01176,0.00842,0.008305,0.008121,1712102400,64500.0,65502.4,65971.9,275041.23,66940.0
0.010508,0.009377,0.00842,0.002519,1712188800,65100.0,65971.8,68489.9,326385.338,69329.7
0.010699,0.009403,0.009377,0.008331,1712275200,65966.0,68489.8,67825.7,313547.293,68787.1
0.011496,0.009773,0.009403,0.008849,1712361600,67450.0,67825.8,68901.6,127343.726,69708.0
0.0128,0.012182,0.009773,0.009773,1712448000,68820.6,68901.5,69362.7,171783.436,70395.0
0.034462,0.019981,0.012182,0.010926,1712534400,69040.4,69362.7,71678.4,297237.449,72890.4
0.029038,0.011215,0.019981,0.010918,1712620800,68216.0,71678.3,69189.3,334059.403,71820.6
0.016564,0.011512,0.011215,0.009564,1712707200,67546.2,69189.2,70681.7,337774.756,71412.2
0.017358,0.009438,0.011512,0.007965,1712793600,69592.6,70681.8,70055.7,256194.153,71387.4
0.020068,0.006234,0.009438,0.004429,1712880000,65102.0,70055.6,67136.4,415528.149,71297.0
0.009455,0.001714,0.006234,0.000918,1712966400,59652.5,67136.4,63939.7,515005.203,67975.4
0.011305,0.006893,0.001714,0.001654,1713052800,62139.3,63939.7,65615.9,395770.133,65822.1
0.007104,0.006748,0.006893,-0.014196,1713139200,62242.5,65615.9,63392.7,381532.225,66874.9
0.009051,0.004639,0.006748,0.001541,1713225600,61521.0,63392.8,63765.0,405931.439,64356.3
0.007946,0.00524,0.004639,-0.00234,1713312000,59625.0,63764.9,61254.5,444032.992,64483.3
0.007842,-0.002019,0.00524,-0.007816,1713398400,60763.8,61254.5,63445.0,363302.394,64100.0
0.008421,0.005625,-0.002019,-0.002224,1713484800,59541.0,63445.0,63787.4,574264.058,65480.0
0.005957,-0.000356,0.005625,-0.006439,1713571200,63045.1,63787.4,64897.2,197142.262,65400.0
0.008404,0.006214,-0.000356,-0.008215,1713657600,64214.2,64897.2,64912.6,160533.948,65678.7
0.007799,-0.007912,0.006214,-0.008573,1713744000,64470.5,64912.7,66778.0,246268.411,67222.0
0.007949,0.005076,-0.007912,-0.011477,1713830400,65750.0,66777.9,66386.3,178665.564,67158.9
0.010531,0.009493,0.005076,0.00282,1713916800,63575.0,66386.2,64250.0,280545.061,67068.2
0.009493,-0.000659,0.009493,-0.002948,1714003200,62721.3,64250.0,64478.8,275211.062,65270.6
0.01006,0.009532,-0.000659,-0.002867,1714089600,63291.5,64478.8,63748.8,202149.813,64783.1
0.009714,0.00407,0.009532,0.003734,1714176000,62332.8,63748.7,63421.0,167349.109,63901.4
0.008225,0.00223,0.00407,-0.006495,1714262400,62700.0,63420.9,63088.3,126056.151,64350.0
0.009711,0.004518,0.00223,-0.008278,1714348800,61726.2,63088.4,63842.4,228411.163,64200.0
0.010082,0.009094,0.004518,-0.003682,1714435200,59150.0,63842.4,60651.2,408747.703,64700.0
0.01018,0.005304,0.009094,0.002717,1714521600,56537.7,60651.2,58307.6,564108.4,60816.7
0.007987,-0.005752,0.005304,-0.008167,1714608000,56951.6,58307.7,59036.7,299229.302,59637.3
0.004832,-0.004344,-0.005752,-0.009095,1714694400,58781.3,59036.7,62853.7,353606.459,63333.0
0.007353,0.005864,-0.004344,-0.005313,1714780800,62520.0,62853.7,63864.2,205205.199,64547.9
0.009337,0.002548,0.005864,-0.0028,1714867200,62833.0,63864.3,63988.0,185495.653,64644.3
0.009605,0.008182,0.002548,-0.000701,1714953600,62655.3,63987.9,63142.8,305110.067,65500.0
0.009505,0.006606,0.008182,0.004017,1715040000,62203.6,63142.7,62296.0,238974.646,64392.2
0.010334,0.008068,0.006606,0.006395,1715126400,60843.6,62296.0,61157.9,241651.579,62994.9
0.0102,-0.000307,0.008068,-0.000997,1715212800,60550.0,61157.9,63050.1,242451.302,63447.2
0.00887,0.008593,-0.000307,-0.003777,1715299200,60117.4,63050.0,60778.1,307214.96,63446.5
0.009364,0.006474,0.008593,0.004988,1715385600,60432.6,60778.0,60809.2,113294.787,61491.4
0.00954,0.000616,0.006474,-0.002943,1715472000,60557.3,60809.2,61455.8,104043.897,61849.4
0.00964,0.002579,0.000616,-0.001702,1715558400,60750.0,61455.7,62912.1,261927.073,63440.0
0.012974,0.006333,0.002579,-0.002753,1715644800,60950.0,62912.2,61550.5,244345.274,63099.6
0.007182,0.002115,0.006333,-0.008773,1715731200,61316.1,61550.5,66175.4,365031.68,66440.0
0.010005,0.006199,0.002115,-0.001243,1715817600,64567.0,66175.4,65217.7,242455.324,66800.0
0.006902,0.000577,0.006199,-0.003048,1715904000,65061.2,65217.7,66980.0,227063.919,67400.6
0.008011,0.004942,0.000577,-0.006833,1715990400,66503.2,66980.0,66884.9,96931.548,67340.5
0.00932,0.003409,0.004942,0.003023,1716076800,65835.8,66884.9,66239.4,148170.35,67750.0
0.015144,0.014827,0.003409,-0.00149,1716163200,66010.0,66239.4,71466.5,366028.078,71674.6
0.024913,0.012096,0.014827,0.012028,1716249600,69165.6,71466.5,70168.8,263674.327,72132.8
0.016507,0.011951,0.012096,0.009931,1716336000,68736.8,70168.7,69219.1,194160.494,70715.4
0.01855,0.010852,0.011951,0.009921,1716422400,66156.6,69219.2,67999.9,300093.622,70133.3
0.012399,0.008977,0.010852,0.008424,1716508800,66639.0,67999.9,68584.1,186681.082,69273.5
0.010861,0.010425,0.008977,0.008841,1716595200,68523.7,68584.0,69314.4,85113.605,69622.8
0.01164,0.010681,0.010425,0.010013,1716681600,68155.0,69314.5,68524.3,84069.824,69590.3
0.034122,0.016217,0.010681,0.010141,1716768000,68268.7,68524.4,69461.6,170291.356,70750.0
0.016217,0.014568,0.016217,0.009574,1716854400,67273.0,69461.5,68440.5,227838.44,69628.0
0.01605,0.010221,0.014568,0.010108,1716940800,67129.0,68440.4,67686.7,158236.599,68983.0
0.012325,0.011994,0.010221,0.009093,1717027200,67167.0,67686.8,68402.5,194573.899,69568.9
0.012611,0.011922,0.011994,0.009277,1717113600,66700.5,68402.6,67577.9,195751.752,69080.0
0.012832,0.011196,0.011922,0.010582,1717200000,67480.0,67577.9,67799.2,50943.058,67936.0
0.01404,0.011296,0.011196,0.010118,1717286400,67296.3,67799.2,67805.9,102194.718,68545.9
0.016313,0.011988,0.011296,0.010587,1717372800,67642.6,67805.9,68851.4,227676.93,70372.9
0.02068,0.008999,0.011988,0.008799,1717459200,68595.5,68851.3,70580.0,216100.016,71146.4
0.019599,0.009966,0.008999,0.008916,1717545600,70423.6,70580.0,71133.3,203992.034,71824.4
0.021038,0.009853,0.009966,0.009481,1717632000,70101.9,71133.3,70830.0,158483.564,71714.8
0.01824,0.010908,0.009853,0.009595,1717718400,68405.0,70830.0,69377.0,299412.37,72144.0
0.013577,0.008838,0.010908,0.008743,1717804800,69192.3,69377.0,69346.5,65739.857,69613.6
0.009976,0.008851,0.008838,0.008501,1717891200,69160.0,69346.6,69667.1,68024.1,69879.0
0.010857,0.00884,0.008851,0.008135,1717977600,69201.2,69667.1,69558.7,127381.604,70222.7
0.010096,0.00478,0.00884,0.00456,1718064000,66000.0,69558.8,67320.7,311984.942,69600.0
0.010082,0.009565,0.00478,0.000799,1718150400,66920.0,67320.6,68270.3,329918.46,70028.0
0.01045,0.006946,0.009565,0.00244,1718236800,66251.1,68270.3,66786.9,248355.461,68607.7
0.010126,0.005148,0.006946,0.000926,1718323200,65052.4,66786.8,66039.7,239411.231,67366.5
0.00898,0.006041,0.005148,0.003136,1718409600,65801.0,66039.7,66213.7,72423.755,66482.6
0.007456,0.004336,0.006041,0.001585,1718496000,66012.1,66213.7,66653.6,80361.551,66960.3
0.010171,0.004512,0.004336,0.001437,1718582400,65094.9,66653.5,66472.1,248420.787,67280.6
0.009165,0.007888,0.004512,-0.004091,1718668800,64009.8,66472.1,65150.0,335559.394,66558.9
0.008755,0.006241,0.007888,-0.001242,1718755200,64600.0,65149.9,64933.6,150032.669,65711.9
0.009802,0.006341,0.006241,0.005339,1718841600,64526.0,64933.6,64854.0,220954.676,66467.0
0.009436,0.008105,0.006341,-0.00543,1718928000,63361.2,64854.0,64124.0,210109.601,65055.5
0.008105,0.005466,0.008105,-0.002787,1719014400,63915.8,64124.1,64240.0,53855.862,64520.0
0.008272,0.006209,0.005466,0.00069,1719100800,63137.9,64240.1,63194.9,72052.293,64500.0
0.009406,-0.001115,0.006209,-0.002155,1719187200,58218.0,63194.9,60273.6,445903.184,63357.0
0.007378,-0.000212,-0.001115,-0.007611,1719273600,60230.5,60273.5,61777.8,264647.317,62448.1
0.006756,0.005683,-0.000212,-0.004996,1719360000,60696.0,61777.9,60860.1,170601.18,62465.1
0.010493,0.007043,0.005683,0.003573,1719446400,60605.0,60860.1,61682.0,160172.482,62379.7
0.01252,0.011828,0.007043,-0.000557,1719532800,60038.0,61682.1,60429.8,195508.125,62204.0
0.011877,0.003482,0.011828,-0.005615,1719619200,60400.1,60429.8,60982.4,79680.289,61232.0
0.011266,0.005928,0.003482,-0.004272,1719705600,60705.0,60982.5,62766.0,147777.915,63058.4
0.011029,0.002042,0.005928,-0.003893,1719792000,62502.2,62766.1,62883.6,193937.938,63849.0
0.012327,0.009962,0.002042,-0.003877,1719878400,61800.0,62883.7,62123.6,163101.243,63284.0
0.009994,0.006514,0.009962,0.000863,1719964800,59299.3,62123.5,60208.0,295303.265,62278.2
0.008241,0.005606,0.006514,-0.002477,1720051200,56560.0,60208.0,57045.9,445656.277,60500.0
0.00808,0.003557,0.005606,-0.005055,1720137600,53329.5,57045.9,56604.9,577193.595,57533.4
0.008495,0.001665,0.003557,-0.000857,1720224000,56000.0,56604.9,58216.0,178580.022,58472.0
0.010289,0.003333,0.001665,-0.004686,1720310400,55688.0,58216.0,55830.9,210361.981,58443.0
0.009067,0.007949,0.003333,-0.001525,1720396800,54243.1,55831.0,56686.4,464106.957,58200.0
0.009025,0.007843,0.007949,0.00317,1720483200,56256.2,56686.4,58023.2,257237.048,58290.6
0.010028,0.00922,0.007843,-0.00276,1720569600,57125.0,58023.1,57707.0,254248.937,59449.6
0.009451,0.006732,0.00922,0.004104,1720656000,57030.0,57707.0,57315.5,293106.959,59780.0
0.008016,0.004551,0.006732,-0.002747,1720742400,56500.1,57315.7,57870.0,238100.616,58500.0
0.008291,0.007176,0.004551,-0.000813,1720828800,57728.6,57870.0,59174.0,157884.322,59850.0
0.009226,0.00469,0.007176,-0.000295,1720915200,59164.0,59173.9,60766.0,208060.883,61412.4
0.009887,-0.000704,0.00469,-0.007519,1721001600,60622.6,60766.0,64680.6,352222.181,64870.7
0.020738,0.005325,-0.000704,-0.000704,1721088000,62350.0,64680.6,65010.0,375258.616,65388.0
0.010402,0.001651,0.005325,-0.004888,1721174400,63823.0,65010.0,64055.7,276656.393,66100.0
0.006608,0.005176,0.001651,-0.000695,1721260800,63206.4,64055.8,63959.9,215648.157,65173.8
0.010591,0.001957,0.005176,-0.002156,1721347200,63266.2,63960.0,66627.9,311859.805,67362.8
0.007056,-0.000165,0.001957,-0.000264,1721433600,66159.1,66627.9,67095.6,123564.406,67648.7
0.010245,0.010065,-0.000165,-0.000817,1721520000,65750.0,67095.6,68138.0,207228.372,68351.2
0.010065,0.004941,0.010065,0.0014,1721606400,66538.6,68138.0,67499.2,192991.391,68459.7
0.008411,0.008186,0.004941,0.001961,1721692800,65416.5,67499.2,65916.4,270430.68,67729.3
0.01006,0.009678,0.008186,0.006432,1721779200,65040.5,65916.3,65350.8,215079.421,67087.3
0.009845,0.006228,0.009678,0.004814,1721865600,63456.7,65350.7,65773.0,319685.441,66144.0
0.01088,0.007107,0.006228,0.00231,1721952000,65688.2,65773.0,67882.5,235384.526,68200.0
0.012958,0.00979,0.007107,0.004932,1722038400,66624.5,67882.5,67873.8,330982.647,69381.7
0.010476,0.009974,0.00979,0.004401,1722124800,67037.0,67873.7,68215.5,116913.935,68300.0
0.012743,0.004151,0.009974,0.003966,1722211200,66365.8,68215.5,66750.0,372537.818,70081.0
0.010493,0.005867,0.004151,-0.000288,1722297600,65254.5,66750.1,66159.3,246551.044,66966.6
0.00965,0.007802,0.005867,0.002462,1722384000,64500.4,66159.3,64601.8,246389.446,66826.3
0.010492,0.009019,0.007802,0.003578,1722470400,62271.2,64601.8,65328.9,372654.59,65650.0
0.011625,0.007978,0.009019,0.006142,1722556800,61200.2,65329.0,61483.7,421628.42,65577.0
0.008759,0.008627,0.007978,-0.000151,1722643200,59800.0,61483.7,60684.6,290469.956,62166.0
0.010962,0.00603,0.008627,0.002941,1722729600,57040.0,60684.5,58144.5,339512.415,61089.5
0.007885,0.003176,0.00603,-0.006551,1722816000,48888.0,58144.5,54003.1,1281982.025,58286.9
0.004739,-0.000858,0.003176,-0.004775,1722902400,53925.3,54003.5,55991.2,435953.439,56999.9
0.008736,0.004125,-0.000858,-0.004361,1722988800,54519.8,55991.3,55102.9,377442.54,57699.0
0.005415,0.002622,0.004125,-0.005061,1723075200,54672.4,55102.9,61659.8,470117.508,62737.2
0.00777,-0.000591,0.002622,-0.000804,1723161600,59500.0,61659.8,60808.6,308674.339,61726.0
0.006537,0.006171,-0.000591,-0.000674,1723248000,60208.5,60808.6,60889.9,115593.354,61450.0
0.006171,0.004272,0.006171,-0.001674,1723334400,58255.4,60889.8,58693.1,202539.076,62000.0
0.010422,0.005411,0.004272,-0.002176,1723420800,57615.0,58693.1,59323.6,367126.29,60666.0
0.007312,0.002551,0.005411,-0.00292,1723507200,58360.0,59323.7,60550.5,255934.721,61545.0
0.004517,-0.00407,0.002551,-0.010971,1723593600,58367.2,60550.4,58648.1,295662.808,61839.7
0.007036,-0.007398,-0.00407,-0.009813,1723680000,55969.0,58648.1,57511.0,360815.946,59820.0
0.003841,0.003762,-0.007398,-0.00828,1723766400,57062.1,57511.1,58854.9,268756.529,59780.2
0.006926,0.004223,0.003762,-0.000645,1723852800,58769.4,58854.9,59468.5,77085.532,59690.2
0.007968,-0.000388,0.004223,-0.001619,1723939200,58352.0,59468.5,58390.0,149660.264,60250.0
0.000384,-0.00398,-0.000388,-0.006773,1724025600,57750.0,58390.1,59398.5,214043.139,59585.4
0.004428,-0.007617,-0.00398,-0.008092,1724112000,58501.1,59398.4,58982.9,287049.13,61386.0
0.003306,-0.000101,-0.007617,-0.007617,1724198400,58728.9,58982.7,61120.0,270583.679,61793.9
0.003586,0.000698,-0.000101,-0.005321,1724284800,59677.6,61120.0,60349.9,211098.959,61392.0
0.003469,-0.002795,0.000698,-0.010415,1724371200,60301.5,60349.9,64019.9,382490.709,65000.0
0.009049,0.000327,-0.002795,-0.002795,1724457600,63522.7,64020.0,64116.5,132741.902,64472.5
0.007179,0.00625,0.000327,-0.001844,1724544000,63731.3,64116.6,64190.2,115546.888,65175.4
0.007336,0.002675,0.00625,-0.001554,1724630400,62750.2,64190.1,62807.6,195977.222,64455.8
0.008315,-0.00628,0.002675,-0.006294,1724716800,57928.2,62807.7,59384.5,339269.805,63196.0
0.003944,0.000585,-0.00628,-0.008101,1724803200,57820.0,59384.4,59010.0,313788.567,60197.8
0.004582,-0.000491,0.000585,-0.004311,1724889600,58655.0,59010.0,59323.2,233896.685,61144.9
0.005808,0.000563,-0.000491,-0.00459,1724976000,57525.0,59323.3,59096.3,268276.469,59914.9
0.006201,0.00552,0.000563,-0.001424,1725062400,58700.0,59096.4,58941.9,68866.674,59436.0
0.006996,-0.001713,0.00552,-0.003138,1725148800,57123.0,58941.9,57268.1,222909.914,59052.7
0.008037,0.006338,-0.001713,-0.003896,1725235200,57093.0,57268.1,59112.1,201218.384,59412.3
0.008236,0.004482,0.006338,0.002839,1725321600,57320.0,59112.2,57451.9,230196.497,59790.0
0.007905,0.007151,0.004482,-0.004542,1725408000,55555.0,57452.0,57944.8,326983.311,58500.0
0.007771,0.003272,0.007151,-0.005481,1725494400,55600.0,57944.8,56145.7,294703.592,58318.9
0.005923,-0.002539,0.003272,-0.004939,1725580800,52510.8,56145.7,53927.7,479063.113,57000.0
0.003916,0.003491,-0.002539,-0.007252,1725667200,53725.0,53927.7,54134.9,127686.594,54820.2
0.00386,-0.003156,0.003491,-0.006461,1725753600,53596.5,54134.9,54839.6,162078.536,55300.0
-0.000722,-0.002698,-0.003156,-0.009079,1725840000,54557.0,54839.6,57010.0,313094.361,58153.2
0.002278,-0.00619,-0.002698,-0.007528,1725926400,56361.0,57010.1,57609.1,228317.676,58033.2
0.003004,-0.001736,-0.00619,-0.007052,1726012800,55515.2,57609.2,57306.0,338231.445,57954.4
0.003269,0.000482,-0.001736,-0.003771,1726099200,57283.1,57305.6,58097.0,261449.688,58606.6
0.002557,-0.008242,0.000482,-0.010628,1726185600,57594.0,58097.1,60456.2,277429.492,60597.0
0.006831,0.001567,-0.008242,-0.008242,1726272000,59360.1,60456.2,59964.0,102580.577,60572.9
0.006774,0.005665,0.001567,-0.001627,1726358400,58654.0,59963.9,59100.5,130524.206,60369.4
0.009716,0.008501,0.005665,0.000069,1726444800,57446.3,59100.5,58187.0,250699.432,59182.2
0.009795,0.005242,0.008501,-0.000705,1726531200,57588.8,58187.0,60281.0,318442.066,61345.0
0.007842,0.007842,0.005242,-0.000004,1726617600,59138.0,60281.0,61735.3,355729.312,61765.0
0.009512,0.009512,0.007842,0.001789,1726704000,61534.0,61735.3,62926.9,302382.412,63830.1
0.012805,0.00344,0.009512,-0.001689,1726790400,62320.0,62926.9,63175.7,257172.835,64126.7
0.010295,0.00362,0.00344,0.002173,1726876800,62714.2,63175.8,63320.6,78248.362,63546.9
0.009666,0.007289,0.00362,0.002397,1726963200,62339.0,63320.6,63558.4,149129.884,64000.0
0.007289,0.005418,0.007289,0.000359,1727049600,62534.4,63558.5,63302.0,234343.564,64724.8
0.005703,0.005072,0.005418,-0.003055,1727136000,62688.2,63302.1,64243.1,236987.628,64666.0
0.007223,0.005287,0.005072,0.000109,1727222400,62910.0,64243.2,63118.4,184950.772,64800.0
0.010013,0.0063,0.005287,0.002424,1727308800,62634.4,63118.3,65139.2,321186.356,65800.0
0.007768,0.005813,0.0063,0.000177,1727395200,64788.0,65139.1,65749.6,226404.021,66450.0
0.009433,0.004516,0.005813,0.003969,1727481600,65368.1,65749.5,65822.6,92773.553,66237.0
0.009901,0.005829,0.004516,0.003197,1727568000,65400.0,65822.7,65568.1,88131.799,66059.3
0.011384,0.010296,0.005829,0.001442,1727654400,62825.0,65568.2,63309.1,296848.373,65588.8
0.01046,0.004752,0.010296,0.002885,1727740800,60128.2,63309.0,60776.8,429817.835,64092.6
0.009242,0.006152,0.004752,0.002243,1727827200,59934.9,60776.7,60622.6,327001.805,62355.0
0.010053,0.006563,0.006152,0.002651,1727913600,59815.0,60622.7,60727.2,286137.212,61452.6
0.008013,0.00078,0.006563,-0.001502,1728000000,60434.1,60727.1,62054.4,234795.836,62457.1
0.007991,0.004836,0.00078,-0.00028,1728086400,61648.0,62054.3,62023.1,74330.781,62344.0
0.00819,0.005781,0.004836,0.002103,1728172800,61778.9,62023.1,62789.3,96413.453,62961.5
0.008197,-0.000503,0.005781,-0.001045,1728259200,62091.8,62789.2,62190.7,298949.375,64448.2
0.011359,0.008574,-0.000503,-0.000691,1728345600,61836.0,62190.6,62131.7,226276.359,63178.7
0.01045,0.003463,0.008574,0.003228,1728432000,60251.9,62131.8,60606.4,217302.173,62520.9
0.010384,0.002337,0.003463,0.000506,1728518400,58900.0,60606.3,60293.2,262947.653,61297.0
0.005336,0.005336,0.002337,-0.001451,1728604800,60057.8,60293.3,62509.0,263691.142,63400.0
0.010774,0.007027,0.005336,-0.001869,1728691200,62458.0,62509.0,63176.0,102784.406,63462.6
0.008246,0.007247,0.007027,0.002696,1728777600,62020.0,63176.0,62839.8,129696.156,63260.0
0.014211,0.009677,0.007247,0.003082,1728864000,62420.0,62839.7,66064.9,338251.601,66533.0
0.013779,0.008453,0.009677,0.006288,1728950400,64771.7,66064.9,67044.1,422005.511,67953.7
0.011445,0.009385,0.008453,0.0077,1729036800,66724.2,67044.0,67592.0,254153.501,68400.0
0.011559,0.009925,0.009385,0.006791,1729123200,66600.0,67592.0,67401.5,220272.837,67925.9
0.011981,0.007727,0.009925,0.006222,1729209600,67165.0,67401.5,68407.8,245301.761,69000.0
0.010425,0.009073,0.007727,0.007727,1729296000,68000.0,68407.8,68357.1,68632.108,68684.9
0.011541,0.011149,0.009073,0.008352,1729382400,68069.8,68357.1,69020.1,105939.492,69425.8
0.013461,0.00731,0.011149,0.007053,1729468800,66865.9,69020.2,67368.8,253437.333,69566.0
0.012283,0.009686,0.00731,0.006617,1729555200,66536.5,67368.7,67406.4,218518.977,67825.0
0.012112,0.011317,0.009686,0.008041,1729641600,65222.3,67406.5,66647.2,248215.058,67449.0
0.013688,0.009667,0.011317,0.007409,1729728000,66482.0,66647.3,68173.8,212340.722,68842.5
0.01181,0.008327,0.009667,0.001952,1729814400,65557.2,68173.8,66662.8,348511.871,68748.0
0.009589,0.008334,0.008327,0.004915,1729900800,66414.1,66662.7,67071.8,94169.992,67450.0
0.009979,0.009808,0.008334,0.006829,1729987200,66909.4,67071.9,67992.6,88468.808,68306.1
0.013181,0.010172,0.009808,0.005661,1730073600,67584.2,67992.7,69940.0,256128.622,70331.0
0.015122,0.01485,0.010172,0.008481,1730160000,69733.0,69939.9,72739.5,382502.06,73660.0
0.016749,0.012067,0.01485,0.010486,1730246400,71444.2,72739.5,72349.0,227108.808,72984.9
0.0138,0.012637,0.012067,0.007973,1730332800,69705.0,72349.0,70321.9,256485.328,72720.3
0.012637,0.011885,0.012637,0.006539,1730419200,68822.5,70321.9,69495.5,352591.088,71650.0
0.011885,0.010028,0.011885,0.008386,1730505600,69022.8,69495.4,69366.6,79314.105,69913.1
0.011372,0.010463,0.010028,0.008897,1730592000,67446.6,69366.6,68762.5,226477.376,69393.7
0.01131,0.009991,0.010463,0.007478,1730678400,66810.0,68762.5,67834.3,244912.166,69495.3
0.010923,0.007504,0.009991,0.006344,1730764800,67454.2,67834.4,69353.1,273070.87,70537.4
0.023373,0.009716,0.007504,0.006056,1730851200,69272.7,69353.1,75579.9,677440.286,76420.0
0.017826,0.007711,0.009716,0.005523,1730937600,74450.0,75579.9,75859.4,280675.033,76900.0
0.013335,0.005571,0.007711,0.004657,1731024000,75576.3,75859.4,76482.2,230370.324,77182.9
0.012514,0.012414,0.005571,0.005571,1731110400,75683.2,76482.2,76675.1,117754.034,76920.0
0.04328,0.041948,0.012414,0.010145,1731196800,76501.1,76675.1,80410.0,417426.899,81699.8
0.050257,0.050153,0.041948,0.010828,1731283200,80261.2,80409.9,88728.9,614141.662,89800.0
0.097062,0.013456,0.050153,0.013126,1731369600,85159.9,88729.0,87972.0,639481.584,90070.1
0.034402,0.013577,0.013456,0.010797,1731456000,86180.0,87972.0,90413.3,555288.297,93421.1
0.0248,0.01382,0.013577,0.008986,1731542400,86714.0,90413.3,87382.7,364621.68,91846.1
0.022479,0.014419,0.01382,0.009331,1731628800,87111.0,87382.6,91074.6,314431.908,91921.5
0.024106,0.022347,0.014419,0.013153,1731715200,90120.0,91074.6,90643.3,129023.447,91849.8
0.033318,0.016937,0.022347,0.010994,1731801600,88736.1,90643.2,89899.9,167504.792,91539.6
0.059978,0.026015,0.016937,0.014426,1731888000,89422.1,89900.0,90507.4,333557.11,92700.0
0.038245,0.009789,0.026015,0.009421,1731974400,90405.6,90507.4,92335.9,303532.031,93985.9
0.015858,0.009297,0.009789,0.007925,1732060800,91500.0,92335.9,94288.0,290044.227,94849.0
0.020066,0.012579,0.009297,0.006317,1732147200,94008.7,94288.0,98366.8,418383.136,99100.0
0.028216,0.010004,0.012579,0.009324,1732233600,97199.9,98366.8,98921.4,265774.067,99660.0
0.01889,0.018115,0.010004,0.009779,1732320000,97173.5,98921.5,97725.5,120358.422,98937.3
0.03415,0.027989,0.018115,0.013986,1732406400,95822.1,97725.6,97960.4,173118.84,98666.0
0.040871,0.019521,0.027989,0.013323,1732492800,92666.0,97960.5,93064.0,329375.021,98999.0
0.036953,0.033473,0.019521,0.01908,1732579200,90866.4,93064.0,92021.4,344929.233,95064.0
0.033675,0.0114,0.033473,0.010843,1732665600,91864.0,92021.5,95905.2,237005.987,97250.0
0.027484,0.024439,0.0114,0.011121,1732752000,94700.1,95905.2,95694.4,154007.026,96627.6
0.029707,0.012258,0.024439,0.011637,1732838400,95404.5,95694.4,97516.3,190520.949,98713.3
0.021459,0.01607,0.012258,0.011765,1732924800,96150.0,97516.2,96475.1,93074.218,97522.1
0.02283,0.022788,0.01607,0.012816,1733011200,95736.5,96475.2,97265.1,113222.99,97933.0
0.03611,0.013196,0.022788,0.010179,1733097600,94400.0,97265.0,95890.5,257613.911,98266.0
0.030126,0.028886,0.013196,0.013196,1733184000,93605.0,95890.6,95913.3,206601.98,96375.0
0.034251,0.028229,0.028886,0.019192,1733270400,94650.8,95913.3,98669.8,275949.205,99099.9
0.111062,0.011795,0.028229,0.011795,1733356800,90200.0,98669.8,97001.5,580277.391,104630.4
0.02862,0.026559,0.011795,0.008274,1733443200,96429.5,97001.6,99802.5,282369.608,101988.8
0.027665,0.017392,0.026559,0.009749,1733529600,98876.9,99802.5,99899.2,95858.658,100499.0
0.027791,0.027536,0.017392,0.013775,1733616000,98709.4,99899.2,101200.0,109755.676,101457.9
0.029532,0.01005,0.027536,0.009293,1733702400,94039.7,101200.1,97349.1,326973.59,101300.0
0.011889,0.007403,0.01005,0.00678,1733788800,94265.5,97349.1,96602.4,291490.744,98320.6
0.011689,0.008161,0.007403,0.006941,1733875200,95650.0,96602.3,101115.3,221807.705,101880.0
0.012172,0.010319,0.008161,0.007273,1733961600,99280.2,101115.3,99982.4,215219.075,102538.4
0.01181,0.006906,0.010319,0.004973,1734048000,99149.6,99982.3,101371.9,152437.318,101869.5
0.011636,0.009629,0.006906,0.006442,1734134400,100559.8,101371.9,101381.0,107680.549,102638.0
0.011697,0.011642,0.009629,0.007184,1734220800,101200.1,101381.0,104460.4,157733.916,105374.6
0.018082,0.007987,0.011642,0.007182,1734307200,103264.6,104460.5,106023.2,274395.756,107777.0
0.011495,0.010408,0.007987,0.007987,1734393600,105252.0,106023.2,106074.6,197773.912,108366.8
0.011495,0.009167,0.010408,0.007288,1734480000,99951.1,106074.6,100181.1,328581.935,106484.6
0.009665,0.004805,0.009167,0.00364,1734566400,95681.2,100181.2,97434.4,372968.463,102756.7
0.010312,0.005036,0.004805,0.00147,1734652800,92272.6,97434.3,97764.4,396188.795,98243.0
0.008746,0.00679,0.005036,-0.003074,1734739200,96375.0,97764.5,97261.8,161258.48,99485.0
0.009173,0.005496,0.00679,0.001962,1734825600,94200.0,97261.7,95153.5,148114.735,97437.9
0.008977,0.008203,0.005496,0.004494,1734912000,92464.4,95153.4,94861.1,247211.855,96499.0
0.011526,0.007977,0.008203,0.004068,1734998400,93525.6,94861.0,98627.2,211610.632,99450.0
0.011426,0.010092,0.007977,0.00697,1735084800,97570.0,98626.9,99379.7,124696.892,99580.7
0.011882,0.009873,0.010092,0.002293,1735171200,95153.0,99379.6,95751.0,194857.651,99950.0
0.012605,0.007626,0.009873,0.007171,1735257600,93440.0,95750.9,94258.9,206008.243,97564.5
0.009734,0.008641,0.007626,0.003867,1735344000,94100.0,94258.9,95259.1,67991.349,95700.0
0.00962,0.001084,0.008641,-0.000655,1735430400,92961.8,95259.1,93700.0,95047.934,95300.0
0.012066,0.009683,0.001084,0.001084,1735516800,91510.0,93699.9,92759.3,222343.593,95031.6
0.013583,0.011188,0.009683,0.006857,1735603200,92000.0,92759.3,93548.9,178648.116,96254.3
0.014408,0.012749,0.011188,0.008857,1735689600,92796.5,93548.8,94580.9,91236.66,95161.2
