start_time,date,mvrv
2021-01-01,2021-01-01,3.16093718
2021-01-02,2021-01-02,3.394538
2021-01-03,2021-01-03,3.43222377
2021-01-04,2021-01-04,3.27353352
2021-01-05,2021-01-05,3.42996475
2021-01-06,2021-01-06,3.64991436
2021-01-07,2021-01-07,3.79639489
2021-01-08,2021-01-08,3.80222066
2021-01-09,2021-01-09,3.70570573
2021-01-10,2021-01-10,3.48599534
2021-01-11,2021-01-11,3.21918733
2021-01-12,2021-01-12,3.07432506
2021-01-13,2021-01-13,3.35357644
2021-01-14,2021-01-14,3.47217786
2021-01-15,2021-01-15,3.24266958
2021-01-16,2021-01-16,3.1663074
2021-01-17,2021-01-17,3.14402931
2021-01-18,2021-01-18,3.19589237
2021-01-19,2021-01-19,3.11640072
2021-01-20,2021-01-20,3.0747949
2021-01-21,2021-01-21,2.67248367
2021-01-22,2021-01-22,2.85491451
2021-01-23,2021-01-23,2.77351
2021-01-24,2021-01-24,2.78832465
2021-01-25,2021-01-25,2.77770231
2021-01-26,2021-01-26,2.79682644
2021-01-27,2021-01-27,2.60245752
2021-01-28,2021-01-28,2.84827006
2021-01-29,2021-01-29,2.89205941
2021-01-30,2021-01-30,2.88842811
2021-01-31,2021-01-31,2.78019337
2021-02-01,2021-02-01,2.81058655
2021-02-02,2021-02-02,2.96259492
2021-02-03,2021-02-03,3.12608582
2021-02-04,2021-02-04,3.0487853
2021-02-05,2021-02-05,3.13243518
2021-02-06,2021-02-06,3.1905537
2021-02-07,2021-02-07,3.14474203
2021-02-08,2021-02-08,3.71521691
2021-02-09,2021-02-09,3.63820319
2021-02-10,2021-02-10,3.46934766
2021-02-11,2021-02-11,3.67907988
2021-02-12,2021-02-12,3.59666081
2021-02-13,2021-02-13,3.56879926
2021-02-14,2021-02-14,3.66131059
2021-02-15,2021-02-15,3.56778021
2021-02-16,2021-02-16,3.6350514
2021-02-17,2021-02-17,3.81365283
2021-02-18,2021-02-18,3.72590287
2021-02-19,2021-02-19,3.96373197
2021-02-20,2021-02-20,3.90364643
2021-02-21,2021-02-21,3.98120636
2021-02-22,2021-02-22,3.72030698
2021-02-23,2021-02-23,3.3299199
2021-02-24,2021-02-24,3.35698968
2021-02-25,2021-02-25,3.15989613
2021-02-26,2021-02-26,3.08086186
2021-02-27,2021-02-27,3.07534776
2021-02-28,2021-02-28,3.00988814
2021-03-01,2021-03-01,3.28545732
2021-03-02,2021-03-02,3.19446007
2021-03-03,2021-03-03,3.30596017
2021-03-04,2021-03-04,3.16378574
2021-03-05,2021-03-05,3.18094569
2021-03-06,2021-03-06,3.18260544
2021-03-07,2021-03-07,3.31204099
2021-03-08,2021-03-08,3.38496071
2021-03-09,2021-03-09,3.52665154
2021-03-10,2021-03-10,3.56364073
2021-03-11,2021-03-11,3.64813735
2021-03-12,2021-03-12,3.58095785
2021-03-13,2021-03-13,3.80317899
2021-03-14,2021-03-14,3.64402109
2021-03-15,2021-03-15,3.42495948
2021-03-16,2021-03-16,3.48162276
2021-03-17,2021-03-17,3.58469485
2021-03-18,2021-03-18,3.49538479
2021-03-19,2021-03-19,3.50916223
2021-03-20,2021-03-20,3.50022193
2021-03-21,2021-03-21,3.44776535
2021-03-22,2021-03-22,3.23842932
2021-03-23,2021-03-23,3.23425215
2021-03-24,2021-03-24,3.09966094
2021-03-25,2021-03-25,3.02883668
2021-03-26,2021-03-26,3.23685256
2021-03-27,2021-03-27,3.2685445
2021-03-28,2021-03-28,3.25811043
2021-03-29,2021-03-29,3.35192269
2021-03-30,2021-03-30,3.40254786
2021-03-31,2021-03-31,3.38433404
2021-04-01,2021-04-01,3.35961101
2021-04-02,2021-04-02,3.36013946
2021-04-03,2021-04-03,3.24727831
2021-04-04,2021-04-04,3.30753357
2021-04-05,2021-04-05,3.35067504
2021-04-06,2021-04-06,3.23269952
2021-04-07,2021-04-07,3.11091386
2021-04-08,2021-04-08,3.22121871
2021-04-09,2021-04-09,3.21502724
2021-04-10,2021-04-10,3.2972449
2021-04-11,2021-04-11,3.29540179
2021-04-12,2021-04-12,3.27265117
2021-04-13,2021-04-13,3.45054325
2021-04-14,2021-04-14,3.38757335
2021-04-15,2021-04-15,3.3815707
2021-04-16,2021-04-16,3.2752204
2021-04-17,2021-04-17,3.19393379
2021-04-18,2021-04-18,2.95825544
2021-04-19,2021-04-19,2.92640588
2021-04-20,2021-04-20,2.96301007
2021-04-21,2021-04-21,2.81980931
2021-04-22,2021-04-22,2.70159312
2021-04-23,2021-04-23,2.67453994
2021-04-24,2021-04-24,2.61320628
2021-04-25,2021-04-25,2.56253513
2021-04-26,2021-04-26,2.81089127
2021-04-27,2021-04-27,2.8502859
2021-04-28,2021-04-28,2.83596644
2021-04-29,2021-04-29,2.75875948
2021-04-30,2021-04-30,2.95915048
2021-05-01,2021-05-01,2.95862402
2021-05-02,2021-05-02,2.89176032
2021-05-03,2021-05-03,2.91237725
2021-05-04,2021-05-04,2.70642938
2021-05-05,2021-05-05,2.9148007
2021-05-06,2021-05-06,2.85081196
2021-05-07,2021-05-07,2.8773493
2021-05-08,2021-05-08,2.94960676
2021-05-09,2021-05-09,2.91103244
2021-05-10,2021-05-10,2.7826122
2021-05-11,2021-05-11,2.82363685
2021-05-12,2021-05-12,2.45406604
2021-05-13,2021-05-13,2.464484
2021-05-14,2021-05-14,2.47336378
2021-05-15,2021-05-15,2.32008855
2021-05-16,2021-05-16,2.30462857
2021-05-17,2021-05-17,2.16503505
2021-05-18,2021-05-18,2.13334925
2021-05-19,2021-05-19,1.8407843
2021-05-20,2021-05-20,2.04196996
2021-05-21,2021-05-21,1.88109725
2021-05-22,2021-05-22,1.89432203
2021-05-23,2021-05-23,1.75606023
2021-05-24,2021-05-24,1.9596968
2021-05-25,2021-05-25,1.93878158
2021-05-26,2021-05-26,1.98280305
2021-05-27,2021-05-27,1.94868421
2021-05-28,2021-05-28,1.8058855
2021-05-29,2021-05-29,1.75351091
2021-05-30,2021-05-30,1.80431908
2021-05-31,2021-05-31,1.88739962
2021-06-01,2021-06-01,1.85652865
2021-06-02,2021-06-02,1.90134061
2021-06-03,2021-06-03,1.98424258
2021-06-04,2021-06-04,1.86598037
2021-06-05,2021-06-05,1.80019933
2021-06-06,2021-06-06,1.81500172
2021-06-07,2021-06-07,1.70326052
2021-06-08,2021-06-08,1.70122284
2021-06-09,2021-06-09,1.90176383
2021-06-10,2021-06-10,1.86524794
2021-06-11,2021-06-11,1.89680257
2021-06-12,2021-06-12,1.80752466
2021-06-13,2021-06-13,1.98297372
2021-06-14,2021-06-14,2.05547738
2021-06-15,2021-06-15,2.03467049
2021-06-16,2021-06-16,1.9424252
2021-06-17,2021-06-17,1.9317015
2021-06-18,2021-06-18,1.81832602
2021-06-19,2021-06-19,1.80135908
2021-06-20,2021-06-20,1.80794468
2021-06-21,2021-06-21,1.60983601
2021-06-22,2021-06-22,1.65837727
2021-06-23,2021-06-23,1.71764774
2021-06-24,2021-06-24,1.76753443
2021-06-25,2021-06-25,1.62582923
2021-06-26,2021-06-26,1.6642442
2021-06-27,2021-06-27,1.78898529
2021-06-28,2021-06-28,1.77742224
2021-06-29,2021-06-29,1.84949034
2021-06-30,2021-06-30,1.80650679
2021-07-01,2021-07-01,1.72898806
2021-07-02,2021-07-02,1.74852437
2021-07-03,2021-07-03,1.79379435
2021-07-04,2021-07-04,1.82464343
2021-07-05,2021-07-05,1.74263216
2021-07-06,2021-07-06,1.7707569
2021-07-07,2021-07-07,1.75181104
2021-07-08,2021-07-08,1.70208389
2021-07-09,2021-07-09,1.74950319
2021-07-10,2021-07-10,1.7348369
2021-07-11,2021-07-11,1.7732673
2021-07-12,2021-07-12,1.71180623
2021-07-13,2021-07-13,1.69460477
2021-07-14,2021-07-14,1.70048146
2021-07-15,2021-07-15,1.65402221
2021-07-16,2021-07-16,1.63097043
2021-07-17,2021-07-17,1.63144186
2021-07-18,2021-07-18,1.64566891
2021-07-19,2021-07-19,1.5967635
2021-07-20,2021-07-20,1.54399265
2021-07-21,2021-07-21,1.6646447
2021-07-22,2021-07-22,1.67180393
2021-07-23,2021-07-23,1.74597151
2021-07-24,2021-07-24,1.77832772
2021-07-25,2021-07-25,1.83665215
2021-07-26,2021-07-26,1.92163653
2021-07-27,2021-07-27,2.02359252
2021-07-28,2021-07-28,2.04196065
2021-07-29,2021-07-29,2.01830667
2021-07-30,2021-07-30,2.12661243
2021-07-31,2021-07-31,2.08798338
2021-08-01,2021-08-01,2.00556449
2021-08-02,2021-08-02,1.96939372
2021-08-03,2021-08-03,1.92196725
2021-08-04,2021-08-04,1.9972707
2021-08-05,2021-08-05,2.05397729
2021-08-06,2021-08-06,2.14963333
2021-08-07,2021-08-07,2.23431581
2021-08-08,2021-08-08,2.19302132
2021-08-09,2021-08-09,2.31050602
2021-08-10,2021-08-10,2.27221722
2021-08-11,2021-08-11,2.26565712
2021-08-12,2021-08-12,2.20891481
2021-08-13,2021-08-13,2.37388395
2021-08-14,2021-08-14,2.33245597
2021-08-15,2021-08-15,2.32674788
2021-08-16,2021-08-16,2.26948601
2021-08-17,2021-08-17,2.2074956
2021-08-18,2021-08-18,2.20581839
2021-08-19,2021-08-19,2.30361837
2021-08-20,2021-08-20,2.42573555
2021-08-21,2021-08-21,2.39835229
2021-08-22,2021-08-22,2.41638922
2021-08-23,2021-08-23,2.42086415
2021-08-24,2021-08-24,2.33020246
2021-08-25,2021-08-25,2.3832017
2021-08-26,2021-08-26,2.27645794
2021-08-27,2021-08-27,2.3822877
2021-08-28,2021-08-28,2.37260319
2021-08-29,2021-08-29,2.36510353
2021-08-30,2021-08-30,2.27585571
2021-08-31,2021-08-31,2.27881686
2021-09-01,2021-09-01,2.35877444
2021-09-02,2021-09-02,2.37530464
2021-09-03,2021-09-03,2.40675922
2021-09-04,2021-09-04,2.40069747
2021-09-05,2021-09-05,2.48781316
2021-09-06,2021-09-06,2.52687976
2021-09-07,2021-09-07,2.24993652
2021-09-08,2021-09-08,2.2101522
2021-09-09,2021-09-09,2.22269233
2021-09-10,2021-09-10,2.14845566
2021-09-11,2021-09-11,2.16337625
2021-09-12,2021-09-12,2.20313313
2021-09-13,2021-09-13,2.15221503
2021-09-14,2021-09-14,2.25364526
2021-09-15,2021-09-15,2.29776039
2021-09-16,2021-09-16,2.27608067
2021-09-17,2021-09-17,2.25296719
2021-09-18,2021-09-18,2.29899931
2021-09-19,2021-09-19,2.24781376
2021-09-20,2021-09-20,2.04951238
2021-09-21,2021-09-21,1.94406875
2021-09-22,2021-09-22,2.07776421
2021-09-23,2021-09-23,2.13979367
2021-09-24,2021-09-24,2.04438029
2021-09-25,2021-09-25,2.03724267
2021-09-26,2021-09-26,2.04689444
2021-09-27,2021-09-27,1.99725165
2021-09-28,2021-09-28,1.94518366
2021-09-29,2021-09-29,1.96855806
2021-09-30,2021-09-30,2.07459773
2021-10-01,2021-10-01,2.27391658
2021-10-02,2021-10-02,2.24616533
2021-10-03,2021-10-03,2.2711077
2021-10-04,2021-10-04,2.31574826
2021-10-05,2021-10-05,2.41498584
2021-10-06,2021-10-06,2.5772523
2021-10-07,2021-10-07,2.49505402
2021-10-08,2021-10-08,2.49730901
2021-10-09,2021-10-09,2.540719
2021-10-10,2021-10-10,2.52340004
2021-10-11,2021-10-11,2.64550174
2021-10-12,2021-10-12,2.56991213
2021-10-13,2021-10-13,2.62674177
2021-10-14,2021-10-14,2.61776941
2021-10-15,2021-10-15,2.80067823
2021-10-16,2021-10-16,2.75811307
2021-10-17,2021-10-17,2.7843312
2021-10-18,2021-10-18,2.79556291
2021-10-19,2021-10-19,2.87654055
2021-10-20,2021-10-20,2.93424633
2021-10-21,2021-10-21,2.75184436
2021-10-22,2021-10-22,2.68254411
2021-10-23,2021-10-23,2.70713826
2021-10-24,2021-10-24,2.68226073
2021-10-25,2021-10-25,2.76861007
2021-10-26,2021-10-26,2.6415394
2021-10-27,2021-10-27,2.56076988
2021-10-28,2021-10-28,2.64869768
2021-10-29,2021-10-29,2.71417261
2021-10-30,2021-10-30,2.69576283
2021-10-31,2021-10-31,2.66659563
2021-11-01,2021-11-01,2.63684644
2021-11-02,2021-11-02,2.72073361
2021-11-03,2021-11-03,2.69557434
2021-11-04,2021-11-04,2.63008998
2021-11-05,2021-11-05,2.6044699
2021-11-06,2021-11-06,2.62407633
2021-11-07,2021-11-07,2.69762375
2021-11-08,2021-11-08,2.86135882
2021-11-09,2021-11-09,2.82422092
2021-11-10,2021-11-10,2.72902346
2021-11-11,2021-11-11,2.71943688
2021-11-12,2021-11-12,2.65655866
2021-11-13,2021-11-13,2.6647036
2021-11-14,2021-11-14,2.7090666
2021-11-15,2021-11-15,2.62267105
2021-11-16,2021-11-16,2.4745244
2021-11-17,2021-11-17,2.48242306
2021-11-18,2021-11-18,2.3429241
2021-11-19,2021-11-19,2.39201429
2021-11-20,2021-11-20,2.45791626
2021-11-21,2021-11-21,2.41273944
2021-11-22,2021-11-22,2.31604185
2021-11-23,2021-11-23,2.36800042
2021-11-24,2021-11-24,2.35013354
2021-11-25,2021-11-25,2.40791327
2021-11-26,2021-11-26,2.19884969
2021-11-27,2021-11-27,2.23971757
2021-11-28,2021-11-28,2.34344764
2021-11-29,2021-11-29,2.35875374
2021-11-30,2021-11-30,2.32291553
2021-12-01,2021-12-01,2.32830607
2021-12-02,2021-12-02,2.29975768
2021-12-03,2021-12-03,2.18382279
2021-12-04,2021-12-04,2.01368974
2021-12-05,2021-12-05,2.0242446
2021-12-06,2021-12-06,2.06930478
2021-12-07,2021-12-07,2.06860918
2021-12-08,2021-12-08,2.06472079
2021-12-09,2021-12-09,1.94679609
2021-12-10,2021-12-10,1.93119463
2021-12-11,2021-12-11,2.02233032
2021-12-12,2021-12-12,2.04966981
2021-12-13,2021-12-13,1.91340582
2021-12-14,2021-12-14,1.97829366
2021-12-15,2021-12-15,2.00099833
2021-12-16,2021-12-16,1.94932113
2021-12-17,2021-12-17,1.89012236
2021-12-18,2021-12-18,1.9193289
2021-12-19,2021-12-19,1.91234655
2021-12-20,2021-12-20,1.92323049
2021-12-21,2021-12-21,2.00292787
2021-12-22,2021-12-22,1.9897362
2021-12-23,2021-12-23,2.0794511
2021-12-24,2021-12-24,2.07723001
2021-12-25,2021-12-25,2.06048778
2021-12-26,2021-12-26,2.07533747
2021-12-27,2021-12-27,2.07015717
2021-12-28,2021-12-28,1.9426363
2021-12-29,2021-12-29,1.89971555
2021-12-30,2021-12-30,1.92634559
2021-12-31,2021-12-31,1.88817741
2022-01-01,2022-01-01,1.95052858
2022-01-02,2022-01-02,1.93285259
2022-01-03,2022-01-03,1.89906318
2022-01-04,2022-01-04,1.87441364
2022-01-05,2022-01-05,1.77790568
2022-01-06,2022-01-06,1.76609805
2022-01-07,2022-01-07,1.7070916
2022-01-08,2022-01-08,1.71291197
2022-01-09,2022-01-09,1.72076958
2022-01-10,2022-01-10,1.72009317
2022-01-11,2022-01-11,1.75823843
2022-01-12,2022-01-12,1.80561252
2022-01-13,2022-01-13,1.7511854
2022-01-14,2022-01-14,1.77224493
2022-01-15,2022-01-15,1.77259042
2022-01-16,2022-01-16,1.77226298
2022-01-17,2022-01-17,1.73795424
2022-01-18,2022-01-18,1.74497411
2022-01-19,2022-01-19,1.71856742
2022-01-20,2022-01-20,1.67846886
2022-01-21,2022-01-21,1.51240596
2022-01-22,2022-01-22,1.45825805
2022-01-23,2022-01-23,1.50718402
2022-01-24,2022-01-24,1.52866586
2022-01-25,2022-01-25,1.54113931
2022-01-26,2022-01-26,1.53548968
2022-01-27,2022-01-27,1.55170098
2022-01-28,2022-01-28,1.57686926
2022-01-29,2022-01-29,1.59801507
2022-01-30,2022-01-30,1.58804655
2022-01-31,2022-01-31,1.6128671
2022-02-01,2022-02-01,1.61369057
2022-02-02,2022-02-02,1.53970248
2022-02-03,2022-02-03,1.55843064
2022-02-04,2022-02-04,1.73361433
2022-02-05,2022-02-05,1.72479025
2022-02-06,2022-02-06,1.76595167
2022-02-07,2022-02-07,1.82363956
2022-02-08,2022-02-08,1.83083838
2022-02-09,2022-02-09,1.84358466
2022-02-10,2022-02-10,1.80486568
2022-02-11,2022-02-11,1.75739186
2022-02-12,2022-02-12,1.75048571
2022-02-13,2022-02-13,1.74323996
2022-02-14,2022-02-14,1.76335786
2022-02-15,2022-02-15,1.84487543
2022-02-16,2022-02-16,1.81606398
2022-02-17,2022-02-17,1.6783309
2022-02-18,2022-02-18,1.65672201
2022-02-19,2022-02-19,1.66191897
2022-02-20,2022-02-20,1.59211338
2022-02-21,2022-02-21,1.53665989
2022-02-22,2022-02-22,1.58827305
2022-02-23,2022-02-23,1.54702439
2022-02-24,2022-02-24,1.59458615
2022-02-25,2022-02-25,1.63131282
2022-02-26,2022-02-26,1.62606749
2022-02-27,2022-02-27,1.56823352
2022-02-28,2022-02-28,1.79123554
2022-03-01,2022-03-01,1.84074712
2022-03-02,2022-03-02,1.81767191
2022-03-03,2022-03-03,1.75668863
2022-03-04,2022-03-04,1.62142862
2022-03-05,2022-03-05,1.63214062
2022-03-06,2022-03-06,1.59130679
2022-03-07,2022-03-07,1.57459089
2022-03-08,2022-03-08,1.60497633
2022-03-09,2022-03-09,1.73681088
2022-03-10,2022-03-10,1.63477156
2022-03-11,2022-03-11,1.60430695
2022-03-12,2022-03-12,1.6071121
2022-03-13,2022-03-13,1.56492735
2022-03-14,2022-03-14,1.6432625
2022-03-15,2022-03-15,1.62802847
2022-03-16,2022-03-16,1.70220188
2022-03-17,2022-03-17,1.69505098
2022-03-18,2022-03-18,1.7288314
2022-03-19,2022-03-19,1.74676197
2022-03-20,2022-03-20,1.70762322
2022-03-21,2022-03-21,1.6968128
2022-03-22,2022-03-22,1.75093984
2022-03-23,2022-03-23,1.77182702
2022-03-24,2022-03-24,1.81555613
2022-03-25,2022-03-25,1.81975891
2022-03-26,2022-03-26,1.82767195
2022-03-27,2022-03-27,1.92096516
2022-03-28,2022-03-28,1.92652052
2022-03-29,2022-03-29,1.93512263
2022-03-30,2022-03-30,1.91853337
2022-03-31,2022-03-31,1.85552201
2022-04-01,2022-04-01,1.88549504
2022-04-02,2022-04-02,1.86597647
2022-04-03,2022-04-03,1.8889928
2022-04-04,2022-04-04,1.89583161
2022-04-05,2022-04-05,1.85063195
2022-04-06,2022-04-06,1.75798533
2022-04-07,2022-04-07,1.76963607
2022-04-08,2022-04-08,1.72201197
2022-04-09,2022-04-09,1.74305482
2022-04-10,2022-04-10,1.7187078
2022-04-11,2022-04-11,1.61354114
2022-04-12,2022-04-12,1.63435261
2022-04-13,2022-04-13,1.67763901
2022-04-14,2022-04-14,1.62712471
2022-04-15,2022-04-15,1.65148799
2022-04-16,2022-04-16,1.64517863
2022-04-17,2022-04-17,1.61681969
2022-04-18,2022-04-18,1.66290988
2022-04-19,2022-04-19,1.69044261
2022-04-20,2022-04-20,1.68450144
2022-04-21,2022-04-21,1.64507397
2022-04-22,2022-04-22,1.6149408
2022-04-23,2022-04-23,1.60466522
2022-04-24,2022-04-24,1.60529524
2022-04-25,2022-04-25,1.64588669
2022-04-26,2022-04-26,1.55293702
2022-04-27,2022-04-27,1.59920077
2022-04-28,2022-04-28,1.6196861
2022-04-29,2022-04-29,1.57396365
2022-04-30,2022-04-30,1.53544408
2022-05-01,2022-05-01,1.57026452
2022-05-02,2022-05-02,1.57402271
2022-05-03,2022-05-03,1.54379423
2022-05-04,2022-05-04,1.6226138
2022-05-05,2022-05-05,1.4966794
2022-05-06,2022-05-06,1.47605454
2022-05-07,2022-05-07,1.45471967
2022-05-08,2022-05-08,1.39763798
2022-05-09,2022-05-09,1.24194031
2022-05-10,2022-05-10,1.28329926
2022-05-11,2022-05-11,1.20596637
2022-05-12,2022-05-12,1.20920334
2022-05-13,2022-05-13,1.22273675
2022-05-14,2022-05-14,1.254987
2022-05-15,2022-05-15,1.30723759
2022-05-16,2022-05-16,1.24773747
2022-05-17,2022-05-17,1.27265869
2022-05-18,2022-05-18,1.20155293
2022-05-19,2022-05-19,1.27099942
2022-05-20,2022-05-20,1.22512943
2022-05-21,2022-05-21,1.23594633
2022-05-22,2022-05-22,1.27208882
2022-05-23,2022-05-23,1.22283717
2022-05-24,2022-05-24,1.24635065
2022-05-25,2022-05-25,1.24237605
2022-05-26,2022-05-26,1.22893583
2022-05-27,2022-05-27,1.20727519
2022-05-28,2022-05-28,1.2247228
2022-05-29,2022-05-29,1.24349603
2022-05-30,2022-05-30,1.33878775
2022-05-31,2022-05-31,1.34116777
2022-06-01,2022-06-01,1.25819498
2022-06-02,2022-06-02,1.28926436
2022-06-03,2022-06-03,1.25691208
2022-06-04,2022-06-04,1.26516236
2022-06-05,2022-06-05,1.26792352
2022-06-06,2022-06-06,1.32997465
2022-06-07,2022-06-07,1.32255056
2022-06-08,2022-06-08,1.28423338
2022-06-09,2022-06-09,1.2804587
2022-06-10,2022-06-10,1.23840749
2022-06-11,2022-06-11,1.21096564
2022-06-12,2022-06-12,1.13409537
2022-06-13,2022-06-13,0.96752945
2022-06-14,2022-06-14,0.96047769
2022-06-15,2022-06-15,0.98518857
2022-06-16,2022-06-16,0.89312259
2022-06-17,2022-06-17,0.89909245
2022-06-18,2022-06-18,0.83743107
2022-06-19,2022-06-19,0.90851404
2022-06-20,2022-06-20,0.90970367
2022-06-21,2022-06-21,0.91770721
2022-06-22,2022-06-22,0.8869822
2022-06-23,2022-06-23,0.9377512
2022-06-24,2022-06-24,0.94418607
2022-06-25,2022-06-25,0.95516629
2022-06-26,2022-06-26,0.93545384
2022-06-27,2022-06-27,0.92290879
2022-06-28,2022-06-28,0.90334105
2022-06-29,2022-06-29,0.89708392
2022-06-30,2022-06-30,0.8943249
2022-07-01,2022-07-01,0.86387635
2022-07-02,2022-07-02,0.86316411
2022-07-03,2022-07-03,0.8671058
2022-07-04,2022-07-04,0.90821691
2022-07-05,2022-07-05,0.90607029
2022-07-06,2022-07-06,0.92539161
2022-07-07,2022-07-07,0.97351934
2022-07-08,2022-07-08,0.97268321
2022-07-09,2022-07-09,0.97395989
2022-07-10,2022-07-10,0.94150609
2022-07-11,2022-07-11,0.90352845
2022-07-12,2022-07-12,0.87518079
2022-07-13,2022-07-13,0.91663904
2022-07-14,2022-07-14,0.93403518
2022-07-15,2022-07-15,0.94861396
2022-07-16,2022-07-16,0.96532799
2022-07-17,2022-07-17,0.94734846
2022-07-18,2022-07-18,1.0218017
2022-07-19,2022-07-19,1.06724096
2022-07-20,2022-07-20,1.05884567
2022-07-21,2022-07-21,1.05756777
2022-07-22,2022-07-22,1.03778156
2022-07-23,2022-07-23,1.02776734
2022-07-24,2022-07-24,1.03408198
2022-07-25,2022-07-25,0.97693926
2022-07-26,2022-07-26,0.97550761
2022-07-27,2022-07-27,1.05339068
2022-07-28,2022-07-28,1.09348537
2022-07-29,2022-07-29,1.09034391
2022-07-30,2022-07-30,1.08421944
2022-07-31,2022-07-31,1.0684231
2022-08-01,2022-08-01,1.06713433
2022-08-02,2022-08-02,1.05481008
2022-08-03,2022-08-03,1.04731797
2022-08-04,2022-08-04,1.0391032
2022-08-05,2022-08-05,1.07092246
2022-08-06,2022-08-06,1.05427114
2022-08-07,2022-08-07,1.06456038
2022-08-08,2022-08-08,1.09352735
2022-08-09,2022-08-09,1.06463471
2022-08-10,2022-08-10,1.10111883
2022-08-11,2022-08-11,1.10055321
2022-08-12,2022-08-12,1.12171593
2022-08-13,2022-08-13,1.12340308
2022-08-14,2022-08-14,1.1170298
2022-08-15,2022-08-15,1.10764716
2022-08-16,2022-08-16,1.09671327
2022-08-17,2022-08-17,1.07360945
2022-08-18,2022-08-18,1.0667406
2022-08-19,2022-08-19,0.96007727
2022-08-20,2022-08-20,0.97445389
2022-08-21,2022-08-21,0.99171324
2022-08-22,2022-08-22,0.98713447
2022-08-23,2022-08-23,0.99346969
2022-08-24,2022-08-24,0.98643229
2022-08-25,2022-08-25,0.99561372
2022-08-26,2022-08-26,0.93562669
2022-08-27,2022-08-27,0.92655679
2022-08-28,2022-08-28,0.90451817
2022-08-29,2022-08-29,0.93844137
2022-08-30,2022-08-30,0.91751325
2022-08-31,2022-08-31,0.92904187
2022-09-01,2022-09-01,0.93374703
2022-09-02,2022-09-02,0.92586097
2022-09-03,2022-09-03,0.92033203
2022-09-04,2022-09-04,0.92814938
2022-09-05,2022-09-05,0.91881939
2022-09-06,2022-09-06,0.87325719
2022-09-07,2022-09-07,0.89719976
2022-09-08,2022-09-08,0.8990032
2022-09-09,2022-09-09,0.99370627
2022-09-10,2022-09-10,1.00696904
2022-09-11,2022-09-11,1.01544228
2022-09-12,2022-09-12,1.04178758
2022-09-13,2022-09-13,0.9405719
2022-09-14,2022-09-14,0.94417544
2022-09-15,2022-09-15,0.92080567
2022-09-16,2022-09-16,0.92588266
2022-09-17,2022-09-17,0.94061922
2022-09-18,2022-09-18,0.90821626
2022-09-19,2022-09-19,0.91492765
2022-09-20,2022-09-20,0.88450091
2022-09-21,2022-09-21,0.86561576
2022-09-22,2022-09-22,0.91001776
2022-09-23,2022-09-23,0.90508484
2022-09-24,2022-09-24,0.88791073
2022-09-25,2022-09-25,0.88285282
2022-09-26,2022-09-26,0.90302024
2022-09-27,2022-09-27,0.89620746
2022-09-28,2022-09-28,0.91248872
2022-09-29,2022-09-29,0.9215108
2022-09-30,2022-09-30,0.91398647
2022-10-01,2022-10-01,0.90897844
2022-10-02,2022-10-02,0.89711389
2022-10-03,2022-10-03,0.92436007
2022-10-04,2022-10-04,0.9579822
2022-10-05,2022-10-05,0.9497225
2022-10-06,2022-10-06,0.9406819
2022-10-07,2022-10-07,0.92048551
2022-10-08,2022-10-08,0.91580453
2022-10-09,2022-10-09,0.91696469
2022-10-10,2022-10-10,0.90273994
2022-10-11,2022-10-11,0.89962056
2022-10-12,2022-10-12,0.9052286
2022-10-13,2022-10-13,0.91597579
2022-10-14,2022-10-14,0.90683189
2022-10-15,2022-10-15,0.90183178
2022-10-16,2022-10-16,0.9111347
2022-10-17,2022-10-17,0.92552734
2022-10-18,2022-10-18,0.91459053
2022-10-19,2022-10-19,0.90520899
2022-10-20,2022-10-20,0.90197462
2022-10-21,2022-10-21,0.90783299
2022-10-22,2022-10-22,0.91040422
2022-10-23,2022-10-23,0.92805401
2022-10-24,2022-10-24,0.9164098
2022-10-25,2022-10-25,0.95195578
2022-10-26,2022-10-26,0.98467041
2022-10-27,2022-10-27,0.96153767
2022-10-28,2022-10-28,0.97589068
2022-10-29,2022-10-29,0.98640123
2022-10-30,2022-10-30,0.97774013
2022-10-31,2022-10-31,0.97174587
2022-11-01,2022-11-01,0.97106267
2022-11-02,2022-11-02,0.95638441
2022-11-03,2022-11-03,0.9585815
2022-11-04,2022-11-04,1.0020081
2022-11-05,2022-11-05,1.00919616
2022-11-06,2022-11-06,0.9910272
2022-11-07,2022-11-07,0.97846608
2022-11-08,2022-11-08,0.88354185
2022-11-09,2022-11-09,0.75939438
2022-11-10,2022-11-10,0.84575908
2022-11-11,2022-11-11,0.81859068
2022-11-12,2022-11-12,0.81019075
2022-11-13,2022-11-13,0.7868491
2022-11-14,2022-11-14,0.80226961
2022-11-15,2022-11-15,0.81674627
2022-11-16,2022-11-16,0.80750803
2022-11-17,2022-11-17,0.81209205
2022-11-18,2022-11-18,0.82187449
2022-11-19,2022-11-19,0.8225424
2022-11-20,2022-11-20,0.80193554
2022-11-21,2022-11-21,0.77886372
2022-11-22,2022-11-22,0.80167942
2022-11-23,2022-11-23,0.82048163
2022-11-24,2022-11-24,0.82050059
2022-11-25,2022-11-25,0.81699111
2022-11-26,2022-11-26,0.81478649
2022-11-27,2022-11-27,0.81301147
2022-11-28,2022-11-28,0.80337518
2022-11-29,2022-11-29,0.81500674
2022-11-30,2022-11-30,0.85077469
2022-12-01,2022-12-01,0.842154
2022-12-02,2022-12-02,0.84850998
2022-12-03,2022-12-03,0.83801935
2022-12-04,2022-12-04,0.84980167
2022-12-05,2022-12-05,0.84524278
2022-12-06,2022-12-06,0.852049
2022-12-07,2022-12-07,0.83963198
2022-12-08,2022-12-08,0.8592455
2022-12-09,2022-12-09,0.85534262
2022-12-10,2022-12-10,0.85532636
2022-12-11,2022-12-11,0.85353384
2022-12-12,2022-12-12,0.85965297
2022-12-13,2022-12-13,0.88870704
2022-12-14,2022-12-14,0.89065957
2022-12-15,2022-12-15,0.86877184
2022-12-16,2022-12-16,0.83271406
2022-12-17,2022-12-17,0.84067712
2022-12-18,2022-12-18,0.83868749
2022-12-19,2022-12-19,0.82490337
2022-12-20,2022-12-20,0.84817659
2022-12-21,2022-12-21,0.84502795
2022-12-22,2022-12-22,0.84531943
2022-12-23,2022-12-23,0.84343606
2022-12-24,2022-12-24,0.84646993
2022-12-25,2022-12-25,0.8468646
2022-12-26,2022-12-26,0.85129759
2022-12-27,2022-12-27,0.84116149
2022-12-28,2022-12-28,0.83438011
2022-12-29,2022-12-29,0.8394736
2022-12-30,2022-12-30,0.8386583
2022-12-31,2022-12-31,0.83642376
2023-01-01,2023-01-01,0.84089106
2023-01-02,2023-01-02,0.84415281
2023-01-03,2023-01-03,0.84440218
2023-01-04,2023-01-04,0.85366879
2023-01-05,2023-01-05,0.85328278
2023-01-06,2023-01-06,0.85971953
2023-01-07,2023-01-07,0.85925766
2023-01-08,2023-01-08,0.86899005
2023-01-09,2023-01-09,0.87176799
2023-01-10,2023-01-10,0.88536288
2023-01-11,2023-01-11,0.91173838
2023-01-12,2023-01-12,0.95707219
2023-01-13,2023-01-13,1.0115879
2023-01-14,2023-01-14,1.06277929
2023-01-15,2023-01-15,1.05848788
2023-01-16,2023-01-16,1.07385078
2023-01-17,2023-01-17,1.07089308
2023-01-18,2023-01-18,1.04782467
2023-01-19,2023-01-19,1.06798843
2023-01-20,2023-01-20,1.14847238
2023-01-21,2023-01-21,1.15274197
2023-01-22,2023-01-22,1.1488325
2023-01-23,2023-01-23,1.15884657
2023-01-24,2023-01-24,1.14401935
2023-01-25,2023-01-25,1.16564289
2023-01-26,2023-01-26,1.16322804
2023-01-27,2023-01-27,1.16663436
2023-01-28,2023-01-28,1.16459641
2023-01-29,2023-01-29,1.20050403
2023-01-30,2023-01-30,1.15407338
2023-01-31,2023-01-31,1.16885655
2023-02-01,2023-02-01,1.19789454
2023-02-02,2023-02-02,1.18524188
2023-02-03,2023-02-03,1.18196428
2023-02-04,2023-02-04,1.17629887
2023-02-05,2023-02-05,1.15694608
2023-02-06,2023-02-06,1.14770098
2023-02-07,2023-02-07,1.17179939
2023-02-08,2023-02-08,1.15719318
2023-02-09,2023-02-09,1.09866275
2023-02-10,2023-02-10,1.09082016
2023-02-11,2023-02-11,1.10224804
2023-02-12,2023-02-12,1.09874518
2023-02-13,2023-02-13,1.09819716
2023-02-14,2023-02-14,1.12024559
2023-02-15,2023-02-15,1.22703032
2023-02-16,2023-02-16,1.18561459
2023-02-17,2023-02-17,1.23801928
2023-02-18,2023-02-18,1.23993269
2023-02-19,2023-02-19,1.2213742
2023-02-20,2023-02-20,1.24930011
2023-02-21,2023-02-21,1.23075112
2023-02-22,2023-02-22,1.21731759
2023-02-23,2023-02-23,1.20482251
2023-02-24,2023-02-24,1.16681812
2023-02-25,2023-02-25,1.16577578
2023-02-26,2023-02-26,1.18592137
2023-02-27,2023-02-27,1.18242991
2023-02-28,2023-02-28,1.16556911
2023-03-01,2023-03-01,1.19061323
2023-03-02,2023-03-02,1.18281268
2023-03-03,2023-03-03,1.12776265
2023-03-04,2023-03-04,1.126922
2023-03-05,2023-03-05,1.13184001
2023-03-06,2023-03-06,1.13123632
2023-03-07,2023-03-07,1.12420319
2023-03-08,2023-03-08,1.09947825
2023-03-09,2023-03-09,1.03175237
2023-03-10,2023-03-10,1.01967398
2023-03-11,2023-03-11,1.03103052
2023-03-12,2023-03-12,1.10916918
2023-03-13,2023-03-13,1.22023862
2023-03-14,2023-03-14,1.24558897
2023-03-15,2023-03-15,1.22443518
2023-03-16,2023-03-16,1.26165507
2023-03-17,2023-03-17,1.37940322
2023-03-18,2023-03-18,1.35361908
2023-03-19,2023-03-19,1.40505732
2023-03-20,2023-03-20,1.3916218
2023-03-21,2023-03-21,1.4108009
2023-03-22,2023-03-22,1.36987962
2023-03-23,2023-03-23,1.41736292
2023-03-24,2023-03-24,1.37409177
2023-03-25,2023-03-25,1.37558838
2023-03-26,2023-03-26,1.40121662
2023-03-27,2023-03-27,1.35676716
2023-03-28,2023-03-28,1.36321199
2023-03-29,2023-03-29,1.41680833
2023-03-30,2023-03-30,1.42210759
2023-03-31,2023-03-31,1.44306325
2023-04-01,2023-04-01,1.44161048
2023-04-02,2023-04-02,1.42700166
2023-04-03,2023-04-03,1.40782125
2023-04-04,2023-04-04,1.42668992
2023-04-05,2023-04-05,1.42463708
2023-04-06,2023-04-06,1.41818777
2023-04-07,2023-04-07,1.41335752
2023-04-08,2023-04-08,1.41389991
2023-04-09,2023-04-09,1.4320812
2023-04-10,2023-04-10,1.49844836
2023-04-11,2023-04-11,1.52441962
2023-04-12,2023-04-12,1.50703804
2023-04-13,2023-04-13,1.53029326
2023-04-14,2023-04-14,1.53325961
2023-04-15,2023-04-15,1.52462472
2023-04-16,2023-04-16,1.52537212
2023-04-17,2023-04-17,1.48016188
2023-04-18,2023-04-18,1.52709537
2023-04-19,2023-04-19,1.44639098
2023-04-20,2023-04-20,1.41929097
2023-04-21,2023-04-21,1.36938408
2023-04-22,2023-04-22,1.39719822
2023-04-23,2023-04-23,1.38564153
2023-04-24,2023-04-24,1.38135334
2023-04-25,2023-04-25,1.42176766
2023-04-26,2023-04-26,1.4262808
2023-04-27,2023-04-27,1.47896262
2023-04-28,2023-04-28,1.46976534
2023-04-29,2023-04-29,1.46492938
2023-04-30,2023-04-30,1.46414637
2023-05-01,2023-05-01,1.40643486
2023-05-02,2023-05-02,1.43469519
2023-05-03,2023-05-03,1.45184864
2023-05-04,2023-05-04,1.44319947
2023-05-05,2023-05-05,1.47402586
2023-05-06,2023-05-06,1.43257862
2023-05-07,2023-05-07,1.40748323
2023-05-08,2023-05-08,1.37510946
2023-05-09,2023-05-09,1.37320506
2023-05-10,2023-05-10,1.36983367
2023-05-11,2023-05-11,1.34234769
2023-05-12,2023-05-12,1.33305707
2023-05-13,2023-05-13,1.33234727
2023-05-14,2023-05-14,1.33961076
2023-05-15,2023-05-15,1.35020732
2023-05-16,2023-05-16,1.34343813
2023-05-17,2023-05-17,1.36226987
2023-05-18,2023-05-18,1.33322644
2023-05-19,2023-05-19,1.33627835
2023-05-20,2023-05-20,1.34679012
2023-05-21,2023-05-21,1.3288361
2023-05-22,2023-05-22,1.33261417
2023-05-23,2023-05-23,1.35095583
2023-05-24,2023-05-24,1.30663085
2023-05-25,2023-05-25,1.3130925
2023-05-26,2023-05-26,1.32489587
2023-05-27,2023-05-27,1.33279253
2023-05-28,2023-05-28,1.39226843
2023-05-29,2023-05-29,1.37511102
2023-05-30,2023-05-30,1.37251079
2023-05-31,2023-05-31,1.34867173
2023-06-01,2023-06-01,1.3285394
2023-06-02,2023-06-02,1.34987864
2023-06-03,2023-06-03,1.34127016
2023-06-04,2023-06-04,1.34377073
2023-06-05,2023-06-05,1.27513969
2023-06-06,2023-06-06,1.34999485
2023-06-07,2023-06-07,1.32674608
2023-06-08,2023-06-08,1.3138272
2023-06-09,2023-06-09,1.31159599
2023-06-10,2023-06-10,1.28179257
2023-06-11,2023-06-11,1.28592938
2023-06-12,2023-06-12,1.28945205
2023-06-13,2023-06-13,1.28623923
2023-06-14,2023-06-14,1.24681879
2023-06-15,2023-06-15,1.26845376
2023-06-16,2023-06-16,1.30561075
2023-06-17,2023-06-17,1.31446883
2023-06-18,2023-06-18,1.30560805
2023-06-19,2023-06-19,1.33141008
2023-06-20,2023-06-20,1.40406763
2023-06-21,2023-06-21,1.48599245
2023-06-22,2023-06-22,1.4852207
2023-06-23,2023-06-23,1.5193914
2023-06-24,2023-06-24,1.50863539
2023-06-25,2023-06-25,1.53673442
2023-06-26,2023-06-26,1.493612
2023-06-27,2023-06-27,1.51668453
2023-06-28,2023-06-28,1.50884765
2023-06-29,2023-06-29,1.50203795
2023-06-30,2023-06-30,1.50549291
2023-07-01,2023-07-01,1.50658127
2023-07-02,2023-07-02,1.54933647
2023-07-03,2023-07-03,1.54780865
2023-07-04,2023-07-04,1.50969985
2023-07-05,2023-07-05,1.4960411
2023-07-06,2023-07-06,1.46831584
2023-07-07,2023-07-07,1.46341959
2023-07-08,2023-07-08,1.48709992
2023-07-09,2023-07-09,1.41636636
2023-07-10,2023-07-10,1.49007091
2023-07-11,2023-07-11,1.49386308
2023-07-12,2023-07-12,1.43678091
2023-07-13,2023-07-13,1.4864744
2023-07-14,2023-07-14,1.48140899
2023-07-15,2023-07-15,1.47585158
2023-07-16,2023-07-16,1.4712216
2023-07-17,2023-07-17,1.47561304
2023-07-18,2023-07-18,1.4587627
2023-07-19,2023-07-19,1.4647268
2023-07-20,2023-07-20,1.44727132
2023-07-21,2023-07-21,1.46180925
2023-07-22,2023-07-22,1.45914738
2023-07-23,2023-07-23,1.47587331
2023-07-24,2023-07-24,1.42874388
2023-07-25,2023-07-25,1.43125343
2023-07-26,2023-07-26,1.43782131
2023-07-27,2023-07-27,1.43267169
2023-07-28,2023-07-28,1.44208688
2023-07-29,2023-07-29,1.44450865
2023-07-30,2023-07-30,1.43924737
2023-07-31,2023-07-31,1.43700353
2023-08-01,2023-08-01,1.46229534
2023-08-02,2023-08-02,1.43528826
2023-08-03,2023-08-03,1.4342705
2023-08-04,2023-08-04,1.43144287
2023-08-05,2023-08-05,1.43015775
2023-08-06,2023-08-06,1.42768845
2023-08-07,2023-08-07,1.43500423
2023-08-08,2023-08-08,1.46344935
2023-08-09,2023-08-09,1.45362586
2023-08-10,2023-08-10,1.44629596
2023-08-11,2023-08-11,1.44443214
2023-08-12,2023-08-12,1.44160746
2023-08-13,2023-08-13,1.43797054
2023-08-14,2023-08-14,1.44453955
2023-08-15,2023-08-15,1.43223361
2023-08-16,2023-08-16,1.40992328
2023-08-17,2023-08-17,1.30799829
2023-08-18,2023-08-18,1.28142472
2023-08-19,2023-08-19,1.28338216
2023-08-20,2023-08-20,1.28792318
2023-08-21,2023-08-21,1.28552142
2023-08-22,2023-08-22,1.28140857
2023-08-23,2023-08-23,1.30105581
2023-08-24,2023-08-24,1.29009522
2023-08-25,2023-08-25,1.28422793
2023-08-26,2023-08-26,1.28150146
2023-08-27,2023-08-27,1.28535929
2023-08-28,2023-08-28,1.28623591
2023-08-29,2023-08-29,1.36622349
2023-08-30,2023-08-30,1.34640792
2023-08-31,2023-08-31,1.27866412
2023-09-01,2023-09-01,1.27254344
2023-09-02,2023-09-02,1.27601498
2023-09-03,2023-09-03,1.28188928
2023-09-04,2023-09-04,1.27453992
2023-09-05,2023-09-05,1.27277417
2023-09-06,2023-09-06,1.27116809
2023-09-07,2023-09-07,1.29649944
2023-09-08,2023-09-08,1.27912519
2023-09-09,2023-09-09,1.27884834
2023-09-10,2023-09-10,1.27543894
2023-09-11,2023-09-11,1.24268084
2023-09-12,2023-09-12,1.27664432
2023-09-13,2023-09-13,1.29547216
2023-09-14,2023-09-14,1.31011888
2023-09-15,2023-09-15,1.31315341
2023-09-16,2023-09-16,1.31182885
2023-09-17,2023-09-17,1.31009209
2023-09-18,2023-09-18,1.32065827
2023-09-19,2023-09-19,1.34238842
2023-09-20,2023-09-20,1.33776693
2023-09-21,2023-09-21,1.31047761
2023-09-22,2023-09-22,1.31118576
2023-09-23,2023-09-23,1.31112517
2023-09-24,2023-09-24,1.2955414
2023-09-25,2023-09-25,1.29729994
2023-09-26,2023-09-26,1.29314289
2023-09-27,2023-09-27,1.30047498
2023-09-28,2023-09-28,1.33337596
2023-09-29,2023-09-29,1.32723395
2023-09-30,2023-09-30,1.32970934
2023-10-01,2023-10-01,1.38083453
2023-10-02,2023-10-02,1.35568336
2023-10-03,2023-10-03,1.35222433
2023-10-04,2023-10-04,1.3690477
2023-10-05,2023-10-05,1.35099075
2023-10-06,2023-10-06,1.37682086
2023-10-07,2023-10-07,1.37793016
2023-10-08,2023-10-08,1.37577702
2023-10-09,2023-10-09,1.35999109
2023-10-10,2023-10-10,1.34860004
2023-10-11,2023-10-11,1.32360712
2023-10-12,2023-10-12,1.31756977
2023-10-13,2023-10-13,1.32312681
2023-10-14,2023-10-14,1.32210972
2023-10-15,2023-10-15,1.33758929
2023-10-16,2023-10-16,1.40308361
2023-10-17,2023-10-17,1.39735705
2023-10-18,2023-10-18,1.39292537
2023-10-19,2023-10-19,1.41254128
2023-10-20,2023-10-20,1.45820131
2023-10-21,2023-10-21,1.46959898
2023-10-22,2023-10-22,1.47377427
2023-10-23,2023-10-23,1.62180793
2023-10-24,2023-10-24,1.65818904
2023-10-25,2023-10-25,1.68401912
2023-10-26,2023-10-26,1.6646263
2023-10-27,2023-10-27,1.65066238
2023-10-28,2023-10-28,1.65882687
2023-10-29,2023-10-29,1.67972007
2023-10-30,2023-10-30,1.67582625
2023-10-31,2023-10-31,1.6823578
2023-11-01,2023-11-01,1.716338
2023-11-02,2023-11-02,1.69204123
2023-11-03,2023-11-03,1.67985211
2023-11-04,2023-11-04,1.69532344
2023-11-05,2023-11-05,1.692506
2023-11-06,2023-11-06,1.6936217
2023-11-07,2023-11-07,1.70977843
2023-11-08,2023-11-08,1.71886857
2023-11-09,2023-11-09,1.76566578
2023-11-10,2023-11-10,1.7927248
2023-11-11,2023-11-11,1.78306727
2023-11-12,2023-11-12,1.77972713
2023-11-13,2023-11-13,1.74875206
2023-11-14,2023-11-14,1.70485287
2023-11-15,2023-11-15,1.81514543
2023-11-16,2023-11-16,1.73078008
2023-11-17,2023-11-17,1.75254871
2023-11-18,2023-11-18,1.7503449
2023-11-19,2023-11-19,1.78723103
2023-11-20,2023-11-20,1.78935734
2023-11-21,2023-11-21,1.7038699
2023-11-22,2023-11-22,1.77060911
2023-11-23,2023-11-23,1.77702436
2023-11-24,2023-11-24,1.79571724
2023-11-25,2023-11-25,1.79801168
2023-11-26,2023-11-26,1.7817409
2023-11-27,2023-11-27,1.77110618
2023-11-28,2023-11-28,1.79725497
2023-11-29,2023-11-29,1.79763035
2023-11-30,2023-11-30,1.79033141
2023-12-01,2023-12-01,1.83320341
2023-12-02,2023-12-02,1.86876249
2023-12-03,2023-12-03,1.89177189
2023-12-04,2023-12-04,1.98070809
2023-12-05,2023-12-05,2.07464214
2023-12-06,2023-12-06,2.05255158
2023-12-07,2023-12-07,2.02636041
2023-12-08,2023-12-08,2.0659048
2023-12-09,2023-12-09,2.04191357
2023-12-10,2023-12-10,2.04431933
2023-12-11,2023-12-11,1.92361287
2023-12-12,2023-12-12,1.93111048
2023-12-13,2023-12-13,1.99444617
2023-12-14,2023-12-14,1.99919883
2023-12-15,2023-12-15,1.94565428
2023-12-16,2023-12-16,1.95976088
2023-12-17,2023-12-17,1.91740808
2023-12-18,2023-12-18,1.97488882
2023-12-19,2023-12-19,1.95448699
2023-12-20,2023-12-20,2.01462524
2023-12-21,2023-12-21,2.02314597
2023-12-22,2023-12-22,2.02635772
2023-12-23,2023-12-23,2.01231961
2023-12-24,2023-12-24,1.97663057
2023-12-25,2023-12-25,2.00252523
2023-12-26,2023-12-26,1.95082499
2023-12-27,2023-12-27,1.98837566
2023-12-28,2023-12-28,1.94588205
2023-12-29,2023-12-29,1.92028716
2023-12-30,2023-12-30,1.92263143
2023-12-31,2023-12-31,1.92799955
2024-01-01,2024-01-01,2.01399217
2024-01-02,2024-01-02,2.04489729
2024-01-03,2024-01-03,1.94634973
2024-01-04,2024-01-04,1.99116868
2024-01-05,2024-01-05,1.98832421
2024-01-06,2024-01-06,1.97896733
2024-01-07,2024-01-07,1.97617536
2024-01-08,2024-01-08,2.10911403
2024-01-09,2024-01-09,2.0664456
2024-01-10,2024-01-10,2.08766046
2024-01-11,2024-01-11,2.06956211
2024-01-12,2024-01-12,1.91020157
2024-01-13,2024-01-13,1.91291975
2024-01-14,2024-01-14,1.8622049
2024-01-15,2024-01-15,1.89726149
2024-01-16,2024-01-16,1.91594055
2024-01-17,2024-01-17,1.89816128
2024-01-18,2024-01-18,1.83036751
2024-01-19,2024-01-19,1.84398136
2024-01-20,2024-01-20,1.84632173
2024-01-21,2024-01-21,1.8403267
2024-01-22,2024-01-22,1.7506856
2024-01-23,2024-01-23,1.76574344
2024-01-24,2024-01-24,1.77071593
2024-01-25,2024-01-25,1.76387033
2024-01-26,2024-01-26,1.8446154
2024-01-27,2024-01-27,1.85742684
2024-01-28,2024-01-28,1.852783
2024-01-29,2024-01-29,1.90711226
2024-01-30,2024-01-30,1.88665818
2024-01-31,2024-01-31,1.86635632
2024-02-01,2024-02-01,1.88898258
2024-02-02,2024-02-02,1.89240547
2024-02-03,2024-02-03,1.88432497
2024-02-04,2024-02-04,1.86502057
2024-02-05,2024-02-05,1.86734412
2024-02-06,2024-02-06,1.88415746
2024-02-07,2024-02-07,1.93684668
2024-02-08,2024-02-08,1.97609296
2024-02-09,2024-02-09,2.05336435
2024-02-10,2024-02-10,2.07818948
2024-02-11,2024-02-11,2.10023283
2024-02-12,2024-02-12,2.16527399
2024-02-13,2024-02-13,2.15169768
2024-02-14,2024-02-14,2.23294282
2024-02-15,2024-02-15,2.23154657
2024-02-16,2024-02-16,2.23751781
2024-02-17,2024-02-17,2.2143152
2024-02-18,2024-02-18,2.23360999
2024-02-19,2024-02-19,2.21046179
2024-02-20,2024-02-20,2.22820122
2024-02-21,2024-02-21,2.20806859
2024-02-22,2024-02-22,2.1784303
2024-02-23,2024-02-23,2.15254728
2024-02-24,2024-02-24,2.18628467
2024-02-25,2024-02-25,2.19178319
2024-02-26,2024-02-26,2.30483681
2024-02-27,2024-02-27,2.39957713
2024-02-28,2024-02-28,2.59183556
2024-02-29,2024-02-29,2.52259136
2024-03-01,2024-03-01,2.55607737
2024-03-02,2024-03-02,2.53736835
2024-03-03,2024-03-03,2.57913652
2024-03-04,2024-03-04,2.77067786
2024-03-05,2024-03-05,2.56407831
2024-03-06,2024-03-06,2.61854635
2024-03-07,2024-03-07,2.62763121
2024-03-08,2024-03-08,2.66768783
2024-03-09,2024-03-09,2.66637462
2024-03-10,2024-03-10,2.6841628
2024-03-11,2024-03-11,2.77948811
2024-03-12,2024-03-12,2.74012383
2024-03-13,2024-03-13,2.75253304
2024-03-14,2024-03-14,2.67606351
2024-03-15,2024-03-15,2.60117968
2024-03-16,2024-03-16,2.44087054
2024-03-17,2024-03-17,2.55002698
2024-03-18,2024-03-18,2.51636268
2024-03-19,2024-03-19,2.30608923
2024-03-20,2024-03-20,2.52384458
2024-03-21,2024-03-21,2.43011812
2024-03-22,2024-03-22,2.36155536
2024-03-23,2024-03-23,2.3448037
2024-03-24,2024-03-24,2.4605066
2024-03-25,2024-03-25,2.53301436
2024-03-26,2024-03-26,2.53181424
2024-03-27,2024-03-27,2.50842829
2024-03-28,2024-03-28,2.54597419
2024-03-29,2024-03-29,2.5103191
2024-03-30,2024-03-30,2.49842389
2024-03-31,2024-03-31,2.55722027
2024-04-01,2024-04-01,2.48541071
2024-04-02,2024-04-02,2.32913249
2024-04-03,2024-04-03,2.34405037
2024-04-04,2024-04-04,2.43135944
2024-04-05,2024-04-05,2.40632715
2024-04-06,2024-04-06,2.44044788
2024-04-07,2024-04-07,2.4552676
2024-04-08,2024-04-08,2.5298705
2024-04-09,2024-04-09,2.43858125
2024-04-10,2024-04-10,2.48994347
2024-04-11,2024-04-11,2.46523506
2024-04-12,2024-04-12,2.36097457
2024-04-13,2024-04-13,2.25052563
2024-04-14,2024-04-14,2.31194058
2024-04-15,2024-04-15,2.23029453
2024-04-16,2024-04-16,2.24091735
2024-04-17,2024-04-17,2.15261693
2024-04-18,2024-04-18,2.22817769
2024-04-19,2024-04-19,2.23692844
2024-04-20,2024-04-20,2.27600024
2024-04-21,2024-04-21,2.27479097
2024-04-22,2024-04-22,2.33797174
2024-04-23,2024-04-23,2.32217704
2024-04-24,2024-04-24,2.23582385
2024-04-25,2024-04-25,2.2430153
2024-04-26,2024-04-26,2.21707623
2024-04-27,2024-04-27,2.20589668
2024-04-28,2024-04-28,2.19139454
2024-04-29,2024-04-29,2.21624599
2024-04-30,2024-04-30,2.10401666
2024-05-01,2024-05-01,2.0252465
2024-05-02,2024-05-02,2.05208341
2024-05-03,2024-05-03,2.18320453
2024-05-04,2024-05-04,2.21712117
2024-05-05,2024-05-05,2.22045703
2024-05-06,2024-05-06,2.18921716
2024-05-07,2024-05-07,2.15857608
2024-05-08,2024-05-08,2.11793705
2024-05-09,2024-05-09,2.1822652
2024-05-10,2024-05-10,2.10330952
2024-05-11,2024-05-11,2.1032536
2024-05-12,2024-05-12,2.1246916
2024-05-13,2024-05-13,2.1741755
2024-05-14,2024-05-14,2.12569097
2024-05-15,2024-05-15,2.27959794
2024-05-16,2024-05-16,2.24322872
2024-05-17,2024-05-17,2.30172936
2024-05-18,2024-05-18,2.29694647
2024-05-19,2024-05-19,2.27332131
2024-05-20,2024-05-20,2.44642039
2024-05-21,2024-05-21,2.39567465
2024-05-22,2024-05-22,2.35872746
2024-05-23,2024-05-23,2.31478
2024-05-24,2024-05-24,2.33334224
2024-05-25,2024-05-25,2.35744195
2024-05-26,2024-05-26,2.32876308
2024-05-27,2024-05-27,2.35663154
2024-05-28,2024-05-28,2.28205649
2024-05-29,2024-05-29,2.25453039
2024-05-30,2024-05-30,2.27807974
2024-05-31,2024-05-31,2.24898708
2024-06-01,2024-06-01,2.25591355
2024-06-02,2024-06-02,2.25504958
2024-06-03,2024-06-03,2.28559769
2024-06-04,2024-06-04,2.34039114
2024-06-05,2024-06-05,2.35538737
2024-06-06,2024-06-06,2.33773469
2024-06-07,2024-06-07,2.28685466
2024-06-08,2024-06-08,2.28538663
2024-06-09,2024-06-09,2.29536957
2024-06-10,2024-06-10,2.29049212
2024-06-11,2024-06-11,2.21288402
2024-06-12,2024-06-12,2.24178552
2024-06-13,2024-06-13,2.19147804
2024-06-14,2024-06-14,2.16724095
2024-06-15,2024-06-15,2.17194143
2024-06-16,2024-06-16,2.18666688
2024-06-17,2024-06-17,2.18005511
2024-06-18,2024-06-18,2.13672772
2024-06-19,2024-06-19,2.12921534
2024-06-20,2024-06-20,2.12503082
2024-06-21,2024-06-21,2.09994583
2024-06-22,2024-06-22,2.09744927
2024-06-23,2024-06-23,2.06313807
2024-06-24,2024-06-24,1.96887847
2024-06-25,2024-06-25,2.01905418
2024-06-26,2024-06-26,1.98805763
2024-06-27,2024-06-27,2.01108103
2024-06-28,2024-06-28,1.96799023
2024-06-29,2024-06-29,1.98626302
2024-06-30,2024-06-30,2.04509799
2024-07-01,2024-07-01,2.04658952
2024-07-02,2024-07-02,2.02220044
2024-07-03,2024-07-03,1.95727503
2024-07-04,2024-07-04,1.85537665
2024-07-05,2024-07-05,1.84248161
2024-07-06,2024-07-06,1.89455577
2024-07-07,2024-07-07,1.81660377
2024-07-08,2024-07-08,1.84651726
2024-07-09,2024-07-09,1.88844935
2024-07-10,2024-07-10,1.87702087
2024-07-11,2024-07-11,1.86513972
2024-07-12,2024-07-12,1.88214812
2024-07-13,2024-07-13,1.92416089
2024-07-14,2024-07-14,1.97464573
2024-07-15,2024-07-15,2.098592
2024-07-16,2024-07-16,2.10672447
2024-07-17,2024-07-17,2.07291531
2024-07-18,2024-07-18,2.06760002
2024-07-19,2024-07-19,2.14992326
2024-07-20,2024-07-20,2.16327948
2024-07-21,2024-07-21,2.1952436
2024-07-22,2024-07-22,2.17267061
2024-07-23,2024-07-23,2.11420367
2024-07-24,2024-07-24,2.09490381
2024-07-25,2024-07-25,2.10822625
2024-07-26,2024-07-26,2.17318195
2024-07-27,2024-07-27,2.17042713
2024-07-28,2024-07-28,2.18073362
2024-07-29,2024-07-29,2.13087614
2024-07-30,2024-07-30,2.11038367
2024-07-31,2024-07-31,2.0607402
2024-08-01,2024-08-01,2.08243642
2024-08-02,2024-08-02,1.95824024
2024-08-03,2024-08-03,1.93476813
2024-08-04,2024-08-04,1.85386411
2024-08-05,2024-08-05,1.72756839
2024-08-06,2024-08-06,1.79287408
2024-08-07,2024-08-07,1.76409405
2024-08-08,2024-08-08,1.97200829
2024-08-09,2024-08-09,1.94282493
2024-08-10,2024-08-10,1.9428544
2024-08-11,2024-08-11,1.87230031
2024-08-12,2024-08-12,1.89235579
2024-08-13,2024-08-13,1.9325432
2024-08-14,2024-08-14,1.87193584
2024-08-15,2024-08-15,1.8358698
2024-08-16,2024-08-16,1.87826127
2024-08-17,2024-08-17,1.89781309
2024-08-18,2024-08-18,1.86376031
2024-08-19,2024-08-19,1.89625284
2024-08-20,2024-08-20,1.88227074
2024-08-21,2024-08-21,1.94985821
2024-08-22,2024-08-22,1.92438272
2024-08-23,2024-08-23,2.03918098
2024-08-24,2024-08-24,2.04098261
2024-08-25,2024-08-25,2.04283887
2024-08-26,2024-08-26,1.99704023
2024-08-27,2024-08-27,1.88939688
2024-08-28,2024-08-28,1.87823207
2024-08-29,2024-08-29,1.88568093
2024-08-30,2024-08-30,1.8780075
2024-08-31,2024-08-31,1.87354873
2024-09-01,2024-09-01,1.82127052
2024-09-02,2024-09-02,1.87938087
2024-09-03,2024-09-03,1.82651524
2024-09-04,2024-09-04,1.84234774
2024-09-05,2024-09-05,1.78577778
2024-09-06,2024-09-06,1.71691717
2024-09-07,2024-09-07,1.72298224
2024-09-08,2024-09-08,1.74593094
2024-09-09,2024-09-09,1.81308706
2024-09-10,2024-09-10,1.83251774
2024-09-11,2024-09-11,1.82322302
2024-09-12,2024-09-12,1.84762353
2024-09-13,2024-09-13,1.92233771
2024-09-14,2024-09-14,1.9044314
2024-09-15,2024-09-15,1.8762374
2024-09-16,2024-09-16,1.84684422
2024-09-17,2024-09-17,1.91222362
2024-09-18,2024-09-18,1.95698962
2024-09-19,2024-09-19,1.99189092
2024-09-20,2024-09-20,1.99657948
2024-09-21,2024-09-21,2.00084639
2024-09-22,2024-09-22,2.00672376
2024-09-23,2024-09-23,1.99663764
2024-09-24,2024-09-24,2.02486386
2024-09-25,2024-09-25,1.98658762
2024-09-26,2024-09-26,2.04796192
2024-09-27,2024-09-27,2.0649195
2024-09-28,2024-09-28,2.06599335
2024-09-29,2024-09-29,2.05705013
2024-09-30,2024-09-30,1.98473849
2024-10-01,2024-10-01,1.90637815
2024-10-02,2024-10-02,1.90172316
2024-10-03,2024-10-03,1.90528094
2024-10-04,2024-10-04,1.94622509
2024-10-05,2024-10-05,1.9451576
2024-10-06,2024-10-06,1.96822538
2024-10-07,2024-10-07,1.94842082
2024-10-08,2024-10-08,1.92878334
2024-10-09,2024-10-09,1.88073953
2024-10-10,2024-10-10,1.87241911
2024-10-11,2024-10-11,1.93692096
2024-10-12,2024-10-12,1.95616707
2024-10-13,2024-10-13,1.94468591
2024-10-14,2024-10-14,2.04201843
2024-10-15,2024-10-15,2.06761374
2024-10-16,2024-10-16,2.08157822
2024-10-17,2024-10-17,2.07338711
2024-10-18,2024-10-18,2.1018429
2024-10-19,2024-10-19,2.09872448
2024-10-20,2024-10-20,2.1139375
2024-10-21,2024-10-21,2.05678821
2024-10-22,2024-10-22,2.05650495
2024-10-23,2024-10-23,2.03214208
2024-10-24,2024-10-24,2.0776228
2024-10-25,2024-10-25,2.02792969
2024-10-26,2024-10-26,2.04064536
2024-10-27,2024-10-27,2.06822714
2024-10-28,2024-10-28,2.12613052
2024-10-29,2024-10-29,2.20439563
2024-10-30,2024-10-30,2.18954695
2024-10-31,2024-10-31,2.12319153
2024-11-01,2024-11-01,2.09922205
2024-11-02,2024-11-02,2.09495633
2024-11-03,2024-11-03,2.07644532
2024-11-04,2024-11-04,2.04650388
2024-11-05,2024-11-05,2.09175505
2024-11-06,2024-11-06,2.26825634
2024-11-07,2024-11-07,2.27056104
2024-11-08,2024-11-08,2.28433658
2024-11-09,2024-11-09,2.28747047
2024-11-10,2024-11-10,2.39171664
2024-11-11,2024-11-11,2.6222159
2024-11-12,2024-11-12,2.58159738
2024-11-13,2024-11-13,2.63509636
2024-11-14,2024-11-14,2.52529921
2024-11-15,2024-11-15,2.62069415
2024-11-16,2024-11-16,2.60306713
2024-11-17,2024-11-17,2.57974924
2024-11-18,2024-11-18,2.58881267
2024-11-19,2024-11-19,2.62487204
2024-11-20,2024-11-20,2.66506559
2024-11-21,2024-11-21,2.73871928
2024-11-22,2024-11-22,2.73342585
2024-11-23,2024-11-23,2.68837674
2024-11-24,2024-11-24,2.69001148
2024-11-25,2024-11-25,2.54241471
2024-11-26,2024-11-26,2.5092578
2024-11-27,2024-11-27,2.60846596
2024-11-28,2024-11-28,2.59443132
2024-11-29,2024-11-29,2.63664397
2024-11-30,2024-11-30,2.60628384
2024-12-01,2024-12-01,2.62504044
2024-12-02,2024-12-02,2.57866473
2024-12-03,2024-12-03,2.57224534
2024-12-04,2024-12-04,2.63734938
2024-12-05,2024-12-05,2.56093685
2024-12-06,2024-12-06,2.61683829
2024-12-07,2024-12-07,2.61490694
2024-12-08,2024-12-08,2.64491011
2024-12-09,2024-12-09,2.5250142
2024-12-10,2024-12-10,2.49790927
2024-12-11,2024-12-11,2.60519066
2024-12-12,2024-12-12,2.56953845
2024-12-13,2024-12-13,2.59923923
2024-12-14,2024-12-14,2.59567618
2024-12-15,2024-12-15,2.66797817
2024-12-16,2024-12-16,2.69689734
2024-12-17,2024-12-17,2.68218871
2024-12-18,2024-12-18,2.52304525
2024-12-19,2024-12-19,2.43759425
2024-12-20,2024-12-20,2.44099988
2024-12-21,2024-12-21,2.42620947
2024-12-22,2024-12-22,2.37128427
2024-12-23,2024-12-23,2.34429244
2024-12-24,2024-12-24,2.43152458
2024-12-25,2024-12-25,2.44806003
2024-12-26,2024-12-26,2.35652548
2024-12-27,2024-12-27,2.31389813
2024-12-28,2024-12-28,2.34213791
2024-12-29,2024-12-29,2.29544721
