start_time,date,sca,scda
2021-01-01,2021-01-01,20784633289.18383,46086970963896.016
2021-01-02,2021-01-02,20746648105.39067,45895781378559.875
2021-01-03,2021-01-03,20728799120.23874,45808778445062.76
2021-01-04,2021-01-04,20691999919.61271,45755194729034.695
2021-01-05,2021-01-05,20688577851.013702,45735243666484.95
2021-01-06,2021-01-06,20681851515.0622,45713851278736.13
2021-01-07,2021-01-07,20661570148.622643,45569166665497.92
2021-01-08,2021-01-08,20647562869.57853,45467328478129.7
2021-01-09,2021-01-09,20637854905.647247,45433531552647.805
2021-01-10,2021-01-10,20634581451.04608,45485988464610.35
2021-01-11,2021-01-11,20627797460.239834,45464278783267.97
2021-01-12,2021-01-12,20630847578.695538,45519398902583.49
2021-01-13,2021-01-13,20634017203.11539,45607964161344.555
2021-01-14,2021-01-14,20637225429.824333,45675785994089.0
2021-01-15,2021-01-15,20636894192.35076,45717848548701.75
2021-01-16,2021-01-16,20645091534.16274,45845183355171.125
2021-01-17,2021-01-17,20654236758.216877,45974755518753.96
2021-01-18,2021-01-18,20659197235.348663,46074624571451.016
2021-01-19,2021-01-19,20664182414.253696,46130574840754.09
2021-01-20,2021-01-20,20672208670.217957,46246973624622.23
2021-01-21,2021-01-21,20680556798.77715,46349328670890.336
2021-01-22,2021-01-22,20686975013.383545,46458531371827.445
2021-01-23,2021-01-23,20700192410.566116,46615987055311.48
2021-01-24,2021-01-24,20713326861.29889,46779625068825.07
2021-01-25,2021-01-25,20721643638.730804,46925990741303.06
2021-01-26,2021-01-26,20732522365.07643,47072544406464.875
2021-01-27,2021-01-27,20712354149.989044,46987036010532.41
2021-01-28,2021-01-28,20717171583.869476,47060363425258.75
2021-01-29,2021-01-29,20717912989.721264,47082833762376.92
2021-01-30,2021-01-30,20726244432.351337,47209693338547.63
2021-01-31,2021-01-31,20725664307.749737,47301740196768.52
2021-02-01,2021-02-01,20735960195.69392,47427176620889.03
2021-02-02,2021-02-02,20747031144.54478,47553452749139.55
2021-02-03,2021-02-03,20754955566.70949,47660602190420.87
2021-02-04,2021-02-04,20757816411.54246,47701068812402.27
2021-02-05,2021-02-05,20756431875.148563,47727737341207.17
2021-02-06,2021-02-06,20765223700.00978,47856590252382.03
2021-02-07,2021-02-07,20757516999.25919,47992777966760.18
2021-02-08,2021-02-08,20757499756.009617,48053638584961.71
2021-02-09,2021-02-09,20750224140.08974,47942776190261.37
2021-02-10,2021-02-10,20751671342.48285,47974789761790.266
2021-02-11,2021-02-11,20757177177.706795,48073002377001.47
2021-02-12,2021-02-12,20760532851.277794,48156000218482.0
2021-02-13,2021-02-13,20771561532.42265,48320046046138.06
2021-02-14,2021-02-14,20779206230.68912,48478113779345.18
2021-02-15,2021-02-15,20784302182.98325,48529393974276.14
2021-02-16,2021-02-16,20787401088.706127,48636972897998.2
2021-02-17,2021-02-17,20789627019.477127,48694520161578.24
2021-02-18,2021-02-18,20787489158.83642,48742284597337.68
2021-02-19,2021-02-19,20782899402.33442,48738278105026.41
2021-02-20,2021-02-20,20780622902.673157,48772472917337.33
2021-02-21,2021-02-21,20784491827.328693,48891405519094.914
2021-02-22,2021-02-22,20788070142.310753,48989546681502.56
2021-02-23,2021-02-23,20773434560.88469,48903971860764.56
2021-02-24,2021-02-24,20760576440.06617,48961745557619.94
2021-02-25,2021-02-25,20760948969.909763,49060141174856.18
2021-02-26,2021-02-26,20759290035.94434,49093471259011.13
2021-02-27,2021-02-27,20767647961.215824,49250914710421.484
2021-02-28,2021-02-28,20775521750.57902,49459058337143.086
2021-03-01,2021-03-01,20785902723.08673,49612193713298.54
2021-03-02,2021-03-02,20786383653.517944,49737247159886.69
2021-03-03,2021-03-03,20797114024.585163,49918778978566.63
2021-03-04,2021-03-04,20805446040.17604,50075885088679.016
2021-03-05,2021-03-05,20807366317.008705,50203368746645.77
2021-03-06,2021-03-06,20819041859.54685,50420213066134.85
2021-03-07,2021-03-07,20833025720.180656,50648820664725.41
2021-03-08,2021-03-08,20829120209.34261,50782377652223.41
2021-03-09,2021-03-09,20838070613.633427,50944927547841.48
2021-03-10,2021-03-10,20846784353.24144,51096885900357.66
2021-03-11,2021-03-11,20826593336.655582,51183335478992.55
2021-03-12,2021-03-12,20827832449.94316,51260203442435.09
2021-03-13,2021-03-13,20836504599.08115,51424613102291.22
2021-03-14,2021-03-14,20835788897.301155,51465729557520.11
2021-03-15,2021-03-15,20843671399.169296,51634321996053.08
2021-03-16,2021-03-16,20845235289.87291,51636181497588.055
2021-03-17,2021-03-17,20850181747.427715,51799008525808.67
2021-03-18,2021-03-18,20861614313.48565,52007022062715.2
2021-03-19,2021-03-19,20873928904.51231,52239672914832.25
2021-03-20,2021-03-20,20879276884.33146,52390122629217.91
2021-03-21,2021-03-21,20890548887.664692,52582009754165.766
2021-03-22,2021-03-22,20895384877.10692,52743459983737.66
2021-03-23,2021-03-23,20892560044.93844,52802622845571.47
2021-03-24,2021-03-24,20900483054.617474,52938813427117.84
2021-03-25,2021-03-25,20894640884.65806,53013779289278.32
2021-03-26,2021-03-26,20901941553.25218,53182550045793.945
2021-03-27,2021-03-27,20908022400.7977,53329880076617.54
2021-03-28,2021-03-28,20918802396.482548,53568426918873.02
2021-03-29,2021-03-29,20930280759.160797,53766954558176.62
2021-03-30,2021-03-30,20937971074.490643,53949999348830.05
2021-03-31,2021-03-31,20941712505.709187,54111898751205.875
2021-04-01,2021-04-01,20932457243.022152,54078796836401.92
2021-04-02,2021-04-02,20929659891.908344,54235159673272.29
2021-04-03,2021-04-03,20943645042.88036,54506537622096.49
2021-04-04,2021-04-04,20956796450.021717,54752619163489.22
2021-04-05,2021-04-05,20967483413.401375,54978517400294.695
2021-04-06,2021-04-06,20947763077.468952,54827518745928.21
2021-04-07,2021-04-07,20957597128.67792,55036093623909.19
2021-04-08,2021-04-08,20966032575.48079,55231335885601.77
2021-04-09,2021-04-09,20974665566.92782,55463041518357.83
2021-04-10,2021-04-10,20982622041.25059,55681063871316.71
2021-04-11,2021-04-11,20985866325.447968,55907459973896.68
2021-04-12,2021-04-12,20985723950.1032,56006126772235.03
2021-04-13,2021-04-13,20989307805.0107,56116230327823.13
2021-04-14,2021-04-14,20973748375.320915,56225177623273.17
2021-04-15,2021-04-15,20967005512.903168,56368993504837.34
2021-04-16,2021-04-16,20978563329.081932,56584439311860.64
2021-04-17,2021-04-17,20987452237.76026,56816595720033.51
2021-04-18,2021-04-18,20973075487.421513,56752326563976.125
2021-04-19,2021-04-19,20986540147.796535,57010002059302.664
2021-04-20,2021-04-20,20990975015.486267,57117427674163.36
2021-04-21,2021-04-21,21001656948.58528,57373666605977.12
2021-04-22,2021-04-22,21007182352.80871,57496035637964.266
2021-04-23,2021-04-23,21008589845.734932,57631870182365.81
2021-04-24,2021-04-24,21005205863.756287,57797593391016.53
2021-04-25,2021-04-25,21009699604.276253,57991219208771.48
2021-04-26,2021-04-26,21015674186.71366,58198258940906.234
2021-04-27,2021-04-27,21008896048.196255,58288065662083.445
2021-04-28,2021-04-28,21016762396.50674,58522294628515.41
2021-04-29,2021-04-29,21019805218.613113,58552478194503.43
2021-04-30,2021-04-30,21017906606.387775,58742192048602.39
2021-05-01,2021-05-01,21030644269.547844,59026758631694.28
2021-05-02,2021-05-02,21042291859.567223,59298751038957.94
2021-05-03,2021-05-03,21048743591.384033,59511353417752.24
2021-05-04,2021-05-04,21055203124.207367,59715554312020.74
2021-05-05,2021-05-05,21063851712.04887,59876828289494.234
2021-05-06,2021-05-06,21072193879.65791,60057000481101.58
2021-05-07,2021-05-07,21065791180.24121,59974409430103.01
2021-05-08,2021-05-08,21077298232.31674,60196808285834.375
2021-05-09,2021-05-09,21085727547.718178,60404661197561.6
2021-05-10,2021-05-10,21093485143.48837,60572308898313.83
2021-05-11,2021-05-11,21102355458.365257,60724643497615.58
2021-05-12,2021-05-12,21101010277.336887,60764798919988.7
2021-05-13,2021-05-13,21098984831.844887,60850088194725.53
2021-05-14,2021-05-14,21106609631.286255,61025954121519.97
2021-05-15,2021-05-15,21117838175.70094,61307906773000.31
2021-05-16,2021-05-16,21127044663.022015,61496936931507.26
2021-05-17,2021-05-17,21135593691.21852,61672119330166.05
2021-05-18,2021-05-18,21141154391.03565,61877650131987.56
2021-05-19,2021-05-19,21129361112.37932,61718911706510.47
2021-05-20,2021-05-20,21129343984.520634,61511170084050.14
2021-05-21,2021-05-21,21133816745.80441,61702568137923.56
2021-05-22,2021-05-22,21146852388.648434,61962634796946.16
2021-05-23,2021-05-23,21151450435.399754,62155778211838.336
2021-05-24,2021-05-24,21142420234.481144,62157005058850.51
2021-05-25,2021-05-25,21150976481.28895,62286275030070.3
2021-05-26,2021-05-26,21159188918.047867,62468681942821.06
2021-05-27,2021-05-27,21172921500.402405,62703020789341.95
2021-05-28,2021-05-28,21186816002.045116,62990843297361.5
2021-05-29,2021-05-29,21202641939.94976,63305200172902.0
2021-05-30,2021-05-30,21199393277.347443,63591112137477.195
2021-05-31,2021-05-31,21214174879.220337,63884910124742.28
2021-06-01,2021-06-01,21208146008.715614,64010493275051.71
2021-06-02,2021-06-02,21218267793.608555,64247198628881.67
2021-06-03,2021-06-03,21219921545.68789,64345379613340.02
2021-06-04,2021-06-04,21233889505.215767,64591078253979.52
2021-06-05,2021-06-05,21249308403.099068,64883467793310.05
2021-06-06,2021-06-06,21263281207.68673,65158778058002.15
2021-06-07,2021-06-07,21273685691.01924,65382167594352.66
2021-06-08,2021-06-08,21280720119.676876,65561671285211.21
2021-06-09,2021-06-09,21291466379.310966,65798885179174.02
2021-06-10,2021-06-10,21299941185.891644,65966906899414.47
2021-06-11,2021-06-11,21305833935.822063,66166628777441.22
2021-06-12,2021-06-12,21322223583.56923,66480725714606.6
2021-06-13,2021-06-13,21336603645.198586,66792042226463.81
2021-06-14,2021-06-14,21348508977.484383,66992809757267.52
2021-06-15,2021-06-15,21360012505.866077,67199994506728.47
2021-06-16,2021-06-16,21373794731.605648,67480416893093.82
2021-06-17,2021-06-17,21387656226.498695,67722942241430.234
2021-06-18,2021-06-18,21401127494.003296,67989068540846.33
2021-06-19,2021-06-19,21417986918.393265,68321731722600.805
2021-06-20,2021-06-20,21433506409.20871,68645458265442.445
2021-06-21,2021-06-21,21444299563.031677,68877814457823.3
2021-06-22,2021-06-22,21455494408.155712,69114571559292.34
2021-06-23,2021-06-23,21461183779.065365,69314950768700.43
2021-06-24,2021-06-24,21470384114.255444,69531403355784.41
2021-06-25,2021-06-25,21468130098.508892,69141422111558.81
2021-06-26,2021-06-26,21484807912.974907,69443184482396.805
2021-06-27,2021-06-27,21498220442.242542,69729252760028.09
2021-06-28,2021-06-28,21513144835.19652,69988638495406.59
2021-06-29,2021-06-29,21527965556.96424,70248030366691.39
2021-06-30,2021-06-30,21541468236.50805,70469416072657.58
2021-07-01,2021-07-01,21554745583.089165,70718156078543.75
2021-07-02,2021-07-02,21563550040.744984,70750415424717.44
2021-07-03,2021-07-03,21579948305.084652,71072850993825.47
2021-07-04,2021-07-04,21594715949.547585,71370290778264.45
2021-07-05,2021-07-05,21608592035.5631,71673915634448.7
2021-07-06,2021-07-06,21623173779.453365,71959648485310.83
2021-07-07,2021-07-07,21635260545.621075,72219531936512.45
2021-07-08,2021-07-08,21649113283.32983,72468443411422.03
2021-07-09,2021-07-09,21661738281.923332,72726941768935.7
2021-07-10,2021-07-10,21678309592.720543,73053034927945.08
2021-07-11,2021-07-11,21693812114.900517,73356859295789.19
2021-07-12,2021-07-12,21699397776.973053,73552571008282.97
2021-07-13,2021-07-13,21714133594.925575,73819961471129.8
2021-07-14,2021-07-14,21727577021.511024,74049450610653.31
2021-07-15,2021-07-15,21739612083.34594,74277655644008.61
2021-07-16,2021-07-16,21752499790.128574,74483491268363.9
2021-07-17,2021-07-17,21691807231.19404,74664703530118.28
2021-07-18,2021-07-18,21707487981.66868,74943511727744.39
2021-07-19,2021-07-19,21720387543.793938,75205929967755.94
2021-07-20,2021-07-20,21729512169.97805,75427742439774.23
2021-07-21,2021-07-21,21742482221.171772,75669674840620.5
2021-07-22,2021-07-22,21755395136.22592,75926625790839.62
2021-07-23,2021-07-23,21768107540.493538,76046599744064.0
2021-07-24,2021-07-24,21784817933.221157,76365698158022.94
2021-07-25,2021-07-25,21800470630.430923,76645893177422.06
2021-07-26,2021-07-26,21796319535.437447,76548165422422.12
2021-07-27,2021-07-27,21792172603.8212,76586949337049.66
2021-07-28,2021-07-28,21776279764.544273,76624258129643.39
2021-07-29,2021-07-29,21646695003.967197,76129035672689.17
2021-07-30,2021-07-30,21660155976.747566,76364552394145.81
2021-07-31,2021-07-31,21675096552.198467,76653337127518.12
2021-08-01,2021-08-01,21690997735.94113,76962400515417.16
2021-08-02,2021-08-02,21705603739.27796,77251165720725.9
2021-08-03,2021-08-03,21720471895.77132,77519147733117.6
2021-08-04,2021-08-04,21735796894.83128,77816236560687.19
2021-08-05,2021-08-05,21750910496.85189,78098621300234.05
2021-08-06,2021-08-06,21761812580.72039,78309463251809.25
2021-08-07,2021-08-07,21776610623.02965,78625148515977.86
2021-08-08,2021-08-08,21789278052.8256,78809017882674.28
2021-08-09,2021-08-09,21802141137.01127,79016601819133.25
2021-08-10,2021-08-10,21816789325.537903,79286444897723.3
2021-08-11,2021-08-11,21829592545.69133,79559959512823.72
2021-08-12,2021-08-12,21843873452.815403,79834761870884.4
2021-08-13,2021-08-13,21857826501.137375,80118586435375.03
2021-08-14,2021-08-14,21861984439.16564,80371190425826.69
2021-08-15,2021-08-15,21878505136.274864,80708739110743.47
2021-08-16,2021-08-16,21892544424.67551,80968882785851.88
2021-08-17,2021-08-17,21905759903.064583,81226090007440.1
2021-08-18,2021-08-18,21915671412.547684,81477616532674.66
2021-08-19,2021-08-19,21929051159.093792,81760544359143.66
2021-08-20,2021-08-20,21943166614.39078,82024386163254.47
2021-08-21,2021-08-21,21955397706.434914,82322307398782.12
2021-08-22,2021-08-22,21969758282.39576,82634835621874.23
2021-08-23,2021-08-23,21977355737.92081,82780071478471.9
2021-08-24,2021-08-24,21992251700.825676,83070731543136.4
2021-08-25,2021-08-25,21980466246.931293,83196386472557.1
2021-08-26,2021-08-26,21986457524.76326,83293022992456.38
2021-08-27,2021-08-27,22001353317.77942,83582626820199.4
2021-08-28,2021-08-28,22016134131.288563,83906905978686.25
2021-08-29,2021-08-29,22031743921.83785,84236288442731.66
2021-08-30,2021-08-30,22043464673.77088,84446789432960.47
2021-08-31,2021-08-31,22053787135.580883,84648937126737.81
2021-09-01,2021-09-01,22066200516.25443,84847247868762.3
2021-09-02,2021-09-02,22079181518.836582,85071978493362.94
2021-09-03,2021-09-03,22092050147.606873,85355018013574.5
2021-09-04,2021-09-04,22106686253.607506,85660877674433.6
2021-09-05,2021-09-05,22122464524.955883,86005096709797.06
2021-09-06,2021-09-06,22135908658.158363,86260823878083.75
2021-09-07,2021-09-07,22148082432.30916,86454811283566.47
2021-09-08,2021-09-08,22161258987.634052,86694079083145.22
2021-09-09,2021-09-09,22166617623.503098,86752951896991.97
2021-09-10,2021-09-10,22173525943.069675,87027007469906.78
2021-09-11,2021-09-11,22189088992.512363,87335319624074.3
2021-09-12,2021-09-12,22204406676.934696,87677478047766.58
2021-09-13,2021-09-13,22219001239.768375,87987756862605.0
2021-09-14,2021-09-14,22225390379.56862,88204983802806.72
2021-09-15,2021-09-15,22233325800.765896,88434360693646.92
2021-09-16,2021-09-16,22240135838.73582,88609879687751.88
2021-09-17,2021-09-17,22253954952.847923,88868754230885.47
2021-09-18,2021-09-18,22268830092.10929,89187212937922.17
2021-09-19,2021-09-19,22283669398.738274,89532410776464.98
2021-09-20,2021-09-20,22296249332.09203,89782176825514.77
2021-09-21,2021-09-21,22311514015.697292,90077747639963.6
2021-09-22,2021-09-22,22322998299.583534,90359624983901.84
2021-09-23,2021-09-23,22336494655.984028,90639350877438.44
2021-09-24,2021-09-24,22351120716.796253,90939854152265.44
2021-09-25,2021-09-25,22368082502.340298,91287035036068.94
2021-09-26,2021-09-26,22316903970.565044,90889957371447.02
2021-09-27,2021-09-27,22326626577.930107,91117282862487.0
2021-09-28,2021-09-28,22339566896.50003,91336946812001.48
2021-09-29,2021-09-29,22352071130.7307,91614800952378.66
2021-09-30,2021-09-30,22360628820.10476,91711371279420.05
2021-10-01,2021-10-01,22372809867.287277,91990141425865.23
2021-10-02,2021-10-02,22386825730.508812,92288573425252.86
2021-10-03,2021-10-03,22401946414.049316,92622450626093.64
2021-10-04,2021-10-04,22413906373.143063,92819842074295.78
2021-10-05,2021-10-05,22424120855.054543,92997331699550.34
2021-10-06,2021-10-06,22431931481.259483,93099634393557.31
2021-10-07,2021-10-07,22440816431.31433,93246970574278.88
2021-10-08,2021-10-08,22453313836.95996,93503017026704.12
2021-10-09,2021-10-09,22467385695.707893,93822164514410.4
2021-10-10,2021-10-10,22474604408.97788,94099047228785.95
2021-10-11,2021-10-11,22485860750.844177,94355654187572.6
2021-10-12,2021-10-12,22485744535.779488,94496146045457.88
2021-10-13,2021-10-13,22497921498.50904,94732935159032.9
2021-10-14,2021-10-14,22509012037.085865,94936494278190.14
2021-10-15,2021-10-15,22518308864.370968,95096502671491.0
2021-10-16,2021-10-16,22526534590.022976,95301408608103.2
2021-10-17,2021-10-17,22541542392.36938,95623363056022.95
2021-10-18,2021-10-18,22547057863.142292,95796954012163.95
2021-10-19,2021-10-19,22537313505.15748,95827163014631.2
2021-10-20,2021-10-20,22540490472.420338,95850047503247.48
2021-10-21,2021-10-21,22546558240.322353,95975023084955.94
2021-10-22,2021-10-22,22551231090.074673,95808278695638.72
2021-10-23,2021-10-23,22564842156.87884,96149919453260.56
2021-10-24,2021-10-24,22566699931.965305,95803611119501.56
2021-10-25,2021-10-25,22571383692.031456,95813233770266.5
2021-10-26,2021-10-26,22581031850.29593,96015089248384.58
2021-10-27,2021-10-27,22594066335.592644,96278857074725.16
2021-10-28,2021-10-28,22605567111.844303,96505162789384.44
2021-10-29,2021-10-29,22616075843.647465,96744527069576.06
2021-10-30,2021-10-30,22630394065.930553,97090719086202.08
2021-10-31,2021-10-31,22629815045.20709,97333457971863.7
2021-11-01,2021-11-01,22616928468.829544,97446029766051.28
2021-11-02,2021-11-02,22616314481.331635,97411120509780.66
2021-11-03,2021-11-03,22617933942.856544,97304485284755.95
2021-11-04,2021-11-04,22631183577.54964,97610807236166.64
2021-11-05,2021-11-05,22632905526.83961,97800910741740.31
2021-11-06,2021-11-06,22646188914.91073,98076876820794.31
2021-11-07,2021-11-07,22661929920.557068,98451957189908.05
2021-11-08,2021-11-08,22663873943.657795,98603135489924.88
2021-11-09,2021-11-09,22670373288.89639,98758461177332.1
2021-11-10,2021-11-10,22666243290.90516,98988390834662.05
2021-11-11,2021-11-11,22674339091.860508,99213250823117.4
2021-11-12,2021-11-12,22656026828.64113,98722667431193.34
2021-11-13,2021-11-13,22667249460.93959,99107407172915.28
2021-11-14,2021-11-14,22681730743.97594,99498455377601.69
2021-11-15,2021-11-15,22690141091.913185,99667065672582.02
2021-11-16,2021-11-16,22686311355.072903,99675041790717.08
2021-11-17,2021-11-17,22688153136.21589,99893611150849.52
2021-11-18,2021-11-18,22699980635.800835,100128789265377.52
2021-11-19,2021-11-19,22711579111.604393,100406801772696.56
2021-11-20,2021-11-20,22724142205.65396,100794048193771.52
2021-11-21,2021-11-21,22738016967.445225,101176536056571.78
2021-11-22,2021-11-22,22746119351.12187,101321347639455.8
2021-11-23,2021-11-23,22755047531.81713,101580556822248.8
2021-11-24,2021-11-24,22766462393.64874,101829178447083.23
2021-11-25,2021-11-25,22744034990.321114,101361032920825.31
2021-11-26,2021-11-26,22751551082.858597,101496744661908.38
2021-11-27,2021-11-27,22767487329.614037,101861567532975.77
2021-11-28,2021-11-28,22780092248.649822,102155032050253.62
2021-11-29,2021-11-29,22789248501.178062,102362750075255.77
2021-11-30,2021-11-30,22798419929.06544,102541435150459.36
2021-12-01,2021-12-01,22804591901.354324,102763637986650.23
2021-12-02,2021-12-02,22816338844.920753,103038153422440.31
2021-12-03,2021-12-03,22826557191.786324,103249622689380.72
2021-12-04,2021-12-04,22837286982.98255,103463022197247.7
2021-12-05,2021-12-05,22849622220.75728,103757147704606.9
2021-12-06,2021-12-06,22858261539.553,103943695680180.4
2021-12-07,2021-12-07,22856118664.9916,103952444936459.98
2021-12-08,2021-12-08,22867475503.8257,104236498054990.31
2021-12-09,2021-12-09,22872221639.26618,104345702735794.4
2021-12-10,2021-12-10,22883442440.01251,104590011633120.72
2021-12-11,2021-12-11,22895535437.652607,104935264179438.02
2021-12-12,2021-12-12,22911702950.92921,105332285727556.31
2021-12-13,2021-12-13,22921117777.311935,105510614246630.84
2021-12-14,2021-12-14,22919779595.059277,105632877952618.05
2021-12-15,2021-12-15,22930494890.07072,105874927854104.44
2021-12-16,2021-12-16,22938523200.280052,106060637725858.62
2021-12-17,2021-12-17,22951179924.32866,106385965171333.56
2021-12-18,2021-12-18,22964955821.525433,106736675374452.72
2021-12-19,2021-12-19,22980666137.993015,107141037960642.12
2021-12-20,2021-12-20,22992412130.501453,107347402102835.34
2021-12-21,2021-12-21,23004859571.629276,107638184088721.1
2021-12-22,2021-12-22,23014399874.664604,107871947727101.52
2021-12-23,2021-12-23,23022324844.44352,107958355369652.69
2021-12-24,2021-12-24,23037803162.37774,108309199391774.23
2021-12-25,2021-12-25,23051074103.267235,108555509156639.3
2021-12-26,2021-12-26,23063407141.337975,108824072286379.36
2021-12-27,2021-12-27,23076606431.291782,109153301049027.6
2021-12-28,2021-12-28,23089511753.74758,109442111612894.98
2021-12-29,2021-12-29,23099376145.942806,109743951391917.3
2021-12-30,2021-12-30,23102203123.790337,109760375398937.31
2021-12-31,2021-12-31,23102069081.36936,109886363451260.77
2022-01-01,2022-01-01,23114947079.3372,110277346338702.44
2022-01-02,2022-01-02,23131993358.32246,110682312709435.4
2022-01-03,2022-01-03,23143531457.725044,110923295281973.23
2022-01-04,2022-01-04,23154998366.935085,111099027458997.05
2022-01-05,2022-01-05,23165020476.23588,111372700877315.2
2022-01-06,2022-01-06,23171389709.49134,111502903756490.42
2022-01-07,2022-01-07,23182816518.40163,111723116657210.16
2022-01-08,2022-01-08,23198276287.206074,112098730997521.02
2022-01-09,2022-01-09,23213804551.492195,112472734995111.14
2022-01-10,2022-01-10,23225156604.94684,112768834834455.36
2022-01-11,2022-01-11,23238746281.6287,113097029547155.1
2022-01-12,2022-01-12,23248581961.260036,113372649767777.62
2022-01-13,2022-01-13,23263603775.27293,113735119515247.31
2022-01-14,2022-01-14,23277995618.46826,114072415428564.52
2022-01-15,2022-01-15,23294512674.450497,114472902669027.16
2022-01-16,2022-01-16,23310497383.870667,114872793479826.44
2022-01-17,2022-01-17,23322591998.105843,115174391548620.78
2022-01-18,2022-01-18,23335887242.85037,115462408547249.05
2022-01-19,2022-01-19,23344959816.61701,115584232943175.02
2022-01-20,2022-01-20,23354420476.649075,115847628351415.86
2022-01-21,2022-01-21,23363190206.04511,115945997332897.56
2022-01-22,2022-01-22,23372963517.55845,116172599816266.98
2022-01-23,2022-01-23,23382101729.74171,116467425650982.0
2022-01-24,2022-01-24,23391194836.538963,116683997658264.64
2022-01-25,2022-01-25,23397433040.352608,116937702967871.77
2022-01-26,2022-01-26,23411622770.96245,117274285289922.95
2022-01-27,2022-01-27,23420425008.193615,117452063102503.77
2022-01-28,2022-01-28,23433767862.41102,117713319002875.88
2022-01-29,2022-01-29,23445217825.934536,117912667711813.44
2022-01-30,2022-01-30,23459037115.890797,118200720537269.98
2022-01-31,2022-01-31,23473310024.71201,118529347337813.4
2022-02-01,2022-02-01,23293525363.767647,118492851576239.56
2022-02-02,2022-02-02,23308555547.712128,118849157902277.28
2022-02-03,2022-02-03,23321321629.53826,119084312849629.8
2022-02-04,2022-02-04,23336377031.29614,119439305357304.2
2022-02-05,2022-02-05,23351585370.851067,119784109518071.22
2022-02-06,2022-02-06,23365715832.24148,120097677869788.08
2022-02-07,2022-02-07,23376360373.13786,120313428487174.0
2022-02-08,2022-02-08,23388411027.26938,120547713825947.23
2022-02-09,2022-02-09,23401118884.94028,120840299523837.88
2022-02-10,2022-02-10,23408101609.72233,121032111326315.12
2022-02-11,2022-02-11,23418505220.489048,121251127811169.48
2022-02-12,2022-02-12,23434164075.36144,121613501391934.05
2022-02-13,2022-02-13,23449672202.336933,122003211661741.8
2022-02-14,2022-02-14,23464207722.78908,122342134348584.84
2022-02-15,2022-02-15,23476504687.844788,122646551455440.92
2022-02-16,2022-02-16,23491163596.459263,123025696084530.3
2022-02-17,2022-02-17,23501271509.795677,123305841133220.88
2022-02-18,2022-02-18,23515349974.451927,123640583713793.05
2022-02-19,2022-02-19,23531539333.843597,124031724819364.56
2022-02-20,2022-02-20,23543950930.667103,124417486470861.28
2022-02-21,2022-02-21,23547685757.79336,124701139639890.77
2022-02-22,2022-02-22,23562028788.688538,125023335018515.1
2022-02-23,2022-02-23,23567908371.683567,125309249134468.28
2022-02-24,2022-02-24,23581436894.437588,125611559142236.72
2022-02-25,2022-02-25,23591692503.361443,125764661313371.8
2022-02-26,2022-02-26,23605976156.034775,126083743551278.48
2022-02-27,2022-02-27,23618224538.2858,126393482983867.06
2022-02-28,2022-02-28,23583936688.448902,124982421485024.48
2022-03-01,2022-03-01,23593784595.583874,125130070993762.0
2022-03-02,2022-03-02,23601670007.609207,125356960352070.77
2022-03-03,2022-03-03,23608901604.999672,125539196354794.62
2022-03-04,2022-03-04,23620101930.183,125765582034705.06
2022-03-05,2022-03-05,23636174618.837524,126171676537886.84
2022-03-06,2022-03-06,23651491501.475616,126559575115066.8
2022-03-07,2022-03-07,23656280419.09533,126837280057191.2
2022-03-08,2022-03-08,23665292982.125824,127030604209144.14
2022-03-09,2022-03-09,23671813529.426395,127075764838377.86
2022-03-10,2022-03-10,23682753631.984943,127413371618750.4
2022-03-11,2022-03-11,23661862302.939648,127474805993930.95
2022-03-12,2022-03-12,23675408742.41923,127792585833574.84
2022-03-13,2022-03-13,23690778205.345818,128170892283084.77
2022-03-14,2022-03-14,23703605123.365726,128501646544573.5
2022-03-15,2022-03-15,23716176570.022827,128769013141988.48
2022-03-16,2022-03-16,23720745193.77713,128912041851956.28
2022-03-17,2022-03-17,23717959774.71126,128647861372310.6
2022-03-18,2022-03-18,23733421730.40202,129004830092610.36
2022-03-19,2022-03-19,23747129304.01766,129367809424754.05
2022-03-20,2022-03-20,23763335736.35155,129746699698795.16
2022-03-21,2022-03-21,23776306502.016037,130002746932172.34
2022-03-22,2022-03-22,23790197953.010483,130311408443287.52
2022-03-23,2022-03-23,23803595175.79073,130614252766733.77
2022-03-24,2022-03-24,23816865641.844147,130878769393718.48
2022-03-25,2022-03-25,23778102909.048355,130803761233624.86
2022-03-26,2022-03-26,23791316706.685665,131146017532048.31
2022-03-27,2022-03-27,23807339686.936867,131533890013279.4
2022-03-28,2022-03-28,23816398494.45298,131669913131445.14
2022-03-29,2022-03-29,23798282989.819992,131923018442123.84
2022-03-30,2022-03-30,23812322761.952793,132227146393235.69
2022-03-31,2022-03-31,23822982394.98911,132417895975937.44
2022-04-01,2022-04-01,23834470014.894325,132677761638396.44
2022-04-02,2022-04-02,23850004453.82206,133043144640150.9
2022-04-03,2022-04-03,23864152908.134293,133406040870271.8
2022-04-04,2022-04-04,23871027445.73772,133436249876169.72
2022-04-05,2022-04-05,23882093536.729763,133689975297246.22
2022-04-06,2022-04-06,23894493135.185387,133927281770085.36
2022-04-07,2022-04-07,23908762980.96157,134274556217048.52
2022-04-08,2022-04-08,23922007471.64864,134597598141008.58
2022-04-09,2022-04-09,23938181405.525932,135000186962004.02
2022-04-10,2022-04-10,23954476932.117836,135411190104510.69
2022-04-11,2022-04-11,23967211029.957703,135723496432825.9
2022-04-12,2022-04-12,23965137012.537086,135706250179370.9
2022-04-13,2022-04-13,23976961211.510822,135927831451346.34
2022-04-14,2022-04-14,23958708126.539513,136026834453104.58
2022-04-15,2022-04-15,23974674469.606895,136405472875894.58
2022-04-16,2022-04-16,23991851546.941807,136810826564273.06
2022-04-17,2022-04-17,24009188006.80286,137238930299192.7
2022-04-18,2022-04-18,24024433466.8676,137585120945783.34
2022-04-19,2022-04-19,24036813418.235306,137845973028599.52
2022-04-20,2022-04-20,24049406076.683445,138140150292949.34
2022-04-21,2022-04-21,24029395932.497112,138052316090689.31
2022-04-22,2022-04-22,24040187799.274235,138270325045133.56
2022-04-23,2022-04-23,24055048512.83301,138650786203963.14
2022-04-24,2022-04-24,24072259131.302265,139057139188503.84
2022-04-25,2022-04-25,24086080352.24025,139361716314020.98
2022-04-26,2022-04-26,24098058651.87968,139615316651619.69
2022-04-27,2022-04-27,24112852698.30471,139946669759413.12
2022-04-28,2022-04-28,24124562673.732292,140188547496438.58
2022-04-29,2022-04-29,24135063360.13579,140351704816393.16
2022-04-30,2022-04-30,24149854578.015785,140691929995737.23
2022-05-01,2022-05-01,24163916683.91407,141049683014375.2
2022-05-02,2022-05-02,24168061370.290123,140838800652599.06
2022-05-03,2022-05-03,24173997855.5626,140771425974906.47
2022-05-04,2022-05-04,24182569690.760757,140960068253777.78
2022-05-05,2022-05-05,24193052435.047173,141219402231086.03
2022-05-06,2022-05-06,24202340731.503265,141382686319818.62
2022-05-07,2022-05-07,24218767500.442413,141769962310838.34
2022-05-08,2022-05-08,24231135708.06062,142075019247202.28
2022-05-09,2022-05-09,24231037831.967033,141975494066998.5
2022-05-10,2022-05-10,24238063301.6415,142079698881910.3
2022-05-11,2022-05-11,24230697328.7394,141728418076475.4
2022-05-12,2022-05-12,24229921895.872604,141792204182036.7
2022-05-13,2022-05-13,24218944783.384415,141741424029668.53
2022-05-14,2022-05-14,24189675232.01976,141852760995901.0
2022-05-15,2022-05-15,24205535565.888813,142214026425625.84
2022-05-16,2022-05-16,24216220945.39349,142430364977834.25
2022-05-17,2022-05-17,24224620818.9818,142532157946423.34
2022-05-18,2022-05-18,24237946716.89398,142828788041299.2
2022-05-19,2022-05-19,24241868143.11072,142666518063939.56
2022-05-20,2022-05-20,24252209226.088203,142863973717652.4
2022-05-21,2022-05-21,24268049708.181664,143214236115874.44
2022-05-22,2022-05-22,24285250458.912712,143614635619317.62
2022-05-23,2022-05-23,24298172216.33285,143865226385604.62
2022-05-24,2022-05-24,24310146728.24536,144119516925338.28
2022-05-25,2022-05-25,24322649429.158188,144387634336265.6
2022-05-26,2022-05-26,24335925307.899265,144659120728088.62
2022-05-27,2022-05-27,24343552896.74769,144804557564225.3
2022-05-28,2022-05-28,24360265007.05193,145209470620176.6
2022-05-29,2022-05-29,24375040124.07531,145569359018010.78
2022-05-30,2022-05-30,24388224671.82962,145891913721385.47
2022-05-31,2022-05-31,24394027986.359184,146037805289115.06
2022-06-01,2022-06-01,24399611989.73304,146158567235613.16
2022-06-02,2022-06-02,24398076593.656185,145626708346215.12
2022-06-03,2022-06-03,24406239297.43483,145735940730806.6
2022-06-04,2022-06-04,24416891022.048058,145882272018677.56
2022-06-05,2022-06-05,24433541946.344963,146263637341814.7
2022-06-06,2022-06-06,24446932549.09626,146527577410615.3
2022-06-07,2022-06-07,24452556110.943268,146440966520595.88
2022-06-08,2022-06-08,24463351330.599823,146697885322614.66
2022-06-09,2022-06-09,24474676232.092045,146821122497690.7
2022-06-10,2022-06-10,24482657188.377705,146991627669546.53
2022-06-11,2022-06-11,24493779780.644943,147073547023795.34
2022-06-12,2022-06-12,24504921482.852787,147323969215141.7
2022-06-13,2022-06-13,24494289417.93184,146992834561431.16
2022-06-14,2022-06-14,24489641171.115025,146725062029269.0
2022-06-15,2022-06-15,24484528144.18368,146374012782250.97
2022-06-16,2022-06-16,24492865793.237663,146473802246169.44
2022-06-17,2022-06-17,24437546178.27648,145936185442991.2
2022-06-18,2022-06-18,24439199775.67034,145963702018629.6
2022-06-19,2022-06-19,24452337345.284645,146281070621096.94
2022-06-20,2022-06-20,24464631960.6867,146574023215439.0
2022-06-21,2022-06-21,24473083026.93142,146608600065218.84
2022-06-22,2022-06-22,24482998397.16612,146818853891239.47
2022-06-23,2022-06-23,24497257116.261215,147110978270448.72
2022-06-24,2022-06-24,24506664308.378376,147288146247178.97
2022-06-25,2022-06-25,24509001631.481823,147611798935820.72
2022-06-26,2022-06-26,24526406093.242622,148005080175505.2
2022-06-27,2022-06-27,24538449075.453957,148263139607769.25
2022-06-28,2022-06-28,24547948819.457184,148489311526336.8
2022-06-29,2022-06-29,24553099044.53472,148756691151219.25
2022-06-30,2022-06-30,24557033073.806675,148686778184747.06
2022-07-01,2022-07-01,24567948122.030323,148886150445078.7
2022-07-02,2022-07-02,24583152204.18016,149232178150734.16
2022-07-03,2022-07-03,24594797772.39074,149449322124436.6
2022-07-04,2022-07-04,24610644871.752853,149807024552970.7
2022-07-05,2022-07-05,24625329392.20952,150145465802366.34
2022-07-06,2022-07-06,24635137613.83947,150247321687372.47
2022-07-07,2022-07-07,24649822401.56459,150545118558973.1
2022-07-08,2022-07-08,24661975810.51387,150824555460772.28
2022-07-09,2022-07-09,24676936696.816456,151136177417899.62
2022-07-10,2022-07-10,24693702189.36275,151495504101013.8
2022-07-11,2022-07-11,24693533681.9676,151092838999056.84
2022-07-12,2022-07-12,24706736731.733376,151410870903965.62
2022-07-13,2022-07-13,24722983031.146564,151764445800432.6
2022-07-14,2022-07-14,24734215713.115223,151955049992266.16
2022-07-15,2022-07-15,24739375710.635147,151783423180769.75
2022-07-16,2022-07-16,24756091234.43512,152157802747599.66
2022-07-17,2022-07-17,24773554371.814423,152539108835845.5
2022-07-18,2022-07-18,24785467189.300056,152795993988768.22
2022-07-19,2022-07-19,24763587215.67175,152202216319912.8
2022-07-20,2022-07-20,24773401553.68595,152484510349757.03
2022-07-21,2022-07-21,24757012896.18469,151997490727695.6
2022-07-22,2022-07-22,24766521835.11254,151982521064657.2
2022-07-23,2022-07-23,24780475712.31178,152255950508541.56
2022-07-24,2022-07-24,24796522436.020386,152587333313109.22
2022-07-25,2022-07-25,24808678892.739265,152781714332021.62
2022-07-26,2022-07-26,24821876037.642677,153093607759862.88
2022-07-27,2022-07-27,24836670734.66087,153442124162654.0
2022-07-28,2022-07-28,24851763684.178677,153757886184637.34
2022-07-29,2022-07-29,24866390686.944088,154036233902507.2
2022-07-30,2022-07-30,24883062120.715008,154411313685083.2
2022-07-31,2022-07-31,24897157592.379887,154686575686011.7
2022-08-01,2022-08-01,24912920996.72719,155014992231994.12
2022-08-02,2022-08-02,24926181900.338856,155292643629411.53
2022-08-03,2022-08-03,24941022208.41029,155606124661565.03
2022-08-04,2022-08-04,24949661342.17465,155742894644159.7
2022-08-05,2022-08-05,24965632377.28513,156071873454398.75
2022-08-06,2022-08-06,24981334913.03791,156447740829258.1
2022-08-07,2022-08-07,24995989220.07683,156773521751792.12
2022-08-08,2022-08-08,25011028159.621628,157099950023660.34
2022-08-09,2022-08-09,25020023252.669903,157098986211306.7
2022-08-10,2022-08-10,25023014089.38477,157386451110779.03
2022-08-11,2022-08-11,25037490778.84245,157672444516425.25
2022-08-12,2022-08-12,25051651206.228127,157956580893760.3
2022-08-13,2022-08-13,25068507798.736263,158308344862364.06
2022-08-14,2022-08-14,25085642301.301464,158664958895378.62
2022-08-15,2022-08-15,25100935717.757103,158954328041404.84
2022-08-16,2022-08-16,25116696768.668232,159291192316140.53
2022-08-17,2022-08-17,25130360647.262604,159519103454951.6
2022-08-18,2022-08-18,25143275836.009087,159855573241477.47
2022-08-19,2022-08-19,25154389468.622017,160058036761694.56
2022-08-20,2022-08-20,25170490567.416645,160401928218341.28
2022-08-21,2022-08-21,25187936940.91071,160773550200518.16
2022-08-22,2022-08-22,25201694651.62947,161045902671582.06
2022-08-23,2022-08-23,25215620500.020172,161367148529211.44
2022-08-24,2022-08-24,25230878519.59988,161683288176921.5
2022-08-25,2022-08-25,25246201380.80413,161996163203667.88
2022-08-26,2022-08-26,25259316057.78238,162321239816031.25
2022-08-27,2022-08-27,25274638585.63065,162661518537987.12
2022-08-28,2022-08-28,25276209109.448177,163025163811012.1
2022-08-29,2022-08-29,25276196236.392056,163358693641369.94
2022-08-30,2022-08-30,25284243259.178986,163489243654846.88
2022-08-31,2022-08-31,25299432381.40191,163795280176754.62
2022-09-01,2022-09-01,25312779400.100285,164074909897391.75
2022-09-02,2022-09-02,25325740851.492825,164347003989557.3
2022-09-03,2022-09-03,25341602785.454643,164718972198022.94
2022-09-04,2022-09-04,25342979070.28502,165077925322594.4
2022-09-05,2022-09-05,25358808575.464336,165417689887949.38
2022-09-06,2022-09-06,25366363729.929417,165579159273142.72
2022-09-07,2022-09-07,25378378460.072853,165851897923992.53
2022-09-08,2022-09-08,25393078423.549774,166145028038716.94
2022-09-09,2022-09-09,25407562956.109703,166445234604186.9
2022-09-10,2022-09-10,25423817086.82556,166796688339286.1
2022-09-11,2022-09-11,25439950962.881058,167128765762863.03
2022-09-12,2022-09-12,25454495193.43809,167430669332273.6
2022-09-13,2022-09-13,25457852955.698017,167315308673344.34
2022-09-14,2022-09-14,25469933188.643105,167523303718547.7
2022-09-15,2022-09-15,25482210841.979317,167729912833815.78
2022-09-16,2022-09-16,25498205528.332905,168062304904202.2
2022-09-17,2022-09-17,25515002948.4691,168412539198697.72
2022-09-18,2022-09-18,25532465831.409046,168778809006248.9
2022-09-19,2022-09-19,25538881240.37118,168991836476814.78
2022-09-20,2022-09-20,25552128015.850277,169263144940668.03
2022-09-21,2022-09-21,25564227542.876183,169505721951634.0
2022-09-22,2022-09-22,25578609621.056515,169837459358779.4
2022-09-23,2022-09-23,25593186064.30001,170148466744807.1
2022-09-24,2022-09-24,25610702809.17668,170523603685224.7
2022-09-25,2022-09-25,25627346183.22041,170879773314879.47
2022-09-26,2022-09-26,25641667486.187702,171195544032798.56
2022-09-27,2022-09-27,25649398167.81175,171396860426313.34
2022-09-28,2022-09-28,25662645263.10839,171621682314742.66
2022-09-29,2022-09-29,25675842569.78895,171886629603631.66
2022-09-30,2022-09-30,25686377804.323116,172063652115165.28
2022-10-01,2022-10-01,25703263907.6724,172422979661770.16
2022-10-02,2022-10-02,25720221659.71624,172782519821595.75
2022-10-03,2022-10-03,25735033178.36307,173097911115726.16
2022-10-04,2022-10-04,25748745657.017387,173359384495292.38
2022-10-05,2022-10-05,25760368632.39812,173595457115398.0
2022-10-06,2022-10-06,25774522148.10562,173903218595134.06
2022-10-07,2022-10-07,25787055592.86228,174194540957256.5
2022-10-08,2022-10-08,25801296179.227818,174421037116399.5
2022-10-09,2022-10-09,25818562577.582005,174787172876376.28
2022-10-10,2022-10-10,25833505536.7063,175104327253488.3
2022-10-11,2022-10-11,25845888769.576714,175381323203912.7
2022-10-12,2022-10-12,25855658971.85488,175538989356433.56
2022-10-13,2022-10-13,25869940412.03442,175842396949758.1
2022-10-14,2022-10-14,25884184493.5735,176158962807541.3
2022-10-15,2022-10-15,25901574982.41487,176529109269950.94
2022-10-16,2022-10-16,25917408974.08251,176857431654829.75
2022-10-17,2022-10-17,25913401791.327053,176778692567726.78
2022-10-18,2022-10-18,25877104940.480988,176748830495432.72
2022-10-19,2022-10-19,25888288829.088257,176969977265498.16
2022-10-20,2022-10-20,25903770264.25885,177283972226951.9
2022-10-21,2022-10-21,25918775555.20238,177611547448635.84
2022-10-22,2022-10-22,25924144410.98092,177758480028357.25
2022-10-23,2022-10-23,25940954210.491505,178094641369518.34
2022-10-24,2022-10-24,25955710665.001587,178411589466237.56
2022-10-25,2022-10-25,25962431142.06678,178675187622150.06
2022-10-26,2022-10-26,25962517296.96146,178672537187425.12
2022-10-27,2022-10-27,25969232922.129528,178912855538377.8
2022-10-28,2022-10-28,25983824125.326664,179210294923987.28
2022-10-29,2022-10-29,25999536910.654,179553131856942.16
2022-10-30,2022-10-30,26015691570.82938,179864374468964.75
2022-10-31,2022-10-31,26028566403.851048,180115184220365.7
2022-11-01,2022-11-01,26040926723.316143,180347508374589.8
2022-11-02,2022-11-02,26041710837.58245,180494376746593.53
2022-11-03,2022-11-03,26052817818.30785,180756196197745.2
2022-11-04,2022-11-04,26033723067.29389,180733923986621.8
2022-11-05,2022-11-05,26043798251.062088,181004246718437.75
2022-11-06,2022-11-06,26053883251.68722,181196691746085.7
2022-11-07,2022-11-07,26052310520.85563,180645597247508.53
2022-11-08,2022-11-08,26057483033.118404,180725930192093.72
2022-11-09,2022-11-09,26050360029.3734,180305782362204.75
2022-11-10,2022-11-10,26052633953.94279,180272863877423.4
2022-11-11,2022-11-11,26024562594.9751,180132877662066.4
2022-11-12,2022-11-12,26012613730.92139,179749490658609.12
2022-11-13,2022-11-13,26027539109.47079,180054582735068.8
2022-11-14,2022-11-14,26032539533.7944,180145229858611.53
2022-11-15,2022-11-15,26036843105.405567,180127177265619.2
2022-11-16,2022-11-16,26021538931.11344,179887703924788.7
2022-11-17,2022-11-17,26021713250.314625,179578848276445.97
2022-11-18,2022-11-18,25965476095.756496,176757171207116.5
2022-11-19,2022-11-19,25980469411.1509,177029138950272.7
2022-11-20,2022-11-20,25990281641.0334,177220797230231.28
2022-11-21,2022-11-21,25996834265.44956,177213137642999.47
2022-11-22,2022-11-22,25998949930.82633,177217306386305.06
2022-11-23,2022-11-23,25932124141.936275,177191308981880.2
2022-11-24,2022-11-24,25942586023.973457,177403090429354.12
2022-11-25,2022-11-25,25955737690.361572,177656036368716.25
2022-11-26,2022-11-26,25970870135.07021,177878750750208.9
2022-11-27,2022-11-27,25986322693.681667,178198747885321.8
2022-11-28,2022-11-28,25995615159.10319,178315633989325.9
2022-11-29,2022-11-29,26006496175.14416,178554523637979.2
2022-11-30,2022-11-30,26018285787.82236,178720334430419.75
2022-12-01,2022-12-01,26023655557.069748,178888453939090.8
2022-12-02,2022-12-02,26033553968.199993,179079165867511.38
2022-12-03,2022-12-03,26050045254.42177,179402595221113.22
2022-12-04,2022-12-04,26063538749.324142,179611603315101.22
2022-12-05,2022-12-05,26065999469.11616,179387731278480.47
2022-12-06,2022-12-06,26077483546.167786,179528375296124.75
2022-12-07,2022-12-07,26091403532.73928,179828614460023.44
2022-12-08,2022-12-08,26104613836.689075,180072562597993.66
2022-12-09,2022-12-09,26112121390.697975,180128724350365.53
2022-12-10,2022-12-10,26126983386.373203,180464678520836.4
2022-12-11,2022-12-11,26141513766.311417,180731588902834.1
2022-12-12,2022-12-12,26154871248.306217,181001626427455.7
2022-12-13,2022-12-13,26163042284.285267,181090439637820.4
2022-12-14,2022-12-14,26169157934.07244,181134691755915.53
2022-12-15,2022-12-15,26183122039.844498,181410457204522.97
2022-12-16,2022-12-16,26194209210.42357,181632439903449.38
2022-12-17,2022-12-17,26207391405.2035,181916240527599.25
2022-12-18,2022-12-18,26222657128.256058,182228734928228.1
2022-12-19,2022-12-19,26227634004.935047,182289576527053.4
2022-12-20,2022-12-20,26242746245.42334,182576460134119.56
2022-12-21,2022-12-21,26254828336.689247,182731906612638.9
2022-12-22,2022-12-22,26267449168.20144,182971144068223.1
2022-12-23,2022-12-23,26277419228.231663,183202186209858.4
2022-12-24,2022-12-24,26292768707.019463,183495335255052.97
2022-12-25,2022-12-25,26305857612.834675,183702250046283.4
2022-12-26,2022-12-26,26322342093.577847,184026820843521.9
2022-12-27,2022-12-27,26336637501.54772,184264780379301.53
2022-12-28,2022-12-28,26338126547.16322,184161016838745.7
2022-12-29,2022-12-29,26344180851.685738,184235196072740.97
2022-12-30,2022-12-30,26352162054.674503,184454374292008.97
2022-12-31,2022-12-31,26351373869.30207,184036798139184.2
2023-01-01,2023-01-01,26366585868.59943,184360013098736.62
2023-01-02,2023-01-02,26380792151.90054,184651357763640.25
2023-01-03,2023-01-03,26391714377.796253,184847258252417.44
2023-01-04,2023-01-04,26402669733.44101,185019621533591.5
2023-01-05,2023-01-05,26391165417.67867,184933438028434.2
2023-01-06,2023-01-06,26399476178.237183,185067271924182.2
2023-01-07,2023-01-07,26410613639.3094,185309532528207.6
2023-01-08,2023-01-08,26425519103.74756,185608580340538.16
2023-01-09,2023-01-09,26439080083.89769,185888187025332.5
2023-01-10,2023-01-10,26446225225.057053,185984059048351.12
2023-01-11,2023-01-11,26454782980.268112,186043829927331.4
2023-01-12,2023-01-12,26465959775.89241,186268121843427.6
2023-01-13,2023-01-13,26477065211.31764,186467517909759.75
2023-01-14,2023-01-14,26491259799.55634,186713166448770.9
2023-01-15,2023-01-15,26505026426.741093,186947380126405.25
2023-01-16,2023-01-16,26507861351.789917,187107375668729.97
2023-01-17,2023-01-17,26519971603.07514,187314628270433.56
2023-01-18,2023-01-18,26529069357.30192,187442395699695.9
2023-01-19,2023-01-19,26540539135.909138,187559924166422.53
2023-01-20,2023-01-20,26553664880.615814,187766648124340.1
2023-01-21,2023-01-21,26568022202.18938,188006235521786.3
2023-01-22,2023-01-22,26584238224.045547,188324728324041.75
2023-01-23,2023-01-23,26598360148.240295,188545799933070.72
2023-01-24,2023-01-24,26611574795.021496,188809421300659.5
2023-01-25,2023-01-25,26624877608.699863,189052506025067.9
2023-01-26,2023-01-26,26613989409.517666,188545255248870.16
2023-01-27,2023-01-27,26620040764.75258,188511362598977.75
2023-01-28,2023-01-28,26636402117.55774,188836903101636.28
2023-01-29,2023-01-29,26652555875.29091,189153558378150.25
2023-01-30,2023-01-30,26666821346.449055,189421100210488.9
2023-01-31,2023-01-31,26679644310.74296,189650405542545.53
2023-02-01,2023-02-01,26688503027.876022,189813877180908.3
2023-02-02,2023-02-02,26703803531.412632,190086394747933.75
2023-02-03,2023-02-03,26715223795.380585,190288843891054.1
2023-02-04,2023-02-04,26731607693.784836,190606770782042.1
2023-02-05,2023-02-05,26746883479.418655,190900979944197.6
2023-02-06,2023-02-06,26761286458.85801,191185397590584.4
2023-02-07,2023-02-07,26777091907.17273,191467194847805.38
2023-02-08,2023-02-08,26790094827.775578,191768863942049.88
2023-02-09,2023-02-09,26802858264.130302,191995661623928.53
2023-02-10,2023-02-10,26815241089.105072,192246477656930.16
2023-02-11,2023-02-11,26829746891.863625,192539541330813.75
2023-02-12,2023-02-12,26845649701.31016,192851014174456.88
2023-02-13,2023-02-13,26860356439.422455,193128001996594.03
2023-02-14,2023-02-14,26876208003.400974,193432899089720.8
2023-02-15,2023-02-15,26889354832.676468,193678693087766.75
2023-02-16,2023-02-16,26902026927.06646,193925509491396.47
2023-02-17,2023-02-17,26916500535.34951,194194908724967.28
2023-02-18,2023-02-18,26933546893.440125,194519135218054.44
2023-02-19,2023-02-19,26948100582.17346,194809497726549.38
2023-02-20,2023-02-20,26964400675.572083,195123246944892.97
2023-02-21,2023-02-21,26978574072.305683,195391410180487.3
2023-02-22,2023-02-22,26990202624.89228,195531193966399.9
2023-02-23,2023-02-23,27005386646.242825,195831730515303.44
2023-02-24,2023-02-24,27015385991.915264,195979909343027.44
2023-02-25,2023-02-25,27031347414.117214,196259964979694.62
2023-02-26,2023-02-26,27047093599.80837,196580553737838.62
2023-02-27,2023-02-27,27057070590.58577,196776036392776.56
2023-02-28,2023-02-28,27061776271.392796,196692863616717.2
2023-03-01,2023-03-01,27066615573.122787,196593650739412.44
2023-03-02,2023-03-02,27080734488.655025,196850011623184.25
2023-03-03,2023-03-03,27094443658.54654,197127197021681.5
2023-03-04,2023-03-04,27109491165.92699,197448792594739.2
2023-03-05,2023-03-05,27118418399.20552,197508764885351.6
2023-03-06,2023-03-06,27130303233.351433,197722606850197.97
2023-03-07,2023-03-07,27124750804.31419,197107205850603.1
2023-03-08,2023-03-08,27138328527.1126,197372341060443.47
2023-03-09,2023-03-09,27149570332.616013,197597002990990.1
2023-03-10,2023-03-10,27163199003.377567,197858869101709.16
2023-03-11,2023-03-11,27175683139.70668,198125070383366.4
2023-03-12,2023-03-12,27190934252.639057,198420788382451.6
2023-03-13,2023-03-13,27197988270.336018,198582766285146.72
2023-03-14,2023-03-14,27202982585.21645,198713997774599.75
2023-03-15,2023-03-15,27210482399.60634,198834420461648.25
2023-03-16,2023-03-16,27220284560.39553,199041288317803.2
2023-03-17,2023-03-17,27230399922.244747,199194270298866.4
2023-03-18,2023-03-18,27245350703.80384,199497750599555.84
2023-03-19,2023-03-19,27259940459.55648,199767075977826.97
2023-03-20,2023-03-20,27271526709.930157,199969671728163.4
2023-03-21,2023-03-21,27283386141.53217,200214039414555.9
2023-03-22,2023-03-22,27293554626.15428,200395349377683.38
2023-03-23,2023-03-23,27301667452.22338,200546675442811.7
2023-03-24,2023-03-24,27311779169.794464,200744250971631.7
2023-03-25,2023-03-25,27327556266.620884,201051744336011.1
2023-03-26,2023-03-26,27341743061.27599,201356313090784.1
2023-03-27,2023-03-27,27349774726.165527,201511678545090.97
2023-03-28,2023-03-28,27364064121.64645,201792969737017.5
2023-03-29,2023-03-29,27378837856.81384,202067504411654.8
2023-03-30,2023-03-30,27306839600.773735,196860033253738.97
2023-03-31,2023-03-31,27311178827.96721,196944017933005.56
2023-04-01,2023-04-01,27325994506.77272,197251864278915.38
2023-04-02,2023-04-02,27342692530.02082,197585548199688.44
2023-04-03,2023-04-03,27354896705.394512,197855283405661.8
2023-04-04,2023-04-04,27364363709.042976,197961547179239.47
2023-04-05,2023-04-05,27371412295.589005,198036818845475.56
2023-04-06,2023-04-06,27380638778.80621,198100551169414.3
2023-04-07,2023-04-07,27391964011.43798,198234957077479.84
2023-04-08,2023-04-08,27409101943.99692,198576059771290.8
2023-04-09,2023-04-09,27426796095.34069,198928561350373.56
2023-04-10,2023-04-10,27438354297.062187,199094585768952.16
2023-04-11,2023-04-11,27437188141.14038,198918150836863.9
2023-04-12,2023-04-12,27437597044.92899,198744129931444.8
2023-04-13,2023-04-13,27448549157.423347,198941413390889.38
2023-04-14,2023-04-14,27455268603.30555,199104969767329.0
2023-04-15,2023-04-15,27471054303.940903,199406592522465.8
2023-04-16,2023-04-16,27486785714.08259,199717163657297.0
2023-04-17,2023-04-17,27499377771.63475,199923186004510.1
2023-04-18,2023-04-18,27513022351.52192,200189255614439.84
2023-04-19,2023-04-19,27505416177.034435,200454555452071.7
2023-04-20,2023-04-20,27519600593.87845,200737961691943.3
2023-04-21,2023-04-21,27532052911.141956,201007536928035.72
2023-04-22,2023-04-22,27548968693.87053,201342755194840.4
2023-04-23,2023-04-23,27565360266.599026,201668555214061.8
2023-04-24,2023-04-24,27579027684.985386,201967435872449.7
2023-04-25,2023-04-25,27593565142.464767,202224012068505.6
2023-04-26,2023-04-26,27607094492.24164,202500127238189.56
2023-04-27,2023-04-27,27620937482.757645,202789061975225.56
2023-04-28,2023-04-28,27634541434.490368,203073290079355.2
2023-04-29,2023-04-29,27643614048.36676,203280478169189.97
2023-04-30,2023-04-30,27661146167.38697,203619985443139.6
2023-05-01,2023-05-01,27675953313.06752,203903452525317.97
2023-05-02,2023-05-02,27690083893.171383,204185902562149.0
2023-05-03,2023-05-03,27694793921.667187,204223733716380.88
2023-05-04,2023-05-04,27708993302.986683,204495619327508.88
2023-05-05,2023-05-05,27723383755.427383,204765772759652.25
2023-05-06,2023-05-06,27740839641.582485,205106225785726.2
2023-05-07,2023-05-07,27733968727.609543,205028311863841.3
2023-05-08,2023-05-08,27744532882.868465,205219000711413.56
2023-05-09,2023-05-09,27760257232.57194,205525681751722.2
2023-05-10,2023-05-10,27772156869.411476,205744168150444.7
2023-05-11,2023-05-11,27783180487.14756,205945909267181.38
2023-05-12,2023-05-12,27794221881.702515,206178985226102.97
2023-05-13,2023-05-13,27810969596.189133,206506289388279.16
2023-05-14,2023-05-14,27822649352.177048,206821433650139.75
2023-05-15,2023-05-15,27809569418.65953,206968504160534.25
2023-05-16,2023-05-16,27819444031.128033,207224015975853.7
2023-05-17,2023-05-17,27834487416.62005,207504624784837.2
2023-05-18,2023-05-18,27849065262.837433,207767111931261.8
2023-05-19,2023-05-19,27863791910.796017,208053084380001.3
2023-05-20,2023-05-20,27880301099.56335,208394164354143.03
2023-05-21,2023-05-21,27896118331.755764,208701327495782.44
2023-05-22,2023-05-22,27896492178.701782,208692789659198.1
2023-05-23,2023-05-23,27909674678.57128,208928207429791.38
2023-05-24,2023-05-24,27922743393.452892,209181483144525.7
2023-05-25,2023-05-25,27906026521.01605,208953332513868.44
2023-05-26,2023-05-26,27916750662.345284,209160058443191.44
2023-05-27,2023-05-27,27933661321.326607,209496277493715.25
2023-05-28,2023-05-28,27948014710.040264,209814007854048.12
2023-05-29,2023-05-29,27960514060.77245,210048252967795.75
2023-05-30,2023-05-30,27969244506.510685,210251810257508.62
2023-05-31,2023-05-31,27978244067.32885,210438472720412.25
2023-06-01,2023-06-01,27986072434.39333,210568456278345.56
2023-06-02,2023-06-02,27999667172.34583,210826745036504.88
2023-06-03,2023-06-03,28015582211.866074,211132852605655.25
2023-06-04,2023-06-04,28032595680.49996,211457185150727.53
2023-06-05,2023-06-05,28042950218.007725,211623029664202.97
2023-06-06,2023-06-06,28056070071.54332,211885418185820.88
2023-06-07,2023-06-07,28070694621.362873,212169847794408.28
2023-06-08,2023-06-08,28080293747.396885,212462515903425.03
2023-06-09,2023-06-09,28094596733.043045,212783811290505.12
2023-06-10,2023-06-10,28108023734.38329,212976775320329.53
2023-06-11,2023-06-11,28123723834.957428,213281952914871.6
2023-06-12,2023-06-12,28134961203.262955,213521962711537.4
2023-06-13,2023-06-13,28145334518.89209,213715832155622.75
2023-06-14,2023-06-14,28155519382.434017,213879657813503.97
2023-06-15,2023-06-15,28165133346.096237,214033569687803.03
2023-06-16,2023-06-16,28178602249.846367,214290998992061.12
2023-06-17,2023-06-17,28194755956.20936,214599654056898.6
2023-06-18,2023-06-18,28201559230.947563,214806483757048.56
2023-06-19,2023-06-19,28210231686.84634,214950107888700.44
2023-06-20,2023-06-20,28212091729.302814,214824130711393.56
2023-06-21,2023-06-21,28209998084.985687,214604193134387.9
2023-06-22,2023-06-22,28222025722.48175,214818281213209.1
2023-06-23,2023-06-23,28221491954.197178,214724435549313.2
2023-06-24,2023-06-24,28235404570.13995,215024033770435.28
2023-06-25,2023-06-25,28248864227.298847,215341987041210.72
2023-06-26,2023-06-26,28263016495.69275,215624038369779.56
2023-06-27,2023-06-27,28272250509.170982,215779651316054.28
2023-06-28,2023-06-28,28284217405.44023,216002142682758.7
2023-06-29,2023-06-29,28285566272.96425,215740878222633.72
2023-06-30,2023-06-30,28298110023.183685,215988003502966.44
2023-07-01,2023-07-01,28285495982.815434,216153359201901.4
2023-07-02,2023-07-02,28300825666.17605,216479450390723.2
2023-07-03,2023-07-03,28313260545.0944,216715758026200.88
2023-07-04,2023-07-04,28327466818.847195,216997777890587.8
2023-07-05,2023-07-05,28342437880.4708,217270236040766.7
2023-07-06,2023-07-06,28339875312.033978,216654088385917.16
2023-07-07,2023-07-07,28355080290.77755,216949808071812.75
2023-07-08,2023-07-08,28372248976.35784,217295636388674.88
2023-07-09,2023-07-09,28388051066.62497,217619588023970.7
2023-07-10,2023-07-10,28400290912.563,217812167479627.16
2023-07-11,2023-07-11,28406984035.12636,218003400864395.2
2023-07-12,2023-07-12,28419754263.59356,218248830632348.25
2023-07-13,2023-07-13,28428464846.80182,218233341008342.8
2023-07-14,2023-07-14,28439307815.930717,218459628240329.28
2023-07-15,2023-07-15,28456408417.320435,218803970711574.75
2023-07-16,2023-07-16,28473048716.148537,219140161083657.47
2023-07-17,2023-07-17,28482312681.504852,219157494927413.16
2023-07-18,2023-07-18,28490348588.387653,219253903582204.44
2023-07-19,2023-07-19,28499956520.073692,219387446185228.5
2023-07-20,2023-07-20,28512070504.795055,219606627272905.7
2023-07-21,2023-07-21,28522269053.942886,219656415144062.25
2023-07-22,2023-07-22,28534190188.35655,220010701012659.88
2023-07-23,2023-07-23,28550375657.0812,220338816331080.1
2023-07-24,2023-07-24,28562134447.973896,220575505534037.88
2023-07-25,2023-07-25,28577456316.02669,220841925430454.25
2023-07-26,2023-07-26,28592908345.50643,221138023408572.16
2023-07-27,2023-07-27,28589449612.73635,220694832181975.03
2023-07-28,2023-07-28,28547000792.113964,218664234675987.6
2023-07-29,2023-07-29,28563101180.654495,218997979981738.72
2023-07-30,2023-07-30,28580201290.69756,219336880503017.97
2023-07-31,2023-07-31,28591641947.62418,219491427092780.53
2023-08-01,2023-08-01,28607639919.722366,219799207446297.03
2023-08-02,2023-08-02,28616343242.90311,219779263083522.1
2023-08-03,2023-08-03,28632578245.651928,220095419020478.3
2023-08-04,2023-08-04,28645999422.35188,220341282158560.97
2023-08-05,2023-08-05,28663664622.96506,220692455959214.75
2023-08-06,2023-08-06,28680232580.016617,221026551658293.38
2023-08-07,2023-08-07,28695511292.60996,221301618771916.28
2023-08-08,2023-08-08,28706374443.152847,221434324045755.7
2023-08-09,2023-08-09,28720227220.10086,221703154271164.75
2023-08-10,2023-08-10,28733701185.797817,221939395501090.97
2023-08-11,2023-08-11,28749152117.85963,222245817465762.47
2023-08-12,2023-08-12,28763633539.736515,222561499565736.3
2023-08-13,2023-08-13,28779168492.71806,222878883712267.2
2023-08-14,2023-08-14,28787097880.785233,223074913117837.9
2023-08-15,2023-08-15,28799268647.01532,223326117449945.12
2023-08-16,2023-08-16,28811780482.424088,223562263825185.4
2023-08-17,2023-08-17,28821027385.187733,223767380382491.12
2023-08-18,2023-08-18,28828821377.53245,223860003493430.16
2023-08-19,2023-08-19,28846138173.711754,224198248431524.62
2023-08-20,2023-08-20,28862691774.408703,224533105835664.16
2023-08-21,2023-08-21,28875703057.143772,224790150534210.75
2023-08-22,2023-08-22,28887722085.63608,225026402049040.12
2023-08-23,2023-08-23,28902264996.4266,225283589930006.12
2023-08-24,2023-08-24,28916646789.07256,225542957003803.25
2023-08-25,2023-08-25,28931329968.646935,225821374079889.16
2023-08-26,2023-08-26,28948738778.353474,226159972745558.3
2023-08-27,2023-08-27,28961340897.999775,226480347468764.44
2023-08-28,2023-08-28,28974988478.829243,226749581978292.0
2023-08-29,2023-08-29,28980393671.654984,226646585705021.4
2023-08-30,2023-08-30,28994508844.67589,226922447516478.03
2023-08-31,2023-08-31,29007591770.61805,227144835287218.3
2023-09-01,2023-09-01,29020686033.162388,227399124189652.6
2023-09-02,2023-09-02,29038031626.716846,227734163530652.5
2023-09-03,2023-09-03,29053979776.816586,228030441624654.72
2023-09-04,2023-09-04,29068281154.18103,228322752177395.2
2023-09-05,2023-09-05,29081625745.813267,228583873354490.03
2023-09-06,2023-09-06,29094361180.83776,228869817383971.2
2023-09-07,2023-09-07,29109859193.26873,229177449291057.03
2023-09-08,2023-09-08,29125319427.519215,229485413899576.3
2023-09-09,2023-09-09,29141790374.41459,229788279528836.84
2023-09-10,2023-09-10,29159405316.927593,230140330046582.47
2023-09-11,2023-09-11,29173293536.787663,230376621692008.0
2023-09-12,2023-09-12,29187430496.536537,230602034081465.75
2023-09-13,2023-09-13,29203481212.119263,230912156654201.03
2023-09-14,2023-09-14,29215543457.120735,231169332247626.88
2023-09-15,2023-09-15,29229348083.02364,231470414771825.6
2023-09-16,2023-09-16,29246117001.215645,231794079434289.44
2023-09-17,2023-09-17,29263419390.887897,232149159987609.1
2023-09-18,2023-09-18,29270312158.95041,232435704722838.62
2023-09-19,2023-09-19,29261948005.507675,232601461600213.03
2023-09-20,2023-09-20,29272675737.72365,232813086615216.3
2023-09-21,2023-09-21,29288783949.70609,233116452421726.8
2023-09-22,2023-09-22,29305768593.570736,233458926022476.28
2023-09-23,2023-09-23,29322586937.60211,233792608245851.3
2023-09-24,2023-09-24,29338883195.608585,234133397498088.0
2023-09-25,2023-09-25,29353042410.5144,234416126484157.97
2023-09-26,2023-09-26,29366813073.20232,234684745113566.53
2023-09-27,2023-09-27,29381896445.253548,234959956320766.97
2023-09-28,2023-09-28,29394654514.60081,235240554299523.12
2023-09-29,2023-09-29,29405824024.60606,235425775008691.03
2023-09-30,2023-09-30,29421681348.173595,235746543764880.0
2023-10-01,2023-10-01,29437629338.343822,236041923090183.03
2023-10-02,2023-10-02,29439522809.355915,235921405717096.4
2023-10-03,2023-10-03,29451153362.2564,236168542614564.62
2023-10-04,2023-10-04,29459276665.82919,236424564924119.72
2023-10-05,2023-10-05,29471079792.012707,236596520623397.03
2023-10-06,2023-10-06,29481304381.62333,236811142453547.75
2023-10-07,2023-10-07,29490531856.674133,237038336761114.84
2023-10-08,2023-10-08,29507312417.34391,237395873735255.12
2023-10-09,2023-10-09,29511566281.024937,237558559032380.2
2023-10-10,2023-10-10,29524225546.304222,237817174178586.5
2023-10-11,2023-10-11,29530286076.972633,237881513516346.62
2023-10-12,2023-10-12,29543234004.283005,238117585131531.8
2023-10-13,2023-10-13,29557703792.544697,238404727582865.0
2023-10-14,2023-10-14,29553967743.347397,238436323872204.25
2023-10-15,2023-10-15,29570951965.432816,238776796646836.16
2023-10-16,2023-10-16,29584287760.796005,239008432268830.72
2023-10-17,2023-10-17,29595886838.358128,239189737672915.38
2023-10-18,2023-10-18,29607163569.210487,239386306933714.9
2023-10-19,2023-10-19,29607928662.065895,239230506884147.6
2023-10-20,2023-10-20,29618277161.2379,239362705631060.5
2023-10-21,2023-10-21,29633958193.244102,239677070481326.62
2023-10-22,2023-10-22,29649355081.93519,239987237941126.5
2023-10-23,2023-10-23,29654737591.090897,240045265912759.25
2023-10-24,2023-10-24,29653016772.187344,239933996460216.4
2023-10-25,2023-10-25,29662684896.077698,240105860418466.16
2023-10-26,2023-10-26,29667296710.34844,240202922082937.4
2023-10-27,2023-10-27,29677146364.897064,240382358455682.03
2023-10-28,2023-10-28,29687951723.571777,240660311308915.03
2023-10-29,2023-10-29,29701430053.2522,240967375146610.1
2023-10-30,2023-10-30,29713610941.833305,241175099981112.25
2023-10-31,2023-10-31,29722529826.16053,241301239638082.97
2023-11-01,2023-11-01,29712074531.020287,241330351648525.8
2023-11-02,2023-11-02,29725087253.005924,241568687624114.75
2023-11-03,2023-11-03,29736737343.55396,241760078571915.38
2023-11-04,2023-11-04,29751926149.538708,242060314583301.4
2023-11-05,2023-11-05,29766896586.067356,242356953360349.03
2023-11-06,2023-11-06,29781761190.632236,242647260268292.3
2023-11-07,2023-11-07,29793775800.387142,242890749381113.38
2023-11-08,2023-11-08,29807245360.791515,243167041105575.12
2023-11-09,2023-11-09,29805117616.573627,242927624671898.75
2023-11-10,2023-11-10,29815441199.424496,243133870563982.25
2023-11-11,2023-11-11,29830807600.945023,243429699635111.72
2023-11-12,2023-11-12,29846422732.962997,243741021126116.97
2023-11-13,2023-11-13,29859003903.47664,244010914725827.44
2023-11-14,2023-11-14,29872024994.85581,244271992593039.03
2023-11-15,2023-11-15,29875597855.94734,244339058366346.3
2023-11-16,2023-11-16,29886401740.70974,244532322828358.97
2023-11-17,2023-11-17,29899309398.80866,244783163999946.56
2023-11-18,2023-11-18,29914720205.87619,245135656336560.4
2023-11-19,2023-11-19,29926631375.143955,245418413311827.72
2023-11-20,2023-11-20,29937191970.55405,245647881667967.1
2023-11-21,2023-11-21,29943551769.632954,245746428065853.1
2023-11-22,2023-11-22,29946961803.45397,245689489079077.38
2023-11-23,2023-11-23,29955860534.67201,245871655098989.25
2023-11-24,2023-11-24,29976577755.99947,246263336421689.7
2023-11-25,2023-11-25,29992990328.0239,246591671269942.16
2023-11-26,2023-11-26,30006355385.730225,246890340197644.97
2023-11-27,2023-11-27,30021092280.61685,247176715882048.6
2023-11-28,2023-11-28,30033891009.117775,247424520688506.1
2023-11-29,2023-11-29,30047055737.647545,247658038386216.62
2023-11-30,2023-11-30,30034069314.21788,246894323484204.72
2023-12-01,2023-12-01,30045202133.196125,247087480722449.9
2023-12-02,2023-12-02,30059973045.0266,247407590882182.3
2023-12-03,2023-12-03,30075107222.248585,247709657408212.4
2023-12-04,2023-12-04,30075269502.81469,247722939453144.8
2023-12-05,2023-12-05,30081029662.97266,247758294828949.38
2023-12-06,2023-12-06,30079587107.613796,247594005209250.3
2023-12-07,2023-12-07,30088269157.72492,247768115477902.1
2023-12-08,2023-12-08,30097612003.881508,247895594862412.4
2023-12-09,2023-12-09,30111256753.441784,248175646633558.84
2023-12-10,2023-12-10,30126089299.713966,248477364868134.1
2023-12-11,2023-12-11,30133792334.167297,248621251122463.9
2023-12-12,2023-12-12,30134015534.82252,248609570275880.72
2023-12-13,2023-12-13,30147339813.120056,248862614890458.25
2023-12-14,2023-12-14,30161496813.323,249135942089309.6
2023-12-15,2023-12-15,30166840806.251972,249286263059880.03
2023-12-16,2023-12-16,30178113473.84914,249470126466126.56
2023-12-17,2023-12-17,30194915823.29778,249819146932610.62
2023-12-18,2023-12-18,30197385656.19486,250022745758461.47
2023-12-19,2023-12-19,30206584278.71552,250137880581821.53
2023-12-20,2023-12-20,30214606008.76589,250276196059588.62
2023-12-21,2023-12-21,30226122585.854973,250489457641100.8
2023-12-22,2023-12-22,30229371047.755745,250463137927940.3
2023-12-23,2023-12-23,30242196751.28687,250746589451161.1
2023-12-24,2023-12-24,30241781868.53828,250985012098919.9
2023-12-25,2023-12-25,30256561530.793316,251307635315913.47
2023-12-26,2023-12-26,30268317845.556263,251528178760122.88
2023-12-27,2023-12-27,30231819520.73933,251356501353448.84
2023-12-28,2023-12-28,30242430754.49287,251558168037256.8
2023-12-29,2023-12-29,30230585318.822063,250767120747982.9
2023-12-30,2023-12-30,30240892570.063457,251074911643951.53
2023-12-31,2023-12-31,30254730177.083748,251350039359612.47
2024-01-01,2024-01-01,30270432616.7009,251674766826751.6
2024-01-02,2024-01-02,30278324122.6618,251788140814644.62
2024-01-03,2024-01-03,30287277204.75293,251953930349543.2
2024-01-04,2024-01-04,30238938984.49716,250457189416678.28
2024-01-05,2024-01-05,30249657995.888466,250634519816319.9
2024-01-06,2024-01-06,30265273593.366093,250964856029309.03
2024-01-07,2024-01-07,30280549326.380005,251284131346019.28
2024-01-08,2024-01-08,30291681957.72022,251482904522935.3
2024-01-09,2024-01-09,30297841028.623524,251562795532983.8
2024-01-10,2024-01-10,30306821556.0282,251726604526685.16
2024-01-11,2024-01-11,30314906739.207733,251846497769746.72
2024-01-12,2024-01-12,30322138758.681633,251906995957803.4
2024-01-13,2024-01-13,30337730898.16983,252247778274951.56
2024-01-14,2024-01-14,30351135631.333477,252583104910306.9
2024-01-15,2024-01-15,30364307928.234978,252852895327989.1
2024-01-16,2024-01-16,30278908960.366257,252468342551738.62
2024-01-17,2024-01-17,30273459368.437363,252079745743433.12
2024-01-18,2024-01-18,30271113629.00866,251916049555216.4
2024-01-19,2024-01-19,30273920742.79734,251873253550329.6
2024-01-20,2024-01-20,30290668246.20888,252246461399222.97
2024-01-21,2024-01-21,30307117454.02287,252618949492651.75
2024-01-22,2024-01-22,30301139868.161293,252220625786996.16
2024-01-23,2024-01-23,30298288494.71866,251971224364123.7
2024-01-24,2024-01-24,30260267050.908447,251323047690655.88
2024-01-25,2024-01-25,30253418288.88801,251184344279974.62
2024-01-26,2024-01-26,30256556371.662712,251021419107303.5
2024-01-27,2024-01-27,30271095505.237984,251361843240181.53
2024-01-28,2024-01-28,30287580673.15866,251719104005812.97
2024-01-29,2024-01-29,30293349476.859352,251628625670125.38
2024-01-30,2024-01-30,30291516197.173553,251391002655486.25
2024-01-31,2024-01-31,30290797381.405785,251353344019214.4
2024-02-01,2024-02-01,30300370893.70992,251483768609062.25
2024-02-02,2024-02-02,30306604621.685616,251611120282232.5
2024-02-03,2024-02-03,30324053197.0294,252000401202966.0
2024-02-04,2024-02-04,30337117197.27886,252309076716120.7
2024-02-05,2024-02-05,30345221971.913593,252464364075316.03
2024-02-06,2024-02-06,30337973273.033268,252549941607702.84
2024-02-07,2024-02-07,30347830535.918304,252756353518472.03
2024-02-08,2024-02-08,30358789128.71311,252944551173166.53
2024-02-09,2024-02-09,30368904443.698967,253090045670660.28
2024-02-10,2024-02-10,30382675831.860767,253387962307998.88
2024-02-11,2024-02-11,30395692461.90669,253672325746935.38
2024-02-12,2024-02-12,30401701830.911488,253662656598637.0
2024-02-13,2024-02-13,30410554401.17107,253727660424706.6
2024-02-14,2024-02-14,30406401374.595737,253489545944408.4
2024-02-15,2024-02-15,30411415369.597473,253487958318424.8
2024-02-16,2024-02-16,30416619444.851257,253475042658902.25
2024-02-17,2024-02-17,30430645312.353233,253783356249608.53
2024-02-18,2024-02-18,30445238022.97925,254114657627973.8
2024-02-19,2024-02-19,30423925475.374542,254196940752742.03
2024-02-20,2024-02-20,30434296157.08608,254344626803945.47
2024-02-21,2024-02-21,30440423985.200836,254269825039781.03
2024-02-22,2024-02-22,30439843161.340263,254300002465456.47
2024-02-23,2024-02-23,30444829774.706043,254278652013297.47
2024-02-24,2024-02-24,30459932626.046837,254620262801092.75
2024-02-25,2024-02-25,30474601861.662956,254981683306422.88
2024-02-26,2024-02-26,30484019257.424377,255132362632378.4
2024-02-27,2024-02-27,30483802607.54208,255004593263311.88
2024-02-28,2024-02-28,30455174502.82962,254083730607213.44
2024-02-29,2024-02-29,30443618151.724743,253709827666984.9
2024-03-01,2024-03-01,30396092235.432705,253195120825902.2
2024-03-02,2024-03-02,30409142113.655025,253467178024605.97
2024-03-03,2024-03-03,30421496728.240578,253753091306757.2
2024-03-04,2024-03-04,30413286724.360264,253310572500017.56
2024-03-05,2024-03-05,30387235194.05331,252524690000114.1
2024-03-06,2024-03-06,30337592622.199978,251402773364580.0
2024-03-07,2024-03-07,30323611133.211643,251045950133118.84
2024-03-08,2024-03-08,30313402887.370453,250667654643283.28
2024-03-09,2024-03-09,30322587129.058956,250893271010253.12
2024-03-10,2024-03-10,30321854953.8801,251120116281789.88
2024-03-11,2024-03-11,30313381207.569885,250696369282780.2
2024-03-12,2024-03-12,30312425355.751503,250555932267357.47
2024-03-13,2024-03-13,30299022867.858147,249925829250062.25
2024-03-14,2024-03-14,30281350727.582405,249857791603313.16
2024-03-15,2024-03-15,30284117242.46349,249877405940497.84
2024-03-16,2024-03-16,30296400641.666843,250221023942836.84
2024-03-17,2024-03-17,30279140516.718456,250453312670065.75
2024-03-18,2024-03-18,30282036363.92879,250338904720350.25
2024-03-19,2024-03-19,30288487583.835457,250363022937636.16
2024-03-20,2024-03-20,30293833339.002907,250319611064825.1
2024-03-21,2024-03-21,30287981181.657825,249962423905426.3
2024-03-22,2024-03-22,30270206775.177273,250201719270699.47
2024-03-23,2024-03-23,30126943297.292496,248953042463247.5
2024-03-24,2024-03-24,30134494580.985855,249350557246584.7
2024-03-25,2024-03-25,30084272923.22654,247628982303544.53
2024-03-26,2024-03-26,30077974939.76305,247534456678086.4
2024-03-27,2024-03-27,30085780968.33713,247694872636913.5
2024-03-28,2024-03-28,30064308274.69902,247780152699418.25
2024-03-29,2024-03-29,30075116314.415897,248114414692046.56
2024-03-30,2024-03-30,30088942276.504856,248469170652311.2
2024-03-31,2024-03-31,30100491237.491943,248751896154783.8
2024-04-01,2024-04-01,30047614547.29858,247708936822993.72
2024-04-02,2024-04-02,30040168054.9366,247522841728160.12
2024-04-03,2024-04-03,30049841351.2854,247745953408731.38
2024-04-04,2024-04-04,30060052250.914383,247983649106715.5
2024-04-05,2024-04-05,30073671605.31764,248331642841962.84
2024-04-06,2024-04-06,30085927186.852036,248723290352385.84
2024-04-07,2024-04-07,30100241848.418808,249181305780710.8
2024-04-08,2024-04-08,30110488554.687366,249365864214694.0
2024-04-09,2024-04-09,30118257148.451687,249416757070446.7
2024-04-10,2024-04-10,30130148557.30756,249683318920350.25
2024-04-11,2024-04-11,30143161880.0186,250007887635976.9
2024-04-12,2024-04-12,30153612922.493443,250343591780168.4
2024-04-13,2024-04-13,30168035656.021324,250752772669909.56
2024-04-14,2024-04-14,30181417021.92023,251150093859013.88
2024-04-15,2024-04-15,30190955540.387524,251303663947537.8
2024-04-16,2024-04-16,30186158955.29649,251453016205584.8
2024-04-17,2024-04-17,30196685478.97064,251781415121242.47
2024-04-18,2024-04-18,30195451379.952923,251622379395267.28
2024-04-19,2024-04-19,30203587732.650585,251864193128738.3
2024-04-20,2024-04-20,30220507396.9365,252345332261240.1
2024-04-21,2024-04-21,30236740172.66891,252802665997265.9
2024-04-22,2024-04-22,30250903485.188644,253213187607595.8
2024-04-23,2024-04-23,30262240848.98898,253454878227366.3
2024-04-24,2024-04-24,30259610879.353523,253316265678773.3
2024-04-25,2024-04-25,30271657866.282497,253617215761131.25
2024-04-26,2024-04-26,30284635322.95563,253882389739589.38
2024-04-27,2024-04-27,30295583107.78184,254335804208712.1
2024-04-28,2024-04-28,30307967192.20627,254737789975895.12
2024-04-29,2024-04-29,30318829941.48544,255042425623255.56
2024-04-30,2024-04-30,30323464124.86635,255089540659634.0
2024-05-01,2024-05-01,30333416920.802338,255302891431793.0
2024-05-02,2024-05-02,30344994771.837517,255537151655898.4
2024-05-03,2024-05-03,30355335605.25536,255812261100377.84
2024-05-04,2024-05-04,30371661290.124268,256281624643722.97
2024-05-05,2024-05-05,30389424909.359936,256787061966150.5
2024-05-06,2024-05-06,30399301731.39737,257223177883928.75
2024-05-07,2024-05-07,30414026983.808517,257616104007136.6
2024-05-08,2024-05-08,30426525148.77045,257935753876142.5
2024-05-09,2024-05-09,30440998898.676323,258318404869167.72
2024-05-10,2024-05-10,30455932535.65814,258755103610697.2
2024-05-11,2024-05-11,30471087335.35193,259219954838979.53
2024-05-12,2024-05-12,30481993187.163544,259675441762116.03
2024-05-13,2024-05-13,30494907162.01016,260000577358498.84
2024-05-14,2024-05-14,30504490792.993317,260320658887033.5
2024-05-15,2024-05-15,30483197685.077538,260432709622708.62
2024-05-16,2024-05-16,30495236322.874325,260713695073409.25
2024-05-17,2024-05-17,30507031930.04287,261031149051329.9
2024-05-18,2024-05-18,30523412095.770332,261485462974582.56
2024-05-19,2024-05-19,30538030273.07218,261931784999651.5
2024-05-20,2024-05-20,30548688246.79131,262236730390007.56
2024-05-21,2024-05-21,30557611152.15137,262457796660537.75
2024-05-22,2024-05-22,30559716123.71896,262781146977930.5
2024-05-23,2024-05-23,30567197984.852516,263006920260984.1
2024-05-24,2024-05-24,30577686526.534187,263316075847081.84
2024-05-25,2024-05-25,30595044181.98743,263824377491677.16
2024-05-26,2024-05-26,30608053538.67446,264258232847253.5
2024-05-27,2024-05-27,30617050104.474033,264586260904889.72
2024-05-28,2024-05-28,30118262365.87418,264465527325465.03
2024-05-29,2024-05-29,30131815935.50208,264816537421192.4
2024-05-30,2024-05-30,30142542477.78045,265002918576753.38
2024-05-31,2024-05-31,30155906655.72872,265339729579155.72
2024-06-01,2024-06-01,30171605024.43862,265796255738547.28
2024-06-02,2024-06-02,30186627028.546696,266271273480987.9
2024-06-03,2024-06-03,30189889674.24498,266275578934075.97
2024-06-04,2024-06-04,30200275142.21467,266511115418874.97
2024-06-05,2024-06-05,30209583826.868404,266761320882213.2
2024-06-06,2024-06-06,30210111999.056927,266825490743546.62
2024-06-07,2024-06-07,30222235989.57123,267151775674987.03
2024-06-08,2024-06-08,30236254555.087036,267630357154814.6
2024-06-09,2024-06-09,30251361197.2771,268104847241864.56
2024-06-10,2024-06-10,30264759663.68657,268503208725404.8
2024-06-11,2024-06-11,30238598735.170303,268480797839165.28
2024-06-12,2024-06-12,30247615653.025837,268666331394995.9
2024-06-13,2024-06-13,30262955861.23835,269115655050684.47
2024-06-14,2024-06-14,30275601936.98589,269440386291919.44
2024-06-15,2024-06-15,30285529627.393837,269825091634722.12
2024-06-16,2024-06-16,30302950100.117508,270361105632480.12
2024-06-17,2024-06-17,30312194229.4572,270613722598153.0
2024-06-18,2024-06-18,30326017654.397778,271017285329014.3
2024-06-19,2024-06-19,30340510216.248314,271437144315869.53
2024-06-20,2024-06-20,30354806895.26892,271824090955316.12
2024-06-21,2024-06-21,30363324274.24813,272109670216492.16
2024-06-22,2024-06-22,30324732198.636627,271133128525965.9
2024-06-23,2024-06-23,30340953721.288036,271632003962386.62
2024-06-24,2024-06-24,30341837918.777252,271597558564035.9
2024-06-25,2024-06-25,30354332220.047516,271948245004854.16
2024-06-26,2024-06-26,30363667505.001587,272237109931156.75
2024-06-27,2024-06-27,30338020174.929314,271664661246651.56
2024-06-28,2024-06-28,30347747096.303608,271933567316031.9
2024-06-29,2024-06-29,30365180189.97616,272455514844983.8
2024-06-30,2024-06-30,30381135180.80006,272923567296378.56
2024-07-01,2024-07-01,30391802362.413464,273195838733813.88
2024-07-02,2024-07-02,30405794916.57953,273574001054328.28
2024-07-03,2024-07-03,30399976716.84837,273930041694404.47
2024-07-04,2024-07-04,30404508776.150436,273947851547047.1
2024-07-05,2024-07-05,30381313922.42344,273173252314045.72
2024-07-06,2024-07-06,30393473016.961895,273684138147172.56
2024-07-07,2024-07-07,30406687942.776493,274157804205611.3
2024-07-08,2024-07-08,30420815255.437393,274514061894721.47
2024-07-09,2024-07-09,30419851873.456097,274550227582522.62
2024-07-10,2024-07-10,30423281625.1326,274904217862350.2
2024-07-11,2024-07-11,30438757535.37433,275373583315365.7
2024-07-12,2024-07-12,30450332452.54571,275746579147796.75
2024-07-13,2024-07-13,30466576228.339195,276257963975852.4
2024-07-14,2024-07-14,30479848962.026157,276791386086037.9
2024-07-15,2024-07-15,30489458766.979496,277014797337627.75
2024-07-16,2024-07-16,30500536813.63081,277220332243966.47
2024-07-17,2024-07-17,30510317867.71964,277526368876526.03
2024-07-18,2024-07-18,30514417253.628883,277544018667893.5
2024-07-19,2024-07-19,30505986490.677,277335299926139.2
2024-07-20,2024-07-20,30522250953.491062,277843514672756.4
2024-07-21,2024-07-21,30538729724.39379,278359074133882.62
2024-07-22,2024-07-22,30551197282.435104,278745106558557.25
2024-07-23,2024-07-23,30511366656.32484,278430678191421.7
2024-07-24,2024-07-24,30522125476.302547,278711213665034.5
2024-07-25,2024-07-25,30524161818.43874,278563267258908.8
2024-07-26,2024-07-26,30536908740.36759,278926509373285.03
2024-07-27,2024-07-27,30548750033.06768,279347004734510.16
2024-07-28,2024-07-28,30563702959.82754,279883731624591.2
2024-07-29,2024-07-29,30567568462.229004,279817922570996.03
2024-07-30,2024-07-30,30537535261.377193,277779659564250.4
2024-07-31,2024-07-31,30550252026.41701,278095144995492.56
2024-08-01,2024-08-01,30555976953.901066,278363151080733.1
2024-08-02,2024-08-02,30566797516.63363,278645394880501.9
2024-08-03,2024-08-03,30579493779.599243,279141023720673.6
2024-08-04,2024-08-04,30593169563.280243,279626867242915.9
2024-08-05,2024-08-05,30576956989.923515,279186373013472.1
2024-08-06,2024-08-06,30591123983.543015,279548829798676.2
2024-08-07,2024-08-07,30593977364.067097,279779968182270.44
2024-08-08,2024-08-08,30606906061.94399,280142838935397.03
2024-08-09,2024-08-09,30616768533.21294,280407103102733.72
2024-08-10,2024-08-10,30620415195.89424,280623330376006.12
2024-08-11,2024-08-11,30637274276.055935,281134572173162.44
2024-08-12,2024-08-12,30649674765.79979,281452173216167.56
2024-08-13,2024-08-13,30662369787.917137,281757320203909.6
2024-08-14,2024-08-14,30676994440.293232,282159433141539.1
2024-08-15,2024-08-15,30689137955.4669,282513553340125.75
2024-08-16,2024-08-16,30702983372.975792,282898386625208.1
2024-08-17,2024-08-17,30720384322.81187,283438592637671.94
2024-08-18,2024-08-18,30736655866.93613,283957341921407.5
2024-08-19,2024-08-19,30748856228.61078,284303577239141.4
2024-08-20,2024-08-20,30761542127.62745,284617016509203.75
2024-08-21,2024-08-21,30772105997.385868,284916068459394.8
2024-08-22,2024-08-22,30785679421.85521,285318841303227.0
2024-08-23,2024-08-23,30796040789.85501,285575736862039.1
2024-08-24,2024-08-24,30811733438.9596,286048802540847.25
2024-08-25,2024-08-25,30829338978.865192,286617510939054.5
2024-08-26,2024-08-26,30843093639.941223,287018108387843.6
2024-08-27,2024-08-27,30842614073.610672,286521621114133.06
2024-08-28,2024-08-28,30855552658.08784,286870677169213.8
2024-08-29,2024-08-29,30834464938.505985,287042411586732.0
2024-08-30,2024-08-30,30849180392.46992,287471804399828.2
2024-08-31,2024-08-31,30861358812.54265,288000519241578.25
2024-09-01,2024-09-01,30879057974.901897,288560984350247.56
2024-09-02,2024-09-02,30894688339.760708,289005458354294.06
2024-09-03,2024-09-03,30906094193.367306,289227802116935.3
2024-09-04,2024-09-04,30915735173.038723,289601518827569.1
2024-09-05,2024-09-05,30929190082.34944,289972237470091.25
2024-09-06,2024-09-06,30936510782.38228,290220766572681.2
2024-09-07,2024-09-07,30954352551.23754,290775646804816.8
2024-09-08,2024-09-08,30972294044.99677,291327819709983.5
2024-09-09,2024-09-09,30980060006.296932,291614368900635.0
2024-09-10,2024-09-10,30989760276.892395,291858634351837.9
2024-09-11,2024-09-11,31002891045.599884,292205183178555.7
2024-09-12,2024-09-12,31016278845.542683,292579598340614.94
2024-09-13,2024-09-13,31020775591.04835,292727853816387.0
2024-09-14,2024-09-14,31037376247.664932,293234921629857.2
2024-09-15,2024-09-15,31052749582.25848,293771651055637.7
2024-09-16,2024-09-16,31059831564.49645,293951334504885.75
2024-09-17,2024-09-17,31072317291.41579,294300299775598.6
2024-09-18,2024-09-18,31080581372.78984,294516144378788.06
2024-09-19,2024-09-19,31091976935.962296,294851235684179.44
2024-09-20,2024-09-20,31097953231.59824,295066375829883.8
2024-09-21,2024-09-21,31113718129.59982,295564051055400.5
2024-09-22,2024-09-22,31129917758.75526,296065445981987.7
2024-09-23,2024-09-23,31138544270.200653,296214632804277.1
2024-09-24,2024-09-24,31151178432.177265,296536274915469.2
2024-09-25,2024-09-25,31158788083.100296,296717125810340.5
2024-09-26,2024-09-26,31162091495.255222,296917859209428.25
2024-09-27,2024-09-27,31173641038.82966,297156757299535.0
2024-09-28,2024-09-28,31188680291.780777,297626288514583.75
2024-09-29,2024-09-29,31205070356.09087,298164350383801.56
2024-09-30,2024-09-30,31216428768.24939,298522802603350.8
2024-10-01,2024-10-01,31230964008.487846,298954688765191.0
2024-10-02,2024-10-02,31244726547.713818,299328234618041.0
2024-10-03,2024-10-03,31256625400.466995,299630012368238.5
2024-10-04,2024-10-04,31267342831.708355,300014257155613.75
2024-10-05,2024-10-05,31284205917.79186,300576038714408.44
2024-10-06,2024-10-06,31300696824.3717,301107920973567.4
2024-10-07,2024-10-07,31313434491.938934,301417065410011.8
2024-10-08,2024-10-08,31250196070.29239,299245709207807.9
2024-10-09,2024-10-09,31258506088.796867,299431687488566.56
2024-10-10,2024-10-10,31269613317.623043,299606383714129.6
2024-10-11,2024-10-11,31259807484.81211,299205632106798.44
2024-10-12,2024-10-12,31272328869.254784,299620467231575.25
2024-10-13,2024-10-13,31285711906.05424,300114835858282.25
2024-10-14,2024-10-14,31295401225.85559,300398641764972.94
2024-10-15,2024-10-15,31288698130.36682,300007845477091.4
2024-10-16,2024-10-16,31299919387.506725,300333985755602.56
2024-10-17,2024-10-17,31309384802.336895,300605130673372.56
2024-10-18,2024-10-18,31317057059.438587,300738935631706.0
2024-10-19,2024-10-19,31325988760.294937,300997467707516.2
2024-10-20,2024-10-20,31326563844.77803,301069417464010.44
2024-10-21,2024-10-21,31320115602.7705,300934744780989.06
2024-10-22,2024-10-22,31332038568.72562,301296321853247.7
2024-10-23,2024-10-23,31343625632.69347,301709859105587.6
2024-10-24,2024-10-24,31357712582.81685,302169286691774.1
2024-10-25,2024-10-25,31367487994.16899,302526198128927.6
2024-10-26,2024-10-26,31382826265.339226,303050843711916.3
2024-10-27,2024-10-27,31397946926.32637,303591366700584.56
2024-10-28,2024-10-28,31409019029.630375,303899939323341.4
2024-10-29,2024-10-29,31411692563.612232,303886883473883.0
2024-10-30,2024-10-30,31419998819.4655,304187034702293.94
2024-10-31,2024-10-31,31429471899.816463,304431694755454.8
2024-11-01,2024-11-01,31435561603.744637,304594811944780.7
2024-11-02,2024-11-02,31448469480.655907,305002817897198.5
2024-11-03,2024-11-03,31463385008.921448,305512182815613.9
2024-11-04,2024-11-04,31472753709.06675,305788488752247.25
2024-11-05,2024-11-05,31478690985.578262,305752510416596.9
2024-11-06,2024-11-06,31438728462.416508,303013532867525.06
2024-11-07,2024-11-07,31445059376.55761,303183305416803.1
2024-11-08,2024-11-08,31445216468.66299,303024008225287.8
2024-11-09,2024-11-09,31460150496.12564,303525093481774.3
2024-11-10,2024-11-10,31466806404.406593,303797332886116.9
2024-11-11,2024-11-11,31458483336.249187,303417568223409.6
2024-11-12,2024-11-12,31442094190.798862,302864021678802.3
2024-11-13,2024-11-13,31427507139.93026,302598838990292.9
2024-11-14,2024-11-14,31391861835.91999,301439215835170.6
2024-11-15,2024-11-15,31364713124.079697,301470622405661.7
2024-11-16,2024-11-16,31374237442.04532,301872883006803.94
2024-11-17,2024-11-17,31384913290.284424,302362695857223.6
2024-11-18,2024-11-18,31388212940.75545,302416512612357.6
2024-11-19,2024-11-19,31371226728.311375,301674030635557.06
2024-11-20,2024-11-20,31358076528.33932,301136937260245.8
2024-11-21,2024-11-21,31325594964.185387,300079149789255.25
2024-11-22,2024-11-22,31307531628.85112,299379796597162.5
2024-11-23,2024-11-23,31308770297.13188,299377203784647.6
2024-11-24,2024-11-24,31317199837.612305,299744805114038.94
2024-11-25,2024-11-25,31310183035.135715,299423028066487.94
2024-11-26,2024-11-26,31289631193.582127,299406493929173.4
2024-11-27,2024-11-27,31279047995.223183,299609366264482.4
2024-11-28,2024-11-28,31271948106.25541,299949329697792.8
2024-11-29,2024-11-29,31278250063.052647,300219530966323.9
2024-11-30,2024-11-30,31291283885.32541,300743020271738.9
2024-12-01,2024-12-01,31303973561.31086,301258735286724.75
2024-12-02,2024-12-02,31292416695.63164,301361904112901.44
2024-12-03,2024-12-03,31270748251.562492,301575858995845.0
2024-12-04,2024-12-04,31273656352.014313,301648304301452.3
2024-12-05,2024-12-05,31232568688.07679,299654678575884.7
2024-12-06,2024-12-06,31205191063.88914,297531527249862.9
2024-12-07,2024-12-07,31216209747.23052,297939739737199.56
2024-12-08,2024-12-08,31227463532.333504,298439775831568.06
2024-12-09,2024-12-09,31201472752.39182,297658914169341.25
2024-12-10,2024-12-10,31206668908.749863,297705039771705.25
2024-12-11,2024-12-11,31193208524.70524,297717577439455.4
2024-12-12,2024-12-12,31201785847.557148,298020870115457.44
2024-12-13,2024-12-13,31202503449.928215,298015786560957.75
2024-12-14,2024-12-14,31212853207.23169,298566816289935.1
2024-12-15,2024-12-15,31221819924.161335,298868576902381.4
2024-12-16,2024-12-16,31212890297.313705,298260141690248.9
2024-12-17,2024-12-17,31202485037.35364,297671864739556.5
2024-12-18,2024-12-18,31189493254.048176,297775353819794.4
2024-12-19,2024-12-19,31161946642.03911,296653826973447.0
2024-12-20,2024-12-20,31146925411.012222,296578501675943.75
2024-12-21,2024-12-21,31160372650.29663,297161626489476.8
2024-12-22,2024-12-22,31170058086.36577,297755279558465.44
2024-12-23,2024-12-23,31146941849.074375,296608528874195.4
2024-12-24,2024-12-24,31122737074.587948,296082699279898.3
2024-12-25,2024-12-25,31136851696.90198,296743014012124.3
2024-12-26,2024-12-26,31144413614.45348,297123286950160.8
2024-12-27,2024-12-27,31135842619.874557,297512241962284.5
2024-12-28,2024-12-28,31148020705.238552,298165232880034.5
2024-12-29,2024-12-29,31142070677.142735,298540105245266.4
