start_time,date,funding_rates
2021-01-01,2021-01-01,0.0286498
2021-01-02,2021-01-02,0.07135565
2021-01-03,2021-01-03,0.12205606
2021-01-04,2021-01-04,0.13498102
2021-01-05,2021-01-05,0.07545928
2021-01-06,2021-01-06,0.14723436
2021-01-07,2021-01-07,0.14178688
2021-01-08,2021-01-08,0.11901409
2021-01-09,2021-01-09,0.11268614
2021-01-10,2021-01-10,0.11143989
2021-01-11,2021-01-11,0.06960056
2021-01-12,2021-01-12,0.04500101
2021-01-13,2021-01-13,0.04991114
2021-01-14,2021-01-14,0.0732052
2021-01-15,2021-01-15,0.07108814
2021-01-16,2021-01-16,0.045507
2021-01-17,2021-01-17,0.02626257
2021-01-18,2021-01-18,0.07414731
2021-01-19,2021-01-19,0.14697097
2021-01-20,2021-01-20,0.03616702
2021-01-21,2021-01-21,0.04165337
2021-01-22,2021-01-22,0.01008644
2021-01-23,2021-01-23,0.01035531
2021-01-24,2021-01-24,0.02578807
2021-01-25,2021-01-25,0.04838661
2021-01-26,2021-01-26,0.01003489
2021-01-27,2021-01-27,0.01
2021-01-28,2021-01-28,0.01524837
2021-01-29,2021-01-29,0.1005944
2021-01-30,2021-01-30,0.04144031
2021-01-31,2021-01-31,0.04128088
2021-02-01,2021-02-01,0.04410328
2021-02-02,2021-02-02,0.08267592
2021-02-03,2021-02-03,0.06958561
2021-02-04,2021-02-04,0.06973769
2021-02-05,2021-02-05,0.07232637
2021-02-06,2021-02-06,0.09977254
2021-02-07,2021-02-07,0.09467498
2021-02-08,2021-02-08,0.13310043
2021-02-09,2021-02-09,0.17697462
2021-02-10,2021-02-10,0.14368866
2021-02-11,2021-02-11,0.11978925
2021-02-12,2021-02-12,0.13038573
2021-02-13,2021-02-13,0.11320021
2021-02-14,2021-02-14,0.13469933
2021-02-15,2021-02-15,0.07318596
2021-02-16,2021-02-16,0.12320869
2021-02-17,2021-02-17,0.12378531
2021-02-18,2021-02-18,0.13600988
2021-02-19,2021-02-19,0.11898304
2021-02-20,2021-02-20,0.12585014
2021-02-21,2021-02-21,0.11645257
2021-02-22,2021-02-22,0.08468316
2021-02-23,2021-02-23,0.02063733
2021-02-24,2021-02-24,0.0340719
2021-02-25,2021-02-25,0.02124573
2021-02-26,2021-02-26,0.01294222
2021-02-27,2021-02-27,0.02823111
2021-02-28,2021-02-28,0.02085887
2021-03-01,2021-03-01,0.0102129
2021-03-02,2021-03-02,0.01269545
2021-03-03,2021-03-03,0.01531867
2021-03-04,2021-03-04,0.01
2021-03-05,2021-03-05,0.01
2021-03-06,2021-03-06,0.01
2021-03-07,2021-03-07,0.01288063
2021-03-08,2021-03-08,0.02469454
2021-03-09,2021-03-09,0.0503144
2021-03-10,2021-03-10,0.05758723
2021-03-11,2021-03-11,0.09846631
2021-03-12,2021-03-12,0.06604346
2021-03-13,2021-03-13,0.06271975
2021-03-14,2021-03-14,0.09608697
2021-03-15,2021-03-15,0.05820957
2021-03-16,2021-03-16,0.03619871
2021-03-17,2021-03-17,0.02494552
2021-03-18,2021-03-18,0.03694611
2021-03-19,2021-03-19,0.02891197
2021-03-20,2021-03-20,0.05137785
2021-03-21,2021-03-21,0.02891506
2021-03-22,2021-03-22,0.05040377
2021-03-23,2021-03-23,0.03295433
2021-03-24,2021-03-24,0.03059453
2021-03-25,2021-03-25,0.01133972
2021-03-26,2021-03-26,0.01055895
2021-03-27,2021-03-27,0.01
2021-03-28,2021-03-28,0.01
2021-03-29,2021-03-29,0.01683428
2021-03-30,2021-03-30,0.058789
2021-03-31,2021-03-31,0.07699675
2021-04-01,2021-04-01,0.0800812
2021-04-02,2021-04-02,0.09343141
2021-04-03,2021-04-03,0.08853206
2021-04-04,2021-04-04,0.04631494
2021-04-05,2021-04-05,0.05232029
2021-04-06,2021-04-06,0.07548578
2021-04-07,2021-04-07,0.06061752
2021-04-08,2021-04-08,0.02987583
2021-04-09,2021-04-09,0.02099129
2021-04-10,2021-04-10,0.10355551
2021-04-11,2021-04-11,0.10048458
2021-04-12,2021-04-12,0.10132387
2021-04-13,2021-04-13,0.1057919
2021-04-14,2021-04-14,0.09852633
2021-04-15,2021-04-15,0.09670781
2021-04-16,2021-04-16,0.10803924
2021-04-17,2021-04-17,0.0691991
2021-04-18,2021-04-18,0.04125714
2021-04-19,2021-04-19,0.01313844
2021-04-20,2021-04-20,0.01
2021-04-21,2021-04-21,0.01
2021-04-22,2021-04-22,0.01
2021-04-23,2021-04-23,0.02005472
2021-04-24,2021-04-24,0.02044642
2021-04-25,2021-04-25,0.02129088
2021-04-26,2021-04-26,0.01
2021-04-27,2021-04-27,0.01
2021-04-28,2021-04-28,0.01
2021-04-29,2021-04-29,0.0135725
2021-04-30,2021-04-30,0.01215089
2021-05-01,2021-05-01,0.02190877
2021-05-02,2021-05-02,0.04335196
2021-05-03,2021-05-03,0.05138939
2021-05-04,2021-05-04,0.03911802
2021-05-05,2021-05-05,0.04194566
2021-05-06,2021-05-06,0.07489403
2021-05-07,2021-05-07,0.04590392
2021-05-08,2021-05-08,0.04943532
2021-05-09,2021-05-09,0.05770265
2021-05-10,2021-05-10,0.07881369
2021-05-11,2021-05-11,0.0373474
2021-05-12,2021-05-12,0.03605213
2021-05-13,2021-05-13,0.01845656
2021-05-14,2021-05-14,0.02642819
2021-05-15,2021-05-15,0.02045079
2021-05-16,2021-05-16,0.02198923
2021-05-17,2021-05-17,0.0570024
2021-05-18,2021-05-18,0.02174562
2021-05-19,2021-05-19,0.00293476
2021-05-20,2021-05-20,0.00991887
2021-05-21,2021-05-21,0.00117902
2021-05-22,2021-05-22,0.00017088
2021-05-23,2021-05-23,-0.00070957
2021-05-24,2021-05-24,-0.00677141
2021-05-25,2021-05-25,0.01
2021-05-26,2021-05-26,0.01
2021-05-27,2021-05-27,0.01
2021-05-28,2021-05-28,0.01
2021-05-29,2021-05-29,0.01131664
2021-05-30,2021-05-30,0.01
2021-05-31,2021-05-31,0.01
2021-06-01,2021-06-01,0.01
2021-06-02,2021-06-02,0.01
2021-06-03,2021-06-03,0.01
2021-06-04,2021-06-04,0.01118356
2021-06-05,2021-06-05,0.01
2021-06-06,2021-06-06,0.01
2021-06-07,2021-06-07,0.01
2021-06-08,2021-06-08,0.00589783
2021-06-09,2021-06-09,-0.00531943
2021-06-10,2021-06-10,0.0036332
2021-06-11,2021-06-11,0.00138256
2021-06-12,2021-06-12,0.006157
2021-06-13,2021-06-13,-0.00234597
2021-06-14,2021-06-14,0.00687944
2021-06-15,2021-06-15,0.00993871
2021-06-16,2021-06-16,0.01
2021-06-17,2021-06-17,0.00993641
2021-06-18,2021-06-18,0.00427928
2021-06-19,2021-06-19,0.0011279
2021-06-20,2021-06-20,-0.00299523
2021-06-21,2021-06-21,-0.00460543
2021-06-22,2021-06-22,-0.00792256
2021-06-23,2021-06-23,-0.01194267
2021-06-24,2021-06-24,-0.00647505
2021-06-25,2021-06-25,0.00597334
2021-06-26,2021-06-26,-0.0159988
2021-06-27,2021-06-27,-0.03240232
2021-06-28,2021-06-28,0.00847646
2021-06-29,2021-06-29,0.0088557
2021-06-30,2021-06-30,0.01
2021-07-01,2021-07-01,0.00974308
2021-07-02,2021-07-02,0.00097619
2021-07-03,2021-07-03,-0.00354816
2021-07-04,2021-07-04,-0.00183026
2021-07-05,2021-07-05,0.00019636
2021-07-06,2021-07-06,-0.00854399
2021-07-07,2021-07-07,0.005484
2021-07-08,2021-07-08,-0.01648853
2021-07-09,2021-07-09,-0.01255697
2021-07-10,2021-07-10,0.00545069
2021-07-11,2021-07-11,0.00527011
2021-07-12,2021-07-12,0.007282
2021-07-13,2021-07-13,0.00774866
2021-07-14,2021-07-14,-0.00144745
2021-07-15,2021-07-15,0.00348774
2021-07-16,2021-07-16,0.00125745
2021-07-17,2021-07-17,0.00416474
2021-07-18,2021-07-18,0.00070426
2021-07-19,2021-07-19,0.00143127
2021-07-20,2021-07-20,-0.01766556
2021-07-21,2021-07-21,-0.02422499
2021-07-22,2021-07-22,-0.00440176
2021-07-23,2021-07-23,-0.00513073
2021-07-24,2021-07-24,-0.01110613
2021-07-25,2021-07-25,-0.02641088
2021-07-26,2021-07-26,0.00588161
2021-07-27,2021-07-27,0.00437486
2021-07-28,2021-07-28,0.00755447
2021-07-29,2021-07-29,0.00847252
2021-07-30,2021-07-30,0.00803403
2021-07-31,2021-07-31,0.01
2021-08-01,2021-08-01,0.01
2021-08-02,2021-08-02,0.01
2021-08-03,2021-08-03,0.00944846
2021-08-04,2021-08-04,0.00873242
2021-08-05,2021-08-05,0.00947422
2021-08-06,2021-08-06,0.01
2021-08-07,2021-08-07,0.01
2021-08-08,2021-08-08,0.01
2021-08-09,2021-08-09,0.01
2021-08-10,2021-08-10,0.01
2021-08-11,2021-08-11,0.01
2021-08-12,2021-08-12,0.01
2021-08-13,2021-08-13,0.01
2021-08-14,2021-08-14,0.01101261
2021-08-15,2021-08-15,0.01
2021-08-16,2021-08-16,0.01070886
2021-08-17,2021-08-17,0.01
2021-08-18,2021-08-18,0.01
2021-08-19,2021-08-19,0.01
2021-08-20,2021-08-20,0.01041281
2021-08-21,2021-08-21,0.0131643
2021-08-22,2021-08-22,0.01184809
2021-08-23,2021-08-23,0.02630001
2021-08-24,2021-08-24,0.02585526
2021-08-25,2021-08-25,0.01247415
2021-08-26,2021-08-26,0.01143355
2021-08-27,2021-08-27,0.01
2021-08-28,2021-08-28,0.01949466
2021-08-29,2021-08-29,0.01138667
2021-08-30,2021-08-30,0.01717893
2021-08-31,2021-08-31,0.03044292
2021-09-01,2021-09-01,0.03487994
2021-09-02,2021-09-02,0.05265156
2021-09-03,2021-09-03,0.03488945
2021-09-04,2021-09-04,0.01729159
2021-09-05,2021-09-05,0.01221876
2021-09-06,2021-09-06,0.0113527
2021-09-07,2021-09-07,0.02481048
2021-09-08,2021-09-08,0.01
2021-09-09,2021-09-09,0.01
2021-09-10,2021-09-10,0.01015337
2021-09-11,2021-09-11,0.01
2021-09-12,2021-09-12,0.01
2021-09-13,2021-09-13,0.01
2021-09-14,2021-09-14,0.01002677
2021-09-15,2021-09-15,0.00970206
2021-09-16,2021-09-16,0.01
2021-09-17,2021-09-17,0.01
2021-09-18,2021-09-18,0.01
2021-09-19,2021-09-19,0.01
2021-09-20,2021-09-20,0.01
2021-09-21,2021-09-21,0.0091628
2021-09-22,2021-09-22,0.0087569
2021-09-23,2021-09-23,0.00754908
2021-09-24,2021-09-24,0.00235962
2021-09-25,2021-09-25,0.00780706
2021-09-26,2021-09-26,0.00673649
2021-09-27,2021-09-27,0.00890873
2021-09-28,2021-09-28,0.00320204
2021-09-29,2021-09-29,0.00712146
2021-09-30,2021-09-30,0.00880227
2021-10-01,2021-10-01,0.00250811
2021-10-02,2021-10-02,0.00730035
2021-10-03,2021-10-03,0.01
2021-10-04,2021-10-04,0.01
2021-10-05,2021-10-05,0.00236049
2021-10-06,2021-10-06,0.01
2021-10-07,2021-10-07,0.0318654
2021-10-08,2021-10-08,0.01976399
2021-10-09,2021-10-09,0.011155
2021-10-10,2021-10-10,0.01438735
2021-10-11,2021-10-11,0.01074656
2021-10-12,2021-10-12,0.01186122
2021-10-13,2021-10-13,0.01
2021-10-14,2021-10-14,0.01877702
2021-10-15,2021-10-15,0.0231053
2021-10-16,2021-10-16,0.03900487
2021-10-17,2021-10-17,0.03816795
2021-10-18,2021-10-18,0.02158589
2021-10-19,2021-10-19,0.01117558
2021-10-20,2021-10-20,0.03790492
2021-10-21,2021-10-21,0.06262034
2021-10-22,2021-10-22,0.03068216
2021-10-23,2021-10-23,0.02030787
2021-10-24,2021-10-24,0.03918568
2021-10-25,2021-10-25,0.02995052
2021-10-26,2021-10-26,0.05598004
2021-10-27,2021-10-27,0.02416746
2021-10-28,2021-10-28,0.01623874
2021-10-29,2021-10-29,0.02287394
2021-10-30,2021-10-30,0.02813925
2021-10-31,2021-10-31,0.04082102
2021-11-01,2021-11-01,0.04099283
2021-11-02,2021-11-02,0.04871153
2021-11-03,2021-11-03,0.04748869
2021-11-04,2021-11-04,0.04404411
2021-11-05,2021-11-05,0.03626622
2021-11-06,2021-11-06,0.04343215
2021-11-07,2021-11-07,0.03244579
2021-11-08,2021-11-08,0.04540245
2021-11-09,2021-11-09,0.0534616
2021-11-10,2021-11-10,0.05418938
2021-11-11,2021-11-11,0.01939852
2021-11-12,2021-11-12,0.02810106
2021-11-13,2021-11-13,0.02234728
2021-11-14,2021-11-14,0.01557696
2021-11-15,2021-11-15,0.03108084
2021-11-16,2021-11-16,0.01245505
2021-11-17,2021-11-17,0.01175736
2021-11-18,2021-11-18,0.01074617
2021-11-19,2021-11-19,0.01
2021-11-20,2021-11-20,0.01
2021-11-21,2021-11-21,0.01
2021-11-22,2021-11-22,0.01
2021-11-23,2021-11-23,0.01139374
2021-11-24,2021-11-24,0.01151882
2021-11-25,2021-11-25,0.01535499
2021-11-26,2021-11-26,0.0196629
2021-11-27,2021-11-27,0.01000574
2021-11-28,2021-11-28,0.01017198
2021-11-29,2021-11-29,0.01590764
2021-11-30,2021-11-30,0.01382046
2021-12-01,2021-12-01,0.01998412
2021-12-02,2021-12-02,0.01020176
2021-12-03,2021-12-03,0.01737096
2021-12-04,2021-12-04,0.00301199
2021-12-05,2021-12-05,0.00717979
2021-12-06,2021-12-06,0.01
2021-12-07,2021-12-07,0.00934257
2021-12-08,2021-12-08,0.01
2021-12-09,2021-12-09,0.01
2021-12-10,2021-12-10,0.01
2021-12-11,2021-12-11,0.01
2021-12-12,2021-12-12,0.01
2021-12-13,2021-12-13,0.00901852
2021-12-14,2021-12-14,0.00792639
2021-12-15,2021-12-15,0.00999496
2021-12-16,2021-12-16,0.01
2021-12-17,2021-12-17,0.00882505
2021-12-18,2021-12-18,0.00834324
2021-12-19,2021-12-19,0.00944725
2021-12-20,2021-12-20,0.00989815
2021-12-21,2021-12-21,0.00997398
2021-12-22,2021-12-22,0.00998811
2021-12-23,2021-12-23,0.0066924
2021-12-24,2021-12-24,0.01
2021-12-25,2021-12-25,0.01
2021-12-26,2021-12-26,0.01
2021-12-27,2021-12-27,0.01
2021-12-28,2021-12-28,0.01
2021-12-29,2021-12-29,0.00906809
2021-12-30,2021-12-30,0.00757787
2021-12-31,2021-12-31,0.00857882
2022-01-01,2022-01-01,0.01
2022-01-02,2022-01-02,0.01
2022-01-03,2022-01-03,0.01
2022-01-04,2022-01-04,0.01
2022-01-05,2022-01-05,0.01
2022-01-06,2022-01-06,0.00966075
2022-01-07,2022-01-07,0.01
2022-01-08,2022-01-08,0.00997862
2022-01-09,2022-01-09,0.01
2022-01-10,2022-01-10,0.00890881
2022-01-11,2022-01-11,0.00572752
2022-01-12,2022-01-12,0.00158998
2022-01-13,2022-01-13,0.00162089
2022-01-14,2022-01-14,-0.00055791
2022-01-15,2022-01-15,0.00417059
2022-01-16,2022-01-16,0.00507979
2022-01-17,2022-01-17,0.00810441
2022-01-18,2022-01-18,0.00802493
2022-01-19,2022-01-19,0.00932122
2022-01-20,2022-01-20,0.01
2022-01-21,2022-01-21,0.00722393
2022-01-22,2022-01-22,0.00627971
2022-01-23,2022-01-23,0.00045204
2022-01-24,2022-01-24,0.00426442
2022-01-25,2022-01-25,-0.00145117
2022-01-26,2022-01-26,-0.00322582
2022-01-27,2022-01-27,-0.00739978
2022-01-28,2022-01-28,0.00207988
2022-01-29,2022-01-29,0.00118989
2022-01-30,2022-01-30,0.00939123
2022-01-31,2022-01-31,-0.00483985
2022-02-01,2022-02-01,-0.00053859
2022-02-02,2022-02-02,-2.73e-05
2022-02-03,2022-02-03,0.00077201
2022-02-04,2022-02-04,0.00055212
2022-02-05,2022-02-05,0.00981418
2022-02-06,2022-02-06,0.0077211
2022-02-07,2022-02-07,0.00013681
2022-02-08,2022-02-08,0.00994571
2022-02-09,2022-02-09,0.00598761
2022-02-10,2022-02-10,0.0063952
2022-02-11,2022-02-11,-0.00088531
2022-02-12,2022-02-12,0.00928634
2022-02-13,2022-02-13,0.00796437
2022-02-14,2022-02-14,0.0074663
2022-02-15,2022-02-15,0.00280418
2022-02-16,2022-02-16,0.01
2022-02-17,2022-02-17,0.00917768
2022-02-18,2022-02-18,0.00114116
2022-02-19,2022-02-19,0.00526527
2022-02-20,2022-02-20,-0.00135679
2022-02-21,2022-02-21,-0.00095156
2022-02-22,2022-02-22,-0.00034854
2022-02-23,2022-02-23,-0.00345061
2022-02-24,2022-02-24,-0.00856877
2022-02-25,2022-02-25,0.0072478
2022-02-26,2022-02-26,0.00847401
2022-02-27,2022-02-27,-8.951e-05
2022-02-28,2022-02-28,-0.00828548
2022-03-01,2022-03-01,0.00872762
2022-03-02,2022-03-02,0.00883177
2022-03-03,2022-03-03,0.01
2022-03-04,2022-03-04,0.01
2022-03-05,2022-03-05,0.00457277
2022-03-06,2022-03-06,0.00194633
2022-03-07,2022-03-07,0.00062856
2022-03-08,2022-03-08,0.00793762
2022-03-09,2022-03-09,0.00784307
2022-03-10,2022-03-10,-0.00163968
2022-03-11,2022-03-11,-0.00191146
2022-03-12,2022-03-12,-0.00223575
2022-03-13,2022-03-13,-0.00181117
2022-03-14,2022-03-14,-0.00023419
2022-03-15,2022-03-15,0.00726166
2022-03-16,2022-03-16,0.00922308
2022-03-17,2022-03-17,0.01
2022-03-18,2022-03-18,0.0058835
2022-03-19,2022-03-19,0.00991784
2022-03-20,2022-03-20,0.00970597
2022-03-21,2022-03-21,0.00310478
2022-03-22,2022-03-22,0.00901382
2022-03-23,2022-03-23,0.00730712
2022-03-24,2022-03-24,0.00036416
2022-03-25,2022-03-25,0.00597343
2022-03-26,2022-03-26,0.00212456
2022-03-27,2022-03-27,0.00274954
2022-03-28,2022-03-28,0.00981367
2022-03-29,2022-03-29,0.00999279
2022-03-30,2022-03-30,0.01
2022-03-31,2022-03-31,0.01
2022-04-01,2022-04-01,0.00750926
2022-04-02,2022-04-02,0.01
2022-04-03,2022-04-03,0.01
2022-04-04,2022-04-04,0.01
2022-04-05,2022-04-05,0.00894971
2022-04-06,2022-04-06,0.00952984
2022-04-07,2022-04-07,0.0063249
2022-04-08,2022-04-08,0.00928834
2022-04-09,2022-04-09,0.00921638
2022-04-10,2022-04-10,0.00574752
2022-04-11,2022-04-11,0.00772523
2022-04-12,2022-04-12,-0.00625576
2022-04-13,2022-04-13,0.00188898
2022-04-14,2022-04-14,0.00247844
2022-04-15,2022-04-15,-0.00143545
2022-04-16,2022-04-16,0.00370785
2022-04-17,2022-04-17,0.0048177
2022-04-18,2022-04-18,-0.00539706
2022-04-19,2022-04-19,0.00423012
2022-04-20,2022-04-20,0.00602744
2022-04-21,2022-04-21,0.00030832
2022-04-22,2022-04-22,-0.00663837
2022-04-23,2022-04-23,-0.01006677
2022-04-24,2022-04-24,-0.01153862
2022-04-25,2022-04-25,-0.00051395
2022-04-26,2022-04-26,0.00496042
2022-04-27,2022-04-27,-0.00435567
2022-04-28,2022-04-28,0.0014441
2022-04-29,2022-04-29,0.00540285
2022-04-30,2022-04-30,0.00285005
2022-05-01,2022-05-01,0.00385908
2022-05-02,2022-05-02,0.00793358
2022-05-03,2022-05-03,0.01
2022-05-04,2022-05-04,0.00920052
2022-05-05,2022-05-05,0.0038151
2022-05-06,2022-05-06,-0.00209121
2022-05-07,2022-05-07,0.00086688
2022-05-08,2022-05-08,0.00921962
2022-05-09,2022-05-09,0.00967349
2022-05-10,2022-05-10,0.00656966
2022-05-11,2022-05-11,0.00342366
2022-05-12,2022-05-12,-0.02691856
2022-05-13,2022-05-13,0.00337522
2022-05-14,2022-05-14,0.00935422
2022-05-15,2022-05-15,0.00930879
2022-05-16,2022-05-16,0.00625301
2022-05-17,2022-05-17,0.00152825
2022-05-18,2022-05-18,-0.00204013
2022-05-19,2022-05-19,0.00605721
2022-05-20,2022-05-20,0.00821986
2022-05-21,2022-05-21,0.00206482
2022-05-22,2022-05-22,0.00491755
2022-05-23,2022-05-23,0.00748894
2022-05-24,2022-05-24,-1.506e-05
2022-05-25,2022-05-25,0.00886208
2022-05-26,2022-05-26,0.00771063
2022-05-27,2022-05-27,0.01
2022-05-28,2022-05-28,0.00965255
2022-05-29,2022-05-29,0.00999884
2022-05-30,2022-05-30,0.01
2022-05-31,2022-05-31,0.01
2022-06-01,2022-06-01,0.00661513
2022-06-02,2022-06-02,0.0013786
2022-06-03,2022-06-03,0.00270021
2022-06-04,2022-06-04,0.00330357
2022-06-05,2022-06-05,0.0060928
2022-06-06,2022-06-06,0.00857836
2022-06-07,2022-06-07,-0.00120756
2022-06-08,2022-06-08,0.00997997
2022-06-09,2022-06-09,0.00943879
2022-06-10,2022-06-10,0.00661929
2022-06-11,2022-06-11,0.00499792
2022-06-12,2022-06-12,0.00407013
2022-06-13,2022-06-13,0.00172595
2022-06-14,2022-06-14,-0.0060059
2022-06-15,2022-06-15,-0.00116224
2022-06-16,2022-06-16,-0.00163288
2022-06-17,2022-06-17,-0.00042851
2022-06-18,2022-06-18,0.00277699
2022-06-19,2022-06-19,0.00136918
2022-06-20,2022-06-20,0.00512375
2022-06-21,2022-06-21,0.00538834
2022-06-22,2022-06-22,-0.00151213
2022-06-23,2022-06-23,2.702e-05
2022-06-24,2022-06-24,0.00755598
2022-06-25,2022-06-25,0.00902423
2022-06-26,2022-06-26,0.00665153
2022-06-27,2022-06-27,0.00466589
2022-06-28,2022-06-28,-0.00073596
2022-06-29,2022-06-29,0.00572689
2022-06-30,2022-06-30,-0.00729925
2022-07-01,2022-07-01,-0.00297118
2022-07-02,2022-07-02,0.00259196
2022-07-03,2022-07-03,0.00559918
2022-07-04,2022-07-04,0.00389921
2022-07-05,2022-07-05,0.00521334
2022-07-06,2022-07-06,0.0077865
2022-07-07,2022-07-07,0.00768917
2022-07-08,2022-07-08,0.00930157
2022-07-09,2022-07-09,0.00934656
2022-07-10,2022-07-10,0.0088749
2022-07-11,2022-07-11,0.00764969
2022-07-12,2022-07-12,0.00409101
2022-07-13,2022-07-13,0.0012477
2022-07-14,2022-07-14,0.0056139
2022-07-15,2022-07-15,0.00341075
2022-07-16,2022-07-16,0.00707218
2022-07-17,2022-07-17,0.0087346
2022-07-18,2022-07-18,0.00986052
2022-07-19,2022-07-19,0.01
2022-07-20,2022-07-20,0.00977979
2022-07-21,2022-07-21,0.01
2022-07-22,2022-07-22,0.00907434
2022-07-23,2022-07-23,0.00675434
2022-07-24,2022-07-24,0.0092653
2022-07-25,2022-07-25,0.00468636
2022-07-26,2022-07-26,0.00578053
2022-07-27,2022-07-27,0.0034745
2022-07-28,2022-07-28,0.00998123
2022-07-29,2022-07-29,0.01
2022-07-30,2022-07-30,0.01
2022-07-31,2022-07-31,0.00897786
2022-08-01,2022-08-01,0.00928328
2022-08-02,2022-08-02,0.00652504
2022-08-03,2022-08-03,0.00065252
2022-08-04,2022-08-04,-0.00014162
2022-08-05,2022-08-05,0.00420817
2022-08-06,2022-08-06,0.00864787
2022-08-07,2022-08-07,0.00398044
2022-08-08,2022-08-08,0.00894943
2022-08-09,2022-08-09,0.0079956
2022-08-10,2022-08-10,0.00251616
2022-08-11,2022-08-11,0.00923129
2022-08-12,2022-08-12,-0.00121438
2022-08-13,2022-08-13,0.00384582
2022-08-14,2022-08-14,2.295e-05
2022-08-15,2022-08-15,-0.00031238
2022-08-16,2022-08-16,0.00072566
2022-08-17,2022-08-17,0.00322028
2022-08-18,2022-08-18,0.0089314
2022-08-19,2022-08-19,0.00036221
2022-08-20,2022-08-20,-0.00347989
2022-08-21,2022-08-21,-0.00428361
2022-08-22,2022-08-22,-0.00016983
2022-08-23,2022-08-23,0.0009353
2022-08-24,2022-08-24,-0.00163971
2022-08-25,2022-08-25,0.00047714
2022-08-26,2022-08-26,0.00207931
2022-08-27,2022-08-27,-0.00440309
2022-08-28,2022-08-28,-0.00616052
2022-08-29,2022-08-29,-0.00759454
2022-08-30,2022-08-30,-0.00371883
2022-08-31,2022-08-31,0.00422241
2022-09-01,2022-09-01,0.00249535
2022-09-02,2022-09-02,0.00359634
2022-09-03,2022-09-03,0.00431782
2022-09-04,2022-09-04,0.0030313
2022-09-05,2022-09-05,0.00297386
2022-09-06,2022-09-06,-0.00060496
2022-09-07,2022-09-07,-0.00203982
2022-09-08,2022-09-08,0.00349984
2022-09-09,2022-09-09,0.00744927
2022-09-10,2022-09-10,0.00967082
2022-09-11,2022-09-11,0.00863489
2022-09-12,2022-09-12,0.00984902
2022-09-13,2022-09-13,0.00738069
2022-09-14,2022-09-14,0.00155963
2022-09-15,2022-09-15,0.00446683
2022-09-16,2022-09-16,0.00554984
2022-09-17,2022-09-17,0.00287462
2022-09-18,2022-09-18,0.0070147
2022-09-19,2022-09-19,-0.00177714
2022-09-20,2022-09-20,0.00510096
2022-09-21,2022-09-21,0.0014936
2022-09-22,2022-09-22,-0.00073423
2022-09-23,2022-09-23,0.00095952
2022-09-24,2022-09-24,0.00433478
2022-09-25,2022-09-25,0.00243696
2022-09-26,2022-09-26,0.0040058
2022-09-27,2022-09-27,0.0061079
2022-09-28,2022-09-28,0.00335308
2022-09-29,2022-09-29,0.00859038
2022-09-30,2022-09-30,0.00902948
2022-10-01,2022-10-01,0.00631488
2022-10-02,2022-10-02,0.0052265
2022-10-03,2022-10-03,0.00865383
2022-10-04,2022-10-04,0.01
2022-10-05,2022-10-05,0.01
2022-10-06,2022-10-06,0.01
2022-10-07,2022-10-07,0.00896099
2022-10-08,2022-10-08,0.00489978
2022-10-09,2022-10-09,0.00281336
2022-10-10,2022-10-10,0.00678016
2022-10-11,2022-10-11,0.01
2022-10-12,2022-10-12,0.0098563
2022-10-13,2022-10-13,0.00872826
2022-10-14,2022-10-14,0.00790514
2022-10-15,2022-10-15,0.00376093
2022-10-16,2022-10-16,0.00163924
2022-10-17,2022-10-17,0.00583233
2022-10-18,2022-10-18,0.00929172
2022-10-19,2022-10-19,0.00986015
2022-10-20,2022-10-20,0.00498952
2022-10-21,2022-10-21,0.00307945
2022-10-22,2022-10-22,0.00439773
2022-10-23,2022-10-23,0.00446202
2022-10-24,2022-10-24,0.00745291
2022-10-25,2022-10-25,0.00519318
2022-10-26,2022-10-26,0.00298449
2022-10-27,2022-10-27,0.00060892
2022-10-28,2022-10-28,-0.00023271
2022-10-29,2022-10-29,0.0033369
2022-10-30,2022-10-30,0.00334475
2022-10-31,2022-10-31,0.00224383
2022-11-01,2022-11-01,0.00120495
2022-11-02,2022-11-02,0.0038256
2022-11-03,2022-11-03,0.00332168
2022-11-04,2022-11-04,0.00220822
2022-11-05,2022-11-05,0.00718049
2022-11-06,2022-11-06,0.00773195
2022-11-07,2022-11-07,0.009538
2022-11-08,2022-11-08,0.00113548
2022-11-09,2022-11-09,-0.0236151
2022-11-10,2022-11-10,-0.07107003
2022-11-11,2022-11-11,-0.00689031
2022-11-12,2022-11-12,0.0027521
2022-11-13,2022-11-13,-0.00225656
2022-11-14,2022-11-14,-0.00477578
2022-11-15,2022-11-15,-0.00963166
2022-11-16,2022-11-16,-0.00601449
2022-11-17,2022-11-17,-0.00495
2022-11-18,2022-11-18,0.00231071
2022-11-19,2022-11-19,0.00312919
2022-11-20,2022-11-20,0.0003033
2022-11-21,2022-11-21,-0.00016503
2022-11-22,2022-11-22,0.00360702
2022-11-23,2022-11-23,0.00549324
2022-11-24,2022-11-24,0.00347983
2022-11-25,2022-11-25,0.00116522
2022-11-26,2022-11-26,0.00119032
2022-11-27,2022-11-27,0.0010269
2022-11-28,2022-11-28,0.00133329
2022-11-29,2022-11-29,0.00179049
2022-11-30,2022-11-30,0.00526509
2022-12-01,2022-12-01,0.00398603
2022-12-02,2022-12-02,0.00150041
2022-12-03,2022-12-03,0.00636444
2022-12-04,2022-12-04,0.00491094
2022-12-05,2022-12-05,0.00088241
2022-12-06,2022-12-06,0.00260279
2022-12-07,2022-12-07,0.00066429
2022-12-08,2022-12-08,0.00030769
2022-12-09,2022-12-09,0.00200568
2022-12-10,2022-12-10,-0.00035182
2022-12-11,2022-12-11,0.00115773
2022-12-12,2022-12-12,0.00169819
2022-12-13,2022-12-13,0.00551881
2022-12-14,2022-12-14,0.01
2022-12-15,2022-12-15,0.00840324
2022-12-16,2022-12-16,0.00216148
2022-12-17,2022-12-17,0.00719896
2022-12-18,2022-12-18,0.00369356
2022-12-19,2022-12-19,0.00588755
2022-12-20,2022-12-20,0.00287694
2022-12-21,2022-12-21,0.00599034
2022-12-22,2022-12-22,0.00646215
2022-12-23,2022-12-23,0.00956012
2022-12-24,2022-12-24,0.00533845
2022-12-25,2022-12-25,0.00243978
2022-12-26,2022-12-26,0.00139225
2022-12-27,2022-12-27,0.00338498
2022-12-28,2022-12-28,0.0062538
2022-12-29,2022-12-29,0.0092817
2022-12-30,2022-12-30,0.00957523
2022-12-31,2022-12-31,0.01
2023-01-01,2023-01-01,0.00543327
2023-01-02,2023-01-02,0.00073095
2023-01-03,2023-01-03,0.00668096
2023-01-04,2023-01-04,0.00557151
2023-01-05,2023-01-05,0.00481613
2023-01-06,2023-01-06,0.00712377
2023-01-07,2023-01-07,0.00509101
2023-01-08,2023-01-08,0.00644983
2023-01-09,2023-01-09,0.00082283
2023-01-10,2023-01-10,0.00609087
2023-01-11,2023-01-11,0.00121525
2023-01-12,2023-01-12,0.00994733
2023-01-13,2023-01-13,0.0082302
2023-01-14,2023-01-14,0.01937599
2023-01-15,2023-01-15,0.01384848
2023-01-16,2023-01-16,0.01
2023-01-17,2023-01-17,0.01
2023-01-18,2023-01-18,0.01
2023-01-19,2023-01-19,0.01
2023-01-20,2023-01-20,0.01
2023-01-21,2023-01-21,0.01
2023-01-22,2023-01-22,0.01
2023-01-23,2023-01-23,0.01
2023-01-24,2023-01-24,0.01
2023-01-25,2023-01-25,0.01
2023-01-26,2023-01-26,0.01
2023-01-27,2023-01-27,0.00967289
2023-01-28,2023-01-28,0.01
2023-01-29,2023-01-29,0.01
2023-01-30,2023-01-30,0.01
2023-01-31,2023-01-31,0.01
2023-02-01,2023-02-01,0.01
2023-02-02,2023-02-02,0.01
2023-02-03,2023-02-03,0.01
2023-02-04,2023-02-04,0.01
2023-02-05,2023-02-05,0.01
2023-02-06,2023-02-06,0.01
2023-02-07,2023-02-07,0.01
2023-02-08,2023-02-08,0.01
2023-02-09,2023-02-09,0.01
2023-02-10,2023-02-10,0.00993443
2023-02-11,2023-02-11,0.00711495
2023-02-12,2023-02-12,0.00392588
2023-02-13,2023-02-13,0.00746274
2023-02-14,2023-02-14,0.00883519
2023-02-15,2023-02-15,0.00478158
2023-02-16,2023-02-16,0.01202567
2023-02-17,2023-02-17,0.01
2023-02-18,2023-02-18,0.01
2023-02-19,2023-02-19,0.01
2023-02-20,2023-02-20,0.01
2023-02-21,2023-02-21,0.01
2023-02-22,2023-02-22,0.01
2023-02-23,2023-02-23,0.00627928
2023-02-24,2023-02-24,0.00456269
2023-02-25,2023-02-25,0.00139274
2023-02-26,2023-02-26,0.00594325
2023-02-27,2023-02-27,0.00483618
2023-02-28,2023-02-28,0.00337154
2023-03-01,2023-03-01,0.00789146
2023-03-02,2023-03-02,0.00928226
2023-03-03,2023-03-03,-0.00023474
2023-03-04,2023-03-04,0.00229927
2023-03-05,2023-03-05,0.00244888
2023-03-06,2023-03-06,0.00553284
2023-03-07,2023-03-07,0.00318051
2023-03-08,2023-03-08,0.00640748
2023-03-09,2023-03-09,0.00841701
2023-03-10,2023-03-10,-0.00180034
2023-03-11,2023-03-11,-0.0014852
2023-03-12,2023-03-12,0.00451892
2023-03-13,2023-03-13,0.01074525
2023-03-14,2023-03-14,0.01650845
2023-03-15,2023-03-15,0.01676183
2023-03-16,2023-03-16,0.00963723
2023-03-17,2023-03-17,0.00852097
2023-03-18,2023-03-18,0.01
2023-03-19,2023-03-19,0.01
2023-03-20,2023-03-20,0.0091292
2023-03-21,2023-03-21,0.00468296
2023-03-22,2023-03-22,0.00271456
2023-03-23,2023-03-23,0.00486274
2023-03-24,2023-03-24,0.00806084
2023-03-25,2023-03-25,-0.00075864
2023-03-26,2023-03-26,0.00118629
2023-03-27,2023-03-27,0.0024426
2023-03-28,2023-03-28,0.00428561
2023-03-29,2023-03-29,0.00716467
2023-03-30,2023-03-30,0.00335788
2023-03-31,2023-03-31,0.00466249
2023-04-01,2023-04-01,0.00841146
2023-04-02,2023-04-02,0.00457236
2023-04-03,2023-04-03,0.00217513
2023-04-04,2023-04-04,-0.00180358
2023-04-05,2023-04-05,0.00544571
2023-04-06,2023-04-06,0.00127704
2023-04-07,2023-04-07,2.443e-05
2023-04-08,2023-04-08,0.00160371
2023-04-09,2023-04-09,0.00063083
2023-04-10,2023-04-10,0.00953207
2023-04-11,2023-04-11,0.00995518
2023-04-12,2023-04-12,0.0069996
2023-04-13,2023-04-13,0.00643349
2023-04-14,2023-04-14,0.00576928
2023-04-15,2023-04-15,0.00747616
2023-04-16,2023-04-16,0.00990455
2023-04-17,2023-04-17,0.00821944
2023-04-18,2023-04-18,0.00540497
2023-04-19,2023-04-19,0.00265436
2023-04-20,2023-04-20,0.00723323
2023-04-21,2023-04-21,0.00929492
2023-04-22,2023-04-22,0.0060035
2023-04-23,2023-04-23,0.00308881
2023-04-24,2023-04-24,0.00414829
2023-04-25,2023-04-25,0.0073125
2023-04-26,2023-04-26,0.00433289
2023-04-27,2023-04-27,0.00561069
2023-04-28,2023-04-28,0.00662106
2023-04-29,2023-04-29,0.00517228
2023-04-30,2023-04-30,0.00481025
2023-05-01,2023-05-01,0.00112905
2023-05-02,2023-05-02,0.00291342
2023-05-03,2023-05-03,0.00753903
2023-05-04,2023-05-04,0.00753997
2023-05-05,2023-05-05,0.00766788
2023-05-06,2023-05-06,0.00873319
2023-05-07,2023-05-07,0.00519897
2023-05-08,2023-05-08,0.00281319
2023-05-09,2023-05-09,0.00523856
2023-05-10,2023-05-10,0.0027319
2023-05-11,2023-05-11,0.00645333
2023-05-12,2023-05-12,0.00403479
2023-05-13,2023-05-13,0.00366301
2023-05-14,2023-05-14,0.00346024
2023-05-15,2023-05-15,0.00038825
2023-05-16,2023-05-16,0.00569274
2023-05-17,2023-05-17,0.00818979
2023-05-18,2023-05-18,0.00758664
2023-05-19,2023-05-19,0.00404495
2023-05-20,2023-05-20,0.00381104
2023-05-21,2023-05-21,0.00619348
2023-05-22,2023-05-22,0.00461674
2023-05-23,2023-05-23,0.01
2023-05-24,2023-05-24,0.00492898
2023-05-25,2023-05-25,0.00945292
2023-05-26,2023-05-26,0.00791006
2023-05-27,2023-05-27,0.00897357
2023-05-28,2023-05-28,0.00917354
2023-05-29,2023-05-29,0.00982939
2023-05-30,2023-05-30,0.0052893
2023-05-31,2023-05-31,0.00633363
2023-06-01,2023-06-01,0.00777068
2023-06-02,2023-06-02,0.00879046
2023-06-03,2023-06-03,0.00829998
2023-06-04,2023-06-04,0.00923123
2023-06-05,2023-06-05,0.0051137
2023-06-06,2023-06-06,0.00255168
2023-06-07,2023-06-07,0.00809753
2023-06-08,2023-06-08,0.00382677
2023-06-09,2023-06-09,0.0080996
2023-06-10,2023-06-10,0.00471602
2023-06-11,2023-06-11,0.00611794
2023-06-12,2023-06-12,0.00546796
2023-06-13,2023-06-13,0.0068174
2023-06-14,2023-06-14,0.00308648
2023-06-15,2023-06-15,0.00455586
2023-06-16,2023-06-16,0.00215862
2023-06-17,2023-06-17,0.00766667
2023-06-18,2023-06-18,0.00695099
2023-06-19,2023-06-19,0.00667628
2023-06-20,2023-06-20,0.00113003
2023-06-21,2023-06-21,0.00870948
2023-06-22,2023-06-22,0.00980809
2023-06-23,2023-06-23,0.0099234
2023-06-24,2023-06-24,0.01
2023-06-25,2023-06-25,0.01
2023-06-26,2023-06-26,0.01
2023-06-27,2023-06-27,0.00988174
2023-06-28,2023-06-28,0.00702008
2023-06-29,2023-06-29,0.0097726
2023-06-30,2023-06-30,0.01
2023-07-01,2023-07-01,0.01
2023-07-02,2023-07-02,0.01
2023-07-03,2023-07-03,0.01
2023-07-04,2023-07-04,0.01
2023-07-05,2023-07-05,0.00978153
2023-07-06,2023-07-06,0.00656572
2023-07-07,2023-07-07,0.00192281
2023-07-08,2023-07-08,0.00356935
2023-07-09,2023-07-09,0.00498141
2023-07-10,2023-07-10,0.00391695
2023-07-11,2023-07-11,0.00520518
2023-07-12,2023-07-12,0.00562151
2023-07-13,2023-07-13,0.00569754
2023-07-14,2023-07-14,0.00836797
2023-07-15,2023-07-15,0.00095284
2023-07-16,2023-07-16,0.00521247
2023-07-17,2023-07-17,0.00351428
2023-07-18,2023-07-18,0.0071801
2023-07-19,2023-07-19,0.00739388
2023-07-20,2023-07-20,0.00565688
2023-07-21,2023-07-21,0.00311008
2023-07-22,2023-07-22,0.00232762
2023-07-23,2023-07-23,0.00943177
2023-07-24,2023-07-24,0.00748954
2023-07-25,2023-07-25,0.00814559
2023-07-26,2023-07-26,0.00750864
2023-07-27,2023-07-27,0.00357819
2023-07-28,2023-07-28,0.00776519
2023-07-29,2023-07-29,0.0069373
2023-07-30,2023-07-30,0.00534577
2023-07-31,2023-07-31,0.00684707
2023-08-01,2023-08-01,0.00805906
2023-08-02,2023-08-02,0.01
2023-08-03,2023-08-03,0.00912067
2023-08-04,2023-08-04,0.0082865
2023-08-05,2023-08-05,0.00916805
2023-08-06,2023-08-06,0.00977741
2023-08-07,2023-08-07,0.00955396
2023-08-08,2023-08-08,0.00772796
2023-08-09,2023-08-09,0.00857488
2023-08-10,2023-08-10,0.00914078
2023-08-11,2023-08-11,0.00949099
2023-08-12,2023-08-12,0.0097514
2023-08-13,2023-08-13,0.00864144
2023-08-14,2023-08-14,0.00999126
2023-08-15,2023-08-15,0.00930123
2023-08-16,2023-08-16,0.01
2023-08-17,2023-08-17,0.00946265
2023-08-18,2023-08-18,0.00365772
2023-08-19,2023-08-19,-0.00315649
2023-08-20,2023-08-20,-0.00269154
2023-08-21,2023-08-21,-0.00042125
2023-08-22,2023-08-22,0.00087756
2023-08-23,2023-08-23,-0.0004266
2023-08-24,2023-08-24,0.00241046
2023-08-25,2023-08-25,0.00354061
2023-08-26,2023-08-26,0.00309864
2023-08-27,2023-08-27,0.00166685
2023-08-28,2023-08-28,0.00292128
2023-08-29,2023-08-29,0.00090781
2023-08-30,2023-08-30,0.00444745
2023-08-31,2023-08-31,0.00583954
2023-09-01,2023-09-01,0.00572322
2023-09-02,2023-09-02,0.00194584
2023-09-03,2023-09-03,0.00189601
2023-09-04,2023-09-04,0.00122123
2023-09-05,2023-09-05,0.00193551
2023-09-06,2023-09-06,0.00105143
2023-09-07,2023-09-07,0.00339554
2023-09-08,2023-09-08,-0.00292931
2023-09-09,2023-09-09,-0.00041229
2023-09-10,2023-09-10,0.00275729
2023-09-11,2023-09-11,0.00091524
2023-09-12,2023-09-12,0.00259087
2023-09-13,2023-09-13,0.00166916
2023-09-14,2023-09-14,-0.00095635
2023-09-15,2023-09-15,0.00068472
2023-09-16,2023-09-16,-0.00094394
2023-09-17,2023-09-17,0.0007161
2023-09-18,2023-09-18,-0.00164667
2023-09-19,2023-09-19,-0.00132426
2023-09-20,2023-09-20,-0.00214742
2023-09-21,2023-09-21,0.00438298
2023-09-22,2023-09-22,0.00209121
2023-09-23,2023-09-23,0.00163603
2023-09-24,2023-09-24,0.00278642
2023-09-25,2023-09-25,0.00245563
2023-09-26,2023-09-26,0.00274114
2023-09-27,2023-09-27,0.00385507
2023-09-28,2023-09-28,-0.00429254
2023-09-29,2023-09-29,-0.00062977
2023-09-30,2023-09-30,0.00075896
2023-10-01,2023-10-01,-0.00034401
2023-10-02,2023-10-02,0.00190584
2023-10-03,2023-10-03,0.00342354
2023-10-04,2023-10-04,0.00145694
2023-10-05,2023-10-05,-0.00250784
2023-10-06,2023-10-06,-0.00124193
2023-10-07,2023-10-07,0.00203131
2023-10-08,2023-10-08,0.00320444
2023-10-09,2023-10-09,0.00514485
2023-10-10,2023-10-10,0.00417881
2023-10-11,2023-10-11,0.00797278
2023-10-12,2023-10-12,0.0070254
2023-10-13,2023-10-13,0.0026448
2023-10-14,2023-10-14,0.000335
2023-10-15,2023-10-15,0.00281452
2023-10-16,2023-10-16,0.0011972
2023-10-17,2023-10-17,-0.00141522
2023-10-18,2023-10-18,-0.00133801
2023-10-19,2023-10-19,-0.00660201
2023-10-20,2023-10-20,0.00018463
2023-10-21,2023-10-21,0.00433578
2023-10-22,2023-10-22,0.00413449
2023-10-23,2023-10-23,0.00595815
2023-10-24,2023-10-24,0.01
2023-10-25,2023-10-25,0.01
2023-10-26,2023-10-26,0.01
2023-10-27,2023-10-27,0.01
2023-10-28,2023-10-28,0.01
2023-10-29,2023-10-29,0.01
2023-10-30,2023-10-30,0.01
2023-10-31,2023-10-31,0.01
2023-11-01,2023-11-01,0.01
2023-11-02,2023-11-02,0.01
2023-11-03,2023-11-03,0.01
2023-11-04,2023-11-04,0.01
2023-11-05,2023-11-05,0.01
2023-11-06,2023-11-06,0.01
2023-11-07,2023-11-07,0.01
2023-11-08,2023-11-08,0.01
2023-11-09,2023-11-09,0.01451483
2023-11-10,2023-11-10,0.01199655
2023-11-11,2023-11-11,0.01459814
2023-11-12,2023-11-12,0.02768894
2023-11-13,2023-11-13,0.02011053
2023-11-14,2023-11-14,0.01659324
2023-11-15,2023-11-15,0.01
2023-11-16,2023-11-16,0.01414418
2023-11-17,2023-11-17,0.01
2023-11-18,2023-11-18,0.01
2023-11-19,2023-11-19,0.01
2023-11-20,2023-11-20,0.01
2023-11-21,2023-11-21,0.01
2023-11-22,2023-11-22,0.01
2023-11-23,2023-11-23,0.01
2023-11-24,2023-11-24,0.01
2023-11-25,2023-11-25,0.01
2023-11-26,2023-11-26,0.01
2023-11-27,2023-11-27,0.01
2023-11-28,2023-11-28,0.01
2023-11-29,2023-11-29,0.01
2023-11-30,2023-11-30,0.01
2023-12-01,2023-12-01,0.00999997
2023-12-02,2023-12-02,0.00704871
2023-12-03,2023-12-03,0.01
2023-12-04,2023-12-04,0.01
2023-12-05,2023-12-05,0.01
2023-12-06,2023-12-06,0.01
2023-12-07,2023-12-07,0.01015196
2023-12-08,2023-12-08,0.0173345
2023-12-09,2023-12-09,0.02201076
2023-12-10,2023-12-10,0.01952611
2023-12-11,2023-12-11,0.01075196
2023-12-12,2023-12-12,0.0119708
2023-12-13,2023-12-13,0.01185269
2023-12-14,2023-12-14,0.01
2023-12-15,2023-12-15,0.01
2023-12-16,2023-12-16,0.01004944
2023-12-17,2023-12-17,0.01180054
2023-12-18,2023-12-18,0.01163696
2023-12-19,2023-12-19,0.01115968
2023-12-20,2023-12-20,0.01612594
2023-12-21,2023-12-21,0.03130501
2023-12-22,2023-12-22,0.02438854
2023-12-23,2023-12-23,0.01224654
2023-12-24,2023-12-24,0.01732454
2023-12-25,2023-12-25,0.02575734
2023-12-26,2023-12-26,0.03462451
2023-12-27,2023-12-27,0.03166365
2023-12-28,2023-12-28,0.0429105
2023-12-29,2023-12-29,0.04761972
2023-12-30,2023-12-30,0.03746166
2023-12-31,2023-12-31,0.03526833
2024-01-01,2024-01-01,0.03577542
2024-01-02,2024-01-02,0.0503623
2024-01-03,2024-01-03,0.01460901
2024-01-04,2024-01-04,0.01
2024-01-05,2024-01-05,0.01
2024-01-06,2024-01-06,0.01
2024-01-07,2024-01-07,0.01
2024-01-08,2024-01-08,0.01
2024-01-09,2024-01-09,0.01
2024-01-10,2024-01-10,0.01
2024-01-11,2024-01-11,0.01
2024-01-12,2024-01-12,0.01085652
2024-01-13,2024-01-13,0.01
2024-01-14,2024-01-14,0.01
2024-01-15,2024-01-15,0.01
2024-01-16,2024-01-16,0.01
2024-01-17,2024-01-17,0.01
2024-01-18,2024-01-18,0.01
2024-01-19,2024-01-19,0.01
2024-01-20,2024-01-20,0.01
2024-01-21,2024-01-21,0.01
2024-01-22,2024-01-22,0.01
2024-01-23,2024-01-23,0.01
2024-01-24,2024-01-24,0.01
2024-01-25,2024-01-25,0.01
2024-01-26,2024-01-26,0.00984674
2024-01-27,2024-01-27,0.00970909
2024-01-28,2024-01-28,0.00833055
2024-01-29,2024-01-29,0.00983725
2024-01-30,2024-01-30,0.00672812
2024-01-31,2024-01-31,0.00937971
2024-02-01,2024-02-01,0.01
2024-02-02,2024-02-02,0.00902896
2024-02-03,2024-02-03,0.00932061
2024-02-04,2024-02-04,0.00935333
2024-02-05,2024-02-05,0.00995864
2024-02-06,2024-02-06,0.0091614
2024-02-07,2024-02-07,0.00786108
2024-02-08,2024-02-08,0.00546299
2024-02-09,2024-02-09,0.00744581
2024-02-10,2024-02-10,0.00997212
2024-02-11,2024-02-11,0.01
2024-02-12,2024-02-12,0.01
2024-02-13,2024-02-13,0.01
2024-02-14,2024-02-14,0.01032452
2024-02-15,2024-02-15,0.01
2024-02-16,2024-02-16,0.01138723
2024-02-17,2024-02-17,0.01265266
2024-02-18,2024-02-18,0.01634623
2024-02-19,2024-02-19,0.01619108
2024-02-20,2024-02-20,0.01318822
2024-02-21,2024-02-21,0.01027806
2024-02-22,2024-02-22,0.01163703
2024-02-23,2024-02-23,0.01187243
2024-02-24,2024-02-24,0.01003332
2024-02-25,2024-02-25,0.01540486
2024-02-26,2024-02-26,0.02574086
2024-02-27,2024-02-27,0.04543725
2024-02-28,2024-02-28,0.05112244
2024-02-29,2024-02-29,0.0732818
2024-03-01,2024-03-01,0.05587864
2024-03-02,2024-03-02,0.05652118
2024-03-03,2024-03-03,0.04789808
2024-03-04,2024-03-04,0.06250599
2024-03-05,2024-03-05,0.07887387
2024-03-06,2024-03-06,0.03840476
2024-03-07,2024-03-07,0.04437566
2024-03-08,2024-03-08,0.0435441
2024-03-09,2024-03-09,0.02901882
2024-03-10,2024-03-10,0.05454584
2024-03-11,2024-03-11,0.06374805
2024-03-12,2024-03-12,0.04747114
2024-03-13,2024-03-13,0.04780733
2024-03-14,2024-03-14,0.03741991
2024-03-15,2024-03-15,0.02007064
2024-03-16,2024-03-16,0.0197725
2024-03-17,2024-03-17,0.01995308
2024-03-18,2024-03-18,0.02847769
2024-03-19,2024-03-19,0.02317695
2024-03-20,2024-03-20,0.01700925
2024-03-21,2024-03-21,0.01915549
2024-03-22,2024-03-22,0.0112868
2024-03-23,2024-03-23,0.0114912
2024-03-24,2024-03-24,0.01620251
2024-03-25,2024-03-25,0.02468944
2024-03-26,2024-03-26,0.0258169
2024-03-27,2024-03-27,0.03279905
2024-03-28,2024-03-28,0.0271968
2024-03-29,2024-03-29,0.02542674
2024-03-30,2024-03-30,0.03188589
2024-03-31,2024-03-31,0.04482617
2024-04-01,2024-04-01,0.03517021
2024-04-02,2024-04-02,0.01275318
2024-04-03,2024-04-03,0.01
2024-04-04,2024-04-04,0.01
2024-04-05,2024-04-05,0.01
2024-04-06,2024-04-06,0.01
2024-04-07,2024-04-07,0.01
2024-04-08,2024-04-08,0.0202846
2024-04-09,2024-04-09,0.01970703
2024-04-10,2024-04-10,0.01341667
2024-04-11,2024-04-11,0.01913337
2024-04-12,2024-04-12,0.01838348
2024-04-13,2024-04-13,0.01
2024-04-14,2024-04-14,0.01
2024-04-15,2024-04-15,0.00687363
2024-04-16,2024-04-16,0.0070393
2024-04-17,2024-04-17,0.00557326
2024-04-18,2024-04-18,0.00236655
2024-04-19,2024-04-19,0.00554737
2024-04-20,2024-04-20,0.00381411
2024-04-21,2024-04-21,0.00408288
2024-04-22,2024-04-22,0.00199741
2024-04-23,2024-04-23,0.00215741
2024-04-24,2024-04-24,0.0054198
2024-04-25,2024-04-25,0.00344511
2024-04-26,2024-04-26,0.00522521
2024-04-27,2024-04-27,0.00512507
2024-04-28,2024-04-28,0.00068245
2024-04-29,2024-04-29,0.0048765
2024-04-30,2024-04-30,0.0099604
2024-05-01,2024-05-01,0.00865649
2024-05-02,2024-05-02,0.0021943
2024-05-03,2024-05-03,0.00148332
2024-05-04,2024-05-04,0.00713852
2024-05-05,2024-05-05,0.00193991
2024-05-06,2024-05-06,0.00333887
2024-05-07,2024-05-07,0.00572552
2024-05-08,2024-05-08,0.00821188
2024-05-09,2024-05-09,0.00405531
2024-05-10,2024-05-10,0.0061553
2024-05-11,2024-05-11,0.0041181
2024-05-12,2024-05-12,0.00710491
2024-05-13,2024-05-13,0.0089677
2024-05-14,2024-05-14,0.00855385
2024-05-15,2024-05-15,0.00147914
2024-05-16,2024-05-16,0.00535606
2024-05-17,2024-05-17,0.00124807
2024-05-18,2024-05-18,0.00332774
2024-05-19,2024-05-19,0.00641245
2024-05-20,2024-05-20,0.004186
2024-05-21,2024-05-21,0.01219611
2024-05-22,2024-05-22,0.01117878
2024-05-23,2024-05-23,0.01013625
2024-05-24,2024-05-24,0.01
2024-05-25,2024-05-25,0.01
2024-05-26,2024-05-26,0.01
2024-05-27,2024-05-27,0.01194159
2024-05-28,2024-05-28,0.01
2024-05-29,2024-05-29,0.01179493
2024-05-30,2024-05-30,0.01043699
2024-05-31,2024-05-31,0.01092737
2024-06-01,2024-06-01,0.01092109
2024-06-02,2024-06-02,0.01033541
2024-06-03,2024-06-03,0.01152315
2024-06-04,2024-06-04,0.01023041
2024-06-05,2024-06-05,0.01323322
2024-06-06,2024-06-06,0.01206336
2024-06-07,2024-06-07,0.01021135
2024-06-08,2024-06-08,0.01
2024-06-09,2024-06-09,0.01
2024-06-10,2024-06-10,0.01
2024-06-11,2024-06-11,0.01
2024-06-12,2024-06-12,0.01
2024-06-13,2024-06-13,0.01
2024-06-14,2024-06-14,0.01
2024-06-15,2024-06-15,0.01
2024-06-16,2024-06-16,0.01
2024-06-17,2024-06-17,0.01
2024-06-18,2024-06-18,0.00921259
2024-06-19,2024-06-19,0.00470885
2024-06-20,2024-06-20,0.00660158
2024-06-21,2024-06-21,0.00874974
2024-06-22,2024-06-22,0.00858359
2024-06-23,2024-06-23,0.00598565
2024-06-24,2024-06-24,0.00951755
2024-06-25,2024-06-25,0.0068601
2024-06-26,2024-06-26,0.00990358
2024-06-27,2024-06-27,0.01
2024-06-28,2024-06-28,0.01
2024-06-29,2024-06-29,0.01
2024-06-30,2024-06-30,0.01
2024-07-01,2024-07-01,0.01
2024-07-02,2024-07-02,0.01
2024-07-03,2024-07-03,0.01
2024-07-04,2024-07-04,0.01
2024-07-05,2024-07-05,0.00676998
2024-07-06,2024-07-06,0.00526778
2024-07-07,2024-07-07,0.00989427
2024-07-08,2024-07-08,0.00890841
2024-07-09,2024-07-09,0.00804834
2024-07-10,2024-07-10,0.00899753
2024-07-11,2024-07-11,0.00903169
2024-07-12,2024-07-12,0.0056975
2024-07-13,2024-07-13,0.00808576
2024-07-14,2024-07-14,0.00586872
2024-07-15,2024-07-15,0.0013888
2024-07-16,2024-07-16,0.00148981
2024-07-17,2024-07-17,0.00235685
2024-07-18,2024-07-18,0.00282268
2024-07-19,2024-07-19,0.00235454
2024-07-20,2024-07-20,0.0007044
2024-07-21,2024-07-21,0.00077849
2024-07-22,2024-07-22,0.00479332
2024-07-23,2024-07-23,0.00512695
2024-07-24,2024-07-24,0.01
2024-07-25,2024-07-25,0.01
2024-07-26,2024-07-26,0.00719095
2024-07-27,2024-07-27,0.00848822
2024-07-28,2024-07-28,0.00693712
2024-07-29,2024-07-29,0.00734192
2024-07-30,2024-07-30,0.00504074
2024-07-31,2024-07-31,0.00549908
2024-08-01,2024-08-01,0.00937617
2024-08-02,2024-08-02,0.01
2024-08-03,2024-08-03,0.00891966
2024-08-04,2024-08-04,0.00914989
2024-08-05,2024-08-05,0.0039362
2024-08-06,2024-08-06,-0.00076065
2024-08-07,2024-08-07,0.0002117
2024-08-08,2024-08-08,0.0018782
2024-08-09,2024-08-09,0.00358363
2024-08-10,2024-08-10,-0.00122517
2024-08-11,2024-08-11,0.00132582
2024-08-12,2024-08-12,0.00441982
2024-08-13,2024-08-13,0.00058268
2024-08-14,2024-08-14,-0.00496701
2024-08-15,2024-08-15,-0.00378119
2024-08-16,2024-08-16,-0.00392173
2024-08-17,2024-08-17,0.00262391
2024-08-18,2024-08-18,-0.00136386
2024-08-19,2024-08-19,-0.00493004
2024-08-20,2024-08-20,-0.00149061
2024-08-21,2024-08-21,-0.00180085
2024-08-22,2024-08-22,-0.00371844
2024-08-23,2024-08-23,-0.00215771
2024-08-24,2024-08-24,0.0022521
2024-08-25,2024-08-25,0.00025037
2024-08-26,2024-08-26,0.00118187
2024-08-27,2024-08-27,0.00467552
2024-08-28,2024-08-28,-0.00165018
2024-08-29,2024-08-29,3.85e-06
2024-08-30,2024-08-30,0.00126901
2024-08-31,2024-08-31,0.00277118
2024-09-01,2024-09-01,-0.00178571
2024-09-02,2024-09-02,0.00123428
2024-09-03,2024-09-03,0.00363095
2024-09-04,2024-09-04,0.00186083
2024-09-05,2024-09-05,0.00422227
2024-09-06,2024-09-06,0.00076162
2024-09-07,2024-09-07,-0.00454286
2024-09-08,2024-09-08,-0.0049578
2024-09-09,2024-09-09,-0.00807956
2024-09-10,2024-09-10,-0.00334069
2024-09-11,2024-09-11,-0.00381406
2024-09-12,2024-09-12,-0.00210093
2024-09-13,2024-09-13,-0.00246639
2024-09-14,2024-09-14,-0.00170848
2024-09-15,2024-09-15,0.00109424
2024-09-16,2024-09-16,0.00545795
2024-09-17,2024-09-17,0.00386816
2024-09-18,2024-09-18,0.00226758
2024-09-19,2024-09-19,0.00415516
2024-09-20,2024-09-20,0.0044297
2024-09-21,2024-09-21,0.00856895
2024-09-22,2024-09-22,0.00734828
2024-09-23,2024-09-23,0.00439651
2024-09-24,2024-09-24,0.0014084
2024-09-25,2024-09-25,0.00147139
2024-09-26,2024-09-26,0.00694234
2024-09-27,2024-09-27,0.00517166
2024-09-28,2024-09-28,0.00538939
2024-09-29,2024-09-29,0.00489623
2024-09-30,2024-09-30,0.00748511
2024-10-01,2024-10-01,0.00928699
2024-10-02,2024-10-02,0.0068861
2024-10-03,2024-10-03,0.0061295
2024-10-04,2024-10-04,0.00173988
2024-10-05,2024-10-05,0.00068476
2024-10-06,2024-10-06,0.00279905
2024-10-07,2024-10-07,0.00138739
2024-10-08,2024-10-08,0.00664023
2024-10-09,2024-10-09,0.00719181
2024-10-10,2024-10-10,0.00463785
2024-10-11,2024-10-11,-0.00095354
2024-10-12,2024-10-12,0.00269066
2024-10-13,2024-10-13,0.003022
2024-10-14,2024-10-14,0.00858316
2024-10-15,2024-10-15,0.00964031
2024-10-16,2024-10-16,0.00969319
2024-10-17,2024-10-17,0.00995509
2024-10-18,2024-10-18,0.01
2024-10-19,2024-10-19,0.01
2024-10-20,2024-10-20,0.01
2024-10-21,2024-10-21,0.01
2024-10-22,2024-10-22,0.01
2024-10-23,2024-10-23,0.01
2024-10-24,2024-10-24,0.01
2024-10-25,2024-10-25,0.00929641
2024-10-26,2024-10-26,0.00926038
2024-10-27,2024-10-27,0.00974044
2024-10-28,2024-10-28,0.00980794
2024-10-29,2024-10-29,0.01
2024-10-30,2024-10-30,0.01
2024-10-31,2024-10-31,0.01
2024-11-01,2024-11-01,0.01
2024-11-02,2024-11-02,0.01
2024-11-03,2024-11-03,0.01
2024-11-04,2024-11-04,0.01
2024-11-05,2024-11-05,0.00994144
2024-11-06,2024-11-06,0.00998148
2024-11-07,2024-11-07,0.01
2024-11-08,2024-11-08,0.01
2024-11-09,2024-11-09,0.01
2024-11-10,2024-11-10,0.02005148
2024-11-11,2024-11-11,0.0161102
2024-11-12,2024-11-12,0.04343256
2024-11-13,2024-11-13,0.01385577
2024-11-14,2024-11-14,0.01
2024-11-15,2024-11-15,0.01129106
2024-11-16,2024-11-16,0.01197493
2024-11-17,2024-11-17,0.01235219
2024-11-18,2024-11-18,0.02669843
2024-11-19,2024-11-19,0.02225066
2024-11-20,2024-11-20,0.01
2024-11-21,2024-11-21,0.01
2024-11-22,2024-11-22,0.01122
2024-11-23,2024-11-23,0.01
2024-11-24,2024-11-24,0.02069714
2024-11-25,2024-11-25,0.01702928
2024-11-26,2024-11-26,0.02708234
2024-11-27,2024-11-27,0.01568009
2024-11-28,2024-11-28,0.01470721
2024-11-29,2024-11-29,0.01584249
