start_time,date,netflow_total
2021-01-01,2021-01-01,2014.2419758200012
2021-01-02,2021-01-02,921.5176931499992
2021-01-03,2021-01-03,5649.254692569997
2021-01-04,2021-01-04,-2530.9285505400003
2021-01-05,2021-01-05,-3179.502746510001
2021-01-06,2021-01-06,-5332.450145810002
2021-01-07,2021-01-07,1040.8527190099994
2021-01-08,2021-01-08,4641.8022021
2021-01-09,2021-01-09,1425.108578469999
2021-01-10,2021-01-10,7320.685251839999
2021-01-11,2021-01-11,-1110.5804648400008
2021-01-12,2021-01-12,3331.367809769999
2021-01-13,2021-01-13,-1358.6571326400008
2021-01-14,2021-01-14,-2935.882460109998
2021-01-15,2021-01-15,1841.1536475499995
2021-01-16,2021-01-16,-1830.114770080001
2021-01-17,2021-01-17,678.7084397399994
2021-01-18,2021-01-18,1242.373681430001
2021-01-19,2021-01-19,-3347.6898360999985
2021-01-20,2021-01-20,4723.669927949999
2021-01-21,2021-01-21,-511.42552010000145
2021-01-22,2021-01-22,393.1736839299992
2021-01-23,2021-01-23,-1208.3565655700004
2021-01-24,2021-01-24,-216.83104937000007
2021-01-25,2021-01-25,512.1744694400004
2021-01-26,2021-01-26,1574.9205941
2021-01-27,2021-01-27,-2421.61177942
2021-01-28,2021-01-28,3493.64784179
2021-01-29,2021-01-29,6220.832109129995
2021-01-30,2021-01-30,-1046.7994100100004
2021-01-31,2021-01-31,-2460.5268801799994
2021-02-01,2021-02-01,-2468.4647655499994
2021-02-02,2021-02-02,-655.9883401900006
2021-02-03,2021-02-03,-1282.19817729
2021-02-04,2021-02-04,-3666.9264791900023
2021-02-05,2021-02-05,-2289.925078890001
2021-02-06,2021-02-06,9381.468428430002
2021-02-07,2021-02-07,-397.07909049999944
2021-02-08,2021-02-08,7944.23382637
2021-02-09,2021-02-09,-2040.606782750001
2021-02-10,2021-02-10,1542.7929374300002
2021-02-11,2021-02-11,2522.4401263599993
2021-02-12,2021-02-12,-841.3110344299985
2021-02-13,2021-02-13,796.9660442500008
2021-02-14,2021-02-14,2686.58306248
2021-02-15,2021-02-15,-2376.456943019999
2021-02-16,2021-02-16,4528.921334830002
2021-02-17,2021-02-17,2076.9301644800016
2021-02-18,2021-02-18,-3460.538357989999
2021-02-19,2021-02-19,4210.380282049999
2021-02-20,2021-02-20,3592.9505222199987
2021-02-21,2021-02-21,3891.24040511
2021-02-22,2021-02-22,-3996.94083507
2021-02-23,2021-02-23,-6718.814810190004
2021-02-24,2021-02-24,63.009732990001794
2021-02-25,2021-02-25,2233.3736808999984
2021-02-26,2021-02-26,2279.26136357
2021-02-27,2021-02-27,1646.445778379999
2021-02-28,2021-02-28,2201.7453776400016
2021-03-01,2021-03-01,-4059.9334880199985
2021-03-02,2021-03-02,-233.86842670999977
2021-03-03,2021-03-03,6509.96201562
2021-03-04,2021-03-04,2954.4285111400004
2021-03-05,2021-03-05,1676.0532889300011
2021-03-06,2021-03-06,2647.439079160001
2021-03-07,2021-03-07,-1091.8234793799984
2021-03-08,2021-03-08,-1194.749561829998
2021-03-09,2021-03-09,2839.3151643599995
2021-03-10,2021-03-10,727.9456580699989
2021-03-11,2021-03-11,1155.87960801
2021-03-12,2021-03-12,-188.06937831999855
2021-03-13,2021-03-13,3983.30105926
2021-03-14,2021-03-14,4646.6641546500005
2021-03-15,2021-03-15,-1677.1269689100009
2021-03-16,2021-03-16,-1880.43877721
2021-03-17,2021-03-17,2664.7757839299993
2021-03-18,2021-03-18,589.7704123400017
2021-03-19,2021-03-19,-966.845811950001
2021-03-20,2021-03-20,-2713.2355470500006
2021-03-21,2021-03-21,2032.87055821
2021-03-22,2021-03-22,2585.9444658400007
2021-03-23,2021-03-23,1108.2711517400005
2021-03-24,2021-03-24,3351.672681780001
2021-03-25,2021-03-25,-4973.04647913
2021-03-26,2021-03-26,5092.52287515
2021-03-27,2021-03-27,672.040879520001
2021-03-28,2021-03-28,1030.9695825
2021-03-29,2021-03-29,4081.3499206000015
2021-03-30,2021-03-30,1657.1838363100014
2021-03-31,2021-03-31,2287.0293479499996
2021-04-01,2021-04-01,307.0282097799991
2021-04-02,2021-04-02,1824.8281985400008
2021-04-03,2021-04-03,793.8307628799994
2021-04-04,2021-04-04,-2165.00025086
2021-04-05,2021-04-05,389.8980071499991
2021-04-06,2021-04-06,-25189.070462180003
2021-04-07,2021-04-07,-212.6878533199997
2021-04-08,2021-04-08,-3477.1793109600003
2021-04-09,2021-04-09,5764.75954877
2021-04-10,2021-04-10,7361.301805049998
2021-04-11,2021-04-11,434.4005502299997
2021-04-12,2021-04-12,6902.2875504700005
2021-04-13,2021-04-13,7660.653644739999
2021-04-14,2021-04-14,2880.975200740002
2021-04-15,2021-04-15,1912.3183211099984
2021-04-16,2021-04-16,-9927.866466839998
2021-04-17,2021-04-17,693.9705896100004
2021-04-18,2021-04-18,-7845.451831570004
2021-04-19,2021-04-19,-10674.940244769998
2021-04-20,2021-04-20,3601.308166040002
2021-04-21,2021-04-21,3255.8611164199974
2021-04-22,2021-04-22,9243.4235405
2021-04-23,2021-04-23,226.11921835000248
2021-04-24,2021-04-24,891.4980778099998
2021-04-25,2021-04-25,-3020.963237089999
2021-04-26,2021-04-26,152.25554528000066
2021-04-27,2021-04-27,3934.079989509999
2021-04-28,2021-04-28,3465.5011616400006
2021-04-29,2021-04-29,1860.49330946
2021-04-30,2021-04-30,5168.110974059999
2021-05-01,2021-05-01,51.071057250001104
2021-05-02,2021-05-02,190.60958003999983
2021-05-03,2021-05-03,3649.03221139
2021-05-04,2021-05-04,3742.379389670001
2021-05-05,2021-05-05,-657.5344377799993
2021-05-06,2021-05-06,533.2196822699989
2021-05-07,2021-05-07,3024.3802918399997
2021-05-08,2021-05-08,3583.195835209999
2021-05-09,2021-05-09,5166.415418279999
2021-05-10,2021-05-10,2717.484255309999
2021-05-11,2021-05-11,-816.305839239998
2021-05-12,2021-05-12,8863.395023680001
2021-05-13,2021-05-13,282.154850540006
2021-05-14,2021-05-14,5457.7820855300015
2021-05-15,2021-05-15,3.244393169999966
2021-05-16,2021-05-16,910.8467494899996
2021-05-17,2021-05-17,7795.756818020003
2021-05-18,2021-05-18,1779.6951434099974
2021-05-19,2021-05-19,21316.34390146
2021-05-20,2021-05-20,1811.6872821700017
2021-05-21,2021-05-21,1216.720940500003
2021-05-22,2021-05-22,2386.5830250699983
2021-05-23,2021-05-23,8436.085282929998
2021-05-24,2021-05-24,-8837.74647671
2021-05-25,2021-05-25,5387.852875500001
2021-05-26,2021-05-26,516.5779487200016
2021-05-27,2021-05-27,-1069.0397695899992
2021-05-28,2021-05-28,3312.494268980001
2021-05-29,2021-05-29,3449.94182948
2021-05-30,2021-05-30,-712.8471510600011
2021-05-31,2021-05-31,-4365.92666234
2021-06-01,2021-06-01,-1314.9815814100002
2021-06-02,2021-06-02,1725.79188945
2021-06-03,2021-06-03,-1407.9018389499995
2021-06-04,2021-06-04,-779.3462935399984
2021-06-05,2021-06-05,1015.8560320399991
2021-06-06,2021-06-06,1119.80792277
2021-06-07,2021-06-07,2753.476473249999
2021-06-08,2021-06-08,-161.7425997600003
2021-06-09,2021-06-09,1808.8107918899989
2021-06-10,2021-06-10,5135.6091442100005
2021-06-11,2021-06-11,2804.350711179999
2021-06-12,2021-06-12,893.4415124799998
2021-06-13,2021-06-13,406.63352440000017
2021-06-14,2021-06-14,1927.8868025699992
2021-06-15,2021-06-15,3610.810955339999
2021-06-16,2021-06-16,2800.6042737499993
2021-06-17,2021-06-17,-2862.7754154299982
2021-06-18,2021-06-18,-1047.1125765900033
2021-06-19,2021-06-19,1015.3247391199992
2021-06-20,2021-06-20,1086.8071214499996
2021-06-21,2021-06-21,4868.9573184
2021-06-22,2021-06-22,-2671.3292791700005
2021-06-23,2021-06-23,2554.733422049998
2021-06-24,2021-06-24,4373.54248063
2021-06-25,2021-06-25,4692.487087320002
2021-06-26,2021-06-26,-3171.4260739799993
2021-06-27,2021-06-27,-4790.4300367000005
2021-06-28,2021-06-28,-3660.04001393
2021-06-29,2021-06-29,2331.982902560001
2021-06-30,2021-06-30,-1651.8960334900005
2021-07-01,2021-07-01,-2277.74342248
2021-07-02,2021-07-02,-1738.67805314
2021-07-03,2021-07-03,-956.4001859299996
2021-07-04,2021-07-04,2356.56391258
2021-07-05,2021-07-05,-1091.6362237700005
2021-07-06,2021-07-06,-261.46434649
2021-07-07,2021-07-07,-8568.368109639998
2021-07-08,2021-07-08,228.4859791200015
2021-07-09,2021-07-09,2091.245081160001
2021-07-10,2021-07-10,-367.18921406999925
2021-07-11,2021-07-11,-1084.0977268000006
2021-07-12,2021-07-12,771.7872101599987
2021-07-13,2021-07-13,78.91376529000081
2021-07-14,2021-07-14,-1223.5633254500008
2021-07-15,2021-07-15,4166.678150420001
2021-07-16,2021-07-16,1797.2332042199996
2021-07-17,2021-07-17,-2139.96008377
2021-07-18,2021-07-18,-3832.512184830001
2021-07-19,2021-07-19,2585.9312773799993
2021-07-20,2021-07-20,-2431.913805
2021-07-21,2021-07-21,-1820.3013036699997
2021-07-22,2021-07-22,1752.9786574299997
2021-07-23,2021-07-23,-2246.7159361900012
2021-07-24,2021-07-24,-506.5090812799999
2021-07-25,2021-07-25,-3745.315838809999
2021-07-26,2021-07-26,-1653.2551413699985
2021-07-27,2021-07-27,4030.41503394
2021-07-28,2021-07-28,-21177.560835899996
2021-07-29,2021-07-29,-20227.81340897
2021-07-30,2021-07-30,380.6392897900005
2021-07-31,2021-07-31,-1171.414451570001
2021-08-01,2021-08-01,3005.32059009
2021-08-02,2021-08-02,1802.1644380899995
2021-08-03,2021-08-03,-1535.6723952400023
2021-08-04,2021-08-04,823.6945921499992
2021-08-05,2021-08-05,-538.6346799599996
2021-08-06,2021-08-06,5427.175728850001
2021-08-07,2021-08-07,-1368.5791659499992
2021-08-08,2021-08-08,1339.7378301600002
2021-08-09,2021-08-09,2843.7077147400014
2021-08-10,2021-08-10,11752.39192003
2021-08-11,2021-08-11,-12706.18113779
2021-08-12,2021-08-12,1796.9314368700016
2021-08-13,2021-08-13,1206.74118549
2021-08-14,2021-08-14,-688.8599069299999
2021-08-15,2021-08-15,-38.15872055
2021-08-16,2021-08-16,2472.986700059999
2021-08-17,2021-08-17,-998.4648259699989
2021-08-18,2021-08-18,2074.863236930001
2021-08-19,2021-08-19,-1605.6810622199991
2021-08-20,2021-08-20,1642.3754971800008
2021-08-21,2021-08-21,12898.16848594
2021-08-22,2021-08-22,-231.10015262999968
2021-08-23,2021-08-23,-169.26559891999932
2021-08-24,2021-08-24,3120.5698753999995
2021-08-25,2021-08-25,-3715.04254864
2021-08-26,2021-08-26,5443.111032410001
2021-08-27,2021-08-27,-451.8371077700013
2021-08-28,2021-08-28,871.7265757300001
2021-08-29,2021-08-29,-813.7370763899999
2021-08-30,2021-08-30,53.626257879999685
2021-08-31,2021-08-31,-130.4753525799988
2021-09-01,2021-09-01,837.5200942800002
2021-09-02,2021-09-02,455.3900718500008
2021-09-03,2021-09-03,-670.9694957700012
2021-09-04,2021-09-04,366.3496343999995
2021-09-05,2021-09-05,1080.7814806899996
2021-09-06,2021-09-06,-4698.53937701
2021-09-07,2021-09-07,6213.927993739999
2021-09-08,2021-09-08,631.7053736899998
2021-09-09,2021-09-09,41.3580782099998
2021-09-10,2021-09-10,2117.5096866799995
2021-09-11,2021-09-11,-1753.00307687
2021-09-12,2021-09-12,-1048.7858542599995
2021-09-13,2021-09-13,-4107.538428530001
2021-09-14,2021-09-14,-1563.9190574200002
2021-09-15,2021-09-15,-1353.5491521000004
2021-09-16,2021-09-16,1935.808601229999
2021-09-17,2021-09-17,1733.7816285699992
2021-09-18,2021-09-18,1331.8139139100003
2021-09-19,2021-09-19,1376.75432283
2021-09-20,2021-09-20,2991.9071666499985
2021-09-21,2021-09-21,340.8708337200005
2021-09-22,2021-09-22,-1201.1365769099991
2021-09-23,2021-09-23,-621.9149259999995
2021-09-24,2021-09-24,-1481.9255821400002
2021-09-25,2021-09-25,-1736.1944906099998
2021-09-26,2021-09-26,921.8207642900006
2021-09-27,2021-09-27,-1008.4155266599992
2021-09-28,2021-09-28,1887.307174130001
2021-09-29,2021-09-29,9034.36865206
2021-09-30,2021-09-30,2412.556462749999
2021-10-01,2021-10-01,-2186.7435418000005
2021-10-02,2021-10-02,-1279.1154136799996
2021-10-03,2021-10-03,-914.2062623399996
2021-10-04,2021-10-04,-1063.8049663399995
2021-10-05,2021-10-05,-2009.774658620001
2021-10-06,2021-10-06,2363.0545287900004
2021-10-07,2021-10-07,-3308.9120046200005
2021-10-08,2021-10-08,-1708.151867819999
2021-10-09,2021-10-09,553.3446887599994
2021-10-10,2021-10-10,1332.2986456499991
2021-10-11,2021-10-11,6032.83684729
2021-10-12,2021-10-12,144.98682777999966
2021-10-13,2021-10-13,-541.4067951800007
2021-10-14,2021-10-14,-236.60575393999895
2021-10-15,2021-10-15,1046.4429912199994
2021-10-16,2021-10-16,4449.978913270001
2021-10-17,2021-10-17,-463.07594556999993
2021-10-18,2021-10-18,1689.67616542
2021-10-19,2021-10-19,-2259.309057999999
2021-10-20,2021-10-20,3015.980226310001
2021-10-21,2021-10-21,-2564.7338273899986
2021-10-22,2021-10-22,-4472.588922270001
2021-10-23,2021-10-23,776.0567518799999
2021-10-24,2021-10-24,701.6376410399998
2021-10-25,2021-10-25,-170.94751498999997
2021-10-26,2021-10-26,2205.972096559999
2021-10-27,2021-10-27,-357.1302193899992
2021-10-28,2021-10-28,3013.6769106700012
2021-10-29,2021-10-29,-736.3305894799996
2021-10-30,2021-10-30,1497.5788163400002
2021-10-31,2021-10-31,-490.77832981999927
2021-11-01,2021-11-01,1414.8200390099992
2021-11-02,2021-11-02,-1293.188803469999
2021-11-03,2021-11-03,-3836.742908350001
2021-11-04,2021-11-04,-102.53445626999928
2021-11-05,2021-11-05,1833.56159259
2021-11-06,2021-11-06,722.54818918
2021-11-07,2021-11-07,1108.64420479
2021-11-08,2021-11-08,7274.054833160002
2021-11-09,2021-11-09,3304.476716990001
2021-11-10,2021-11-10,611.6878065600013
2021-11-11,2021-11-11,254.59411120999903
2021-11-12,2021-11-12,536.3839517400002
2021-11-13,2021-11-13,-746.1815868400004
2021-11-14,2021-11-14,500.3138271299995
2021-11-15,2021-11-15,1889.496011000001
2021-11-16,2021-11-16,510.09801285999856
2021-11-17,2021-11-17,1068.5148060699994
2021-11-18,2021-11-18,2688.720245370001
2021-11-19,2021-11-19,2018.0243578899972
2021-11-20,2021-11-20,1722.7147698000008
2021-11-21,2021-11-21,483.10228067000025
2021-11-22,2021-11-22,-1818.470322449999
2021-11-23,2021-11-23,3301.6189116099995
2021-11-24,2021-11-24,1804.7045300499992
2021-11-25,2021-11-25,-3711.9306310300017
2021-11-26,2021-11-26,12313.294446929998
2021-11-27,2021-11-27,3553.2456436700004
2021-11-28,2021-11-28,91.36270819000038
2021-11-29,2021-11-29,-344.71223631000066
2021-11-30,2021-11-30,-1666.2890368199987
2021-12-01,2021-12-01,839.4368664800004
2021-12-02,2021-12-02,-1541.0416415499983
2021-12-03,2021-12-03,1429.1809470099995
2021-12-04,2021-12-04,-3038.4497263699996
2021-12-05,2021-12-05,-3815.671631740001
2021-12-06,2021-12-06,7521.267590399999
2021-12-07,2021-12-07,-17000.553835979998
2021-12-08,2021-12-08,-310.4080209600006
2021-12-09,2021-12-09,2995.3789606
2021-12-10,2021-12-10,-532.9911357799992
2021-12-11,2021-12-11,8772.341925550001
2021-12-12,2021-12-12,79.43230940000012
2021-12-13,2021-12-13,959.3183243700004
2021-12-14,2021-12-14,1962.977636649999
2021-12-15,2021-12-15,2982.227310880001
2021-12-16,2021-12-16,2009.1285018900007
2021-12-17,2021-12-17,1964.9711523900005
2021-12-18,2021-12-18,2160.556319899999
2021-12-19,2021-12-19,1520.9189433399995
2021-12-20,2021-12-20,718.5372941599999
2021-12-21,2021-12-21,420.71791610999935
2021-12-22,2021-12-22,-2887.70707822
2021-12-23,2021-12-23,240.5407506499996
2021-12-24,2021-12-24,1763.7757106999998
2021-12-25,2021-12-25,3388.3333630399993
2021-12-26,2021-12-26,586.1801941700005
2021-12-27,2021-12-27,3450.6818557099996
2021-12-28,2021-12-28,4407.17518756
2021-12-29,2021-12-29,-3539.2903890999996
2021-12-30,2021-12-30,-3023.3047934899996
2021-12-31,2021-12-31,1836.0678079400004
2022-01-01,2022-01-01,-1009.6095570900002
2022-01-02,2022-01-02,441.2796517500001
2022-01-03,2022-01-03,-1041.2952788699995
2022-01-04,2022-01-04,-39775.58131224
2022-01-05,2022-01-05,362.84446800000114
2022-01-06,2022-01-06,6824.73967682
2022-01-07,2022-01-07,1346.35151855
2022-01-08,2022-01-08,815.99539241
2022-01-09,2022-01-09,157.84399575000043
2022-01-10,2022-01-10,-913.0716317000006
2022-01-11,2022-01-11,-2495.16015023
2022-01-12,2022-01-12,-999.4873497300003
2022-01-13,2022-01-13,1992.63306851
2022-01-14,2022-01-14,-1224.9621380400004
2022-01-15,2022-01-15,-365.4045478600001
2022-01-16,2022-01-16,-1375.6769106299998
2022-01-17,2022-01-17,1133.468208449999
2022-01-18,2022-01-18,-697.5160738300001
2022-01-19,2022-01-19,-382.86289054999907
2022-01-20,2022-01-20,-418.4794178000011
2022-01-21,2022-01-21,2615.0722672400007
2022-01-22,2022-01-22,-2728.5413289800017
2022-01-23,2022-01-23,-2088.3551111899997
2022-01-24,2022-01-24,1895.4665906499977
2022-01-25,2022-01-25,-960.2264543499988
2022-01-26,2022-01-26,-2019.8169736599991
2022-01-27,2022-01-27,-5160.507467119998
2022-01-28,2022-01-28,20.30158072999984
2022-01-29,2022-01-29,-1010.0562608300006
2022-01-30,2022-01-30,158.71716210999875
2022-01-31,2022-01-31,-1788.5330453000006
2022-02-01,2022-02-01,-506.2486045599999
2022-02-02,2022-02-02,-1700.62762888
2022-02-03,2022-02-03,3814.63936564
2022-02-04,2022-02-04,493.6680425100003
2022-02-05,2022-02-05,-942.4380332500004
2022-02-06,2022-02-06,3498.7082058099995
2022-02-07,2022-02-07,-1530.151715959999
2022-02-08,2022-02-08,-814.857026310001
2022-02-09,2022-02-09,-1139.33056045
2022-02-10,2022-02-10,71.40174854999896
2022-02-11,2022-02-11,-793.7913157599996
2022-02-12,2022-02-12,1297.8578623499998
2022-02-13,2022-02-13,-302.92390023999997
2022-02-14,2022-02-14,-665.1352680700002
2022-02-15,2022-02-15,1934.9664685999996
2022-02-16,2022-02-16,-1512.8670784300002
2022-02-17,2022-02-17,-371.6590896199996
2022-02-18,2022-02-18,-526.3529780999997
2022-02-19,2022-02-19,1040.0850332100003
2022-02-20,2022-02-20,-614.0570384899997
2022-02-21,2022-02-21,-267.7972752800006
2022-02-22,2022-02-22,491.1746713199991
2022-02-23,2022-02-23,-595.8020138699994
2022-02-24,2022-02-24,-449.25784983999984
2022-02-25,2022-02-25,1258.7326364599994
2022-02-26,2022-02-26,-290.1178919699996
2022-02-27,2022-02-27,435.3164266899985
2022-02-28,2022-02-28,-318.6067019600014
2022-03-01,2022-03-01,-64.06129185999816
2022-03-02,2022-03-02,729.5372774000007
2022-03-03,2022-03-03,1763.593759720001
2022-03-04,2022-03-04,1483.2565267299997
2022-03-05,2022-03-05,-1140.7989656199998
2022-03-06,2022-03-06,-549.7802757600002
2022-03-07,2022-03-07,299.45632452000063
2022-03-08,2022-03-08,-159.90557442999943
2022-03-09,2022-03-09,-933.710417100001
2022-03-10,2022-03-10,-305.40686370000003
2022-03-11,2022-03-11,1572.77195158
2022-03-12,2022-03-12,258.6147076699999
2022-03-13,2022-03-13,-440.74493054
2022-03-14,2022-03-14,2246.5409998699997
2022-03-15,2022-03-15,3262.2717199500003
2022-03-16,2022-03-16,1011.0187094199993
2022-03-17,2022-03-17,628.3396496999994
2022-03-18,2022-03-18,-534.6099817900013
2022-03-19,2022-03-19,-2035.67894599
2022-03-20,2022-03-20,-908.66908241
2022-03-21,2022-03-21,-423.2128197300008
2022-03-22,2022-03-22,3023.0867853500004
2022-03-23,2022-03-23,-4327.7825929400005
2022-03-24,2022-03-24,-3650.106145509999
2022-03-25,2022-03-25,-1848.777447460001
2022-03-26,2022-03-26,-831.6655595000002
2022-03-27,2022-03-27,-696.3793340100001
2022-03-28,2022-03-28,-3276.68448068
2022-03-29,2022-03-29,439.1160477199992
2022-03-30,2022-03-30,-3706.5335504500017
2022-03-31,2022-03-31,2846.5998892199987
2022-04-01,2022-04-01,-718.4290596999999
2022-04-02,2022-04-02,-1636.75143803
2022-04-03,2022-04-03,363.1338616799999
2022-04-04,2022-04-04,1981.66805398
2022-04-05,2022-04-05,3317.930172880001
2022-04-06,2022-04-06,-1304.7307135599983
2022-04-07,2022-04-07,950.1248001599996
2022-04-08,2022-04-08,-3336.9022634000003
2022-04-09,2022-04-09,801.1573073500003
2022-04-10,2022-04-10,-3187.4233557400003
2022-04-11,2022-04-11,2432.8718049100007
2022-04-12,2022-04-12,-3708.797553240001
2022-04-13,2022-04-13,-78.71903159999965
2022-04-14,2022-04-14,412.0792468999998
2022-04-15,2022-04-15,-1462.7233098399995
2022-04-16,2022-04-16,524.63618051
2022-04-17,2022-04-17,-463.2273324399998
2022-04-18,2022-04-18,562.4964790200002
2022-04-19,2022-04-19,-2043.0511985699995
2022-04-20,2022-04-20,677.4591754199992
2022-04-21,2022-04-21,-2048.64433071
2022-04-22,2022-04-22,641.6972234100003
2022-04-23,2022-04-23,357.7081952200001
2022-04-24,2022-04-24,-712.8642385499998
2022-04-25,2022-04-25,6924.5069679200005
2022-04-26,2022-04-26,-19.667847830000028
2022-04-27,2022-04-27,816.5200856600004
2022-04-28,2022-04-28,-109.31780997000078
2022-04-29,2022-04-29,309.4480477399993
2022-04-30,2022-04-30,660.6112673199996
2022-05-01,2022-05-01,1343.74891549
2022-05-02,2022-05-02,720.7154632500005
2022-05-03,2022-05-03,6709.07537038
2022-05-04,2022-05-04,104.65891499999998
2022-05-05,2022-05-05,3025.58214187
2022-05-06,2022-05-06,865.6854863400004
2022-05-07,2022-05-07,321.4501060599996
2022-05-08,2022-05-08,10306.14866652
2022-05-09,2022-05-09,22688.53584531
2022-05-10,2022-05-10,15183.370800109997
2022-05-11,2022-05-11,-9311.130749440004
2022-05-12,2022-05-12,-10605.485427750002
2022-05-13,2022-05-13,-1250.3007482499995
2022-05-14,2022-05-14,602.5111268500004
2022-05-15,2022-05-15,1321.934767209999
2022-05-16,2022-05-16,-1169.34689755
2022-05-17,2022-05-17,-1263.06140047
2022-05-18,2022-05-18,3486.609600059999
2022-05-19,2022-05-19,-1315.8818590899991
2022-05-20,2022-05-20,2173.4350624499984
2022-05-21,2022-05-21,-952.67592246
2022-05-22,2022-05-22,-530.6984688100001
2022-05-23,2022-05-23,1265.9049567599995
2022-05-24,2022-05-24,946.9888391799996
2022-05-25,2022-05-25,3548.3138137099995
2022-05-26,2022-05-26,2903.6972127400004
2022-05-27,2022-05-27,1173.287792180001
2022-05-28,2022-05-28,-2880.8129404799997
2022-05-29,2022-05-29,-1238.90307062
2022-05-30,2022-05-30,-1295.5799972800014
2022-05-31,2022-05-31,4205.399443460001
2022-06-01,2022-06-01,464.37221146000047
2022-06-02,2022-06-02,-4067.65865397
2022-06-03,2022-06-03,-1873.14568711
2022-06-04,2022-06-04,4089.8907639300014
2022-06-05,2022-06-05,-2479.6108747099997
2022-06-06,2022-06-06,-2099.65935014
2022-06-07,2022-06-07,-1194.31556182
2022-06-08,2022-06-08,1322.8696914799991
2022-06-09,2022-06-09,1078.7140829600005
2022-06-10,2022-06-10,1759.6288803399991
2022-06-11,2022-06-11,1331.9765624399995
2022-06-12,2022-06-12,750.8029212000001
2022-06-13,2022-06-13,-1119.184639909996
2022-06-14,2022-06-14,-1309.443357
2022-06-15,2022-06-15,6555.111967939996
2022-06-16,2022-06-16,3847.1690713399985
2022-06-17,2022-06-17,2579.3904153900003
2022-06-18,2022-06-18,6450.968473569999
2022-06-19,2022-06-19,3495.8477562200005
2022-06-20,2022-06-20,-2855.82546414
2022-06-21,2022-06-21,-3788.00760875
2022-06-22,2022-06-22,7119.406268349998
2022-06-23,2022-06-23,-1177.0465571299992
2022-06-24,2022-06-24,-1001.7553274700005
2022-06-25,2022-06-25,348.32980553000016
2022-06-26,2022-06-26,-1578.9452811600004
2022-06-27,2022-06-27,-199.99712050999915
2022-06-28,2022-06-28,-720.5466436000006
2022-06-29,2022-06-29,43.62791405000098
2022-06-30,2022-06-30,2162.3730599699993
2022-07-01,2022-07-01,-566.3811504199984
2022-07-02,2022-07-02,841.9910676999998
2022-07-03,2022-07-03,1119.3442304
2022-07-04,2022-07-04,-2636.368627500001
2022-07-05,2022-07-05,-3400.2322390400004
2022-07-06,2022-07-06,-1762.585572689999
2022-07-07,2022-07-07,-1808.5428224499992
2022-07-08,2022-07-08,-1734.460114530002
2022-07-09,2022-07-09,12.74306972999966
2022-07-10,2022-07-10,-1914.46242326
2022-07-11,2022-07-11,4569.373133020001
2022-07-12,2022-07-12,3729.01224255
2022-07-13,2022-07-13,793.0430056099995
2022-07-14,2022-07-14,284.61051233000035
2022-07-15,2022-07-15,350.8300419800016
2022-07-16,2022-07-16,598.6481133699999
2022-07-17,2022-07-17,15565.22734273
2022-07-18,2022-07-18,-3547.49547539
2022-07-19,2022-07-19,-1554.1839090899994
2022-07-20,2022-07-20,1566.3026853699994
2022-07-21,2022-07-21,974.5169934500008
2022-07-22,2022-07-22,-688.3874046399997
2022-07-23,2022-07-23,-461.7312831500003
2022-07-24,2022-07-24,879.5009902600004
2022-07-25,2022-07-25,-1261.11065391
2022-07-26,2022-07-26,-866.0387139100003
2022-07-27,2022-07-27,-2278.234703100001
2022-07-28,2022-07-28,667.6927072800008
2022-07-29,2022-07-29,3210.0791787100006
2022-07-30,2022-07-30,808.5368498099997
2022-07-31,2022-07-31,261.71430472000065
2022-08-01,2022-08-01,611.768820270001
2022-08-02,2022-08-02,832.7191638299992
2022-08-03,2022-08-03,-440.3886026199998
2022-08-04,2022-08-04,2416.6634986599993
2022-08-05,2022-08-05,-3092.4864998499997
2022-08-06,2022-08-06,-62.71240816999989
2022-08-07,2022-08-07,310.0604497600002
2022-08-08,2022-08-08,-458.3831364199996
2022-08-09,2022-08-09,-460.6779695900004
2022-08-10,2022-08-10,2149.679802820001
2022-08-11,2022-08-11,264.12801756999943
2022-08-12,2022-08-12,-3384.7700848099994
2022-08-13,2022-08-13,-343.1644562800002
2022-08-14,2022-08-14,-4547.39858825
2022-08-15,2022-08-15,562.7967285800005
2022-08-16,2022-08-16,2230.784142460001
2022-08-17,2022-08-17,3144.9038880199996
2022-08-18,2022-08-18,-1106.6245067599991
2022-08-19,2022-08-19,-3903.3391725799993
2022-08-20,2022-08-20,-884.5835829000007
2022-08-21,2022-08-21,-2481.47317817
2022-08-22,2022-08-22,239.92604602000029
2022-08-23,2022-08-23,-133.17080968000027
2022-08-24,2022-08-24,-4591.22957872
2022-08-25,2022-08-25,1016.5355773500004
2022-08-26,2022-08-26,1996.837979889999
2022-08-27,2022-08-27,2129.924472930001
2022-08-28,2022-08-28,1528.8384518499995
2022-08-29,2022-08-29,-1428.9088270899992
2022-08-30,2022-08-30,2277.352308900001
2022-08-31,2022-08-31,3156.835056220001
2022-09-01,2022-09-01,-1454.33090988
2022-09-02,2022-09-02,6376.447061870002
2022-09-03,2022-09-03,-758.4585589799999
2022-09-04,2022-09-04,-2283.8623542200003
2022-09-05,2022-09-05,4837.9940991
2022-09-06,2022-09-06,-6386.63171999
2022-09-07,2022-09-07,-4062.8537993200007
2022-09-08,2022-09-08,-116.31180456000038
2022-09-09,2022-09-09,2290.0379565000003
2022-09-10,2022-09-10,904.1884397099992
2022-09-11,2022-09-11,1554.2929352499996
2022-09-12,2022-09-12,5556.610038319999
2022-09-13,2022-09-13,877.0636662600009
2022-09-14,2022-09-14,-957.4709000499988
2022-09-15,2022-09-15,-602.4743416900001
2022-09-16,2022-09-16,856.5216426499992
2022-09-17,2022-09-17,2290.55592505
2022-09-18,2022-09-18,2482.89851156
2022-09-19,2022-09-19,-4428.892719740001
2022-09-20,2022-09-20,-1555.325544020001
2022-09-21,2022-09-21,1645.5817353699986
2022-09-22,2022-09-22,3803.28519602
2022-09-23,2022-09-23,4843.16240134
2022-09-24,2022-09-24,1631.4225929600002
2022-09-25,2022-09-25,1360.5611813
2022-09-26,2022-09-26,-616.1806666400007
2022-09-27,2022-09-27,6368.967888780002
2022-09-28,2022-09-28,6474.78731492
2022-09-29,2022-09-29,5502.742505849999
2022-09-30,2022-09-30,-1326.6316068799988
2022-10-01,2022-10-01,-6098.125158
2022-10-02,2022-10-02,-1502.84501047
2022-10-03,2022-10-03,-1144.948877050001
2022-10-04,2022-10-04,-5466.485756900001
2022-10-05,2022-10-05,-1202.0918780600005
2022-10-06,2022-10-06,-6077.648193679999
2022-10-07,2022-10-07,2227.0392662699996
2022-10-08,2022-10-08,886.61550782
2022-10-09,2022-10-09,365.7569139099997
2022-10-10,2022-10-10,1315.4826122599998
2022-10-11,2022-10-11,3333.76877812
2022-10-12,2022-10-12,153.56421303000025
2022-10-13,2022-10-13,-1082.14888495
2022-10-14,2022-10-14,3610.896574589998
2022-10-15,2022-10-15,17.049405720000323
2022-10-16,2022-10-16,-927.33706957
2022-10-17,2022-10-17,-1437.3996456599998
2022-10-18,2022-10-18,-23.82937037999909
2022-10-19,2022-10-19,3126.3617148599997
2022-10-20,2022-10-20,-1175.5527894999996
2022-10-21,2022-10-21,-2521.331339180001
2022-10-22,2022-10-22,406.01002399000026
2022-10-23,2022-10-23,-1919.2572460000008
2022-10-24,2022-10-24,-1192.3363412300005
2022-10-25,2022-10-25,-5568.18130706
2022-10-26,2022-10-26,-3692.2595476399983
2022-10-27,2022-10-27,-1352.78523872
2022-10-28,2022-10-28,-1751.3735448400002
2022-10-29,2022-10-29,-1452.80507045
2022-10-30,2022-10-30,-132.74610486999973
2022-10-31,2022-10-31,4830.796213590002
2022-11-01,2022-11-01,-857.5489378700004
2022-11-02,2022-11-02,2341.8906306999997
2022-11-03,2022-11-03,3199.08163678
2022-11-04,2022-11-04,-2195.6826741999994
2022-11-05,2022-11-05,2176.00252868
2022-11-06,2022-11-06,2591.0696852799992
2022-11-07,2022-11-07,12635.8093698
2022-11-08,2022-11-08,6749.811309290002
2022-11-09,2022-11-09,-13171.04263096
2022-11-10,2022-11-10,-16079.554473110002
2022-11-11,2022-11-11,-10222.1712095
2022-11-12,2022-11-12,-4589.444867839997
2022-11-13,2022-11-13,-6103.504454079999
2022-11-14,2022-11-14,-4122.9857804700005
2022-11-15,2022-11-15,-6051.075132760001
2022-11-16,2022-11-16,1694.068388399999
2022-11-17,2022-11-17,-6359.725901919999
2022-11-18,2022-11-18,49995.69065820001
2022-11-19,2022-11-19,548.0845794500001
2022-11-20,2022-11-20,-3327.1122341600003
2022-11-21,2022-11-21,2456.8896664599997
2022-11-22,2022-11-22,6513.29254812
2022-11-23,2022-11-23,3520.3007123200005
2022-11-24,2022-11-24,-280.0447688000004
2022-11-25,2022-11-25,1816.3802318
2022-11-26,2022-11-26,1236.2214657600016
2022-11-27,2022-11-27,1777.155997400001
2022-11-28,2022-11-28,-2997.7136960400003
2022-11-29,2022-11-29,3141.01679899
2022-11-30,2022-11-30,415.30474669999967
2022-12-01,2022-12-01,2990.150148910001
2022-12-02,2022-12-02,-2197.2918817299997
2022-12-03,2022-12-03,-597.71453122
2022-12-04,2022-12-04,-2220.4358096199994
2022-12-05,2022-12-05,1426.0283682099998
2022-12-06,2022-12-06,-1751.3564653699996
2022-12-07,2022-12-07,206.47042218000024
2022-12-08,2022-12-08,-1847.67057697
2022-12-09,2022-12-09,-4280.370308610001
2022-12-10,2022-12-10,-1175.8992590899998
2022-12-11,2022-12-11,-1683.66506312
2022-12-12,2022-12-12,-9370.75586216
2022-12-13,2022-12-13,-40316.356776789995
2022-12-14,2022-12-14,-6273.875743870001
2022-12-15,2022-12-15,-3397.49464642
2022-12-16,2022-12-16,-9188.819780420004
2022-12-17,2022-12-17,-10317.06150838
2022-12-18,2022-12-18,460.7401083599998
2022-12-19,2022-12-19,1020.40998572
2022-12-20,2022-12-20,-177.16252515999986
2022-12-21,2022-12-21,625.1465143899986
2022-12-22,2022-12-22,1443.4347066299997
2022-12-23,2022-12-23,3080.739871220001
2022-12-24,2022-12-24,-1939.4411915
2022-12-25,2022-12-25,-575.7289716199998
2022-12-26,2022-12-26,-418.3025616300001
2022-12-27,2022-12-27,4324.61518821
2022-12-28,2022-12-28,3430.12593284
2022-12-29,2022-12-29,3423.0252596300015
2022-12-30,2022-12-30,998.7461176199996
2022-12-31,2022-12-31,5616.48479964
2023-01-01,2023-01-01,373.85524193999936
2023-01-02,2023-01-02,84.05269301999942
2023-01-03,2023-01-03,-2644.0384436799995
2023-01-04,2023-01-04,15698.47381773
2023-01-05,2023-01-05,-2273.66894752
2023-01-06,2023-01-06,-1605.7728483599983
2023-01-07,2023-01-07,1781.7027542300002
2023-01-08,2023-01-08,-33.90054595000038
2023-01-09,2023-01-09,-2739.3012155399992
2023-01-10,2023-01-10,-1741.665166860001
2023-01-11,2023-01-11,-2644.39085342
2023-01-12,2023-01-12,3884.207040699999
2023-01-13,2023-01-13,-3820.97665389
2023-01-14,2023-01-14,3977.6473997899993
2023-01-15,2023-01-15,2619.9224565799996
2023-01-16,2023-01-16,-1344.0837681799983
2023-01-17,2023-01-17,133.32337677000032
2023-01-18,2023-01-18,2011.5594758200004
2023-01-19,2023-01-19,9488.33322331
2023-01-20,2023-01-20,-12807.06088812
2023-01-21,2023-01-21,3325.7569456499987
2023-01-22,2023-01-22,740.1707491199995
2023-01-23,2023-01-23,1978.4248593600005
2023-01-24,2023-01-24,-3051.981014069999
2023-01-25,2023-01-25,-30.618918699999995
2023-01-26,2023-01-26,293.34026583000013
2023-01-27,2023-01-27,-834.6282711900003
2023-01-28,2023-01-28,468.7224048299995
2023-01-29,2023-01-29,1295.2369695199995
2023-01-30,2023-01-30,6307.644612079999
2023-01-31,2023-01-31,-193.95377603000088
2023-02-01,2023-02-01,659.0861797300004
2023-02-02,2023-02-02,-3016.976439619999
2023-02-03,2023-02-03,-1730.4885828899987
2023-02-04,2023-02-04,-145.59725766000065
2023-02-05,2023-02-05,346.5564451700002
2023-02-06,2023-02-06,-315.8974809600004
2023-02-07,2023-02-07,-1261.49496421
2023-02-08,2023-02-08,298.2989257699992
2023-02-09,2023-02-09,511.93045618
2023-02-10,2023-02-10,5602.059372419999
2023-02-11,2023-02-11,1390.78994161
2023-02-12,2023-02-12,-1250.8178434600004
2023-02-13,2023-02-13,-4953.714793159999
2023-02-14,2023-02-14,1031.0753486899994
2023-02-15,2023-02-15,1191.88753534
2023-02-16,2023-02-16,4827.721020629999
2023-02-17,2023-02-17,-1954.0102106900013
2023-02-18,2023-02-18,717.18395624
2023-02-19,2023-02-19,418.4284797599994
2023-02-20,2023-02-20,1425.1302301699998
2023-02-21,2023-02-21,3583.1007111399995
2023-02-22,2023-02-22,1057.0288812400013
2023-02-23,2023-02-23,-2196.26763237
2023-02-24,2023-02-24,785.6263535500002
2023-02-25,2023-02-25,357.2754252899995
2023-02-26,2023-02-26,284.60400089999985
2023-02-27,2023-02-27,329.40281436999976
2023-02-28,2023-02-28,1029.9902938199994
2023-03-01,2023-03-01,-892.5899136999997
2023-03-02,2023-03-02,82.26393484000073
2023-03-03,2023-03-03,-2926.67654683
2023-03-04,2023-03-04,1503.0909169300005
2023-03-05,2023-03-05,2329.0736264099996
2023-03-06,2023-03-06,1974.694743099999
2023-03-07,2023-03-07,2604.902106649999
2023-03-08,2023-03-08,-7286.086873380002
2023-03-09,2023-03-09,2119.3628144600007
2023-03-10,2023-03-10,-7336.272781199998
2023-03-11,2023-03-11,-5673.596918520001
2023-03-12,2023-03-12,3699.04452983
2023-03-13,2023-03-13,23998.11131925
2023-03-14,2023-03-14,8582.782465299999
2023-03-15,2023-03-15,1345.257862819999
2023-03-16,2023-03-16,3377.6689281500003
2023-03-17,2023-03-17,2585.1800913900006
2023-03-18,2023-03-18,5983.570395909999
2023-03-19,2023-03-19,-8.920816230000128
2023-03-20,2023-03-20,5637.470076309999
2023-03-21,2023-03-21,-1944.8715929400005
2023-03-22,2023-03-22,-72.9135970899988
2023-03-23,2023-03-23,1159.934860160001
2023-03-24,2023-03-24,-721.6811338299995
2023-03-25,2023-03-25,-58.673477309999726
2023-03-26,2023-03-26,913.36275339
2023-03-27,2023-03-27,-4505.113672400001
2023-03-28,2023-03-28,1710.1504901200003
2023-03-29,2023-03-29,-178.37202566999986
2023-03-30,2023-03-30,4414.200678130001
2023-03-31,2023-03-31,169.57111842000086
2023-04-01,2023-04-01,-568.2654890899994
2023-04-02,2023-04-02,366.1031907100005
2023-04-03,2023-04-03,1790.37662689
2023-04-04,2023-04-04,-772.5242451800004
2023-04-05,2023-04-05,1055.3378819400004
2023-04-06,2023-04-06,1016.99295868
2023-04-07,2023-04-07,1239.12092338
2023-04-08,2023-04-08,666.2096683500004
2023-04-09,2023-04-09,855.84574045
2023-04-10,2023-04-10,1701.2871557
2023-04-11,2023-04-11,4083.012680849999
2023-04-12,2023-04-12,3879.4701237
2023-04-13,2023-04-13,-2798.2290758199997
2023-04-14,2023-04-14,-2086.71399079
2023-04-15,2023-04-15,-455.26065387000017
2023-04-16,2023-04-16,2474.2824432800003
2023-04-17,2023-04-17,2370.8499311200003
2023-04-18,2023-04-18,584.0435831099994
2023-04-19,2023-04-19,4283.328994349999
2023-04-20,2023-04-20,4684.610022150001
2023-04-21,2023-04-21,7788.8061096
2023-04-22,2023-04-22,2652.6183042
2023-04-23,2023-04-23,-854.2456959300002
2023-04-24,2023-04-24,2969.84670506
2023-04-25,2023-04-25,2759.4962144400006
2023-04-26,2023-04-26,2921.716719990002
2023-04-27,2023-04-27,3676.9747049
2023-04-28,2023-04-28,-809.632718840001
2023-04-29,2023-04-29,713.98377157
2023-04-30,2023-04-30,1905.1187266200004
2023-05-01,2023-05-01,670.6847882700004
2023-05-02,2023-05-02,-2835.719257660001
2023-05-03,2023-05-03,220.58792039999935
2023-05-04,2023-05-04,-1618.1888845400008
2023-05-05,2023-05-05,-4450.230613470001
2023-05-06,2023-05-06,-283.8169875500007
2023-05-07,2023-05-07,-43.353229400000146
2023-05-08,2023-05-08,-6565.042324409999
2023-05-09,2023-05-09,2654.731580560001
2023-05-10,2023-05-10,307.1705552099993
2023-05-11,2023-05-11,5628.230837149999
2023-05-12,2023-05-12,1959.132486370001
2023-05-13,2023-05-13,-437.1581196899997
2023-05-14,2023-05-14,669.12922058
2023-05-15,2023-05-15,-1467.56075892
2023-05-16,2023-05-16,1834.8139096900004
2023-05-17,2023-05-17,2858.173710930001
2023-05-18,2023-05-18,2269.73399212
2023-05-19,2023-05-19,548.9675672900003
2023-05-20,2023-05-20,-299.6099739700003
2023-05-21,2023-05-21,504.8500548400002
2023-05-22,2023-05-22,404.6398595700002
2023-05-23,2023-05-23,1024.2676823399995
2023-05-24,2023-05-24,1421.979916620001
2023-05-25,2023-05-25,-7118.007303510001
2023-05-26,2023-05-26,-266.03886728
2023-05-27,2023-05-27,268.48580303000017
2023-05-28,2023-05-28,1556.1595032200005
2023-05-29,2023-05-29,-682.8166375500005
2023-05-30,2023-05-30,-2047.49458488
2023-05-31,2023-05-31,2918.9963321899995
2023-06-01,2023-06-01,1908.65108752
2023-06-02,2023-06-02,639.9155982300017
2023-06-03,2023-06-03,2403.9633850200007
2023-06-04,2023-06-04,-84.26628515999982
2023-06-05,2023-06-05,-12412.858784680002
2023-06-06,2023-06-06,-4435.54018616
2023-06-07,2023-06-07,-13739.665480960002
2023-06-08,2023-06-08,-4125.689568229998
2023-06-09,2023-06-09,-1788.0646488399998
2023-06-10,2023-06-10,-5155.01198214
2023-06-11,2023-06-11,-3286.1492623899994
2023-06-12,2023-06-12,-969.3567058000008
2023-06-13,2023-06-13,373.04030545000023
2023-06-14,2023-06-14,2010.6259680499988
2023-06-15,2023-06-15,-3233.9587343600033
2023-06-16,2023-06-16,-4045.6376905399993
2023-06-17,2023-06-17,873.9851717299989
2023-06-18,2023-06-18,-1216.4910105400013
2023-06-19,2023-06-19,-1139.457109680001
2023-06-20,2023-06-20,-3918.2849238000017
2023-06-21,2023-06-21,2804.149754799997
2023-06-22,2023-06-22,-127.1326815800021
2023-06-23,2023-06-23,-3356.4339918600017
2023-06-24,2023-06-24,2960.974260879997
2023-06-25,2023-06-25,-135.9356658300021
2023-06-26,2023-06-26,1335.5116875700005
2023-06-27,2023-06-27,561.1432574299979
2023-06-28,2023-06-28,-2215.065736910001
2023-06-29,2023-06-29,1703.3879984999985
2023-06-30,2023-06-30,3123.8891065800017
2023-07-01,2023-07-01,947.7168471200002
2023-07-02,2023-07-02,-503.3468826000007
2023-07-03,2023-07-03,-938.4024418000008
2023-07-04,2023-07-04,-1827.4653338499993
2023-07-05,2023-07-05,1216.5059996500022
2023-07-06,2023-07-06,-1506.6325059499975
2023-07-07,2023-07-07,-2895.447876690003
2023-07-08,2023-07-08,-364.2279833800003
2023-07-09,2023-07-09,-88.80575233000127
2023-07-10,2023-07-10,425.6695956100011
2023-07-11,2023-07-11,-1791.0462268599986
2023-07-12,2023-07-12,-346.24885515999995
2023-07-13,2023-07-13,237.54174743000112
2023-07-14,2023-07-14,90.83161931999712
2023-07-15,2023-07-15,-3595.42045901
2023-07-16,2023-07-16,818.5109799599995
2023-07-17,2023-07-17,-1352.4285498600002
2023-07-18,2023-07-18,-266.57325754999874
2023-07-19,2023-07-19,157.3669608199998
2023-07-20,2023-07-20,-434.9751572900004
2023-07-21,2023-07-21,-785.4396264700008
2023-07-22,2023-07-22,138.06560455
2023-07-23,2023-07-23,386.99859920000017
2023-07-24,2023-07-24,2636.07328597
2023-07-25,2023-07-25,1774.0427330599996
2023-07-26,2023-07-26,572.51155105
2023-07-27,2023-07-27,6493.393120389999
2023-07-28,2023-07-28,1306.8082201899997
2023-07-29,2023-07-29,-139.49708576000012
2023-07-30,2023-07-30,-417.3984959399986
2023-07-31,2023-07-31,1494.8477684600002
2023-08-01,2023-08-01,2797.135826670001
2023-08-02,2023-08-02,-394.8846927100021
2023-08-03,2023-08-03,-2030.1529814099997
2023-08-04,2023-08-04,-512.2213054799995
2023-08-05,2023-08-05,3347.28442498
2023-08-06,2023-08-06,271.7787095399999
2023-08-07,2023-08-07,675.553659019999
2023-08-08,2023-08-08,-2262.3588583200017
2023-08-09,2023-08-09,53.74941885999942
2023-08-10,2023-08-10,539.5193101700006
2023-08-11,2023-08-11,1499.96280947
2023-08-12,2023-08-12,-307.8912266999996
2023-08-13,2023-08-13,131.68102444000033
2023-08-14,2023-08-14,3069.3515759399997
2023-08-15,2023-08-15,692.3443555100002
2023-08-16,2023-08-16,3660.672510909999
2023-08-17,2023-08-17,2689.48968916
2023-08-18,2023-08-18,-1951.84776262
2023-08-19,2023-08-19,-2147.1740485400005
2023-08-20,2023-08-20,-2048.7609221899993
2023-08-21,2023-08-21,-4459.12736253
2023-08-22,2023-08-22,-938.3558644100012
2023-08-23,2023-08-23,-3097.8404544799996
2023-08-24,2023-08-24,900.6408382199988
2023-08-25,2023-08-25,146.18969260999984
2023-08-26,2023-08-26,668.8511281199999
2023-08-27,2023-08-27,168.52800863999985
2023-08-28,2023-08-28,-678.9914964500003
2023-08-29,2023-08-29,-5894.510966949998
2023-08-30,2023-08-30,-2226.82345765
2023-08-31,2023-08-31,3497.02327928
2023-09-01,2023-09-01,5804.121133789999
2023-09-02,2023-09-02,-245.05386263000037
2023-09-03,2023-09-03,-2002.691581000001
2023-09-04,2023-09-04,-909.2783123300004
2023-09-05,2023-09-05,-241.53694636
2023-09-06,2023-09-06,-837.6369307299992
2023-09-07,2023-09-07,418.3749965900006
2023-09-08,2023-09-08,-3730.81835829
2023-09-09,2023-09-09,1029.6063648
2023-09-10,2023-09-10,151.0536593400002
2023-09-11,2023-09-11,-139.33655741000075
2023-09-12,2023-09-12,-1929.8578452099991
2023-09-13,2023-09-13,-448.8280523100002
2023-09-14,2023-09-14,-929.516689510001
2023-09-15,2023-09-15,-1600.0308674999997
2023-09-16,2023-09-16,-153.60989863000032
2023-09-17,2023-09-17,-848.0206254900004
2023-09-18,2023-09-18,-2340.34069497
2023-09-19,2023-09-19,-963.6605502500006
2023-09-20,2023-09-20,1125.3879345900004
2023-09-21,2023-09-21,-53.36850328000037
2023-09-22,2023-09-22,3109.9592901999995
2023-09-23,2023-09-23,-275.7106600699999
2023-09-24,2023-09-24,69.0579584699999
2023-09-25,2023-09-25,770.68832879
2023-09-26,2023-09-26,1968.2801464699987
2023-09-27,2023-09-27,607.1120981800013
2023-09-28,2023-09-28,-72.7784327699992
2023-09-29,2023-09-29,-654.0366124299999
2023-09-30,2023-09-30,-524.8578684700005
2023-10-01,2023-10-01,-1513.1360026000002
2023-10-02,2023-10-02,-2419.3818995500005
2023-10-03,2023-10-03,69.94613856999968
2023-10-04,2023-10-04,-3501.0793266200017
2023-10-05,2023-10-05,-2253.0526272099996
2023-10-06,2023-10-06,-1194.9686779000003
2023-10-07,2023-10-07,-409.9895489599994
2023-10-08,2023-10-08,-748.3288642500002
2023-10-09,2023-10-09,2098.982817909998
2023-10-10,2023-10-10,-371.1390421900014
2023-10-11,2023-10-11,5901.91449921
2023-10-12,2023-10-12,4835.809878059999
2023-10-13,2023-10-13,-53.92124553999929
2023-10-14,2023-10-14,-1579.5970595899998
2023-10-15,2023-10-15,-175.53160673000002
2023-10-16,2023-10-16,-3754.88244279
2023-10-17,2023-10-17,-3559.4369036499993
2023-10-18,2023-10-18,498.4436189700009
2023-10-19,2023-10-19,-5726.24997373
2023-10-20,2023-10-20,-2841.8289570000015
2023-10-21,2023-10-21,2065.31524697
2023-10-22,2023-10-22,335.4412997499994
2023-10-23,2023-10-23,-2199.0275408
2023-10-24,2023-10-24,9423.499548390002
2023-10-25,2023-10-25,586.6749964999999
2023-10-26,2023-10-26,-713.809886160001
2023-10-27,2023-10-27,-1262.8104110699987
2023-10-28,2023-10-28,1063.6142756099998
2023-10-29,2023-10-29,-1497.8706713700003
2023-10-30,2023-10-30,-1220.30005034
2023-10-31,2023-10-31,-686.4934709099998
2023-11-01,2023-11-01,-815.7113752100013
2023-11-02,2023-11-02,390.40793863
2023-11-03,2023-11-03,-5465.647418959999
2023-11-04,2023-11-04,57.55628918999992
2023-11-05,2023-11-05,512.0772185699998
2023-11-06,2023-11-06,1672.6271117699998
2023-11-07,2023-11-07,-6494.808497620001
2023-11-08,2023-11-08,-9514.97229731
2023-11-09,2023-11-09,-6254.894487279998
2023-11-10,2023-11-10,20787.295108370003
2023-11-11,2023-11-11,104.42041771000004
2023-11-12,2023-11-12,80.50599961999978
2023-11-13,2023-11-13,-914.8571736900012
2023-11-14,2023-11-14,627.7847427400011
2023-11-15,2023-11-15,-2708.675694559999
2023-11-16,2023-11-16,-212.06604850999975
2023-11-17,2023-11-17,2196.564613690002
2023-11-18,2023-11-18,491.5214224400006
2023-11-19,2023-11-19,-936.0509750500004
2023-11-20,2023-11-20,-2287.6917462599995
2023-11-21,2023-11-21,-2630.77112621
2023-11-22,2023-11-22,-4867.917824149999
2023-11-23,2023-11-23,-1238.315283089999
2023-11-24,2023-11-24,-4544.728474270001
2023-11-25,2023-11-25,-749.2567980700005
2023-11-26,2023-11-26,-1081.2373338799998
2023-11-27,2023-11-27,706.2747081400012
2023-11-28,2023-11-28,-5259.6706828299975
2023-11-29,2023-11-29,-1268.7250023399993
2023-11-30,2023-11-30,689.4294299700014
2023-12-01,2023-12-01,-2809.509544140001
2023-12-02,2023-12-02,-1530.7196747099988
2023-12-03,2023-12-03,-115.01329089999945
2023-12-04,2023-12-04,3481.256601199999
2023-12-05,2023-12-05,-3445.8080160300015
2023-12-06,2023-12-06,6208.5897627099985
2023-12-07,2023-12-07,3611.7039218699992
2023-12-08,2023-12-08,-1050.8806400800004
2023-12-09,2023-12-09,3023.8180599999996
2023-12-10,2023-12-10,1836.7253569799996
2023-12-11,2023-12-11,7377.228405859998
2023-12-12,2023-12-12,3334.5108774
2023-12-13,2023-12-13,-1875.40298961
2023-12-14,2023-12-14,-2857.0555193499995
2023-12-15,2023-12-15,-124.38125006000064
2023-12-16,2023-12-16,-2293.2571567000005
2023-12-17,2023-12-17,4193.405024739999
2023-12-18,2023-12-18,-44.045533839998825
2023-12-19,2023-12-19,167.37019343999964
2023-12-20,2023-12-20,-132.53222482000092
2023-12-21,2023-12-21,-1308.2335188400002
2023-12-22,2023-12-22,-5580.05700685
2023-12-23,2023-12-23,-2332.6153824
2023-12-24,2023-12-24,-5147.765731559999
2023-12-25,2023-12-25,11073.48961913
2023-12-26,2023-12-26,-1941.8843608299992
2023-12-27,2023-12-27,-4559.805520729999
2023-12-28,2023-12-28,-4583.99436585
2023-12-29,2023-12-29,-5925.68234416
2023-12-30,2023-12-30,15040.90477361
2023-12-31,2023-12-31,7466.994926229999
2024-01-01,2024-01-01,-2620.9843887100005
2024-01-02,2024-01-02,3114.3620726300014
2024-01-03,2024-01-03,4132.219517990001
2024-01-04,2024-01-04,-277.1655053100003
2024-01-05,2024-01-05,-79.61477759000081
2024-01-06,2024-01-06,2374.7367698100006
2024-01-07,2024-01-07,270.76620942999944
2024-01-08,2024-01-08,1332.95244094
2024-01-09,2024-01-09,-102.28485159000049
2024-01-10,2024-01-10,2556.9392027800004
2024-01-11,2024-01-11,3442.804330750001
2024-01-12,2024-01-12,6130.86791139
2024-01-13,2024-01-13,-1975.5649288599989
2024-01-14,2024-01-14,-957.8160457899994
2024-01-15,2024-01-15,2905.1482714600006
2024-01-16,2024-01-16,-3220.16601876
2024-01-17,2024-01-17,1275.2644104600004
2024-01-18,2024-01-18,1363.2726236199996
2024-01-19,2024-01-19,917.3309746900012
2024-01-20,2024-01-20,-278.99372182000025
2024-01-21,2024-01-21,-1375.32634144
2024-01-22,2024-01-22,787.5195270200002
2024-01-23,2024-01-23,1100.3445208100002
2024-01-24,2024-01-24,377.03779441000006
2024-01-25,2024-01-25,-129.57122362000155
2024-01-26,2024-01-26,-2517.2834614500007
2024-01-27,2024-01-27,-1271.36115075
2024-01-28,2024-01-28,64.6231217099994
2024-01-29,2024-01-29,1211.7714038699996
2024-01-30,2024-01-30,-3532.3410871899996
2024-01-31,2024-01-31,-538.5065759199988
2024-02-01,2024-02-01,3480.284247080001
2024-02-02,2024-02-02,-3312.2573166700004
2024-02-03,2024-02-03,-9.923458559999744
2024-02-04,2024-02-04,1264.1744639500002
2024-02-05,2024-02-05,2899.4253952400004
2024-02-06,2024-02-06,-504.5891895999994
2024-02-07,2024-02-07,-4965.762330020001
2024-02-08,2024-02-08,-5700.791885939998
2024-02-09,2024-02-09,-2952.477912950002
2024-02-10,2024-02-10,278.2459599599997
2024-02-11,2024-02-11,3895.1001928
2024-02-12,2024-02-12,-131.08336011000029
2024-02-13,2024-02-13,-6177.53894592
2024-02-14,2024-02-14,-283.0529188500004
2024-02-15,2024-02-15,-7112.36255858
2024-02-16,2024-02-16,-2751.74246847
2024-02-17,2024-02-17,272.5408225000001
2024-02-18,2024-02-18,785.7523448900001
2024-02-19,2024-02-19,-509.85368860000017
2024-02-20,2024-02-20,-78.87558465999973
2024-02-21,2024-02-21,4519.09787102
2024-02-22,2024-02-22,-297.5485299000011
2024-02-23,2024-02-23,1178.42156196
2024-02-24,2024-02-24,-191.0412893800003
2024-02-25,2024-02-25,-915.5761032
2024-02-26,2024-02-26,-7610.130160809999
2024-02-27,2024-02-27,1839.435937340002
2024-02-28,2024-02-28,2097.69035963
2024-02-29,2024-02-29,-563.6940332300001
2024-03-01,2024-03-01,-2103.416145839999
2024-03-02,2024-03-02,458.34970471
2024-03-03,2024-03-03,-134.98141216000022
2024-03-04,2024-03-04,-541.0394083300016
2024-03-05,2024-03-05,4871.504284730003
2024-03-06,2024-03-06,2650.6435962099986
2024-03-07,2024-03-07,-75.29821832000016
2024-03-08,2024-03-08,-3674.8300515599985
2024-03-09,2024-03-09,-789.6787757900001
2024-03-10,2024-03-10,1281.0435885000006
2024-03-11,2024-03-11,6176.297198689999
2024-03-12,2024-03-12,1236.923347509999
2024-03-13,2024-03-13,-3233.3610305
2024-03-14,2024-03-14,-2331.613743670001
2024-03-15,2024-03-15,-4528.52364299
2024-03-16,2024-03-16,2115.988757859999
2024-03-17,2024-03-17,497.7624910299992
2024-03-18,2024-03-18,-1749.2015611400002
2024-03-19,2024-03-19,5459.65240993
2024-03-20,2024-03-20,-1918.5210061099988
2024-03-21,2024-03-21,1102.11731933
2024-03-22,2024-03-22,-2126.887633209999
2024-03-23,2024-03-23,-930.27303518
2024-03-24,2024-03-24,-590.6356630299997
2024-03-25,2024-03-25,-620.8011190899997
2024-03-26,2024-03-26,3773.369116800001
2024-03-27,2024-03-27,2290.223762740001
2024-03-28,2024-03-28,-1914.7997400799995
2024-03-29,2024-03-29,1428.57393287
2024-03-30,2024-03-30,1114.9762589399998
2024-03-31,2024-03-31,392.2701115099999
2024-04-01,2024-04-01,-1017.3570309100014
2024-04-02,2024-04-02,-1990.7762080600005
2024-04-03,2024-04-03,-2032.56436958
2024-04-04,2024-04-04,-3947.96925251
2024-04-05,2024-04-05,925.07736071
2024-04-06,2024-04-06,-446.9269519499994
2024-04-07,2024-04-07,976.4407576600006
2024-04-08,2024-04-08,2484.9141081900016
2024-04-09,2024-04-09,2551.10005802
2024-04-10,2024-04-10,-314.1087408099993
2024-04-11,2024-04-11,-1037.3722424400005
2024-04-12,2024-04-12,3312.865244819999
2024-04-13,2024-04-13,616.4307728099993
2024-04-14,2024-04-14,2412.459235969999
2024-04-15,2024-04-15,-1262.3940623399994
2024-04-16,2024-04-16,2528.9296931999997
2024-04-17,2024-04-17,-1497.26877882
2024-04-18,2024-04-18,-2464.387480160003
2024-04-19,2024-04-19,647.0812083399996
2024-04-20,2024-04-20,-565.88263736
2024-04-21,2024-04-21,-756.14079477
2024-04-22,2024-04-22,-3898.20464091
2024-04-23,2024-04-23,-2361.1639939899997
2024-04-24,2024-04-24,9211.59633097
2024-04-25,2024-04-25,-921.0325552099994
2024-04-26,2024-04-26,-1499.9699032599992
2024-04-27,2024-04-27,1064.1245338999995
2024-04-28,2024-04-28,2189.9311636499997
2024-04-29,2024-04-29,-639.8447386199996
2024-04-30,2024-04-30,6505.256771660001
2024-05-01,2024-05-01,80.51949507000063
2024-05-02,2024-05-02,1076.84074976
2024-05-03,2024-05-03,-3559.4903147699997
2024-05-04,2024-05-04,238.61587400999997
2024-05-05,2024-05-05,-715.3935872400002
2024-05-06,2024-05-06,-1104.45573591
2024-05-07,2024-05-07,797.0897812699995
2024-05-08,2024-05-08,532.2747114699996
2024-05-09,2024-05-09,-1674.65315234
2024-05-10,2024-05-10,1627.8432274299994
2024-05-11,2024-05-11,46.4384559300006
2024-05-12,2024-05-12,1383.3086672600002
2024-05-13,2024-05-13,173.68961802000013
2024-05-14,2024-05-14,1356.8873657000004
2024-05-15,2024-05-15,-6623.302128149999
2024-05-16,2024-05-16,-488.66831790000106
2024-05-17,2024-05-17,-1843.273351070001
2024-05-18,2024-05-18,-42.84006516000045
2024-05-19,2024-05-19,688.8071298800005
2024-05-20,2024-05-20,-2456.4280292700005
2024-05-21,2024-05-21,7439.57727625
2024-05-22,2024-05-22,-3336.404506150001
2024-05-23,2024-05-23,3414.9876204400007
2024-05-24,2024-05-24,-1426.4198442300003
2024-05-25,2024-05-25,-121.65605316999972
2024-05-26,2024-05-26,-160.22200262999922
2024-05-27,2024-05-27,1058.57198531
2024-05-28,2024-05-28,1154.3992177499997
2024-05-29,2024-05-29,3407.0865658400007
2024-05-30,2024-05-30,-2094.46546736
2024-05-31,2024-05-31,1030.22878081
2024-06-01,2024-06-01,730.3095257100003
2024-06-02,2024-06-02,-1179.7477029800002
2024-06-03,2024-06-03,-2343.4729421700004
2024-06-04,2024-06-04,-3272.178705020001
2024-06-05,2024-06-05,-2207.1137244599995
2024-06-06,2024-06-06,1538.4538015999997
2024-06-07,2024-06-07,-3269.2829713700003
2024-06-08,2024-06-08,7238.74226477
2024-06-09,2024-06-09,1314.84757188
2024-06-10,2024-06-10,1197.0808444600002
2024-06-11,2024-06-11,2207.67626133
2024-06-12,2024-06-12,115.75474113999915
2024-06-13,2024-06-13,-1068.8314400599993
2024-06-14,2024-06-14,2995.3297635900008
2024-06-15,2024-06-15,1761.9760743299998
2024-06-16,2024-06-16,-36.928801340000064
2024-06-17,2024-06-17,1296.202115370001
2024-06-18,2024-06-18,371.7245481099999
2024-06-19,2024-06-19,-3607.5222401799992
2024-06-20,2024-06-20,682.8411462199992
2024-06-21,2024-06-21,945.90198107
2024-06-22,2024-06-22,407.36503189999985
2024-06-23,2024-06-23,83.9737990399999
2024-06-24,2024-06-24,5676.70396277
2024-06-25,2024-06-25,-1855.4851477599989
2024-06-26,2024-06-26,3510.7681336199994
2024-06-27,2024-06-27,3376.9241054600006
2024-06-28,2024-06-28,3235.9920645699995
2024-06-29,2024-06-29,1656.4510949999994
2024-06-30,2024-06-30,853.0150583600002
2024-07-01,2024-07-01,2688.74931826
2024-07-02,2024-07-02,2783.5262541599996
2024-07-03,2024-07-03,1144.8373809599998
2024-07-04,2024-07-04,3505.7922153599993
2024-07-05,2024-07-05,-1311.1455664700006
2024-07-06,2024-07-06,-918.0317892100002
2024-07-07,2024-07-07,-1134.8676170399997
2024-07-08,2024-07-08,2310.646521319999
2024-07-09,2024-07-09,1633.3777178299997
2024-07-10,2024-07-10,-12.856066010000175
2024-07-11,2024-07-11,3036.87236925
2024-07-12,2024-07-12,-1037.4336501899998
2024-07-13,2024-07-13,1546.1757913299994
2024-07-14,2024-07-14,-708.0619665000004
2024-07-15,2024-07-15,-4881.86697581
2024-07-16,2024-07-16,-2412.9725001900006
2024-07-17,2024-07-17,1507.8793319600009
2024-07-18,2024-07-18,-475.5964762599997
2024-07-19,2024-07-19,-4564.65861266
2024-07-20,2024-07-20,-284.01165843000035
2024-07-21,2024-07-21,-1347.73115904
2024-07-22,2024-07-22,-640.8143715900005
2024-07-23,2024-07-23,4796.68755942
2024-07-24,2024-07-24,2310.1327219700006
2024-07-25,2024-07-25,8472.91434354
2024-07-26,2024-07-26,-1355.4438163599998
2024-07-27,2024-07-27,78.3196081899996
2024-07-28,2024-07-28,450.56476853
2024-07-29,2024-07-29,-1661.7755581300007
2024-07-30,2024-07-30,-2398.2301710400006
2024-07-31,2024-07-31,-980.0006782600004
2024-08-01,2024-08-01,2575.4243537700004
2024-08-02,2024-08-02,1827.4866495000008
2024-08-03,2024-08-03,1418.2863147500002
2024-08-04,2024-08-04,568.8845792699994
2024-08-05,2024-08-05,3527.5324564500006
2024-08-06,2024-08-06,-1710.55489845
2024-08-07,2024-08-07,392.21475780999936
2024-08-08,2024-08-08,1305.59884314
2024-08-09,2024-08-09,496.6360836700005
2024-08-10,2024-08-10,807.3808421200001
2024-08-11,2024-08-11,-210.26127477
2024-08-12,2024-08-12,2952.1099323
2024-08-13,2024-08-13,-1366.6251897600005
2024-08-14,2024-08-14,-1913.5678571400003
2024-08-15,2024-08-15,-4795.374425689999
2024-08-16,2024-08-16,-3602.693522950002
2024-08-17,2024-08-17,942.56795389
2024-08-18,2024-08-18,475.47334212999976
2024-08-19,2024-08-19,-326.6698931000001
2024-08-20,2024-08-20,-393.94817023
2024-08-21,2024-08-21,-3056.89078851
2024-08-22,2024-08-22,-281.5616268900003
2024-08-23,2024-08-23,-3823.0437180599984
2024-08-24,2024-08-24,470.51290876999974
2024-08-25,2024-08-25,-950.01181856
2024-08-26,2024-08-26,516.2706304100002
2024-08-27,2024-08-27,810.8642312299999
2024-08-28,2024-08-28,1066.7884042600017
2024-08-29,2024-08-29,-1984.349475609999
2024-08-30,2024-08-30,495.58859329000006
2024-08-31,2024-08-31,2368.647313949999
2024-09-01,2024-09-01,-111.94288467000024
2024-09-02,2024-09-02,-524.6937145100001
2024-09-03,2024-09-03,1269.69971024
2024-09-04,2024-09-04,-815.9644484699993
2024-09-05,2024-09-05,2387.98890491
2024-09-06,2024-09-06,3469.9571313200013
2024-09-07,2024-09-07,-540.1252215499999
2024-09-08,2024-09-08,-1099.09157879
2024-09-09,2024-09-09,-3295.3466609299994
2024-09-10,2024-09-10,-1736.52490795
2024-09-11,2024-09-11,-1885.716842520001
2024-09-12,2024-09-12,-1484.7495611200002
2024-09-13,2024-09-13,-4493.41105223
2024-09-14,2024-09-14,-1437.8292355499998
2024-09-15,2024-09-15,473.61304291000033
2024-09-16,2024-09-16,2459.4563411599993
2024-09-17,2024-09-17,-1233.3116391199992
2024-09-18,2024-09-18,269.5609342300004
2024-09-19,2024-09-19,-933.7751756400012
2024-09-20,2024-09-20,478.3444682999998
2024-09-21,2024-09-21,1505.6160566
2024-09-22,2024-09-22,653.6375335699995
2024-09-23,2024-09-23,2676.9626415400007
2024-09-24,2024-09-24,-4339.554344759999
2024-09-25,2024-09-25,-1261.5716879800002
2024-09-26,2024-09-26,-1861.511803200001
2024-09-27,2024-09-27,-2459.5612807999987
2024-09-28,2024-09-28,677.26649615
2024-09-29,2024-09-29,292.19873426999993
2024-09-30,2024-09-30,2538.6251728000007
2024-10-01,2024-10-01,5131.86558784
2024-10-02,2024-10-02,1384.4554585300011
2024-10-03,2024-10-03,1406.6948838899998
2024-10-04,2024-10-04,-889.2747631299999
2024-10-05,2024-10-05,-1163.8682018900004
2024-10-06,2024-10-06,-1448.91884171
2024-10-07,2024-10-07,-2724.6241022100003
2024-10-08,2024-10-08,1361.98563664
2024-10-09,2024-10-09,1934.2310901600003
2024-10-10,2024-10-10,1410.7140865599995
2024-10-11,2024-10-11,-3997.454231579999
2024-10-12,2024-10-12,-1616.4423894599995
2024-10-13,2024-10-13,-410.33787493
2024-10-14,2024-10-14,1027.00094274
2024-10-15,2024-10-15,-2757.5147121499995
2024-10-16,2024-10-16,-144.56706295000004
2024-10-17,2024-10-17,3341.9772033499994
2024-10-18,2024-10-18,-3170.2030674800008
2024-10-19,2024-10-19,602.6992860399996
2024-10-20,2024-10-20,-83.36837298
2024-10-21,2024-10-21,1824.26219286
2024-10-22,2024-10-22,1567.0702857600008
2024-10-23,2024-10-23,1833.608803420001
2024-10-24,2024-10-24,-2135.71698912
2024-10-25,2024-10-25,-1042.8381013599992
2024-10-26,2024-10-26,896.2815930199995
2024-10-27,2024-10-27,1658.5475745100002
2024-10-28,2024-10-28,-1074.5151447800015
2024-10-29,2024-10-29,2915.3532173700023
2024-10-30,2024-10-30,-2082.1059933300003
2024-10-31,2024-10-31,3675.91583281
2024-11-01,2024-11-01,2947.3915683699997
2024-11-02,2024-11-02,-406.3920087399997
2024-11-03,2024-11-03,2410.4839094199997
2024-11-04,2024-11-04,3849.502124430001
2024-11-05,2024-11-05,424.3120921999998
2024-11-06,2024-11-06,-9394.14825951
2024-11-07,2024-11-07,-4609.926824459999
2024-11-08,2024-11-08,-6663.80444496
2024-11-09,2024-11-09,594.7446532200001
2024-11-10,2024-11-10,1881.035386810001
2024-11-11,2024-11-11,-299.62141512000017
2024-11-12,2024-11-12,1875.86489257
2024-11-13,2024-11-13,-1958.86986101
2024-11-14,2024-11-14,2664.092842990002
2024-11-15,2024-11-15,-527.0658608699996
2024-11-16,2024-11-16,1696.751518160001
2024-11-17,2024-11-17,1385.34477521
2024-11-18,2024-11-18,663.1013515699997
2024-11-19,2024-11-19,-3252.15922786
2024-11-20,2024-11-20,-6775.070914310001
2024-11-21,2024-11-21,-185.73862112999996
2024-11-22,2024-11-22,-6143.674625140002
2024-11-23,2024-11-23,1762.21004686
2024-11-24,2024-11-24,685.3049940299998
2024-11-25,2024-11-25,2858.8974725999997
2024-11-26,2024-11-26,2752.318349100002
2024-11-27,2024-11-27,-6005.72593018
2024-11-28,2024-11-28,-814.4480169399994
2024-11-29,2024-11-29,-3314.4512464499994
