start_time,date,flow_mean,flow_total,transactions_count_flow
2021-01-01,2021-01-01,14.9842578,11178.25631852,746
2021-01-02,2021-01-02,17.8695088,16225.51398798,908
2021-01-03,2021-01-03,18.17378674,17628.57313399,970
2021-01-04,2021-01-04,22.62809794,23736.87473524,1049
2021-01-05,2021-01-05,19.2878712,18844.25016078,977
2021-01-06,2021-01-06,20.0136594,21614.75215444,1080
2021-01-07,2021-01-07,21.68742874,24268.23276011,1119
2021-01-08,2021-01-08,20.96775125,22729.04235951,1084
2021-01-09,2021-01-09,15.00513365,13414.58948242,894
2021-01-10,2021-01-10,17.83483783,16996.60045428,953
2021-01-11,2021-01-11,22.14367516,23981.60020107,1083
2021-01-12,2021-01-12,21.76006798,24175.43553004,1111
2021-01-13,2021-01-13,19.42198369,18412.04054259,948
2021-01-14,2021-01-14,59.34320411,68897.45997024,1161
2021-01-15,2021-01-15,13.73314165,12414.76005486,904
2021-01-16,2021-01-16,10.50488618,8929.1532506,850
2021-01-17,2021-01-17,12.57669693,11042.33990788,878
2021-01-18,2021-01-18,13.59171443,12246.13469694,901
2021-01-19,2021-01-19,91.89438858,89688.92325584,976
2021-01-20,2021-01-20,50.90932774,52080.24228242,1023
2021-01-21,2021-01-21,21.76555671,21352.01112786,981
2021-01-22,2021-01-22,22.3272991,23220.39106409,1040
2021-01-23,2021-01-23,9.92592006,8278.21733351,834
2021-01-24,2021-01-24,8.74775101,7059.4350631,807
2021-01-25,2021-01-25,18.09945816,16850.5955482,931
2021-01-26,2021-01-26,22.8762046,20954.60341313,916
2021-01-27,2021-01-27,24.29191677,23781.78651822,979
2021-01-28,2021-01-28,21.32241132,21151.83202896,992
2021-01-29,2021-01-29,28.65185246,36846.28226334,1286
2021-01-30,2021-01-30,12.25455788,13234.9225084,1080
2021-01-31,2021-01-31,9.19198916,8668.04578038,943
2021-02-01,2021-02-01,14.72715066,16199.86572598,1100
2021-02-02,2021-02-02,13.76666252,16079.46182715,1168
2021-02-03,2021-02-03,16.03911015,18717.6415415,1167
2021-02-04,2021-02-04,13.16741447,16748.95121172,1272
2021-02-05,2021-02-05,27.56788827,31785.77517397,1153
2021-02-06,2021-02-06,16.76638166,18878.94575263,1126
2021-02-07,2021-02-07,9.99099351,10620.42609794,1063
2021-02-08,2021-02-08,18.35571229,23403.53317294,1275
2021-02-09,2021-02-09,22.73158491,31005.8818166,1364
2021-02-10,2021-02-10,15.93697154,20032.77322309,1257
2021-02-11,2021-02-11,21.52176231,23846.11264247,1108
2021-02-12,2021-02-12,40.76552842,50141.59996119,1230
2021-02-13,2021-02-13,9.02969994,10230.65003573,1133
2021-02-14,2021-02-14,11.63581334,12648.12909977,1087
2021-02-15,2021-02-15,11.75941939,13899.63371963,1182
2021-02-16,2021-02-16,13.04297503,15625.48408125,1198
2021-02-17,2021-02-17,17.4794729,20887.97012043,1195
2021-02-18,2021-02-18,13.95011201,16642.48363029,1193
2021-02-19,2021-02-19,17.40059466,22063.95403104,1268
2021-02-20,2021-02-20,13.40300904,17544.53883736,1309
2021-02-21,2021-02-21,11.11199149,12756.56622501,1148
2021-02-22,2021-02-22,14.54644708,17019.34308458,1170
2021-02-23,2021-02-23,31.58136464,50245.95113601,1591
2021-02-24,2021-02-24,21.86105092,27785.3957205,1271
2021-02-25,2021-02-25,20.04100697,24129.37239463,1204
2021-02-26,2021-02-26,24.86365438,32521.65992296,1308
2021-02-27,2021-02-27,10.94907293,12022.08208153,1098
2021-02-28,2021-02-28,10.538783,11740.20426401,1114
2021-03-01,2021-03-01,20.93656294,25647.28959551,1225
2021-03-02,2021-03-02,12.27662388,14400.47981189,1173
2021-03-03,2021-03-03,14.21882574,19508.22891459,1372
2021-03-04,2021-03-04,13.6426434,15866.39427723,1163
2021-03-05,2021-03-05,46.16246503,51794.28575835,1122
2021-03-06,2021-03-06,8.48663216,8019.86739059,945
2021-03-07,2021-03-07,7.37989958,7785.79405986,1055
2021-03-08,2021-03-08,12.94950529,15176.8202029,1172
2021-03-09,2021-03-09,13.46259515,18416.83016064,1368
2021-03-10,2021-03-10,12.58846991,16327.24547036,1297
2021-03-11,2021-03-11,14.97794324,18467.80401032,1233
2021-03-12,2021-03-12,15.36156055,18526.04202601,1206
2021-03-13,2021-03-13,11.09512242,13014.57859425,1173
2021-03-14,2021-03-14,8.57078687,9522.14421515,1111
2021-03-15,2021-03-15,11.63727468,15023.72161625,1291
2021-03-16,2021-03-16,21.61982144,28775.9823331,1331
2021-03-17,2021-03-17,36.54971374,43165.21192503,1181
2021-03-18,2021-03-18,13.45679367,18906.79510326,1405
2021-03-19,2021-03-19,8.27019676,9924.23611262,1200
2021-03-20,2021-03-20,6.84114519,7347.3899302,1074
2021-03-21,2021-03-21,6.72478982,6859.28561328,1020
2021-03-22,2021-03-22,12.03378686,15270.87552248,1269
2021-03-23,2021-03-23,13.54862262,16732.54893636,1235
2021-03-24,2021-03-24,13.5959981,17865.1415096,1314
2021-03-25,2021-03-25,10.14247128,14331.31191642,1413
2021-03-26,2021-03-26,10.00198915,12852.55606125,1285
2021-03-27,2021-03-27,6.58714826,6817.69845232,1035
2021-03-28,2021-03-28,6.51161079,6752.54039014,1037
2021-03-29,2021-03-29,10.23515796,12630.18492038,1234
2021-03-30,2021-03-30,9.05659381,11157.723572,1232
2021-03-31,2021-03-31,12.40372886,16782.24514461,1353
2021-04-01,2021-04-01,14.07275245,17239.12174843,1225
2021-04-02,2021-04-02,8.34731379,10768.0347831,1290
2021-04-03,2021-04-03,7.2030992,8370.00126822,1162
2021-04-04,2021-04-04,6.733631,6800.96731232,1010
2021-04-05,2021-04-05,13.93082719,17343.87984646,1245
2021-04-06,2021-04-06,67.22547184,84905.77093101,1263
2021-04-07,2021-04-07,9.20129836,13525.90858812,1470
2021-04-08,2021-04-08,14.83069907,16506.56806028,1113
2021-04-09,2021-04-09,11.46734062,16650.57858655,1452
2021-04-10,2021-04-10,32.61602693,40574.33750438,1244
2021-04-11,2021-04-11,7.01909108,7749.07655629,1104
2021-04-12,2021-04-12,11.20003838,16878.45783738,1507
2021-04-13,2021-04-13,19.01261481,28709.04835606,1510
2021-04-14,2021-04-14,13.08105555,21243.63421427,1624
2021-04-15,2021-04-15,13.88259461,22684.15959256,1634
2021-04-16,2021-04-16,11.01359046,15220.78202171,1382
2021-04-17,2021-04-17,6.8548087,7978.99732216,1164
2021-04-18,2021-04-18,54.86721082,113794.59523635,2074
2021-04-19,2021-04-19,28.74596,37197.27223911,1294
2021-04-20,2021-04-20,12.36951969,21696.13753235,1754
2021-04-21,2021-04-21,11.02630761,16848.19803482,1528
2021-04-22,2021-04-22,11.55434056,20601.38922063,1783
2021-04-23,2021-04-23,30.04798513,56189.73219612,1870
2021-04-24,2021-04-24,7.06796992,10743.31427423,1520
2021-04-25,2021-04-25,31.80685623,46533.43066732,1463
2021-04-26,2021-04-26,10.76104736,16991.69378761,1579
2021-04-27,2021-04-27,8.90822263,14823.28245274,1664
2021-04-28,2021-04-28,13.94096585,20967.21264458,1504
2021-04-29,2021-04-29,10.26810359,16439.23383993,1601
2021-04-30,2021-04-30,11.16229296,18774.97676357,1682
2021-05-01,2021-05-01,6.04993232,9268.49631183,1532
2021-05-02,2021-05-02,5.2640445,6890.63425608,1309
2021-05-03,2021-05-03,10.65061642,16945.13072695,1591
2021-05-04,2021-05-04,21.80415375,38048.24829796,1745
2021-05-05,2021-05-05,9.6891312,16064.57952939,1658
2021-05-06,2021-05-06,12.01334938,20542.8274372,1710
2021-05-07,2021-05-07,9.6401776,17342.67950174,1799
2021-05-08,2021-05-08,7.50862171,12329.15685048,1642
2021-05-09,2021-05-09,9.75313919,14532.17739688,1490
2021-05-10,2021-05-10,10.29401394,19713.03669911,1915
2021-05-11,2021-05-11,10.51860832,18081.48770829,1719
2021-05-12,2021-05-12,24.62338258,43115.54290349,1751
2021-05-13,2021-05-13,16.3270729,33584.78896114,2057
2021-05-14,2021-05-14,10.74126239,19312.78977832,1798
2021-05-15,2021-05-15,9.51125662,14970.71792041,1574
2021-05-16,2021-05-16,9.90148963,15139.37763695,1529
2021-05-17,2021-05-17,9.61244238,27107.08750803,2820
2021-05-18,2021-05-18,6.9813328,13913.79626609,1993
2021-05-19,2021-05-19,39.09609979,87184.30253531,2230
2021-05-20,2021-05-20,42.04748936,102385.6365907,2435
2021-05-21,2021-05-21,17.44368097,33736.07899681,1934
2021-05-22,2021-05-22,15.01117944,23492.49582027,1565
2021-05-23,2021-05-23,18.08315138,30596.6921369,1692
2021-05-24,2021-05-24,29.72689755,51635.62104258,1737
2021-05-25,2021-05-25,12.65234719,21091.46276825,1667
2021-05-26,2021-05-26,10.79710071,18214.70889937,1687
2021-05-27,2021-05-27,8.41936459,12797.43417207,1520
2021-05-28,2021-05-28,14.95886818,24547.50268314,1641
2021-05-29,2021-05-29,27.74471511,36317.83207249,1309
2021-05-30,2021-05-30,7.63359073,9320.61428452,1221
2021-05-31,2021-05-31,6.60402277,9113.55142593,1380
2021-06-01,2021-06-01,8.78805096,12030.84176091,1369
2021-06-02,2021-06-02,10.93995448,16256.77235442,1486
2021-06-03,2021-06-03,9.36497199,13635.39922359,1456
2021-06-04,2021-06-04,7.41821753,10830.59759639,1460
2021-06-05,2021-06-05,5.77313003,7897.64188252,1368
2021-06-06,2021-06-06,6.56475007,7142.44807459,1088
2021-06-07,2021-06-07,9.16184141,12762.44508003,1393
2021-06-08,2021-06-08,12.15405127,19738.17927051,1624
2021-06-09,2021-06-09,8.44800645,9605.3833296,1137
2021-06-10,2021-06-10,10.72534221,21590.11387509,2013
2021-06-11,2021-06-11,7.76514925,11049.80738829,1423
2021-06-12,2021-06-12,6.62126964,9435.30923244,1425
2021-06-13,2021-06-13,5.1209846,6339.77894075,1238
2021-06-14,2021-06-14,8.8397754,13683.97231765,1548
2021-06-15,2021-06-15,13.73419691,21576.42334072,1571
2021-06-16,2021-06-16,7.98633666,12147.218059,1521
2021-06-17,2021-06-17,9.07341248,12829.80525333,1414
2021-06-18,2021-06-18,14.85599796,20828.10914603,1402
2021-06-19,2021-06-19,5.544164,6847.04253698,1235
2021-06-20,2021-06-20,7.02549283,8367.36195739,1191
2021-06-21,2021-06-21,12.74508151,19589.19028085,1537
2021-06-22,2021-06-22,10.71241846,16422.13749518,1533
2021-06-23,2021-06-23,10.23425934,18841.27144632,1841
2021-06-24,2021-06-24,14.01721288,19820.33901148,1414
2021-06-25,2021-06-25,17.65029602,26316.59136611,1491
2021-06-26,2021-06-26,8.06665148,10462.44696789,1297
2021-06-27,2021-06-27,5.76677786,6222.35331483,1079
2021-06-28,2021-06-28,9.39057409,14217.32916573,1514
2021-06-29,2021-06-29,8.89319175,12334.85695865,1387
2021-06-30,2021-06-30,7.78074337,11313.20086049,1454
2021-07-01,2021-07-01,6.88101574,10011.87790443,1455
2021-07-02,2021-07-02,6.34895347,9180.58672276,1446
2021-07-03,2021-07-03,4.59912376,5928.27052123,1289
2021-07-04,2021-07-04,5.15872946,6020.23727698,1167
2021-07-05,2021-07-05,3.2036387,6999.95055143,2185
2021-07-06,2021-07-06,4.89289429,9908.11094068,2025
2021-07-07,2021-07-07,6.38248902,8641.89013965,1354
2021-07-08,2021-07-08,7.64234798,10064.97229327,1317
2021-07-09,2021-07-09,24.56288592,33233.58464856,1353
2021-07-10,2021-07-10,9.45618369,11886.42290161,1257
2021-07-11,2021-07-11,4.55016035,4700.31563991,1033
2021-07-12,2021-07-12,11.10704476,14783.47657486,1331
2021-07-13,2021-07-13,7.13577898,10139.94192476,1421
2021-07-14,2021-07-14,5.63181537,7338.25543167,1303
2021-07-15,2021-07-15,9.86531902,13189.93152385,1337
2021-07-16,2021-07-16,7.70582202,10002.15697928,1298
2021-07-17,2021-07-17,4.29676274,5126.03795128,1193
2021-07-18,2021-07-18,3.69072981,4107.78227449,1113
2021-07-19,2021-07-19,7.9345451,10211.7595396,1287
2021-07-20,2021-07-20,7.31868257,11043.89199083,1509
2021-07-21,2021-07-21,7.10181993,10631.42443263,1497
2021-07-22,2021-07-22,7.3288837,10685.51244045,1458
2021-07-23,2021-07-23,5.92495805,7998.69336249,1350
2021-07-24,2021-07-24,5.58984283,7311.51441703,1308
2021-07-25,2021-07-25,5.07729649,6011.51904064,1184
2021-07-26,2021-07-26,66.14025838,98548.98499226,1490
2021-07-27,2021-07-27,20.75206745,34718.20883815,1673
2021-07-28,2021-07-28,7.71230486,10689.25453836,1386
2021-07-29,2021-07-29,8.98909658,11757.73833029,1308
2021-07-30,2021-07-30,8.19820524,10173.97269698,1241
2021-07-31,2021-07-31,6.16759505,7222.2538009,1171
2021-08-01,2021-08-01,8.39699758,3048.11012215,363
2021-08-02,2021-08-02,10.15522896,11871.46265159,1169
2021-08-03,2021-08-03,105.58776074,131456.76211671,1245
2021-08-04,2021-08-04,57.81695278,68166.18732925,1179
2021-08-05,2021-08-05,26.75861124,35990.33211617,1345
2021-08-06,2021-08-06,79.74187502,104382.11440163,1309
2021-08-07,2021-08-07,6.0425985,8133.3375827,1346
2021-08-08,2021-08-08,16.50406434,19590.32437231,1187
2021-08-09,2021-08-09,61.44378979,76128.85554847,1239
2021-08-10,2021-08-10,6.16216813,9076.87365945,1473
2021-08-11,2021-08-11,9.98880055,13105.30631638,1312
2021-08-12,2021-08-12,6.71741204,9384.22462586,1397
2021-08-13,2021-08-13,7.14617799,8761.21421026,1226
2021-08-14,2021-08-14,7.4656407,9653.07341909,1293
2021-08-15,2021-08-15,4.80265084,5369.36364218,1118
2021-08-16,2021-08-16,9.06183197,13203.08918742,1457
2021-08-17,2021-08-17,6.4213328,8681.64194116,1352
2021-08-18,2021-08-18,5.75513503,7803.96310627,1356
2021-08-19,2021-08-19,5.99925952,8302.97518104,1384
2021-08-20,2021-08-20,6.74814363,9319.18635313,1381
2021-08-21,2021-08-21,9.0977556,12536.70721165,1378
2021-08-22,2021-08-22,5.80474716,5566.752529,959
2021-08-23,2021-08-23,9.15112996,13095.26697445,1431
2021-08-24,2021-08-24,9.13111362,11961.75884456,1310
2021-08-25,2021-08-25,6.30909796,8637.15511378,1369
2021-08-26,2021-08-26,8.29991962,11511.98851665,1387
2021-08-27,2021-08-27,7.14660631,9140.5094673,1279
2021-08-28,2021-08-28,4.40811275,5042.88099149,1144
2021-08-29,2021-08-29,5.35113288,4992.60697487,933
2021-08-30,2021-08-30,8.71408381,10247.76256278,1176
2021-08-31,2021-08-31,10.78576649,15660.93294803,1452
2021-09-01,2021-09-01,28.11881467,46255.45013338,1645
2021-09-02,2021-09-02,6.45956246,10393.4359934,1609
2021-09-03,2021-09-03,9.03786171,14704.60100337,1627
2021-09-04,2021-09-04,5.79350103,7340.36580436,1267
2021-09-05,2021-09-05,4.64816691,5503.42962606,1184
2021-09-06,2021-09-06,5.83751062,8184.18989156,1402
2021-09-07,2021-09-07,13.37322262,22333.2817802,1670
2021-09-08,2021-09-08,15.37349629,23260.09988702,1513
2021-09-09,2021-09-09,12.66958219,17610.71924756,1390
2021-09-10,2021-09-10,8.28189135,11379.31872104,1374
2021-09-11,2021-09-11,4.40151571,5585.52344066,1269
2021-09-12,2021-09-12,4.85241046,5138.70267222,1059
2021-09-13,2021-09-13,9.36323851,12425.01749668,1327
2021-09-14,2021-09-14,8.50547936,11184.70535399,1315
2021-09-15,2021-09-15,6.57235342,9036.98594679,1375
2021-09-16,2021-09-16,6.03038258,8436.50523266,1399
2021-09-17,2021-09-17,7.78388432,10835.16697215,1392
2021-09-18,2021-09-18,4.80863596,5741.51133611,1194
2021-09-19,2021-09-19,4.82979352,4974.68732234,1030
2021-09-20,2021-09-20,9.89295228,15264.82536449,1543
2021-09-21,2021-09-21,6.61854114,9550.5548633,1443
2021-09-22,2021-09-22,6.8834258,10332.02212338,1501
2021-09-23,2021-09-23,7.24974057,10135.13732206,1398
2021-09-24,2021-09-24,8.51297376,12292.73411495,1444
2021-09-25,2021-09-25,4.85294094,5726.47030824,1180
2021-09-26,2021-09-26,7.0340695,8398.67898377,1194
2021-09-27,2021-09-27,7.81639058,10544.31088732,1349
2021-09-28,2021-09-28,10.21065975,12998.16985948,1273
2021-09-29,2021-09-29,5.55851536,7342.7987882,1321
2021-09-30,2021-09-30,6.90926085,10723.17283447,1552
2021-10-01,2021-10-01,5.64267526,7702.25173427,1365
2021-10-02,2021-10-02,7.22768591,10032.02804749,1388
2021-10-03,2021-10-03,4.445134,5107.45896727,1149
2021-10-04,2021-10-04,7.36601994,7181.86944323,975
2021-10-05,2021-10-05,9.43596358,13578.35159001,1439
2021-10-06,2021-10-06,8.89787449,10784.2238827,1212
2021-10-07,2021-10-07,7.0714369,13464.01585991,1904
2021-10-08,2021-10-08,6.79069297,9975.5279719,1469
2021-10-09,2021-10-09,5.09111763,5788.60074569,1137
2021-10-10,2021-10-10,6.06936066,6676.29673012,1100
2021-10-11,2021-10-11,7.70107959,10743.00602811,1395
2021-10-12,2021-10-12,9.593867,13834.35621781,1442
2021-10-13,2021-10-13,11.44802489,16027.23484776,1400
2021-10-14,2021-10-14,8.94091496,12293.75807404,1375
2021-10-15,2021-10-15,11.22079491,17773.73913568,1584
2021-10-16,2021-10-16,7.19995331,10583.93136818,1470
2021-10-17,2021-10-17,4.52738697,5093.31033769,1125
2021-10-18,2021-10-18,7.05888,9677.72448647,1371
2021-10-19,2021-10-19,10.7928224,15768.31352303,1461
2021-10-20,2021-10-20,7.16054397,9731.17925472,1359
2021-10-21,2021-10-21,12.26012895,20915.77999603,1706
2021-10-22,2021-10-22,37.83241417,52814.0501822,1396
2021-10-23,2021-10-23,4.43296451,4676.77755337,1055
2021-10-24,2021-10-24,63.97940202,63467.56680828,992
2021-10-25,2021-10-25,21.90569434,28805.98805981,1315
2021-10-26,2021-10-26,6.52235247,8674.7287915,1330
2021-10-27,2021-10-27,9.77073654,13639.94820539,1396
2021-10-28,2021-10-28,13.11895563,18865.05820156,1438
2021-10-29,2021-10-29,28.61962827,40296.43660002,1408
2021-10-30,2021-10-30,5.43310645,6606.65744331,1216
2021-10-31,2021-10-31,5.11843319,5783.82950716,1130
2021-11-01,2021-11-01,5.50356118,7088.58679853,1288
2021-11-02,2021-11-02,10.27507324,14395.37761423,1401
2021-11-03,2021-11-03,12.13986202,15939.63882687,1313
2021-11-04,2021-11-04,7.02787805,9290.85477649,1322
2021-11-05,2021-11-05,5.7675701,7578.58710515,1314
2021-11-06,2021-11-06,4.54074367,5040.22546972,1110
2021-11-07,2021-11-07,4.31365318,4770.90042152,1106
2021-11-08,2021-11-08,8.00205312,8938.29333484,1117
2021-11-09,2021-11-09,9.68368648,17643.67677497,1822
2021-11-10,2021-11-10,8.50217428,12056.08313393,1418
2021-11-11,2021-11-11,5.74685167,7804.22456678,1358
2021-11-12,2021-11-12,8.89397833,10957.38129853,1232
2021-11-13,2021-11-13,2.81211954,2885.23465078,1026
2021-11-14,2021-11-14,5.7469975,5028.62280975,875
2021-11-15,2021-11-15,5.29345474,6548.00351854,1237
2021-11-16,2021-11-16,8.45345136,12054.62163737,1426
2021-11-17,2021-11-17,27.06942945,35190.25829,1300
2021-11-18,2021-11-18,54.96122542,80847.96258858,1471
2021-11-19,2021-11-19,16.3107001,25020.61395748,1534
2021-11-20,2021-11-20,7.46066395,8714.05549586,1168
2021-11-21,2021-11-21,4.29158031,4201.45712411,979
2021-11-22,2021-11-22,5.76549726,4295.29545957,745
2021-11-23,2021-11-23,15.12181001,5776.53142551,382
2021-11-24,2021-11-24,5.7154462,2234.73946309,391
2021-11-25,2021-11-25,636.41424362,150193.76149344,236
2021-11-26,2021-11-26,248.18352714,169012.98198265,681
2021-11-27,2021-11-27,11.32428844,8164.81196232,721
2021-11-28,2021-11-28,30.28019061,21741.17685891,718
2021-11-29,2021-11-29,230.77024318,168231.50728056,729
2021-11-30,2021-11-30,180.46609787,132101.18363833,732
2021-12-01,2021-12-01,45.49131157,71739.79835364,1577
2021-12-02,2021-12-02,35.28866738,47180.94828545,1337
2021-12-03,2021-12-03,13.84572287,10024.30336135,724
2021-12-04,2021-12-04,18.26614892,13224.69182135,724
2021-12-05,2021-12-05,14.21670422,12922.98413921,909
2021-12-06,2021-12-06,775.28261213,1159822.78775284,1496
2021-12-07,2021-12-07,1025.28531557,1802451.58476679,1758
2021-12-08,2021-12-08,601.64513849,1233372.53390513,2050
2021-12-09,2021-12-09,45.12082559,131121.11915751,2906
2021-12-10,2021-12-10,77.88787322,126022.57887508,1618
2021-12-11,2021-12-11,35.29854201,53336.09697627,1511
2021-12-12,2021-12-12,16.97472443,35188.60374719,2073
2021-12-13,2021-12-13,18.86633625,31582.24688628,1674
2021-12-14,2021-12-14,14.9645975,21878.24154864,1462
2021-12-15,2021-12-15,21.20251604,20672.45314112,975
2021-12-16,2021-12-16,29.22391917,20222.95206885,692
2021-12-17,2021-12-17,33.69872832,47178.2196496,1400
2021-12-18,2021-12-18,162.65304037,179568.95656745,1104
2021-12-19,2021-12-19,7.43788146,5325.52312702,716
2021-12-20,2021-12-20,19.65829342,13190.71488179,671
2021-12-21,2021-12-21,24.09881783,16170.30676638,671
2021-12-22,2021-12-22,30.71615833,22545.6602165,734
2021-12-23,2021-12-23,108.07757396,79004.70656491,731
2021-12-24,2021-12-24,16.13879605,26806.54023647,1661
2021-12-25,2021-12-25,29.35317315,59528.23514542,2028
2021-12-26,2021-12-26,2.20276736,2967.12763311,1347
2021-12-27,2021-12-27,4.87368226,7427.49175766,1524
2021-12-28,2021-12-28,9.7354338,18662.82658609,1917
2021-12-29,2021-12-29,4.89645511,8216.25167356,1678
2021-12-30,2021-12-30,4.55346767,6957.69859732,1528
2021-12-31,2021-12-31,5.58579217,9758.37891925,1747
2022-01-01,2022-01-01,3.91804367,5081.70264086,1297
2022-01-02,2022-01-02,2.45992012,3252.0143936,1322
2022-01-03,2022-01-03,6.05275756,8322.54164632,1375
2022-01-04,2022-01-04,9.23077522,15240.00989341,1651
2022-01-05,2022-01-05,5.35692919,9096.06576791,1698
2022-01-06,2022-01-06,7.11265054,12973.47459107,1824
2022-01-07,2022-01-07,6.41522222,11335.69765668,1767
2022-01-08,2022-01-08,3.52821524,5274.68178879,1495
2022-01-09,2022-01-09,2.89340269,4233.04813797,1463
2022-01-10,2022-01-10,5.37012154,8973.47308765,1671
2022-01-11,2022-01-11,51.30383356,89986.92406241,1754
2022-01-12,2022-01-12,47.02894629,81736.30864337,1738
2022-01-13,2022-01-13,5.49670879,9470.82924206,1723
2022-01-14,2022-01-14,5.93413961,10479.69054546,1766
2022-01-15,2022-01-15,2.41009581,3897.12492536,1617
2022-01-16,2022-01-16,2.10799654,3294.79858738,1563
2022-01-17,2022-01-17,233.26864959,402854.9578365,1727
2022-01-18,2022-01-18,69.44822907,130909.9118024,1885
2022-01-19,2022-01-19,44.82249919,82338.93100605,1837
2022-01-20,2022-01-20,102.37221202,196964.13591837,1924
2022-01-21,2022-01-21,80.5669377,161375.5762061,2003
2022-01-22,2022-01-22,6.53974545,14230.48610901,2176
2022-01-23,2022-01-23,18.21015178,32250.17880236,1771
2022-01-24,2022-01-24,62.74257709,129500.67911983,2064
2022-01-25,2022-01-25,22.63404868,46015.02096654,2033
2022-01-26,2022-01-26,48.5895752,96207.35890409,1980
2022-01-27,2022-01-27,108.84637697,202018.87565894,1856
2022-01-28,2022-01-28,8.63548181,16536.94767369,1915
2022-01-29,2022-01-29,59.37917181,118995.86031479,2004
2022-01-30,2022-01-30,62.62901212,162835.43152202,2600
2022-01-31,2022-01-31,22.36321511,51256.4890423,2292
2022-02-01,2022-02-01,4.58669372,9898.08504321,2158
2022-02-02,2022-02-02,3.84247173,7907.80682788,2058
2022-02-03,2022-02-03,3.17044241,6309.18039876,1990
2022-02-04,2022-02-04,4.71242002,8675.56524775,1841
2022-02-05,2022-02-05,3.36059894,7238.73011488,2154
2022-02-06,2022-02-06,2.43293293,4148.15065046,1705
2022-02-07,2022-02-07,4.30334349,8546.44017337,1986
2022-02-08,2022-02-08,5.0172494,10315.46476794,2056
2022-02-09,2022-02-09,4.96351346,8571.98773981,1727
2022-02-10,2022-02-10,10.52962973,18626.91499739,1769
2022-02-11,2022-02-11,6.09987616,10131.89430619,1661
2022-02-12,2022-02-12,3.83458815,5767.22057521,1504
2022-02-13,2022-02-13,2.85045849,3808.21254737,1336
2022-02-14,2022-02-14,3.72861651,5712.24049195,1532
2022-02-15,2022-02-15,4.96023362,8705.2100009,1755
2022-02-16,2022-02-16,4.68508337,7557.03947729,1613
2022-02-17,2022-02-17,4.72662778,7534.24468906,1594
2022-02-18,2022-02-18,4.54474968,7826.05894528,1722
2022-02-19,2022-02-19,3.69434231,5371.57372421,1454
2022-02-20,2022-02-20,3.71186026,5103.80785309,1375
2022-02-21,2022-02-21,5.36212123,8107.52729478,1512
2022-02-22,2022-02-22,4.94256781,8229.37540018,1665
2022-02-23,2022-02-23,4.92519316,7249.88432841,1472
2022-02-24,2022-02-24,11.14129283,20979.05440622,1883
2022-02-25,2022-02-25,9.20867938,15967.85004474,1734
2022-02-26,2022-02-26,5.67812516,7926.66272362,1396
2022-02-27,2022-02-27,5.06575041,6225.80725238,1229
2022-02-28,2022-02-28,9.99693256,16424.96019234,1643
2022-03-01,2022-03-01,7.87123117,13806.13947341,1754
2022-03-02,2022-03-02,6.75477566,12982.67882345,1922
2022-03-03,2022-03-03,6.55857461,11064.31535878,1687
2022-03-04,2022-03-04,7.48369747,12729.76938985,1701
2022-03-05,2022-03-05,3.91849014,5681.81070472,1450
2022-03-06,2022-03-06,3.00871205,3998.57831732,1329
2022-03-07,2022-03-07,7.41969826,12227.66273674,1648
2022-03-08,2022-03-08,5.11146576,8459.47584085,1655
2022-03-09,2022-03-09,5.64219247,9817.41489161,1740
2022-03-10,2022-03-10,5.73870424,9038.45918076,1575
2022-03-11,2022-03-11,5.67173319,8138.93712489,1435
2022-03-12,2022-03-12,3.49396151,4147.33231759,1187
2022-03-13,2022-03-13,2.90672075,3892.09908557,1339
2022-03-14,2022-03-14,8.96225342,11991.49507637,1338
2022-03-15,2022-03-15,6.62920282,11448.63326291,1727
2022-03-16,2022-03-16,4.60964044,9422.1050504,2044
2022-03-17,2022-03-17,5.14753497,10912.77413889,2120
2022-03-18,2022-03-18,4.75835538,9859.31234415,2072
2022-03-19,2022-03-19,3.21158614,6962.71875924,2168
2022-03-20,2022-03-20,2.21938121,4662.91992839,2101
2022-03-21,2022-03-21,3.33449265,7235.84905227,2170
2022-03-22,2022-03-22,5.75666047,12779.78624683,2220
2022-03-23,2022-03-23,3.73448066,8462.333179,2266
2022-03-24,2022-03-24,6.41394425,14399.30484519,2245
2022-03-25,2022-03-25,7.15105444,17512.93231998,2449
2022-03-26,2022-03-26,2.66711037,5707.616195,2140
2022-03-27,2022-03-27,2.00704298,3869.57886563,1928
2022-03-28,2022-03-28,5.32524096,11875.28734191,2230
2022-03-29,2022-03-29,5.10051652,10578.47125395,2074
2022-03-30,2022-03-30,4.96673511,10405.310065,2095
2022-03-31,2022-03-31,6.38677962,14159.49042007,2217
2022-04-01,2022-04-01,5.02968169,11688.98025896,2324
2022-04-02,2022-04-02,2.76361302,5648.82502257,2044
2022-04-03,2022-04-03,1.39467664,2828.40423015,2028
2022-04-04,2022-04-04,3.10815632,6374.82860346,2051
2022-04-05,2022-04-05,4.00123995,8186.53693518,2046
2022-04-06,2022-04-06,5.41761681,11436.58908157,2111
2022-04-07,2022-04-07,5.39873702,12514.27241464,2318
2022-04-08,2022-04-08,8.41702661,10841.13027173,1288
2022-04-09,2022-04-09,4.57353663,7271.923237,1590
2022-04-10,2022-04-10,1.78958813,3568.43873262,1994
2022-04-11,2022-04-11,6.10459461,12105.41111285,1983
2022-04-12,2022-04-12,3.87688783,8649.33675736,2231
2022-04-13,2022-04-13,48.42609685,113171.78834687,2337
2022-04-14,2022-04-14,20.55126774,37115.58953457,1806
2022-04-15,2022-04-15,19.13630836,39382.52260619,2058
2022-04-16,2022-04-16,14.57621026,29735.46892682,2040
2022-04-17,2022-04-17,3.79174374,7617.61316622,2009
2022-04-18,2022-04-18,17.6758335,37242.98117582,2107
2022-04-19,2022-04-19,10.87060429,22154.29154777,2038
2022-04-20,2022-04-20,4.71034994,10381.61126524,2204
2022-04-21,2022-04-21,8.12839353,17037.1128301,2096
2022-04-22,2022-04-22,5.34257728,10914.88537635,2043
2022-04-23,2022-04-23,2.26325353,4669.09203369,2063
2022-04-24,2022-04-24,2.27793571,4690.26963462,2059
2022-04-25,2022-04-25,5.8736196,12481.44165873,2125
2022-04-26,2022-04-26,3.84965478,8107.37296154,2106
2022-04-27,2022-04-27,3.65215446,7516.13387994,2058
2022-04-28,2022-04-28,5.19344913,11088.0138905,2135
2022-04-29,2022-04-29,8.18173576,20609.79238161,2519
2022-04-30,2022-04-30,2.66503152,3805.66500426,1428
2022-05-01,2022-05-01,4.39974386,3348.20507689,761
2022-05-02,2022-05-02,8.78432679,6948.40248861,791
2022-05-03,2022-05-03,7.91692841,6103.95180066,771
2022-05-04,2022-05-04,5.72315385,14445.24032814,2524
2022-05-05,2022-05-05,6.55820375,22153.61225526,3378
2022-05-06,2022-05-06,10.94582369,13507.14643195,1234
2022-05-07,2022-05-07,5.36488898,9501.21839029,1771
2022-05-08,2022-05-08,10.89246472,14073.06441958,1292
2022-05-09,2022-05-09,43.90623383,66649.66294675,1518
2022-05-10,2022-05-10,422.698605,333086.50074186,788
2022-05-11,2022-05-11,359.3437927,791993.71910318,2204
2022-05-12,2022-05-12,14.06385379,41136.77233732,2925
2022-05-13,2022-05-13,6.19089947,27246.14856905,4401
2022-05-14,2022-05-14,7.73338041,20385.19075182,2636
2022-05-15,2022-05-15,4.95858232,6282.52380454,1267
2022-05-16,2022-05-16,3.24562823,12349.6154154,3805
2022-05-17,2022-05-17,4.90686184,10162.11086111,2071
2022-05-18,2022-05-18,12.68788471,15834.48011216,1248
2022-05-19,2022-05-19,9.2911305,12273.58339371,1321
2022-05-20,2022-05-20,8.37526574,11180.97976273,1335
2022-05-21,2022-05-21,3.62608347,4434.70008733,1223
2022-05-22,2022-05-22,3.1179384,3744.64402231,1201
2022-05-23,2022-05-23,20.42588153,26737.47892267,1309
2022-05-24,2022-05-24,7.74483792,9456.44709854,1221
2022-05-25,2022-05-25,12.7648933,17411.31446394,1364
2022-05-26,2022-05-26,12.04512729,15526.16908157,1289
2022-05-27,2022-05-27,8.7449647,11910.64192508,1362
2022-05-28,2022-05-28,4.7247872,5334.28474353,1129
2022-05-29,2022-05-29,7.37566014,8327.12030027,1129
2022-05-30,2022-05-30,6.20346595,8504.95182048,1371
2022-05-31,2022-05-31,61.55013496,79030.37328309,1284
2022-06-01,2022-06-01,36.94377402,47103.31187699,1275
2022-06-02,2022-06-02,37.44826392,47933.77782385,1280
2022-06-03,2022-06-03,17.32243283,22242.00375648,1284
2022-06-04,2022-06-04,46.04178211,52165.33913281,1133
2022-06-05,2022-06-05,223.41614078,246204.58713752,1102
2022-06-06,2022-06-06,201.83987581,265621.27656603,1316
2022-06-07,2022-06-07,375.23379083,468291.77095899,1248
2022-06-08,2022-06-08,67.04328989,83334.80932806,1243
2022-06-09,2022-06-09,35.54781012,42799.56338964,1204
2022-06-10,2022-06-10,42.39649092,53207.59610837,1255
2022-06-11,2022-06-11,32.11119453,38661.87821606,1204
2022-06-12,2022-06-12,35.03880115,40294.62132199,1150
2022-06-13,2022-06-13,121.5445777,240415.17469966,1978
2022-06-14,2022-06-14,1044.44637461,2289426.45314793,2192
2022-06-15,2022-06-15,3311.61372647,6239080.26067372,1884
2022-06-16,2022-06-16,3435.6274582,4469751.32311937,1301
2022-06-17,2022-06-17,2651.07704125,3464957.69292014,1307
2022-06-18,2022-06-18,1518.12368049,2173953.11046772,1432
2022-06-19,2022-06-19,15.51256982,18351.37009858,1183
2022-06-20,2022-06-20,9.99115791,12568.87665393,1258
2022-06-21,2022-06-21,12.01162625,16071.55592655,1338
2022-06-22,2022-06-22,13.31212621,17438.88533102,1310
2022-06-23,2022-06-23,21.84511772,28070.97626868,1285
2022-06-24,2022-06-24,16.51070784,21662.04868968,1312
2022-06-25,2022-06-25,3.93780733,4571.79431279,1161
2022-06-26,2022-06-26,6.09451861,7222.00455285,1185
2022-06-27,2022-06-27,7.28909883,8951.01336382,1228
2022-06-28,2022-06-28,10.72160244,14356.22567233,1339
2022-06-29,2022-06-29,10.2090495,13475.94533534,1320
2022-06-30,2022-06-30,9.21282823,12418.89244835,1348
2022-07-01,2022-07-01,14.25734805,19447.0227357,1364
2022-07-02,2022-07-02,4.4175304,5619.09867221,1272
2022-07-03,2022-07-03,5.13927401,5997.53277467,1167
2022-07-04,2022-07-04,6.33242719,8042.18252954,1270
2022-07-05,2022-07-05,11.73790375,14989.30308557,1277
2022-07-06,2022-07-06,6.88590111,9275.30879522,1347
2022-07-07,2022-07-07,8.56331998,11706.05841263,1367
2022-07-08,2022-07-08,12.94463248,17112.80414207,1322
2022-07-09,2022-07-09,6.58277259,7951.98929343,1208
2022-07-10,2022-07-10,6.55219982,7443.29899213,1136
2022-07-11,2022-07-11,10.2227087,12604.59982273,1233
2022-07-12,2022-07-12,10.29757615,13788.45446806,1339
2022-07-13,2022-07-13,6.3519911,6116.96742962,963
2022-07-14,2022-07-14,13.44064323,21276.53823379,1583
2022-07-15,2022-07-15,12.31252731,16978.97516333,1379
2022-07-16,2022-07-16,4.96957901,6067.85597611,1221
2022-07-17,2022-07-17,26.73856599,30348.272393,1135
2022-07-18,2022-07-18,33.14146826,44409.56746767,1340
2022-07-19,2022-07-19,36.87563793,50704.00214946,1375
2022-07-20,2022-07-20,26.7777502,34811.0752555,1300
2022-07-21,2022-07-21,10.42456021,13572.77739451,1302
2022-07-22,2022-07-22,8.27133108,10827.17238724,1309
2022-07-23,2022-07-23,5.7527072,7179.37858731,1248
2022-07-24,2022-07-24,4.40926469,5326.39174347,1208
2022-07-25,2022-07-25,10.44468038,13139.40792073,1258
2022-07-26,2022-07-26,9.8355568,13297.67279405,1352
2022-07-27,2022-07-27,9.18304233,12130.79891848,1321
2022-07-28,2022-07-28,13.73916048,18506.64916781,1347
2022-07-29,2022-07-29,12.41673662,17656.5994701,1422
2022-07-30,2022-07-30,6.29164265,7663.22074742,1218
2022-07-31,2022-07-31,4.00027558,4632.31912562,1158
2022-08-01,2022-08-01,7.80347192,10542.49056032,1351
2022-08-02,2022-08-02,9.09603321,12143.20433623,1335
2022-08-03,2022-08-03,6.73980487,9152.65500841,1358
2022-08-04,2022-08-04,7.73078208,10900.40273023,1410
2022-08-05,2022-08-05,6.9150056,9051.7423368,1309
2022-08-06,2022-08-06,3.88869359,4763.64964475,1225
2022-08-07,2022-08-07,3.45528332,4032.31563873,1167
2022-08-08,2022-08-08,7.75518852,10624.60827489,1370
2022-08-09,2022-08-09,11.39291475,14457.60881913,1269
2022-08-10,2022-08-10,13.86197592,18602.77168323,1342
2022-08-11,2022-08-11,11.0567384,14440.10034441,1306
2022-08-12,2022-08-12,6.60104751,9188.65813091,1392
2022-08-13,2022-08-13,5.92966191,7074.08665874,1193
2022-08-14,2022-08-14,4.18309998,5199.59327699,1243
2022-08-15,2022-08-15,8.34668745,10600.29306317,1270
2022-08-16,2022-08-16,9.16331186,9593.98751368,1047
2022-08-17,2022-08-17,9.34340822,13725.46668138,1469
2022-08-18,2022-08-18,9.17834326,12142.94813432,1323
2022-08-19,2022-08-19,19.58766272,27344.37715852,1396
2022-08-20,2022-08-20,6.09364273,7385.49499053,1212
2022-08-21,2022-08-21,4.28305444,4891.24816788,1142
2022-08-22,2022-08-22,9.49384299,12588.83580541,1326
2022-08-23,2022-08-23,6.43103852,8128.83269382,1264
2022-08-24,2022-08-24,6.80896595,8429.49984106,1238
2022-08-25,2022-08-25,6.93641271,8719.07077921,1257
2022-08-26,2022-08-26,8.56372327,11004.3843961,1285
2022-08-27,2022-08-27,8.21217204,9994.21337509,1217
2022-08-28,2022-08-28,5.86039443,6434.71308261,1098
2022-08-29,2022-08-29,9.04138497,11554.88999161,1278
2022-08-30,2022-08-30,13.81675772,17602.54933097,1274
2022-08-31,2022-08-31,15.38151709,21549.50543719,1401
2022-09-01,2022-09-01,10.02327522,13300.88622318,1327
2022-09-02,2022-09-02,15.83332072,22039.98243877,1392
2022-09-03,2022-09-03,12.08812089,14977.18177711,1239
2022-09-04,2022-09-04,9.99680919,11466.34014508,1147
2022-09-05,2022-09-05,9.86690399,12817.1082841,1299
2022-09-06,2022-09-06,11.99369431,15279.96655405,1274
2022-09-07,2022-09-07,8.88064524,11491.55494636,1294
2022-09-08,2022-09-08,16.29199463,21700.93684648,1332
2022-09-09,2022-09-09,15.39532453,21276.33849789,1382
2022-09-10,2022-09-10,8.77840635,11122.2408489,1267
2022-09-11,2022-09-11,6.16295908,7395.55089462,1200
2022-09-12,2022-09-12,10.1528371,13056.54851353,1286
2022-09-13,2022-09-13,13.05621808,16946.97107072,1298
2022-09-14,2022-09-14,11.01693522,14333.03272296,1301
2022-09-15,2022-09-15,12.25781286,15726.77390139,1283
2022-09-16,2022-09-16,8.51885973,10810.43299286,1269
2022-09-17,2022-09-17,8.6388001,11100.85812805,1285
2022-09-18,2022-09-18,7.11280052,7752.95257158,1090
2022-09-19,2022-09-19,11.125257,13094.42749118,1177
2022-09-20,2022-09-20,9.56551247,11861.23545995,1240
2022-09-21,2022-09-21,18.03182841,21638.19409122,1200
2022-09-22,2022-09-22,11.05229072,13052.75533592,1181
2022-09-23,2022-09-23,10.54154,13155.84192198,1248
2022-09-24,2022-09-24,5.62820501,6162.88448437,1095
2022-09-25,2022-09-25,4.31939278,4755.65145426,1101
2022-09-26,2022-09-26,9.50082451,11600.50672583,1221
2022-09-27,2022-09-27,15.62790979,19659.91051104,1258
2022-09-28,2022-09-28,17.52051152,20831.88820042,1189
2022-09-29,2022-09-29,44.55145531,53372.64345583,1198
2022-09-30,2022-09-30,12.09702688,15508.388463,1282
2022-10-01,2022-10-01,5.52057125,6293.45122419,1140
2022-10-02,2022-10-02,5.28024986,5792.43409682,1097
2022-10-03,2022-10-03,9.02970206,11079.44443213,1227
2022-10-04,2022-10-04,10.571063,12769.84410322,1208
2022-10-05,2022-10-05,8.64297133,10215.99211559,1182
2022-10-06,2022-10-06,8.14234177,11000.30373341,1351
2022-10-07,2022-10-07,16.82436058,20424.77374832,1214
2022-10-08,2022-10-08,7.40021539,8206.83886976,1109
2022-10-09,2022-10-09,4.15197698,4571.32665125,1101
2022-10-10,2022-10-10,5.93378133,6918.78903251,1166
2022-10-11,2022-10-11,9.23350717,10950.9395092,1186
2022-10-12,2022-10-12,8.33913054,9606.67838566,1152
2022-10-13,2022-10-13,13.63531942,17221.40842172,1263
2022-10-14,2022-10-14,15.02182029,18401.72985174,1225
2022-10-15,2022-10-15,5.6265215,6234.18582655,1108
2022-10-16,2022-10-16,3.83219854,4288.23016976,1119
2022-10-17,2022-10-17,8.64478566,10226.78143658,1183
2022-10-18,2022-10-18,11.01806852,13254.73643523,1203
2022-10-19,2022-10-19,8.73170148,10163.70052746,1164
2022-10-20,2022-10-20,8.61088479,10074.73520698,1170
2022-10-21,2022-10-21,8.4469212,10136.3054388,1200
2022-10-22,2022-10-22,6.1067279,6583.05267605,1078
2022-10-23,2022-10-23,3.77973162,4169.04397532,1103
2022-10-24,2022-10-24,9.51898798,11556.05140743,1214
2022-10-25,2022-10-25,12.50814418,14034.13777468,1122
2022-10-26,2022-10-26,146.41442548,187703.29346262,1282
2022-10-27,2022-10-27,255.87157381,304231.30125874,1189
2022-10-28,2022-10-28,87.22080422,107281.58919141,1230
2022-10-29,2022-10-29,235.68208521,275276.67552921,1168
2022-10-30,2022-10-30,186.85065151,206656.82056578,1106
2022-10-31,2022-10-31,39.40390598,52288.98323192,1327
2022-11-01,2022-11-01,60.34959681,71634.97141821,1187
2022-11-02,2022-11-02,9.84361585,11359.53269658,1154
2022-11-03,2022-11-03,44.71891543,56703.58476295,1268
2022-11-04,2022-11-04,108.75756518,135620.68378043,1247
2022-11-05,2022-11-05,27.19105627,31704.7716158,1166
2022-11-06,2022-11-06,28.74848996,32054.56630913,1115
2022-11-07,2022-11-07,20.39153857,26794.4816845,1314
2022-11-08,2022-11-08,24.02408844,33273.36249551,1385
2022-11-09,2022-11-09,38.54930547,55318.25334363,1435
2022-11-10,2022-11-10,28.41273622,38726.55946533,1363
2022-11-11,2022-11-11,389.99151302,500749.10271492,1284
2022-11-12,2022-11-12,211.94962591,244377.91867963,1153
2022-11-13,2022-11-13,1408.66608266,1742519.94425365,1237
2022-11-14,2022-11-14,695.16959975,1055962.62202446,1519
2022-11-15,2022-11-15,14.92389633,69231.95509729,4639
2022-11-16,2022-11-16,9.9197345,47079.05992273,4746
2022-11-17,2022-11-17,22.23254775,90908.88776368,4089
2022-11-18,2022-11-18,10.7682469,37290.4389995,3463
2022-11-19,2022-11-19,7.33984298,14217.27585241,1937
2022-11-20,2022-11-20,4.02478747,6918.60965861,1719
2022-11-21,2022-11-21,13.22329183,17666.31787852,1336
2022-11-22,2022-11-22,15.85206038,19038.32451056,1201
2022-11-23,2022-11-23,34.23395835,44298.74210574,1294
2022-11-24,2022-11-24,8.31646738,9638.7856924,1159
2022-11-25,2022-11-25,15.14984887,18876.71168892,1246
2022-11-26,2022-11-26,8.89023306,10285.99965294,1157
2022-11-27,2022-11-27,7.0867595,7809.60896553,1102
2022-11-28,2022-11-28,112.08186206,138084.85406339,1232
2022-11-29,2022-11-29,12.23777926,15015.75514792,1227
2022-11-30,2022-11-30,14.83832605,18636.93751499,1256
2022-12-01,2022-12-01,13.70161166,17017.40168079,1242
2022-12-02,2022-12-02,8.23896128,9318.26520316,1131
2022-12-03,2022-12-03,5.81557467,7548.61592331,1298
2022-12-04,2022-12-04,4.28574231,4748.60248338,1108
2022-12-05,2022-12-05,10.89567223,13477.946547,1237
2022-12-06,2022-12-06,9.99651655,12225.73973642,1223
2022-12-07,2022-12-07,9.61596144,11981.48794818,1246
2022-12-08,2022-12-08,9.59202926,11644.72351639,1214
2022-12-09,2022-12-09,9.13195059,11223.16728008,1229
2022-12-10,2022-12-10,5.50639447,6156.1490174,1118
2022-12-11,2022-12-11,5.08611377,5655.75850905,1112
2022-12-12,2022-12-12,12.6958372,15552.40056393,1225
2022-12-13,2022-12-13,27.31600077,40782.78915287,1493
2022-12-14,2022-12-14,24.81823839,30650.52441289,1235
2022-12-15,2022-12-15,14.18404999,17389.64529343,1226
2022-12-16,2022-12-16,22.23370427,27503.0921815,1237
2022-12-17,2022-12-17,34.42067312,41545.75245577,1207
2022-12-18,2022-12-18,18.39957281,17700.38904299,962
2022-12-19,2022-12-19,12.26358717,16126.61712466,1315
2022-12-20,2022-12-20,11.80101724,14291.03187834,1211
2022-12-21,2022-12-21,7.63617025,9171.04046834,1201
2022-12-22,2022-12-22,9.47622986,11551.52419494,1219
2022-12-23,2022-12-23,9.55315623,12352.23101146,1293
2022-12-24,2022-12-24,6.43278932,6979.57641199,1085
2022-12-25,2022-12-25,3.42979381,3714.46669561,1083
2022-12-26,2022-12-26,3.48739658,3808.23706161,1092
2022-12-27,2022-12-27,9.89812396,11432.33317693,1155
2022-12-28,2022-12-28,8.95928974,11019.9263767,1230
2022-12-29,2022-12-29,9.07341759,10815.51376529,1192
2022-12-30,2022-12-30,9.50905947,12057.48740494,1268
2022-12-31,2022-12-31,7.59669653,8721.00761643,1148
2023-01-01,2023-01-01,6.75790534,7197.16918693,1065
2023-01-02,2023-01-02,13.21265924,15696.63917897,1188
2023-01-03,2023-01-03,8.00304493,9515.62042565,1189
2023-01-04,2023-01-04,9.79322318,11742.07459009,1199
2023-01-05,2023-01-05,7.66568551,9352.13632718,1220
2023-01-06,2023-01-06,9.96966393,12083.23268553,1212
2023-01-07,2023-01-07,8.35179013,9537.7443269,1142
2023-01-08,2023-01-08,5.66811287,5928.84605685,1046
2023-01-09,2023-01-09,11.42375345,14473.89561716,1267
2023-01-10,2023-01-10,9.671461,11770.16803938,1217
2023-01-11,2023-01-11,9.800756,11535.48981528,1177
2023-01-12,2023-01-12,16.44082275,21257.98381796,1293
2023-01-13,2023-01-13,15.01896494,19855.07164431,1322
2023-01-14,2023-01-14,18.94150696,24472.42699602,1292
2023-01-15,2023-01-15,1.55892865,1136.45898426,729
2023-01-16,2023-01-16,13.61677946,20969.84036856,1540
2023-01-17,2023-01-17,8.16937953,9893.11861538,1211
2023-01-18,2023-01-18,11.49900189,13925.29129143,1211
2023-01-19,2023-01-19,44.53989388,55229.46841598,1240
2023-01-20,2023-01-20,13.6431755,17013.03985318,1247
2023-01-21,2023-01-21,12.1999848,15030.3812723,1232
2023-01-22,2023-01-22,9.29861934,10274.97436886,1105
2023-01-23,2023-01-23,9.07244803,10723.63357418,1182
2023-01-24,2023-01-24,9.6263559,11233.95733603,1167
2023-01-25,2023-01-25,10.38158083,12758.96284161,1229
2023-01-26,2023-01-26,9.71222403,11732.3666319,1208
2023-01-27,2023-01-27,11.514873,13944.51120059,1211
2023-01-28,2023-01-28,8.17508088,9131.56534048,1117
2023-01-29,2023-01-29,6.54770656,7490.57630349,1144
2023-01-30,2023-01-30,47.88870046,58519.99196282,1222
2023-01-31,2023-01-31,14.15438582,16829.56473659,1189
2023-02-01,2023-02-01,13.03680046,16296.00057191,1250
2023-02-02,2023-02-02,12.68290209,16652.65045058,1313
2023-02-03,2023-02-03,8.87024059,11362.77820082,1281
2023-02-04,2023-02-04,7.03487073,8378.53103681,1191
2023-02-05,2023-02-05,5.52036474,6707.24315495,1215
2023-02-06,2023-02-06,9.44257976,11302.76797125,1197
2023-02-07,2023-02-07,8.03271115,10032.8562311,1249
2023-02-08,2023-02-08,7.22255422,8695.95527902,1204
2023-02-09,2023-02-09,8.69146446,11298.90380348,1300
2023-02-10,2023-02-10,12.68849797,15911.37645142,1254
2023-02-11,2023-02-11,5.97584433,6603.30798145,1105
2023-02-12,2023-02-12,5.53236639,6666.50150201,1205
2023-02-13,2023-02-13,9.66993132,11855.33579696,1226
2023-02-14,2023-02-14,6.36782252,6170.4200248,969
2023-02-15,2023-02-15,12.28130404,18372.83085132,1496
2023-02-16,2023-02-16,15.37179467,20075.56383308,1306
2023-02-17,2023-02-17,10.97007724,14875.42473923,1356
2023-02-18,2023-02-18,6.69835599,9364.30167084,1398
2023-02-19,2023-02-19,5.54589024,6632.88472136,1196
2023-02-20,2023-02-20,7.8896341,9436.00238661,1196
2023-02-21,2023-02-21,8.85803341,11081.39979245,1251
2023-02-22,2023-02-22,7.36575055,9037.7759272,1227
2023-02-23,2023-02-23,9.41016234,11903.85535763,1265
2023-02-24,2023-02-24,10.18596019,13374.16572733,1313
2023-02-25,2023-02-25,6.90436618,7974.54293287,1155
2023-02-26,2023-02-26,4.5655365,5136.22855811,1125
2023-02-27,2023-02-27,8.50064367,10481.29364175,1233
2023-02-28,2023-02-28,10.74518977,13044.66038175,1214
2023-03-01,2023-03-01,11.34088805,14856.56335204,1310
2023-03-02,2023-03-02,7.47560583,9277.22683659,1241
2023-03-03,2023-03-03,12.20545788,16294.28626321,1335
2023-03-04,2023-03-04,6.78039014,8034.76231817,1185
2023-03-05,2023-03-05,5.87519265,6697.71962381,1140
2023-03-06,2023-03-06,8.28882513,10278.14315614,1240
2023-03-07,2023-03-07,9.34708125,12057.73481507,1290
2023-03-08,2023-03-08,9.27370506,10034.14887257,1082
2023-03-09,2023-03-09,12.67398278,18009.72952491,1421
2023-03-10,2023-03-10,17.66081428,23100.34507985,1308
2023-03-11,2023-03-11,19.99387201,24552.47483061,1228
2023-03-12,2023-03-12,15.13205012,17749.89478822,1173
2023-03-13,2023-03-13,20.10247801,27640.90726297,1375
2023-03-14,2023-03-14,20.30526374,27676.07448085,1363
2023-03-15,2023-03-15,13.96989212,17574.12428158,1258
2023-03-16,2023-03-16,44.68037602,55805.78964939,1249
2023-03-17,2023-03-17,18.10058564,25159.81404186,1390
2023-03-18,2023-03-18,13.80473933,17200.70520747,1246
2023-03-19,2023-03-19,9.25859715,11017.7306064,1190
2023-03-20,2023-03-20,16.17514166,19652.79712032,1215
2023-03-21,2023-03-21,11.07848316,13715.16214883,1238
2023-03-22,2023-03-22,15.66669442,20492.03630421,1308
2023-03-23,2023-03-23,13.08353705,14915.23224225,1140
2023-03-24,2023-03-24,9.41219855,7859.18578848,835
2023-03-25,2023-03-25,6.60445143,10428.42881387,1579
2023-03-26,2023-03-26,4.15738362,4485.81693112,1079
2023-03-27,2023-03-27,6.76868093,8237.48469424,1217
2023-03-28,2023-03-28,11.36277901,13726.23704725,1208
2023-03-29,2023-03-29,11.50193465,14584.45314031,1268
2023-03-30,2023-03-30,12.25056448,14663.92568362,1197
2023-03-31,2023-03-31,13.8151736,17172.26078919,1243
2023-04-01,2023-04-01,5.42290011,6420.71372532,1184
2023-04-02,2023-04-02,4.09946684,4886.5644784,1192
2023-04-03,2023-04-03,6.80677706,7480.64799269,1099
2023-04-04,2023-04-04,6.37836199,8674.57230873,1360
2023-04-05,2023-04-05,22.51398937,28074.94473985,1247
2023-04-06,2023-04-06,5.86051062,7524.89563544,1284
2023-04-07,2023-04-07,4.70663235,5680.90525215,1207
2023-04-08,2023-04-08,2.66562617,2588.32301294,971
2023-04-09,2023-04-09,3.70471033,5049.52018236,1363
2023-04-10,2023-04-10,8.63685331,9396.89639869,1088
2023-04-11,2023-04-11,13.4471332,18557.04382013,1380
2023-04-12,2023-04-12,15.90692338,19374.63267316,1218
2023-04-13,2023-04-13,7.10916329,8872.23578213,1248
2023-04-14,2023-04-14,6.0925625,7725.36925294,1268
2023-04-15,2023-04-15,6.05538644,6963.69440136,1150
2023-04-16,2023-04-16,3.98298512,3891.37646403,977
2023-04-17,2023-04-17,7.92706196,10931.41844527,1379
2023-04-18,2023-04-18,4.75091959,6988.60271778,1471
2023-04-19,2023-04-19,5.76850689,9523.80487202,1651
2023-04-20,2023-04-20,12.40346045,20155.6232374,1625
2023-04-21,2023-04-21,17.06005632,22143.95309704,1298
2023-04-22,2023-04-22,13.21286335,15498.68870487,1173
2023-04-23,2023-04-23,4.12098605,4458.90690749,1082
2023-04-24,2023-04-24,6.61156598,8006.60640618,1211
2023-04-25,2023-04-25,19.77757055,24286.85663393,1228
2023-04-26,2023-04-26,23.48007743,23926.19890239,1019
2023-04-27,2023-04-27,10.10254847,12961.56968672,1283
2023-04-28,2023-04-28,6.68530888,8109.27967721,1213
2023-04-29,2023-04-29,4.2122882,5787.68399276,1374
2023-04-30,2023-04-30,4.8574281,4872.00038876,1003
2023-05-01,2023-05-01,10.93697975,13835.27938653,1265
2023-05-02,2023-05-02,16.92408521,15942.48826893,942
2023-05-03,2023-05-03,8.24994516,7994.19685825,969
2023-05-04,2023-05-04,7.00842776,11192.45913086,1597
2023-05-05,2023-05-05,8.24153542,7203.10195847,874
2023-05-06,2023-05-06,8.08172234,6327.98859179,783
2023-05-07,2023-05-07,1169.45931375,554323.71471832,474
2023-05-08,2023-05-08,52.07523695,44159.80093169,848
2023-05-09,2023-05-09,13.7529163,10644.7572146,774
2023-05-10,2023-05-10,36.51045084,31727.5817797,869
2023-05-11,2023-05-11,17.92325329,14840.45372235,828
2023-05-12,2023-05-12,17.07501331,15452.88704689,905
2023-05-13,2023-05-13,8.09893555,6948.88670121,858
2023-05-14,2023-05-14,11.98406955,17784.35921189,1484
2023-05-15,2023-05-15,7.00773644,5865.47540034,837
2023-05-16,2023-05-16,12.75113218,11246.49857837,882
2023-05-17,2023-05-17,10.27131223,10271.31222979,1000
2023-05-18,2023-05-18,9.10300366,11660.94768921,1281
2023-05-19,2023-05-19,7.43113157,7171.04196808,965
2023-05-20,2023-05-20,3.34849473,4332.95217994,1294
2023-05-21,2023-05-21,3.54040057,4181.21306823,1181
2023-05-22,2023-05-22,9.08122792,8572.67915586,944
2023-05-23,2023-05-23,9.6938728,9228.56690805,952
2023-05-24,2023-05-24,8.91524538,8710.19473201,977
2023-05-25,2023-05-25,54.77696126,52969.32153665,967
2023-05-26,2023-05-26,11.79170525,11720.95501718,994
2023-05-27,2023-05-27,5.03042076,5211.51590845,1036
2023-05-28,2023-05-28,3.75773034,7759.71314926,2065
2023-05-29,2023-05-29,7.40923499,9624.59625111,1299
2023-05-30,2023-05-30,6.86334761,8414.46417269,1226
2023-05-31,2023-05-31,6.97686353,12237.41863878,1754
2023-06-01,2023-06-01,6.84533135,9672.45320159,1413
2023-06-02,2023-06-02,6.35456697,9087.03076869,1430
2023-06-03,2023-06-03,7.10293364,9184.09319536,1293
2023-06-04,2023-06-04,5.61778762,10258.08018976,1826
2023-06-05,2023-06-05,7.65925568,16635.90334052,2172
2023-06-06,2023-06-06,7.42543875,11754.46954157,1583
2023-06-07,2023-06-07,14.84574943,15291.12190982,1030
2023-06-08,2023-06-08,7.48111385,14685.42648306,1963
2023-06-09,2023-06-09,6.03232097,13222.84757313,2192
2023-06-10,2023-06-10,12.4215082,17377.68996931,1399
2023-06-11,2023-06-11,8.25596699,9287.96286284,1125
2023-06-12,2023-06-12,10.78234405,13747.48866818,1275
2023-06-13,2023-06-13,9.25569553,11430.78397658,1235
2023-06-14,2023-06-14,13.75834425,17087.86355582,1242
2023-06-15,2023-06-15,14.31837613,18284.56632389,1277
2023-06-16,2023-06-16,14.13457037,17639.94382644,1248
2023-06-17,2023-06-17,54.80777646,68180.87391766,1244
2023-06-18,2023-06-18,10.99369599,12192.0088545,1109
2023-06-19,2023-06-19,121.15701479,143813.37655525,1187
2023-06-20,2023-06-20,19.09319437,22014.45310513,1153
2023-06-21,2023-06-21,15.81554106,21730.55341515,1374
2023-06-22,2023-06-22,10.95182066,15201.12708133,1388
2023-06-23,2023-06-23,19.50810374,22531.85981501,1155
2023-06-24,2023-06-24,7.90210207,11007.62818271,1393
2023-06-25,2023-06-25,12.15241131,14060.33988609,1157
2023-06-26,2023-06-26,11.46423923,14800.33284451,1291
2023-06-27,2023-06-27,11.71097775,14931.49663179,1275
2023-06-28,2023-06-28,13.26712205,14779.57396618,1114
2023-06-29,2023-06-29,10.92499343,14737.81613697,1349
2023-06-30,2023-06-30,14.65533785,20649.37102751,1409
2023-07-01,2023-07-01,8.39285222,10063.02981159,1199
2023-07-02,2023-07-02,8.39946463,9894.5693286,1178
2023-07-03,2023-07-03,9.08375385,11609.03742641,1278
2023-07-04,2023-07-04,17.03558075,21447.7961599,1259
2023-07-05,2023-07-05,14.89718873,18681.07467179,1254
2023-07-06,2023-07-06,12.35591407,15716.72270154,1272
2023-07-07,2023-07-07,13.16018715,17174.04423401,1305
2023-07-08,2023-07-08,10.97013594,12999.61108758,1185
2023-07-09,2023-07-09,9.02047133,9922.51846648,1100
2023-07-10,2023-07-10,13.61522075,17754.24786399,1304
2023-07-11,2023-07-11,13.77670657,16697.3683568,1212
2023-07-12,2023-07-12,12.08090515,15668.93398404,1297
2023-07-13,2023-07-13,16.24978405,21595.96300132,1329
2023-07-14,2023-07-14,13.84833977,18099.78008312,1307
2023-07-15,2023-07-15,10.59801164,12304.29151066,1161
2023-07-16,2023-07-16,9.90396027,10963.68401763,1107
2023-07-17,2023-07-17,9.04554912,11542.12068214,1276
2023-07-18,2023-07-18,10.17192107,12216.47720506,1201
2023-07-19,2023-07-19,17.02498571,20549.15774924,1207
2023-07-20,2023-07-20,9.44502,11740.15985961,1243
2023-07-21,2023-07-21,6.22533292,7657.15949518,1230
2023-07-22,2023-07-22,4.5804906,4951.51034012,1081
2023-07-23,2023-07-23,4.37859802,5000.35893452,1142
2023-07-24,2023-07-24,5.720121,7070.06955101,1236
2023-07-25,2023-07-25,7.75230031,9271.75116492,1196
2023-07-26,2023-07-26,6.93631815,7942.0842847,1145
2023-07-27,2023-07-27,12.96279615,15710.90893477,1212
2023-07-28,2023-07-28,7.26371895,8629.29811579,1188
2023-07-29,2023-07-29,6.54949293,7256.83817131,1108
2023-07-30,2023-07-30,7.22681753,8130.16971794,1125
2023-07-31,2023-07-31,7.18201617,8496.32512982,1183
2023-08-01,2023-08-01,6.75667414,8412.0593105,1245
2023-08-02,2023-08-02,7.82420291,9725.48421608,1243
2023-08-03,2023-08-03,6.4102185,7692.26219722,1200
2023-08-04,2023-08-04,6.25845804,7259.81132747,1160
2023-08-05,2023-08-05,3.95727027,4815.99792022,1217
2023-08-06,2023-08-06,6.25534469,6837.09174343,1093
2023-08-07,2023-08-07,6.75841346,7697.83293382,1139
2023-08-08,2023-08-08,8.43412963,10298.07227308,1221
2023-08-09,2023-08-09,5.10770685,6011.7709651,1177
2023-08-10,2023-08-10,5.08203533,5981.55557996,1177
2023-08-11,2023-08-11,4.74679297,5686.65798396,1198
2023-08-12,2023-08-12,3.42631073,3789.4996687,1106
2023-08-13,2023-08-13,3.87637635,4015.92589941,1036
2023-08-14,2023-08-14,4.5209231,5483.87972599,1213
2023-08-15,2023-08-15,4.52157285,5141.02833299,1137
2023-08-16,2023-08-16,5.20092309,6225.50493304,1197
2023-08-17,2023-08-17,6.46480386,7699.58140178,1191
2023-08-18,2023-08-18,8.05239924,10274.86143145,1276
2023-08-19,2023-08-19,4.36528045,4832.36545308,1107
2023-08-20,2023-08-20,3.77913835,3858.50025407,1021
2023-08-21,2023-08-21,4.78932298,5785.50215661,1208
2023-08-22,2023-08-22,4.94835896,5844.01193245,1181
2023-08-23,2023-08-23,11.67371874,13296.36564966,1139
2023-08-24,2023-08-24,5.42860539,6400.32575976,1179
2023-08-25,2023-08-25,4.25172881,5148.84358564,1211
2023-08-26,2023-08-26,3.27772189,3608.7718063,1101
2023-08-27,2023-08-27,4.78051402,4813.97761343,1007
2023-08-28,2023-08-28,4.17551149,4998.08725094,1197
2023-08-29,2023-08-29,6.54684791,7816.93640482,1194
2023-08-30,2023-08-30,5.11221922,5776.80771743,1130
2023-08-31,2023-08-31,1.95031951,6549.17292486,3358
2023-09-01,2023-09-01,4.85245702,6861.37422123,1414
2023-09-02,2023-09-02,3.20818331,3596.3734934,1121
2023-09-03,2023-09-03,3.179754,3300.58465276,1038
2023-09-04,2023-09-04,3.57271976,4040.74604858,1131
2023-09-05,2023-09-05,4.45316047,5214.65091558,1171
2023-09-06,2023-09-06,3.6603786,4183.81274295,1143
2023-09-07,2023-09-07,4.06686255,4774.49663827,1174
2023-09-08,2023-09-08,4.29311139,4499.18073605,1048
2023-09-09,2023-09-09,4.8427694,3985.59921492,823
2023-09-10,2023-09-10,3.53402257,2841.35414268,804
2023-09-11,2023-09-11,4.1654182,8093.40756307,1943
2023-09-12,2023-09-12,4.54257157,5541.93731597,1220
2023-09-13,2023-09-13,3.66468461,4295.01036237,1172
2023-09-14,2023-09-14,3.96963466,4811.19721338,1212
2023-09-15,2023-09-15,4.71508791,5620.38479084,1192
2023-09-16,2023-09-16,3.2950872,3660.84187874,1111
2023-09-17,2023-09-17,2.6281747,2617.66200582,996
2023-09-18,2023-09-18,5.19652777,4780.80554886,920
2023-09-19,2023-09-19,7.45009035,7882.19558738,1058
2023-09-20,2023-09-20,5.03636668,5565.18518354,1105
2023-09-21,2023-09-21,3.12482993,4643.4972733,1486
2023-09-22,2023-09-22,3.60614156,6747.09085716,1871
2023-09-23,2023-09-23,20.63730651,23464.61750187,1137
2023-09-24,2023-09-24,1.67351838,3079.27382589,1840
2023-09-25,2023-09-25,2.27476799,5045.435406,2218
2023-09-26,2023-09-26,1.80028908,3831.0151593,2128
2023-09-27,2023-09-27,2.93037347,4269.55414683,1457
2023-09-28,2023-09-28,8.15782767,9854.65582776,1208
2023-09-29,2023-09-29,4.39157107,5265.4937075,1199
2023-09-30,2023-09-30,1.58073274,2407.45596728,1523
2023-10-01,2023-10-01,2.52355301,4315.27565436,1710
2023-10-02,2023-10-02,18.23857259,23691.90579149,1299
2023-10-03,2023-10-03,2.86711487,3136.62366892,1094
2023-10-04,2023-10-04,2.78264007,4830.66316092,1736
2023-10-05,2023-10-05,10.19881694,17409.38051651,1707
2023-10-06,2023-10-06,3.96204528,5431.96407701,1371
2023-10-07,2023-10-07,9.46934285,10207.95159393,1078
2023-10-08,2023-10-08,2.36821683,2500.83697326,1056
2023-10-09,2023-10-09,2.73563698,3104.94796931,1135
2023-10-10,2023-10-10,3.58921269,3811.74387274,1062
2023-10-11,2023-10-11,3.97398376,4542.26344165,1143
2023-10-12,2023-10-12,2.88459315,3343.24346035,1159
2023-10-13,2023-10-13,3.16934023,3800.03893974,1199
2023-10-14,2023-10-14,2.09739448,2233.72512355,1065
2023-10-15,2023-10-15,2.78212573,2818.29336184,1013
2023-10-16,2023-10-16,5.89196655,7370.85015155,1251
2023-10-17,2023-10-17,4.51203109,5274.56434771,1169
2023-10-18,2023-10-18,5.44149519,6176.09704167,1135
2023-10-19,2023-10-19,3.69497573,4119.89794223,1115
2023-10-20,2023-10-20,15.86901311,19074.55375236,1202
2023-10-21,2023-10-21,2.67187797,3096.70657005,1159
2023-10-22,2023-10-22,2.59693676,2874.8089971,1107
2023-10-23,2023-10-23,5.37662402,6328.28647114,1177
2023-10-24,2023-10-24,10.0590528,12463.1664169,1239
2023-10-25,2023-10-25,4.83287232,4919.86402589,1018
2023-10-26,2023-10-26,4.05688383,5099.50297538,1257
2023-10-27,2023-10-27,4.36129961,4779.98437103,1096
2023-10-28,2023-10-28,9.49001367,9262.25334319,976
2023-10-29,2023-10-29,2.73974968,2224.67674312,812
2023-10-30,2023-10-30,6.55235468,5569.50147548,850
2023-10-31,2023-10-31,4.23413702,3988.55707315,942
2023-11-01,2023-11-01,9.95904797,9102.56984407,914
2023-11-02,2023-11-02,7.64707059,7585.89402406,992
2023-11-03,2023-11-03,36.99286977,36733.91968119,993
2023-11-04,2023-11-04,3.11658806,3337.86581396,1071
2023-11-05,2023-11-05,2.24293715,2386.48513263,1064
2023-11-06,2023-11-06,3.59216093,3455.6588142,962
2023-11-07,2023-11-07,4.90826933,5811.39088911,1184
2023-11-08,2023-11-08,27.42159897,31397.73082308,1145
2023-11-09,2023-11-09,72.59391331,81014.80725893,1116
2023-11-10,2023-11-10,4.77047508,7289.28592979,1528
2023-11-11,2023-11-11,1.7134021,2474.15263608,1444
2023-11-12,2023-11-12,1.59777351,1577.00245536,987
2023-11-13,2023-11-13,2.61420505,2676.94597409,1024
2023-11-14,2023-11-14,2.45061328,2644.21173151,1079
2023-11-15,2023-11-15,3.7608234,3644.23787089,969
2023-11-16,2023-11-16,1.99469588,1665.57105834,835
2023-11-17,2023-11-17,3.32696982,5047.01321175,1517
2023-11-18,2023-11-18,1.64735362,1683.59540155,1022
2023-11-19,2023-11-19,1.72861059,1700.95281936,984
2023-11-20,2023-11-20,3.19945401,3253.84473262,1017
2023-11-21,2023-11-21,6.82819227,7285.6811492,1067
2023-11-22,2023-11-22,4.98499181,4780.60714703,959
2023-11-23,2023-11-23,3.82150835,3561.64577862,932
2023-11-24,2023-11-24,9.19743998,8985.89885788,977
2023-11-25,2023-11-25,4.11676842,3676.27419627,893
2023-11-26,2023-11-26,2.82005037,2478.8242709,879
2023-11-27,2023-11-27,5.37441515,4756.35740511,885
2023-11-28,2023-11-28,6.32915994,6094.98102576,963
2023-11-29,2023-11-29,14.06416949,14429.83789419,1026
2023-11-30,2023-11-30,2.77112054,2599.31106654,938
2023-12-01,2023-12-01,6.41022075,6429.45141649,1003
2023-12-02,2023-12-02,11.36058474,10633.50732001,936
2023-12-03,2023-12-03,3.41608902,3231.62021044,946
2023-12-04,2023-12-04,6.17954618,6476.16439261,1048
2023-12-05,2023-12-05,6.4679844,5795.31401839,896
2023-12-06,2023-12-06,4.37379268,5379.7649992,1230
2023-12-07,2023-12-07,8.28727089,7748.59827816,935
2023-12-08,2023-12-08,5.375786,5628.4479468,1047
2023-12-09,2023-12-09,4.79584119,4599.21170052,959
2023-12-10,2023-12-10,2.483196,2259.70836229,910
2023-12-11,2023-12-11,4.40582301,4339.73566123,985
2023-12-12,2023-12-12,17.75506099,17648.53062145,994
2023-12-13,2023-12-13,1.58497459,2906.84339655,1834
2023-12-14,2023-12-14,4.19474321,4043.73245297,964
2023-12-15,2023-12-15,3.46881222,3534.71965412,1019
2023-12-16,2023-12-16,2.14433149,2285.85737345,1066
2023-12-17,2023-12-17,4.1428582,4308.57252841,1040
2023-12-18,2023-12-18,3.24736938,3991.01697274,1229
2023-12-19,2023-12-19,4.45351883,4141.77251401,930
2023-12-20,2023-12-20,5.46462942,5120.35776806,937
2023-12-21,2023-12-21,4.15286238,3704.35324485,892
2023-12-22,2023-12-22,4.16570324,5028.00381443,1207
2023-12-23,2023-12-23,3.86318084,3445.95730881,892
2023-12-24,2023-12-24,16.43204771,15018.89160552,914
2023-12-25,2023-12-25,2.14518473,1883.47218956,878
2023-12-26,2023-12-26,67.88351611,62995.90294893,928
2023-12-27,2023-12-27,5.15742819,4682.9447995,908
2023-12-28,2023-12-28,24.82526465,23931.55512242,964
2023-12-29,2023-12-29,34.40774184,31827.16120059,925
2023-12-30,2023-12-30,12.33540218,11447.2532264,928
2023-12-31,2023-12-31,14.79265761,12766.06351428,863
2024-01-01,2024-01-01,2.56330859,2404.38345694,938
2024-01-02,2024-01-02,10.87148821,10371.39975489,954
2024-01-03,2024-01-03,6.08368524,5803.83571919,954
2024-01-04,2024-01-04,2.98991044,3154.35551924,1055
2024-01-05,2024-01-05,3.37137885,3145.49647112,933
2024-01-06,2024-01-06,13.86487995,12727.95979185,918
2024-01-07,2024-01-07,3.31457118,2853.84578995,861
2024-01-08,2024-01-08,5.76872993,5416.83740146,939
2024-01-09,2024-01-09,17.30077195,16003.2140557,925
2024-01-10,2024-01-10,4.30000272,4050.60256661,942
2024-01-11,2024-01-11,7.55559328,7215.59158102,955
2024-01-12,2024-01-12,12.55553981,11613.8743228,925
2024-01-13,2024-01-13,2.28554269,1951.8534568,854
2024-01-14,2024-01-14,3.25866599,2792.6767562,857
2024-01-15,2024-01-15,3.81365473,3390.33905629,889
2024-01-16,2024-01-16,17.11023156,15382.09816912,899
2024-01-17,2024-01-17,3.58121306,3244.57902835,906
2024-01-18,2024-01-18,2.66847666,2460.3354776,922
2024-01-19,2024-01-19,4.1671038,3812.89998136,915
2024-01-20,2024-01-20,2.31005968,1977.41109034,856
2024-01-21,2024-01-21,4.94134842,4338.50391063,878
2024-01-22,2024-01-22,7.16534534,6441.64546403,899
2024-01-23,2024-01-23,6.30006554,5997.66239104,952
2024-01-24,2024-01-24,4.9708387,5085.16799068,1023
2024-01-25,2024-01-25,2.05207342,4321.66662744,2106
2024-01-26,2024-01-26,8.0278489,11616.29736349,1447
2024-01-27,2024-01-27,3.02677562,3774.38919923,1247
2024-01-28,2024-01-28,3.88449469,3515.4676957,905
2024-01-29,2024-01-29,8.5127593,7559.33026042,888
2024-01-30,2024-01-30,11.04206419,9982.02603217,904
2024-01-31,2024-01-31,17.56296359,18265.4821356,1040
2024-02-01,2024-02-01,2.92984075,5297.15207141,1808
2024-02-02,2024-02-02,1.06954737,3763.73719959,3519
2024-02-03,2024-02-03,1.45989791,2129.99104872,1459
2024-02-04,2024-02-04,0.85346183,2235.21652161,2619
2024-02-05,2024-02-05,2.89799138,2663.25407649,919
2024-02-06,2024-02-06,3.42254198,3052.90744844,892
2024-02-07,2024-02-07,1.76597814,4436.1370849,2512
2024-02-08,2024-02-08,6.54756839,7313.6338963,1117
2024-02-09,2024-02-09,16.58828637,17533.81869835,1057
2024-02-10,2024-02-10,1.65641558,2882.16311217,1740
2024-02-11,2024-02-11,5.57095473,5481.81945093,984
2024-02-12,2024-02-12,3.09038931,3600.30355029,1165
2024-02-13,2024-02-13,15.21298581,15441.18059468,1015
2024-02-14,2024-02-14,26.79784736,24493.23248329,914
2024-02-15,2024-02-15,8.41545844,10233.19746571,1216
2024-02-16,2024-02-16,3.7423672,3746.10956224,1001
2024-02-17,2024-02-17,2.4977445,2605.14751572,1043
2024-02-18,2024-02-18,3.19744222,3059.95220467,957
2024-02-19,2024-02-19,5.03716436,4901.16092294,973
2024-02-20,2024-02-20,4.69093653,4681.55465282,998
2024-02-21,2024-02-21,7.2797756,7032.26323144,966
2024-02-22,2024-02-22,2.42814065,2651.529589,1092
2024-02-23,2024-02-23,2.2769074,2242.75378815,985
2024-02-24,2024-02-24,1.9844977,1926.94726207,971
2024-02-25,2024-02-25,1.82156519,1952.71788136,1072
2024-02-26,2024-02-26,18.50169834,19574.79684234,1058
2024-02-27,2024-02-27,24.10408755,21934.71966699,910
2024-02-28,2024-02-28,5.58820415,6605.25730005,1182
2024-02-29,2024-02-29,6.07284592,5787.42216336,953
2024-03-01,2024-03-01,5.09523945,4972.95370004,976
2024-03-02,2024-03-02,3.92849754,3406.00736334,867
2024-03-03,2024-03-03,4.669785,4170.11800627,893
2024-03-04,2024-03-04,7.0335027,6231.68339139,886
2024-03-05,2024-03-05,6.54000692,6271.86663452,959
2024-03-06,2024-03-06,132.01224649,118414.98510584,897
2024-03-07,2024-03-07,3.03611668,4466.12763051,1471
2024-03-08,2024-03-08,35.20220541,45270.03615182,1286
2024-03-09,2024-03-09,3.1233363,2885.96274332,924
2024-03-10,2024-03-10,5.61378825,5069.25078626,903
2024-03-11,2024-03-11,6.86290932,6663.88495397,971
2024-03-12,2024-03-12,33.39877919,33699.36820055,1009
2024-03-13,2024-03-13,9.37393037,8717.75524583,930
2024-03-14,2024-03-14,8.83068165,8247.85665844,934
2024-03-15,2024-03-15,6.73528558,6263.81558895,930
2024-03-16,2024-03-16,2.59397669,2324.20311104,896
2024-03-17,2024-03-17,4.64027899,4185.53165281,902
2024-03-18,2024-03-18,5.19081878,5263.4902438,1014
2024-03-19,2024-03-19,10.39579049,10728.45578563,1032
2024-03-20,2024-03-20,4.03089,3595.55388074,892
2024-03-21,2024-03-21,5.62323327,4594.18158408,817
2024-03-22,2024-03-22,12.30358058,11036.31178269,897
2024-03-23,2024-03-23,4.85288101,4158.91902537,857
2024-03-24,2024-03-24,6.18262237,11876.81757708,1921
2024-03-25,2024-03-25,17.49238893,14728.59147758,842
2024-03-26,2024-03-26,4.68090468,4311.1132108,921
2024-03-27,2024-03-27,7.25155784,6468.38959068,892
2024-03-28,2024-03-28,4.17103172,3812.32299461,914
2024-03-29,2024-03-29,13.45176907,12039.33331473,895
2024-03-30,2024-03-30,3.42244719,2950.14948055,862
2024-03-31,2024-03-31,4.90839578,4059.24331031,827
2024-04-01,2024-04-01,7.13962474,6447.08114411,903
2024-04-02,2024-04-02,20.50635011,18742.80400015,914
2024-04-03,2024-04-03,6.35500388,5185.68316914,816
2024-04-04,2024-04-04,5.10171266,4530.32083875,888
2024-04-05,2024-04-05,14.21683048,12155.39005858,855
2024-04-06,2024-04-06,16.65921144,16192.75352114,972
2024-04-07,2024-04-07,2.7853412,2412.10548044,866
2024-04-08,2024-04-08,7.14846653,5940.37568597,831
2024-04-09,2024-04-09,21.92760641,18134.13050166,827
2024-04-10,2024-04-10,7.44821442,6003.26082123,806
2024-04-11,2024-04-11,7.94816842,6438.01642406,810
2024-04-12,2024-04-12,7.23408286,6018.7569367,832
2024-04-13,2024-04-13,7.06745697,5767.04488801,816
2024-04-14,2024-04-14,8.0442925,6708.93994456,834
2024-04-15,2024-04-15,9.87651416,8069.11206584,817
2024-04-16,2024-04-16,8.4863344,6975.76687564,822
2024-04-17,2024-04-17,10.45372049,8310.707788,795
2024-04-18,2024-04-18,50.82032137,41316.92127121,813
2024-04-19,2024-04-19,8.34820975,6903.96946056,827
2024-04-20,2024-04-20,17.10690778,13394.70879511,783
2024-04-21,2024-04-21,8.48705657,6789.6452542,800
2024-04-22,2024-04-22,5.92672836,4735.45596133,799
2024-04-23,2024-04-23,50.22737507,39528.94417885,787
2024-04-24,2024-04-24,7.63336339,6305.15815745,826
2024-04-25,2024-04-25,3.16770765,2477.14737981,782
2024-04-26,2024-04-26,5.77176101,4790.56163734,830
2024-04-27,2024-04-27,2.34496939,2091.71269658,892
2024-04-28,2024-04-28,3.28524401,2799.02790054,852
2024-04-29,2024-04-29,4.80133633,4393.22274468,915
2024-04-30,2024-04-30,8.71556217,7495.38346995,860
2024-05-01,2024-05-01,6.01705401,5288.990479,879
2024-05-02,2024-05-02,15.82194277,13385.36358529,846
2024-05-03,2024-05-03,3.39771738,2871.07118353,845
2024-05-04,2024-05-04,3.54680797,2755.8697897,777
2024-05-05,2024-05-05,13.67811996,11229.7364906,821
2024-05-06,2024-05-06,8.48862865,6926.72097434,816
2024-05-07,2024-05-07,7.26076064,5953.82372561,820
2024-05-08,2024-05-08,6.06965979,5043.88728467,831
2024-05-09,2024-05-09,6.46909332,5298.18743265,819
2024-05-10,2024-05-10,7.648483,6401.78027402,837
2024-05-11,2024-05-11,3.19660778,2595.64551707,812
2024-05-12,2024-05-12,3.9574095,4182.98184287,1057
2024-05-13,2024-05-13,2.69588282,9761.7917053,3621
2024-05-14,2024-05-14,0.47952516,3287.14495099,6855
2024-05-15,2024-05-15,3.75715835,6338.32612942,1687
2024-05-16,2024-05-16,3.91960654,3954.88299765,1009
2024-05-17,2024-05-17,31.45997401,36178.97011421,1150
2024-05-18,2024-05-18,2.79129531,2207.91458995,791
2024-05-19,2024-05-19,2.31725945,1853.80756138,800
2024-05-20,2024-05-20,3.61211953,2979.99861258,825
2024-05-21,2024-05-21,6.52425529,5708.7233761,875
2024-05-22,2024-05-22,2.81490461,2311.03668196,821
2024-05-23,2024-05-23,5.2232216,4340.49714552,831
2024-05-24,2024-05-24,5.55081135,4374.03934556,788
2024-05-25,2024-05-25,3.16971111,2589.65398054,817
2024-05-26,2024-05-26,4.718751,3723.09453933,789
2024-05-27,2024-05-27,13.64002108,11280.29743237,827
2024-05-28,2024-05-28,9.05283632,7251.32189574,801
2024-05-29,2024-05-29,22.49286907,19411.34601034,863
2024-05-30,2024-05-30,4.67288266,3635.5027112,778
2024-05-31,2024-05-31,5.25893573,4443.80069572,845
2024-06-01,2024-06-01,1.72513734,1355.95795049,786
2024-06-02,2024-06-02,5.07993722,3931.87140574,774
2024-06-03,2024-06-03,8.3336937,6691.95603857,803
2024-06-04,2024-06-04,5.58433016,4366.94618828,782
2024-06-05,2024-06-05,4.72852835,3763.90856767,796
2024-06-06,2024-06-06,4.75634572,3719.46235576,782
2024-06-07,2024-06-07,3.25831097,2723.94796918,836
2024-06-08,2024-06-08,5.18965303,4156.91207965,801
2024-06-09,2024-06-09,1.90913637,1483.39895625,777
2024-06-10,2024-06-10,4.28329947,3559.42185708,831
2024-06-11,2024-06-11,7.30118719,6176.80435938,846
2024-06-12,2024-06-12,6.67779372,5328.87939135,798
2024-06-13,2024-06-13,8.64135852,6973.57632341,807
2024-06-14,2024-06-14,7.25011562,5734.84145282,791
2024-06-15,2024-06-15,4.33659972,3412.90398291,787
2024-06-16,2024-06-16,0.98159645,1124.90953089,1146
2024-06-17,2024-06-17,7.66474222,6116.46429463,798
2024-06-18,2024-06-18,7.44201379,6139.66137785,825
2024-06-19,2024-06-19,3.33777843,2650.19607414,794
2024-06-20,2024-06-20,5.91253443,4795.06542512,811
2024-06-21,2024-06-21,5.41024083,4376.88483477,809
2024-06-22,2024-06-22,2.05729941,1612.92273697,784
2024-06-23,2024-06-23,3.5003221,2758.25381415,788
2024-06-24,2024-06-24,7.65484434,6544.89191341,855
2024-06-25,2024-06-25,5.15655692,5744.40440756,1114
2024-06-26,2024-06-26,5.04628817,5737.62964556,1137
2024-06-27,2024-06-27,17.44792906,20187.25392748,1157
2024-06-28,2024-06-28,5.38212785,5613.55934659,1043
2024-06-29,2024-06-29,8.92736619,10078.99642349,1129
2024-06-30,2024-06-30,3.09668929,3434.22842288,1109
2024-07-01,2024-07-01,4.60382789,5137.87192476,1116
2024-07-02,2024-07-02,25.44148806,27349.59966927,1075
2024-07-03,2024-07-03,4.91093695,4832.36196097,984
2024-07-04,2024-07-04,13.95654553,16329.15826535,1170
2024-07-05,2024-07-05,8.8551924,10334.00952915,1167
2024-07-06,2024-07-06,3.66941632,4135.43219626,1127
2024-07-07,2024-07-07,3.23535286,3351.82556728,1036
2024-07-08,2024-07-08,6.53893632,7559.01038924,1156
2024-07-09,2024-07-09,4.29097764,4724.36638056,1101
2024-07-10,2024-07-10,2.89776979,3714.94087566,1282
2024-07-11,2024-07-11,3.30418689,4097.19174252,1240
2024-07-12,2024-07-12,7.1091768,11708.81419133,1647
2024-07-13,2024-07-13,2.72687267,2721.41892879,998
2024-07-14,2024-07-14,1.80888458,2243.01687599,1240
2024-07-15,2024-07-15,4.82036452,5572.34138222,1156
2024-07-16,2024-07-16,31.42556782,35510.89163617,1130
2024-07-17,2024-07-17,3.83549175,4410.81550713,1150
2024-07-18,2024-07-18,3.0991178,3340.84899083,1078
2024-07-19,2024-07-19,3.77462478,4774.90034956,1265
2024-07-20,2024-07-20,23.21217367,22863.99106073,985
2024-07-21,2024-07-21,2.42735554,2575.42422364,1061
2024-07-22,2024-07-22,5.17479844,6737.58757127,1302
2024-07-23,2024-07-23,7.03403129,6393.93444243,909
2024-07-24,2024-07-24,10.78802357,10572.26309851,980
2024-07-25,2024-07-25,21.34270047,21876.26798446,1025
2024-07-26,2024-07-26,9.14716973,7948.89049431,869
2024-07-27,2024-07-27,2.74906966,2672.09570951,972
2024-07-28,2024-07-28,5.39291212,5036.97991876,934
2024-07-29,2024-07-29,11.0937738,10505.80378453,947
2024-07-30,2024-07-30,39.11278544,37509.1612371,959
2024-07-31,2024-07-31,4.71901624,4572.72673541,969
2024-08-01,2024-08-01,5.87630885,5194.65702457,884
2024-08-02,2024-08-02,6.77268409,5851.5990503,864
2024-08-03,2024-08-03,4.10171916,3802.29365786,927
2024-08-04,2024-08-04,3.12374151,2942.56450347,942
2024-08-05,2024-08-05,13.9889322,12813.8618958,916
2024-08-06,2024-08-06,11.9564359,11526.00420871,964
2024-08-07,2024-08-07,13.96911338,13410.34884156,960
2024-08-08,2024-08-08,7.64931321,7289.7954866,953
2024-08-09,2024-08-09,16.47552961,15075.10959661,915
2024-08-10,2024-08-10,2.20258942,2041.80039184,927
2024-08-11,2024-08-11,4.13678494,3148.09334113,761
2024-08-12,2024-08-12,5.23115751,5152.6901522,985
2024-08-13,2024-08-13,4.75428394,4568.86686406,961
2024-08-14,2024-08-14,5.36240363,5147.90748008,960
2024-08-15,2024-08-15,5.64768279,5461.30925952,967
2024-08-16,2024-08-16,18.44961191,17637.82899011,956
2024-08-17,2024-08-17,5.69210011,5379.03460579,945
2024-08-18,2024-08-18,2.23609914,2059.44730798,921
2024-08-19,2024-08-19,4.27921405,4056.69491636,948
2024-08-20,2024-08-20,13.22657908,13940.81435229,1054
2024-08-21,2024-08-21,3.30772229,3109.25895188,940
2024-08-22,2024-08-22,3.55330503,3489.3455403,982
2024-08-23,2024-08-23,4.74667682,4428.64947728,933
2024-08-24,2024-08-24,5.83073976,5539.20276749,950
2024-08-25,2024-08-25,2.63545505,2566.93321827,974
2024-08-26,2024-08-26,3.84209651,3503.99202141,912
2024-08-27,2024-08-27,121.90916931,123737.80684987,1015
2024-08-28,2024-08-28,9.14253724,8731.1230601,955
2024-08-29,2024-08-29,8.35498838,7953.94893608,952
2024-08-30,2024-08-30,6.61355688,6428.37728308,972
2024-08-31,2024-08-31,4.14764342,3753.61729691,905
2024-09-01,2024-09-01,1.28473023,1243.61886257,968
2024-09-02,2024-09-02,8.90907114,8837.79856929,992
2024-09-03,2024-09-03,39.21995889,38278.67987497,976
2024-09-04,2024-09-04,4.52779466,4138.40432062,914
2024-09-05,2024-09-05,4.07133689,3928.84009889,965
2024-09-06,2024-09-06,16.83554367,16246.29964516,965
2024-09-07,2024-09-07,2.99500422,2755.40387891,920
2024-09-08,2024-09-08,2.88844146,2712.24652766,939
2024-09-09,2024-09-09,6.36996621,5955.91840949,935
2024-09-10,2024-09-10,3.26022331,3367.81067417,1033
2024-09-11,2024-09-11,7.22591485,6857.39318826,949
2024-09-12,2024-09-12,5.12586215,4751.67421343,927
2024-09-13,2024-09-13,49.38288625,49580.41779712,1004
2024-09-14,2024-09-14,2.59434886,2428.31052846,936
2024-09-15,2024-09-15,3.57882338,3364.09398095,940
2024-09-16,2024-09-16,7.50848911,7425.89573422,989
2024-09-17,2024-09-17,5.5915455,4926.15158834,881
2024-09-18,2024-09-18,6.81904965,6525.83051802,957
2024-09-19,2024-09-19,10.07566859,9793.54986465,972
2024-09-20,2024-09-20,4.53817244,4669.77943703,1029
2024-09-21,2024-09-21,1.62840471,1527.44361605,938
2024-09-22,2024-09-22,3.13552924,2903.50007507,926
2024-09-23,2024-09-23,3.99103144,4537.80274656,1137
2024-09-24,2024-09-24,6.36884989,6317.89908914,992
2024-09-25,2024-09-25,12.65005327,11233.2473061,888
2024-09-26,2024-09-26,6.26976035,5975.08161138,953
2024-09-27,2024-09-27,6.46120373,6312.59604695,977
2024-09-28,2024-09-28,32.16737509,29947.82620659,931
2024-09-29,2024-09-29,2.62803216,2451.95400661,933
2024-09-30,2024-09-30,6.82364705,6407.40458209,939
2024-10-01,2024-10-01,13.04180981,12859.22446933,986
2024-10-02,2024-10-02,8.1884468,7410.54434959,905
2024-10-03,2024-10-03,5.75567008,5554.22163181,965
2024-10-04,2024-10-04,4.07718043,3922.24757607,962
2024-10-05,2024-10-05,5.48534813,5079.43236403,926
2024-10-06,2024-10-06,1.96137361,1831.92294878,934
2024-10-07,2024-10-07,11.09844296,10310.4535081,929
2024-10-08,2024-10-08,10.93444007,11306.21103387,1034
2024-10-09,2024-10-09,10.32381308,10003.77487048,969
2024-10-10,2024-10-10,8.96307886,8514.9249139,950
2024-10-11,2024-10-11,7.34230895,6108.80104855,832
2024-10-12,2024-10-12,2.23478852,2134.22303415,955
2024-10-13,2024-10-13,1.8915722,1866.98175753,987
2024-10-14,2024-10-14,7.29116617,6890.15202743,945
2024-10-15,2024-10-15,6.11557316,6384.65837495,1044
2024-10-16,2024-10-16,10.95509213,9432.33432618,861
2024-10-17,2024-10-17,4.60066661,4554.65994877,990
2024-10-18,2024-10-18,10.49687225,10370.90978185,988
2024-10-19,2024-10-19,1.83427233,1775.57561753,968
2024-10-20,2024-10-20,1.35155467,1219.102308,902
2024-10-21,2024-10-21,4.73943437,4895.83570637,1033
2024-10-22,2024-10-22,7.7925547,7363.96418951,945
2024-10-23,2024-10-23,6.65073425,6105.37404088,918
2024-10-24,2024-10-24,3.96964517,3914.07013604,986
2024-10-25,2024-10-25,8.05327955,7457.33685878,926
2024-10-26,2024-10-26,1.7588805,1628.72334478,926
2024-10-27,2024-10-27,5.52830899,5119.21412248,926
2024-10-28,2024-10-28,6.46411077,6179.68990057,956
2024-10-29,2024-10-29,11.42490498,11082.15782946,970
2024-10-30,2024-10-30,8.99441796,8652.63008158,962
2024-10-31,2024-10-31,8.13936732,8180.0641596,1005
2024-11-01,2024-11-01,11.56206529,10775.84484992,932
2024-11-02,2024-11-02,1.75235107,1612.16298422,920
2024-11-03,2024-11-03,4.03848467,3808.29103945,943
2024-11-04,2024-11-04,5.31219009,5009.39525811,943
2024-11-05,2024-11-05,4.43550938,4306.87960941,971
2024-11-06,2024-11-06,9.1509886,9004.57278452,984
2024-11-07,2024-11-07,30.48783597,30762.22649513,1009
2024-11-08,2024-11-08,47.57201808,46382.71762314,975
2024-11-09,2024-11-09,17.26145258,16312.07269173,945
2024-11-10,2024-11-10,4.44952922,4396.13486997,988
2024-11-11,2024-11-11,9.41233854,9694.70869325,1030
2024-11-12,2024-11-12,23.35265684,23866.41528737,1022
2024-11-13,2024-11-13,22.39196602,20488.64890643,915
2024-11-14,2024-11-14,11.19383251,10746.07921302,960
2024-11-15,2024-11-15,8.46272323,9334.38372318,1103
2024-11-16,2024-11-16,5.39027561,4824.29666753,895
2024-11-17,2024-11-17,4.67127475,4493.7663057,962
2024-11-18,2024-11-18,9.85869494,9572.79278775,971
2024-11-19,2024-11-19,98.32578705,95081.03608013,967
2024-11-20,2024-11-20,4.84978559,4636.39502387,956
2024-11-21,2024-11-21,62.77841308,61334.50958138,977
2024-11-22,2024-11-22,7.66624776,7321.26660822,955
2024-11-23,2024-11-23,29.0626835,28190.80299712,970
2024-11-24,2024-11-24,4.38361119,4203.88313102,959
2024-11-25,2024-11-25,10.23113125,10364.13595189,1013
2024-11-26,2024-11-26,11.54621507,11546.21507363,1000
2024-11-27,2024-11-27,13.41597887,12611.02013515,940
2024-11-28,2024-11-28,3.90385044,3743.79257104,959
2024-11-29,2024-11-29,7.56869214,7568.69213983,1000
