start_time,date,open_interest
2021-01-01,2021-01-01,1309956866.0045102
2021-01-02,2021-01-02,1425403921.1499798
2021-01-03,2021-01-03,1438587212.46028
2021-01-04,2021-01-04,1265640975.66716
2021-01-05,2021-01-05,1342799280.33
2021-01-06,2021-01-06,1394047752.79
2021-01-07,2021-01-07,1525251061.46476
2021-01-08,2021-01-08,1476205725.86288
2021-01-09,2021-01-09,1648380231.50289
2021-01-10,2021-01-10,1585339781.22314
2021-01-11,2021-01-11,1336462631.75458
2021-01-12,2021-01-12,1198003342.45408
2021-01-13,2021-01-13,1435970364.20885
2021-01-14,2021-01-14,1479453612.7908
2021-01-15,2021-01-15,1428087338.6320798
2021-01-16,2021-01-16,1369307726.36956
2021-01-17,2021-01-17,1322402865.986
2021-01-18,2021-01-18,1400370014.4364002
2021-01-19,2021-01-19,1455683158.23257
2021-01-20,2021-01-20,1470123492.4044
2021-01-21,2021-01-21,1298397493.20951
2021-01-22,2021-01-22,1266565954.97474
2021-01-23,2021-01-23,1215660130.86725
2021-01-24,2021-01-24,1242719473.032
2021-01-25,2021-01-25,1280236406.8907
2021-01-26,2021-01-26,1284049472.05167
2021-01-27,2021-01-27,1256887346.38972
2021-01-28,2021-01-28,1400551548.31492
2021-01-29,2021-01-29,1447496928.21317
2021-01-30,2021-01-30,1423760687.33966
2021-01-31,2021-01-31,1421976752.93862
2021-02-01,2021-02-01,1373421756.25792
2021-02-02,2021-02-02,1468458757.593
2021-02-03,2021-02-03,1512310978.29541
2021-02-04,2021-02-04,1478690832.30924
2021-02-05,2021-02-05,1581704630.36444
2021-02-06,2021-02-06,1846306386.24864
2021-02-07,2021-02-07,1763107952.2367802
2021-02-08,2021-02-08,2201195365.8377404
2021-02-09,2021-02-09,2185008239.75233
2021-02-10,2021-02-10,2076261714.6555
2021-02-11,2021-02-11,2404982047.2938404
2021-02-12,2021-02-12,2305014436.8005
2021-02-13,2021-02-13,2253871021.79742
2021-02-14,2021-02-14,2490168517.67152
2021-02-15,2021-02-15,2298612739.54394
2021-02-16,2021-02-16,2376063462.2097
2021-02-17,2021-02-17,2634542403.0026293
2021-02-18,2021-02-18,2485007601.24134
2021-02-19,2021-02-19,2625325211.6909204
2021-02-20,2021-02-20,2484463225.62352
2021-02-21,2021-02-21,2593816956.2778
2021-02-22,2021-02-22,2309741287.9585996
2021-02-23,2021-02-23,1944815950.6247096
2021-02-24,2021-02-24,2113660143.88493
2021-02-25,2021-02-25,2100299879.28488
2021-02-26,2021-02-26,1877250185.3516
2021-02-27,2021-02-27,1903080136.8212
2021-02-28,2021-02-28,1977804583.78926
2021-03-01,2021-03-01,2102343915.8757
2021-03-02,2021-03-02,2067224262.42408
2021-03-03,2021-03-03,2158946599.18416
2021-03-04,2021-03-04,2117011193.74591
2021-03-05,2021-03-05,2090499540.53604
2021-03-06,2021-03-06,2078918864.0298
2021-03-07,2021-03-07,2252024279.51592
2021-03-08,2021-03-08,2518900862.21122
2021-03-09,2021-03-09,2596368607.1334004
2021-03-10,2021-03-10,2787622257.5224
2021-03-11,2021-03-11,3008093321.45728
2021-03-12,2021-03-12,2826348786.52635
2021-03-13,2021-03-13,3249307583.2038803
2021-03-14,2021-03-14,3235372796.8770003
2021-03-15,2021-03-15,2828144739.87272
2021-03-16,2021-03-16,2774501864.5649896
2021-03-17,2021-03-17,2813394828.1863003
2021-03-18,2021-03-18,2853770212.55784
2021-03-19,2021-03-19,2822142645.003099
2021-03-20,2021-03-20,2861098881.8496
2021-03-21,2021-03-21,2847376871.4202003
2021-03-22,2021-03-22,2776050736.3226
2021-03-23,2021-03-23,2845441629.58164
2021-03-24,2021-03-24,2689261250.1900406
2021-03-25,2021-03-25,2686252770.616
2021-03-26,2021-03-26,2788491907.2406
2021-03-27,2021-03-27,2804622490.94595
2021-03-28,2021-03-28,2747653317.9461703
2021-03-29,2021-03-29,2898785694.59026
2021-03-30,2021-03-30,3092707208.42508
2021-03-31,2021-03-31,3080750074.6620903
2021-04-01,2021-04-01,3059333738.62034
2021-04-02,2021-04-02,3122629318.3002796
2021-04-03,2021-04-03,3110387287.3638997
2021-04-04,2021-04-04,3103636174.49467
2021-04-05,2021-04-05,3116846104.0064797
2021-04-06,2021-04-06,3077691745.56204
2021-04-07,2021-04-07,3087324112.9906
2021-04-08,2021-04-08,3101398479.6904
2021-04-09,2021-04-09,3060565226.4410996
2021-04-10,2021-04-10,3183824890.1
2021-04-11,2021-04-11,3241635148.5743203
2021-04-12,2021-04-12,3393259401.022
2021-04-13,2021-04-13,3814133954.68796
2021-04-14,2021-04-14,3642510718.16384
2021-04-15,2021-04-15,3631954585.30268
2021-04-16,2021-04-16,3466976847.55758
2021-04-17,2021-04-17,3481431334.1248603
2021-04-18,2021-04-18,2722989531.0034204
2021-04-19,2021-04-19,2597264129.2854
2021-04-20,2021-04-20,2699701038.9284
2021-04-21,2021-04-21,2665464375.33123
2021-04-22,2021-04-22,2721565238.1768403
2021-04-23,2021-04-23,2656324046.9576
2021-04-24,2021-04-24,2735923150.71004
2021-04-25,2021-04-25,2677314451.9167
2021-04-26,2021-04-26,2547418568.9583097
2021-04-27,2021-04-27,2584640471.0644
2021-04-28,2021-04-28,2570124636.27216
2021-04-29,2021-04-29,2676245074.89794
2021-04-30,2021-04-30,2943082405.78708
2021-05-01,2021-05-01,2978131838.5848804
2021-05-02,2021-05-02,3003788072.42632
2021-05-03,2021-05-03,3120736870.9403806
2021-05-04,2021-05-04,2928582979.952
2021-05-05,2021-05-05,2887467911.1745796
2021-05-06,2021-05-06,2990234527.5122995
2021-05-07,2021-05-07,2861699112.1694503
2021-05-08,2021-05-08,2993646897.46344
2021-05-09,2021-05-09,2989598503.48372
2021-05-10,2021-05-10,2990827330.9650197
2021-05-11,2021-05-11,2975319512.8862996
2021-05-12,2021-05-12,2952476955.98385
2021-05-13,2021-05-13,2600442007.55275
2021-05-14,2021-05-14,2572797443.89132
2021-05-15,2021-05-15,2691255280.84451
2021-05-16,2021-05-16,2670911100.7856603
2021-05-17,2021-05-17,2747627782.334
2021-05-18,2021-05-18,2701042091.4434
2021-05-19,2021-05-19,1523358471.44961
2021-05-20,2021-05-20,1571399944.52505
2021-05-21,2021-05-21,1673910934.3117
2021-05-22,2021-05-22,1622824314.74346
2021-05-23,2021-05-23,1591134476.4901
2021-05-24,2021-05-24,1751748304.5335202
2021-05-25,2021-05-25,1777142758.2018502
2021-05-26,2021-05-26,1833410219.13875
2021-05-27,2021-05-27,1777012144.18594
2021-05-28,2021-05-28,1846657171.0038395
2021-05-29,2021-05-29,1869976823.82384
2021-05-30,2021-05-30,1870200846.59345
2021-05-31,2021-05-31,1973167540.9204
2021-06-01,2021-06-01,1943832118.9831
2021-06-02,2021-06-02,2056507941.60208
2021-06-03,2021-06-03,2284347125.1875997
2021-06-04,2021-06-04,2119976864.0288303
2021-06-05,2021-06-05,2091956115.38103
2021-06-06,2021-06-06,2148262481.5370803
2021-06-07,2021-06-07,2221229425.5840397
2021-06-08,2021-06-08,2174361330.1295996
2021-06-09,2021-06-09,2601016543.8146
2021-06-10,2021-06-10,2300293792.7150803
2021-06-11,2021-06-11,2379805140.0512004
2021-06-12,2021-06-12,2295544050.5526004
2021-06-13,2021-06-13,2628774384.663
2021-06-14,2021-06-14,2684650762.92338
2021-06-15,2021-06-15,2701872875.6006
2021-06-16,2021-06-16,2718499923.6751
2021-06-17,2021-06-17,2748448041.04023
2021-06-18,2021-06-18,2493621846.0927997
2021-06-19,2021-06-19,2503244194.505869
2021-06-20,2021-06-20,2539000306.0231
2021-06-21,2021-06-21,2212904729.49678
2021-06-22,2021-06-22,2228623796.5932302
2021-06-23,2021-06-23,2319984851.13591
2021-06-24,2021-06-24,2491657584.9796796
2021-06-25,2021-06-25,2277401971.0805
2021-06-26,2021-06-26,2295388651.1868
2021-06-27,2021-06-27,2426878915.0092
2021-06-28,2021-06-28,2392121893.5012
2021-06-29,2021-06-29,2558358238.08704
2021-06-30,2021-06-30,2456671627.0893
2021-07-01,2021-07-01,2388816816.1446004
2021-07-02,2021-07-02,2434216178.12867
2021-07-03,2021-07-03,2554082331.3269
2021-07-04,2021-07-04,2619897921.0682797
2021-07-05,2021-07-05,2494769687.3965197
2021-07-06,2021-07-06,2445033971.0197997
2021-07-07,2021-07-07,2479220058.80358
2021-07-08,2021-07-08,2511769827.5815797
2021-07-09,2021-07-09,2569231820.3995996
2021-07-10,2021-07-10,2520781528.01693
2021-07-11,2021-07-11,2641811076.28956
2021-07-12,2021-07-12,2533961249.3896003
2021-07-13,2021-07-13,2565042465.85539
2021-07-14,2021-07-14,2489776650.5424
2021-07-15,2021-07-15,2620632790.4536996
2021-07-16,2021-07-16,2508474591.62986
2021-07-17,2021-07-17,2627477054.553
2021-07-18,2021-07-18,2586718728.91216
2021-07-19,2021-07-19,2803528007.7532
2021-07-20,2021-07-20,2627605157.95032
2021-07-21,2021-07-21,2725823440.28689
2021-07-22,2021-07-22,2704576414.72339
2021-07-23,2021-07-23,2862404397.33318
2021-07-24,2021-07-24,2928127334.76032
2021-07-25,2021-07-25,3146677453.79105
2021-07-26,2021-07-26,2573060474.45958
2021-07-27,2021-07-27,2757071546.933
2021-07-28,2021-07-28,2776145072.3936605
2021-07-29,2021-07-29,2829957881.8606
2021-07-30,2021-07-30,2891513510.9443
2021-07-31,2021-07-31,2845292777.95843
2021-08-01,2021-08-01,2586245315.9353204
2021-08-02,2021-08-02,2666960071.33844
2021-08-03,2021-08-03,2752730907.19524
2021-08-04,2021-08-04,2753700462.25009
2021-08-05,2021-08-05,2813988711.3884
2021-08-06,2021-08-06,3001568803.54462
2021-08-07,2021-08-07,3063859195.74301
2021-08-08,2021-08-08,2940928917.6414
2021-08-09,2021-08-09,3279575162.023
2021-08-10,2021-08-10,3201105578.0954
2021-08-11,2021-08-11,3254512328.59776
2021-08-12,2021-08-12,3196410703.19324
2021-08-13,2021-08-13,3412336159.60624
2021-08-14,2021-08-14,3364211028.00502
2021-08-15,2021-08-15,3251512630.49396
2021-08-16,2021-08-16,3427691524.0417805
2021-08-17,2021-08-17,3357720268.4877996
2021-08-18,2021-08-18,3230166666.39645
2021-08-19,2021-08-19,3365692032.0906
2021-08-20,2021-08-20,3671224955.93734
2021-08-21,2021-08-21,3675573359.00372
2021-08-22,2021-08-22,3630488425.29092
2021-08-23,2021-08-23,3863818766.45276
2021-08-24,2021-08-24,3956407457.06936
2021-08-25,2021-08-25,3818671751.3893
2021-08-26,2021-08-26,3726249703.42414
2021-08-27,2021-08-27,3748012076.585621
2021-08-28,2021-08-28,3784137383.43817
2021-08-29,2021-08-29,3681749950.98469
2021-08-30,2021-08-30,3683076740.77993
2021-08-31,2021-08-31,3767482573.39807
2021-09-01,2021-09-01,3787209960.06191
2021-09-02,2021-09-02,4036573043.49338
2021-09-03,2021-09-03,4003233375.31796
2021-09-04,2021-09-04,3789138403.8871
2021-09-05,2021-09-05,4262939922.82224
2021-09-06,2021-09-06,4320110337.054
2021-09-07,2021-09-07,2820667913.29782
2021-09-08,2021-09-08,2804368924.72826
2021-09-09,2021-09-09,2810957105.5768
2021-09-10,2021-09-10,2818544315.8185897
2021-09-11,2021-09-11,2818335765.43894
2021-09-12,2021-09-12,2931297646.4573994
2021-09-13,2021-09-13,2822707924.1428
2021-09-14,2021-09-14,3085253319.66493
2021-09-15,2021-09-15,3256667058.22201
2021-09-16,2021-09-16,3160426012.36344
2021-09-17,2021-09-17,3174305085.12594
2021-09-18,2021-09-18,3223026831.74756
2021-09-19,2021-09-19,3214534030.1788
2021-09-20,2021-09-20,2859914957.6448
2021-09-21,2021-09-21,2600545949.5407
2021-09-22,2021-09-22,2612295344.8886003
2021-09-23,2021-09-23,2786404625.1867504
2021-09-24,2021-09-24,2625169640.8844395
2021-09-25,2021-09-25,2567679842.10112
2021-09-26,2021-09-26,2601698758.1030397
2021-09-27,2021-09-27,2552378959.41328
2021-09-28,2021-09-28,2563655334.84519
2021-09-29,2021-09-29,2709162864.83139
2021-09-30,2021-09-30,2797732012.52749
2021-10-01,2021-10-01,3199721796.32736
2021-10-02,2021-10-02,3139498687.89419
2021-10-03,2021-10-03,3081491179.6944404
2021-10-04,2021-10-04,3146084526.39958
2021-10-05,2021-10-05,3526394778.52196
2021-10-06,2021-10-06,3616911065.8149
2021-10-07,2021-10-07,3655431868.6268
2021-10-08,2021-10-08,3627945272.962
2021-10-09,2021-10-09,3697911277.098
2021-10-10,2021-10-10,3855349291.0828
2021-10-11,2021-10-11,4148140306.3452
2021-10-12,2021-10-12,3874480059.1104097
2021-10-13,2021-10-13,3837226317.29925
2021-10-14,2021-10-14,3961889898.54485
2021-10-15,2021-10-15,4447250071.86883
2021-10-16,2021-10-16,4525029950.2159395
2021-10-17,2021-10-17,4519780614.04025
2021-10-18,2021-10-18,4465427927.0439
2021-10-19,2021-10-19,4895918564.1402
2021-10-20,2021-10-20,5143381661.0341
2021-10-21,2021-10-21,4839996483.824459
2021-10-22,2021-10-22,4728586190.291901
2021-10-23,2021-10-23,4698608810.73011
2021-10-24,2021-10-24,4820806941.69622
2021-10-25,2021-10-25,4919414081.515679
2021-10-26,2021-10-26,4923079862.9541
2021-10-27,2021-10-27,4609991789.911701
2021-10-28,2021-10-28,4563248622.952259
2021-10-29,2021-10-29,4675437629.31276
2021-10-30,2021-10-30,4605259928.959721
2021-10-31,2021-10-31,4837111104.87749
2021-11-01,2021-11-01,4683944752.7510195
2021-11-02,2021-11-02,5035639106.139919
2021-11-03,2021-11-03,4881231807.64165
2021-11-04,2021-11-04,4917730685.4813
2021-11-05,2021-11-05,4924425262.6057
2021-11-06,2021-11-06,4960352930.9036
2021-11-07,2021-11-07,5100202754.79381
2021-11-08,2021-11-08,5725488766.030161
2021-11-09,2021-11-09,5707575951.745999
2021-11-10,2021-11-10,5340379724.394381
2021-11-11,2021-11-11,5104165284.7226
2021-11-12,2021-11-12,5248564774.50128
2021-11-13,2021-11-13,5236862775.454159
2021-11-14,2021-11-14,5366780152.66963
2021-11-15,2021-11-15,5588652517.1661005
2021-11-16,2021-11-16,5093772307.32965
2021-11-17,2021-11-17,5062540094.08602
2021-11-18,2021-11-18,4948098825.64464
2021-11-19,2021-11-19,4841635231.19832
2021-11-20,2021-11-20,4849836227.79374
2021-11-21,2021-11-21,4747852162.6799
2021-11-22,2021-11-22,4872801891.95396
2021-11-23,2021-11-23,4916274797.223499
2021-11-24,2021-11-24,4947177793.9766
2021-11-25,2021-11-25,5130362839.2004
2021-11-26,2021-11-26,5070095974.52018
2021-11-27,2021-11-27,4908297539.680441
2021-11-28,2021-11-28,5024988476.17166
2021-11-29,2021-11-29,5060801997.97122
2021-11-30,2021-11-30,4809411824.40355
2021-12-01,2021-12-01,4938452880.116931
2021-12-02,2021-12-02,4878497977.26966
2021-12-03,2021-12-03,4825844311.74784
2021-12-04,2021-12-04,2961219747.05588
2021-12-05,2021-12-05,2960097897.845799
2021-12-06,2021-12-06,2881344036.99824
2021-12-07,2021-12-07,2984366784.483
2021-12-08,2021-12-08,2960660278.7974396
2021-12-09,2021-12-09,2987928407.57536
2021-12-10,2021-12-10,2836560738.37376
2021-12-11,2021-12-11,2997950016.14123
2021-12-12,2021-12-12,3173846379.3333197
2021-12-13,2021-12-13,3015545150.3692
2021-12-14,2021-12-14,3079849402.26888
2021-12-15,2021-12-15,3170773693.58032
2021-12-16,2021-12-16,3324757287.1061797
2021-12-17,2021-12-17,3409152252.9274797
2021-12-18,2021-12-18,3557683014.53956
2021-12-19,2021-12-19,3680846238.02714
2021-12-20,2021-12-20,3983948889.73347
2021-12-21,2021-12-21,4587496752.718419
2021-12-22,2021-12-22,4688892607.16164
2021-12-23,2021-12-23,4941256511.64305
2021-12-24,2021-12-24,4863540077.101001
2021-12-25,2021-12-25,4900878570.044709
2021-12-26,2021-12-26,4852278978.39424
2021-12-27,2021-12-27,4927887062.537001
2021-12-28,2021-12-28,4759298139.03026
2021-12-29,2021-12-29,4595113214.1765
2021-12-30,2021-12-30,4616650482.505911
2021-12-31,2021-12-31,4704213642.348129
2022-01-01,2022-01-01,4710310150.816149
2022-01-02,2022-01-02,4722924265.72206
2022-01-03,2022-01-03,4970368396.452101
2022-01-04,2022-01-04,4970186336.5771
2022-01-05,2022-01-05,4610622577.0793
2022-01-06,2022-01-06,4666869567.15791
2022-01-07,2022-01-07,4376815265.97952
2022-01-08,2022-01-08,4371032236.70005
2022-01-09,2022-01-09,4392691264.02966
2022-01-10,2022-01-10,4410144802.0821
2022-01-11,2022-01-11,4521296456.41376
2022-01-12,2022-01-12,4606385913.23008
2022-01-13,2022-01-13,4442397621.4192
2022-01-14,2022-01-14,4392243295.630091
2022-01-15,2022-01-15,4408252001.69026
2022-01-16,2022-01-16,4308671168.92915
2022-01-17,2022-01-17,4339388363.721739
2022-01-18,2022-01-18,4322085332.5093
2022-01-19,2022-01-19,4316171613.13058
2022-01-20,2022-01-20,4283104784.93346
2022-01-21,2022-01-21,3706674688.66996
2022-01-22,2022-01-22,3572166952.56881
2022-01-23,2022-01-23,3708443467.22567
2022-01-24,2022-01-24,3669708225.4598
2022-01-25,2022-01-25,3776024154.36518
2022-01-26,2022-01-26,3688191126.64755
2022-01-27,2022-01-27,3630374167.82496
2022-01-28,2022-01-28,3765259269.41593
2022-01-29,2022-01-29,3874005774.4959
2022-01-30,2022-01-30,3875380527.00184
2022-01-31,2022-01-31,4140819381.1917505
2022-02-01,2022-02-01,3976536782.52238
2022-02-02,2022-02-02,3794437528.95784
2022-02-03,2022-02-03,3796373781.11554
2022-02-04,2022-02-04,4314152816.7766695
2022-02-05,2022-02-05,4299005868.95804
2022-02-06,2022-02-06,4362754491.709121
2022-02-07,2022-02-07,4391418467.881391
2022-02-08,2022-02-08,4190364568.098361
2022-02-09,2022-02-09,4269440528.7202806
2022-02-10,2022-02-10,4066861192.22828
2022-02-11,2022-02-11,4019088816.296299
2022-02-12,2022-02-12,4010677369.88053
2022-02-13,2022-02-13,3959447273.9526906
2022-02-14,2022-02-14,4105156712.7824
2022-02-15,2022-02-15,4350258166.3935
2022-02-16,2022-02-16,4333944828.9788
2022-02-17,2022-02-17,3966873327.5771
2022-02-18,2022-02-18,3853727587.1304007
2022-02-19,2022-02-19,3972829670.0635
2022-02-20,2022-02-20,3741094322.8376
2022-02-21,2022-02-21,3604966366.5114
2022-02-22,2022-02-22,3774876677.28
2022-02-23,2022-02-23,3611820078.3077
2022-02-24,2022-02-24,3381075348.0379
2022-02-25,2022-02-25,3507872982.7971997
2022-02-26,2022-02-26,3488801191.8228
2022-02-27,2022-02-27,3321198013.5313997
2022-02-28,2022-02-28,3813582204.2754
2022-03-01,2022-03-01,4024184645.1521
2022-03-02,2022-03-02,4064358798.830399
2022-03-03,2022-03-03,4037384606.7205
2022-03-04,2022-03-04,3805202550.432601
2022-03-05,2022-03-05,3830322449.3782
2022-03-06,2022-03-06,3585742606.2954006
2022-03-07,2022-03-07,3419002546.6764
2022-03-08,2022-03-08,3473091393.9617996
2022-03-09,2022-03-09,3875001245.0375
2022-03-10,2022-03-10,3582375680.4677997
2022-03-11,2022-03-11,3537322818.056
2022-03-12,2022-03-12,3606910954.700099
2022-03-13,2022-03-13,3708358781.8885
2022-03-14,2022-03-14,3778186175.7848
2022-03-15,2022-03-15,3822846902.4821
2022-03-16,2022-03-16,3914996104.9504
2022-03-17,2022-03-17,3902114872.555499
2022-03-18,2022-03-18,4045139245.729699
2022-03-19,2022-03-19,4118056989.2539
2022-03-20,2022-03-20,3953430830.0694
2022-03-21,2022-03-21,3837424816.053
2022-03-22,2022-03-22,3998650390.044
2022-03-23,2022-03-23,3966529963.9528
2022-03-24,2022-03-24,4445102037.0414
2022-03-25,2022-03-25,4429380026.7157
2022-03-26,2022-03-26,4441715743.4922
2022-03-27,2022-03-27,4641294097.9091
2022-03-28,2022-03-28,4542800153.5104
2022-03-29,2022-03-29,4529034664.782599
2022-03-30,2022-03-30,4479982827.0575
2022-03-31,2022-03-31,4290733021.7605
2022-04-01,2022-04-01,4255237861.742
2022-04-02,2022-04-02,4136427700.6073
2022-04-03,2022-04-03,4194275510.5792
2022-04-04,2022-04-04,4274554603.5472
2022-04-05,2022-04-05,4357452365.155001
2022-04-06,2022-04-06,4393381073.934
2022-04-07,2022-04-07,4382771835.7845
2022-04-08,2022-04-08,4374604940.2088
2022-04-09,2022-04-09,4444399321.3934
2022-04-10,2022-04-10,4431570050.025001
2022-04-11,2022-04-11,4205188473.0982
2022-04-12,2022-04-12,4206361797.366299
2022-04-13,2022-04-13,4132955292.5605
2022-04-14,2022-04-14,4163971695.0689
2022-04-15,2022-04-15,4155699462.350701
2022-04-16,2022-04-16,4129087044.6178
2022-04-17,2022-04-17,4165838049.545
2022-04-18,2022-04-18,4082687146.3568
2022-04-19,2022-04-19,4163299025.0362
2022-04-20,2022-04-20,4151048991.3355
2022-04-21,2022-04-21,4104053935.0325
2022-04-22,2022-04-22,4237471881.2167
2022-04-23,2022-04-23,4261808578.341
2022-04-24,2022-04-24,4236692880.858201
2022-04-25,2022-04-25,4177605623.3475
2022-04-26,2022-04-26,4196468612.3963
2022-04-27,2022-04-27,4100018313.222
2022-04-28,2022-04-28,4015154141.7974
2022-04-29,2022-04-29,4081230045.712701
2022-04-30,2022-04-30,4091854128.2313
2022-05-01,2022-05-01,4047898194.1954
2022-05-02,2022-05-02,3991597804.4719
2022-05-03,2022-05-03,4361158702.8536005
2022-05-04,2022-05-04,4220139914.0008
2022-05-05,2022-05-05,4165091282.1181
2022-05-06,2022-05-06,4044241798.7488
2022-05-07,2022-05-07,4089264264.684999
2022-05-08,2022-05-08,3884389789.627499
2022-05-09,2022-05-09,3333490443.7131996
2022-05-10,2022-05-10,3255956871.921
2022-05-11,2022-05-11,2996082975.8528
2022-05-12,2022-05-12,2777030830.6762004
2022-05-13,2022-05-13,2903000861.1268005
2022-05-14,2022-05-14,2764300060.5564
2022-05-15,2022-05-15,2972524709.388
2022-05-16,2022-05-16,2924128591.081
2022-05-17,2022-05-17,2926611485.562
2022-05-18,2022-05-18,2990820405.1997004
2022-05-19,2022-05-19,3346819648.2631
2022-05-20,2022-05-20,3113149728.3374
2022-05-21,2022-05-21,3050759467.8506
2022-05-22,2022-05-22,3300067816.8156
2022-05-23,2022-05-23,3158695256.3669996
2022-05-24,2022-05-24,3233261239.9879003
2022-05-25,2022-05-25,3115081835.11
2022-05-26,2022-05-26,3187929332.7995
2022-05-27,2022-05-27,3175993725.6136003
2022-05-28,2022-05-28,3186225058.8067
2022-05-29,2022-05-29,3348246241.9550996
2022-05-30,2022-05-30,3611735761.3642
2022-05-31,2022-05-31,3658388680.052
2022-06-01,2022-06-01,3342155035.3098
2022-06-02,2022-06-02,3424647179.6937003
2022-06-03,2022-06-03,3328065816.1711
2022-06-04,2022-06-04,3309892344.9415
2022-06-05,2022-06-05,3331975647.4841003
2022-06-06,2022-06-06,3892806439.620701
2022-06-07,2022-06-07,3547532220.0348
2022-06-08,2022-06-08,3263251474.2028995
2022-06-09,2022-06-09,3422308597.0199
2022-06-10,2022-06-10,3459486110.8714
2022-06-11,2022-06-11,3485457094.429
2022-06-12,2022-06-12,3184904485.9021997
2022-06-13,2022-06-13,2621360643.9918
2022-06-14,2022-06-14,2515079396.6498995
2022-06-15,2022-06-15,2516472940.2742
2022-06-16,2022-06-16,2457435731.3447003
2022-06-17,2022-06-17,2539166046.9184
2022-06-18,2022-06-18,2337733679.9454
2022-06-19,2022-06-19,2481362580.4582996
2022-06-20,2022-06-20,2490206431.9647
2022-06-21,2022-06-21,2586680610.2391996
2022-06-22,2022-06-22,2530352376.9907
2022-06-23,2022-06-23,2702523107.8047
2022-06-24,2022-06-24,2669188510.1727
2022-06-25,2022-06-25,2853019341.6193004
2022-06-26,2022-06-26,2712078028.3018
2022-06-27,2022-06-27,2655652545.5522
2022-06-28,2022-06-28,2679095841.1856003
2022-06-29,2022-06-29,2613615823.8956003
2022-06-30,2022-06-30,2507646082.9765
2022-07-01,2022-07-01,2372360670.7739005
2022-07-02,2022-07-02,2426178915.5122004
2022-07-03,2022-07-03,2446853166.4258
2022-07-04,2022-07-04,2724217625.8239994
2022-07-05,2022-07-05,2682209500.8575
2022-07-06,2022-07-06,2782320585.0463
2022-07-07,2022-07-07,3201178255.4838004
2022-07-08,2022-07-08,3063422379.1296
2022-07-09,2022-07-09,3028299817.5142
2022-07-10,2022-07-10,2813062847.2528
2022-07-11,2022-07-11,2711952351.9243
2022-07-12,2022-07-12,2676155952.0165
2022-07-13,2022-07-13,2754700918.9496
2022-07-14,2022-07-14,2876796083.8182
2022-07-15,2022-07-15,2956296483.3602
2022-07-16,2022-07-16,3018830158.2160997
2022-07-17,2022-07-17,2994378972.2613
2022-07-18,2022-07-18,3135173211.4448004
2022-07-19,2022-07-19,3440550056.4705997
2022-07-20,2022-07-20,3232137293.2428
2022-07-21,2022-07-21,3229590524.1915
2022-07-22,2022-07-22,3265131327.9181995
2022-07-23,2022-07-23,3284374883.3584
2022-07-24,2022-07-24,3242743143.7535005
2022-07-25,2022-07-25,2927883809.4553995
2022-07-26,2022-07-26,2947071078.9837003
2022-07-27,2022-07-27,3254003000.3343
2022-07-28,2022-07-28,3311140048.0889006
2022-07-29,2022-07-29,3355445122.4775
2022-07-30,2022-07-30,3406079505.8255
2022-07-31,2022-07-31,3256392893.1682997
2022-08-01,2022-08-01,3204860827.5369
2022-08-02,2022-08-02,3165996222.512
2022-08-03,2022-08-03,3268676346.1763997
2022-08-04,2022-08-04,3161239662.0336995
2022-08-05,2022-08-05,3129696949.3683996
2022-08-06,2022-08-06,3162919505.2932997
2022-08-07,2022-08-07,3183275737.4019003
2022-08-08,2022-08-08,3514449064.8566
2022-08-09,2022-08-09,3322538147.9616995
2022-08-10,2022-08-10,3352773778.9213
2022-08-11,2022-08-11,3477822142.7424
2022-08-12,2022-08-12,3512319388.3993
2022-08-13,2022-08-13,3628084243.057501
2022-08-14,2022-08-14,3462537622.1359997
2022-08-15,2022-08-15,3285888069.9700003
2022-08-16,2022-08-16,3260838389.7056
2022-08-17,2022-08-17,3435907087.815599
2022-08-18,2022-08-18,3389846499.0199995
2022-08-19,2022-08-19,2887207438.9787
2022-08-20,2022-08-20,2914401578.431
2022-08-21,2022-08-21,2969149907.1508
2022-08-22,2022-08-22,2943415509.0716
2022-08-23,2022-08-23,2995658928.5762
2022-08-24,2022-08-24,2986069240.4807997
2022-08-25,2022-08-25,3013752285.3724995
2022-08-26,2022-08-26,2998042534.9173994
2022-08-27,2022-08-27,3027932804.6488996
2022-08-28,2022-08-28,2941059495.2216997
2022-08-29,2022-08-29,3061300502.518899
2022-08-30,2022-08-30,3025940112.2918997
2022-08-31,2022-08-31,2857063621.4086003
2022-09-01,2022-09-01,2999069154.9311004
2022-09-02,2022-09-02,2904244527.7002
2022-09-03,2022-09-03,3141496563.9586
2022-09-04,2022-09-04,3066223678.6226997
2022-09-05,2022-09-05,3161817028.4006
2022-09-06,2022-09-06,3095445421.3725996
2022-09-07,2022-09-07,2963958978.6628
2022-09-08,2022-09-08,2928707838.6675997
2022-09-09,2022-09-09,3573814312.6596007
2022-09-10,2022-09-10,3671038166.5749
2022-09-11,2022-09-11,3801377985.0538
2022-09-12,2022-09-12,3972943776.8728
2022-09-13,2022-09-13,3120278294.962
2022-09-14,2022-09-14,3024839398.7489
2022-09-15,2022-09-15,2985633614.7916
2022-09-16,2022-09-16,3063768141.5986004
2022-09-17,2022-09-17,3158341861.676
2022-09-18,2022-09-18,3063334870.1624
2022-09-19,2022-09-19,2871492571.566
2022-09-20,2022-09-20,2782167102.3267
2022-09-21,2022-09-21,2721797310.9569
2022-09-22,2022-09-22,2982716674.576
2022-09-23,2022-09-23,2884215561.1221
2022-09-24,2022-09-24,2886939476.2648
2022-09-25,2022-09-25,2907622685.1452
2022-09-26,2022-09-26,3098721656.4742
2022-09-27,2022-09-27,3080212398.3807993
2022-09-28,2022-09-28,3186185255.2331
2022-09-29,2022-09-29,3247111493.9469
2022-09-30,2022-09-30,3064845962.5311
2022-10-01,2022-10-01,3071300241.1574993
2022-10-02,2022-10-02,3057261084.6443
2022-10-03,2022-10-03,3340491646.7167
2022-10-04,2022-10-04,4145444412.5662
2022-10-05,2022-10-05,3951972377.9874
2022-10-06,2022-10-06,3865280160.2368
2022-10-07,2022-10-07,3572060160.6666
2022-10-08,2022-10-08,3517871982.6779003
2022-10-09,2022-10-09,3531138277.3132997
2022-10-10,2022-10-10,3638768768.2373
2022-10-11,2022-10-11,3711131106.1497
2022-10-12,2022-10-12,3605565292.698401
2022-10-13,2022-10-13,3684406113.193
2022-10-14,2022-10-14,3481417852.5529
2022-10-15,2022-10-15,3513926795.2674003
2022-10-16,2022-10-16,3419938896.6618996
2022-10-17,2022-10-17,3754057666.872
2022-10-18,2022-10-18,3618078309.0806
2022-10-19,2022-10-19,3631778372.6164994
2022-10-20,2022-10-20,3691737488.9676
2022-10-21,2022-10-21,3569348492.6860003
2022-10-22,2022-10-22,3573337307.1741996
2022-10-23,2022-10-23,3845285865.3267994
2022-10-24,2022-10-24,3499825075.9814
2022-10-25,2022-10-25,4028547111.8
2022-10-26,2022-10-26,4250035402.2756
2022-10-27,2022-10-27,3819658252.368799
2022-10-28,2022-10-28,3759995555.9805994
2022-10-29,2022-10-29,3929507554.0768
2022-10-30,2022-10-30,3689571220.721899
2022-10-31,2022-10-31,3456119284.7976
2022-11-01,2022-11-01,3469206421.6799
2022-11-02,2022-11-02,3336883733.7992997
2022-11-03,2022-11-03,3345548992.3178997
2022-11-04,2022-11-04,3785506235.0642
2022-11-05,2022-11-05,3954958033.0294
2022-11-06,2022-11-06,3692169705.0442
2022-11-07,2022-11-07,3456558658.0475
2022-11-08,2022-11-08,2917201681.2067
2022-11-09,2022-11-09,2783153495.609
2022-11-10,2022-11-10,2787841599.4125
2022-11-11,2022-11-11,2641435658.8839
2022-11-12,2022-11-12,2617759500.6579
2022-11-13,2022-11-13,2595887474.3464
2022-11-14,2022-11-14,2575023722.6523
2022-11-15,2022-11-15,2673567501.7471
2022-11-16,2022-11-16,2725829286.3296
2022-11-17,2022-11-17,2764207143.6966
2022-11-18,2022-11-18,2739522190.7639003
2022-11-19,2022-11-19,2720368071.1287003
2022-11-20,2022-11-20,2723405528.521
2022-11-21,2022-11-21,2771661293.2869997
2022-11-22,2022-11-22,2807225349.3464003
2022-11-23,2022-11-23,2751698603.6499996
2022-11-24,2022-11-24,2747775484.9191003
2022-11-25,2022-11-25,2760384342.3779
2022-11-26,2022-11-26,2773497166.0002003
2022-11-27,2022-11-27,2791216562.3868
2022-11-28,2022-11-28,2730637047.0714
2022-11-29,2022-11-29,2800042480.1564
2022-11-30,2022-11-30,2874488805.8304
2022-12-01,2022-12-01,2879841123.5373
2022-12-02,2022-12-02,2867783540.7443
2022-12-03,2022-12-03,2853681742.7903996
2022-12-04,2022-12-04,3010358186.2741
2022-12-05,2022-12-05,2789723905.0677996
2022-12-06,2022-12-06,2573807129.462
2022-12-07,2022-12-07,2486031256.557
2022-12-08,2022-12-08,2592978675.4884005
2022-12-09,2022-12-09,2541661002.36
2022-12-10,2022-12-10,2570181190.888
2022-12-11,2022-12-11,2538899019.2896
2022-12-12,2022-12-12,2470465906.6827
2022-12-13,2022-12-13,2544761077.492
2022-12-14,2022-12-14,2631708589.5643
2022-12-15,2022-12-15,2509841874.0281
2022-12-16,2022-12-16,2237082788.4349003
2022-12-17,2022-12-17,2264331582.5232
2022-12-18,2022-12-18,2246335368.3831997
2022-12-19,2022-12-19,2203142767.6042004
2022-12-20,2022-12-20,2220622052.4459
2022-12-21,2022-12-21,2230488527.8662
2022-12-22,2022-12-22,2294381792.0456
2022-12-23,2022-12-23,2278583573.7394
2022-12-24,2022-12-24,2275894672.4237003
2022-12-25,2022-12-25,2262913913.3082
2022-12-26,2022-12-26,2273757501.9203
2022-12-27,2022-12-27,2373883367.8792
2022-12-28,2022-12-28,2417416901.4277005
2022-12-29,2022-12-29,2444864786.0895
2022-12-30,2022-12-30,2448715483.2526
2022-12-31,2022-12-31,2405637271.5343
2023-01-01,2023-01-01,2466195067.7507
2023-01-02,2023-01-02,2394736730.0014
2023-01-03,2023-01-03,2386355487.1553
2023-01-04,2023-01-04,2331260931.2338
2023-01-05,2023-01-05,2374666014.8740997
2023-01-06,2023-01-06,2392752286.3232
2023-01-07,2023-01-07,2425667812.4644003
2023-01-08,2023-01-08,2399731807.4226003
2023-01-09,2023-01-09,2443954099.3647003
2023-01-10,2023-01-10,2660094429.9185996
2023-01-11,2023-01-11,2632047937.2272
2023-01-12,2023-01-12,2784576206.2744
2023-01-13,2023-01-13,2965451194.5934
2023-01-14,2023-01-14,2672569055.2170005
2023-01-15,2023-01-15,2681493284.4229
2023-01-16,2023-01-16,2775834763.8808
2023-01-17,2023-01-17,2870638981.3096004
2023-01-18,2023-01-18,2810034460.9940004
2023-01-19,2023-01-19,2940238414.9213004
2023-01-20,2023-01-20,3017656674.724
2023-01-21,2023-01-21,2941031034.8194
2023-01-22,2023-01-22,2899845230.6136003
2023-01-23,2023-01-23,2892536982.239
2023-01-24,2023-01-24,2888600446.9755
2023-01-25,2023-01-25,2768202638.1479
2023-01-26,2023-01-26,2814087084.1993003
2023-01-27,2023-01-27,2867232778.7051
2023-01-28,2023-01-28,2872768666.4147005
2023-01-29,2023-01-29,3323208048.1123004
2023-01-30,2023-01-30,2947148341.0118003
2023-01-31,2023-01-31,3099303684.3096
2023-02-01,2023-02-01,3270621760.2124
2023-02-02,2023-02-02,3175686080.2972
2023-02-03,2023-02-03,3129330561.2587
2023-02-04,2023-02-04,3152616180.8137
2023-02-05,2023-02-05,3210716303.5913005
2023-02-06,2023-02-06,3180177897.2728
2023-02-07,2023-02-07,3217169084.5241003
2023-02-08,2023-02-08,3283757070.4
2023-02-09,2023-02-09,2986507696.674
2023-02-10,2023-02-10,3020132768.775
2023-02-11,2023-02-11,3006556862.1863003
2023-02-12,2023-02-12,2931541723.4066
2023-02-13,2023-02-13,2904804237.8032
2023-02-14,2023-02-14,3074752734.2406006
2023-02-15,2023-02-15,3493430711.4570003
2023-02-16,2023-02-16,3383611299.8625
2023-02-17,2023-02-17,3473206032.3097
2023-02-18,2023-02-18,3586048291.9175997
2023-02-19,2023-02-19,3480633640.3647995
2023-02-20,2023-02-20,3640987403.832899
2023-02-21,2023-02-21,3554897024.6583996
2023-02-22,2023-02-22,3453705698.5275
2023-02-23,2023-02-23,3393655390.5422
2023-02-24,2023-02-24,3291490070.5298004
2023-02-25,2023-02-25,3368347371.3879
2023-02-26,2023-02-26,3339830029.648
2023-02-27,2023-02-27,3194115005.491
2023-02-28,2023-02-28,3226857230.654
2023-03-01,2023-03-01,3273281122.4193
2023-03-02,2023-03-02,3377758034.0949
2023-03-03,2023-03-03,3060222958.3714004
2023-03-04,2023-03-04,3031873783.1907
2023-03-05,2023-03-05,3027034671.732
2023-03-06,2023-03-06,3113466179.8076
2023-03-07,2023-03-07,3127003080.6163
2023-03-08,2023-03-08,3131864503.9574995
2023-03-09,2023-03-09,2759891777.7561994
2023-03-10,2023-03-10,2706675503.6021
2023-03-11,2023-03-11,2662760161.7593994
2023-03-12,2023-03-12,2635294383.4828
2023-03-13,2023-03-13,3203835777.6516
2023-03-14,2023-03-14,3191779423.112
2023-03-15,2023-03-15,2998513286.1555996
2023-03-16,2023-03-16,3345367269.3381004
2023-03-17,2023-03-17,3754885282.8413
2023-03-18,2023-03-18,3637929585.2709
2023-03-19,2023-03-19,3965909772.4779
2023-03-20,2023-03-20,3921532434.4982
2023-03-21,2023-03-21,3932202711.672401
2023-03-22,2023-03-22,4052261862.2078
2023-03-23,2023-03-23,3777569148.0921
2023-03-24,2023-03-24,3482849303.9402003
2023-03-25,2023-03-25,3464204649.5032
2023-03-26,2023-03-26,3666422065.0856
2023-03-27,2023-03-27,3469405768.0791
2023-03-28,2023-03-28,3584930886.3371
2023-03-29,2023-03-29,3938295577.0205
2023-03-30,2023-03-30,3648294078.4904
2023-03-31,2023-03-31,3869289951.3117
2023-04-01,2023-04-01,3822326586.3401
2023-04-02,2023-04-02,3758942716.2131
2023-04-03,2023-04-03,3405326182.2637997
2023-04-04,2023-04-04,3540940172.6173
2023-04-05,2023-04-05,3532230437.2987
2023-04-06,2023-04-06,3575399864.0987
2023-04-07,2023-04-07,3656798496.6291
2023-04-08,2023-04-08,3650683441.8829
2023-04-09,2023-04-09,3754477672.8702
2023-04-10,2023-04-10,4427410605.0314
2023-04-11,2023-04-11,4395386545.6238
2023-04-12,2023-04-12,4349415132.7326
2023-04-13,2023-04-13,4377219056.420199
2023-04-14,2023-04-14,3965108733.9117
2023-04-15,2023-04-15,3968866739.548099
2023-04-16,2023-04-16,3931341319.282699
2023-04-17,2023-04-17,3815841093.0631
2023-04-18,2023-04-18,3866511543.1435
2023-04-19,2023-04-19,3628772540.5708
2023-04-20,2023-04-20,3663761587.0053
2023-04-21,2023-04-21,3605394857.5185
2023-04-22,2023-04-22,3737114106.699499
2023-04-23,2023-04-23,3679982450.903
2023-04-24,2023-04-24,3630497787.305
2023-04-25,2023-04-25,3709127852.1626
2023-04-26,2023-04-26,3413647725.8542
2023-04-27,2023-04-27,3683722332.358499
2023-04-28,2023-04-28,3695737466.1024
2023-04-29,2023-04-29,3679833476.378899
2023-04-30,2023-04-30,3626483558.831
2023-05-01,2023-05-01,3650981464.7101
2023-05-02,2023-05-02,3718129170.507
2023-05-03,2023-05-03,3610399080.2608
2023-05-04,2023-05-04,3716654736.4583
2023-05-05,2023-05-05,3916418735.406
2023-05-06,2023-05-06,3657730550.997
2023-05-07,2023-05-07,3641511498.4708
2023-05-08,2023-05-08,3762818525.2908
2023-05-09,2023-05-09,3834983081.5648
2023-05-10,2023-05-10,3618733380.7896
2023-05-11,2023-05-11,3766218800.7382
2023-05-12,2023-05-12,3678557046.236
2023-05-13,2023-05-13,3696602181.6076
2023-05-14,2023-05-14,3719111556.7518
2023-05-15,2023-05-15,3730527531.1638
2023-05-16,2023-05-16,3759193641.9528
2023-05-17,2023-05-17,3783194219.6416
2023-05-18,2023-05-18,3618054958.4396
2023-05-19,2023-05-19,3609952469.9464
2023-05-20,2023-05-20,3668731582.0908
2023-05-21,2023-05-21,3659856739.1555
2023-05-22,2023-05-22,3672803550.663299
2023-05-23,2023-05-23,3712841683.3399
2023-05-24,2023-05-24,3881913492.3549
2023-05-25,2023-05-25,3825354706.0908
2023-05-26,2023-05-26,3690019443.7664
2023-05-27,2023-05-27,3755615457.9112
2023-05-28,2023-05-28,4009570775.407
2023-05-29,2023-05-29,3959115681.8989
2023-05-30,2023-05-30,3953257222.2392
2023-05-31,2023-05-31,3878171467.6332
2023-06-01,2023-06-01,3887615413.6583
2023-06-02,2023-06-02,3921487387.2645
2023-06-03,2023-06-03,3947057419.0727
2023-06-04,2023-06-04,3807899839.1322
2023-06-05,2023-06-05,3920897359.1574
2023-06-06,2023-06-06,3804109522.3071
2023-06-07,2023-06-07,3509072551.616
2023-06-08,2023-06-08,3539047487.8136997
2023-06-09,2023-06-09,3515487869.0093994
2023-06-10,2023-06-10,3459586401.0088
2023-06-11,2023-06-11,3374601464.7395
2023-06-12,2023-06-12,3483969470.8236
2023-06-13,2023-06-13,3490520814.9262004
2023-06-14,2023-06-14,3422293110.5769997
2023-06-15,2023-06-15,3501068519.7717
2023-06-16,2023-06-16,3578985298.599
2023-06-17,2023-06-17,3524535436.8817
2023-06-18,2023-06-18,3522080639.7152004
2023-06-19,2023-06-19,3722883199.193
2023-06-20,2023-06-20,4280167329.3925
2023-06-21,2023-06-21,4389566740.0234995
2023-06-22,2023-06-22,4386946689.7871
2023-06-23,2023-06-23,4381080123.002
2023-06-24,2023-06-24,4314230057.069301
2023-06-25,2023-06-25,4307427013.567101
2023-06-26,2023-06-26,4322334719.0188
2023-06-27,2023-06-27,4411954474.0058
2023-06-28,2023-06-28,4219436832.78
2023-06-29,2023-06-29,4427497177.2641
2023-06-30,2023-06-30,4038171683.6306
2023-07-01,2023-07-01,4150547799.5211
2023-07-02,2023-07-02,4137519708.02
2023-07-03,2023-07-03,4531483416.2362
2023-07-04,2023-07-04,4353740528.9502
2023-07-05,2023-07-05,4280782469.5408
2023-07-06,2023-07-06,3902455258.3988
2023-07-07,2023-07-07,3957528172.5492
2023-07-08,2023-07-08,3959345994.9096
2023-07-09,2023-07-09,3912535447.5167
2023-07-10,2023-07-10,4060526499.3078
2023-07-11,2023-07-11,4151465469.830701
2023-07-12,2023-07-12,4219027432.6666
2023-07-13,2023-07-13,4383837734.8827
2023-07-14,2023-07-14,3933641720.2444
2023-07-15,2023-07-15,3897676415.3518
2023-07-16,2023-07-16,3913340519.0327
2023-07-17,2023-07-17,4017423989.5046
2023-07-18,2023-07-18,4048503560.7501
2023-07-19,2023-07-19,3993193561.3534
2023-07-20,2023-07-20,4143537808.66
2023-07-21,2023-07-21,4059562479.3845
2023-07-22,2023-07-22,4020772745.0846
2023-07-23,2023-07-23,3879791786.4682
2023-07-24,2023-07-24,4136479043.9875
2023-07-25,2023-07-25,4025541399.1468
2023-07-26,2023-07-26,4065699188.136
2023-07-27,2023-07-27,4077922363.5366
2023-07-28,2023-07-28,4028377485.2287
2023-07-29,2023-07-29,4038105707.1852
2023-07-30,2023-07-30,3972970900.3936
2023-07-31,2023-07-31,4049491216.2485
2023-08-01,2023-08-01,4123736779.4434
2023-08-02,2023-08-02,4140095026.0595
2023-08-03,2023-08-03,4121460242.7607
2023-08-04,2023-08-04,4219159956.906
2023-08-05,2023-08-05,4151287124.8334
2023-08-06,2023-08-06,4093300219.8742
2023-08-07,2023-08-07,4132919948.4461994
2023-08-08,2023-08-08,4627439544.1741
2023-08-09,2023-08-09,4364760994.9076
2023-08-10,2023-08-10,4373123709.7239
2023-08-11,2023-08-11,4357144688.5424
2023-08-12,2023-08-12,4323365313.2245
2023-08-13,2023-08-13,4237814653.7554
2023-08-14,2023-08-14,4021426682.4503
2023-08-15,2023-08-15,4211029535.8272
2023-08-16,2023-08-16,4263841989.0536
2023-08-17,2023-08-17,3522308068.8745003
2023-08-18,2023-08-18,3174495877.5736
2023-08-19,2023-08-19,2950852956.5492997
2023-08-20,2023-08-20,3024429040.5821
2023-08-21,2023-08-21,3052388308.9874997
2023-08-22,2023-08-22,2942468167.6302
2023-08-23,2023-08-23,2895065446.0936
2023-08-24,2023-08-24,2915454945.0323997
2023-08-25,2023-08-25,2881798876.4919996
2023-08-26,2023-08-26,2906930944.2623997
2023-08-27,2023-08-27,2940371838.841701
2023-08-28,2023-08-28,2942472727.2052
2023-08-29,2023-08-29,3276058657.971
2023-08-30,2023-08-30,3152530955.9887
2023-08-31,2023-08-31,2822197326.2116
2023-09-01,2023-09-01,2845026480.1363997
2023-09-02,2023-09-02,2773797853.1744
2023-09-03,2023-09-03,2769914600.8759003
2023-09-04,2023-09-04,2764460308.384
2023-09-05,2023-09-05,2836938895.834
2023-09-06,2023-09-06,2823407717.0007997
2023-09-07,2023-09-07,2852859091.4406004
2023-09-08,2023-09-08,2830886735.6754003
2023-09-09,2023-09-09,2824736717.9526
2023-09-10,2023-09-10,2771633167.4765
2023-09-11,2023-09-11,2931122966.7139
2023-09-12,2023-09-12,2925758178.0586
2023-09-13,2023-09-13,3021152448.9408
2023-09-14,2023-09-14,3103508307.5627003
2023-09-15,2023-09-15,2972854432.9282
2023-09-16,2023-09-16,2961469717.8816004
2023-09-17,2023-09-17,2917866134.3717995
2023-09-18,2023-09-18,3064391379.317
2023-09-19,2023-09-19,3194064312.1465
2023-09-20,2023-09-20,3108885631.3852
2023-09-21,2023-09-21,3119975338.3283
2023-09-22,2023-09-22,3121856728.5587997
2023-09-23,2023-09-23,3085871181.9583
2023-09-24,2023-09-24,3101074989.228
2023-09-25,2023-09-25,3101074989.228
2023-09-26,2023-09-26,3101074989.228
2023-09-27,2023-09-27,3101074989.228
2023-09-28,2023-09-28,3101074989.228
2023-09-29,2023-09-29,3101074989.228
2023-09-30,2023-09-30,3101074989.228
2023-10-01,2023-10-01,3123411298.2744
2023-10-02,2023-10-02,3099147716.3451996
2023-10-03,2023-10-03,3072458346.7038
2023-10-04,2023-10-04,3178992056.5727997
2023-10-05,2023-10-05,3180229039.0196
2023-10-06,2023-10-06,3297948615.4611
2023-10-07,2023-10-07,3229501778.5025
2023-10-08,2023-10-08,3257682852.1652
2023-10-09,2023-10-09,3184231663.5914
2023-10-10,2023-10-10,3223030129.9581
2023-10-11,2023-10-11,3299115544.1072
2023-10-12,2023-10-12,3244937873.4884005
2023-10-13,2023-10-13,3268021353.4418
2023-10-14,2023-10-14,3300061435.7567
2023-10-15,2023-10-15,3315645259.2841997
2023-10-16,2023-10-16,3189878295.98
2023-10-17,2023-10-17,3229194270.1636
2023-10-18,2023-10-18,3084167068.3924003
2023-10-19,2023-10-19,3332977365.3113
2023-10-20,2023-10-20,3327803978.7904005
2023-10-21,2023-10-21,3515824763.3744
2023-10-22,2023-10-22,3437978179.5801997
2023-10-23,2023-10-23,3568089724.4966
2023-10-24,2023-10-24,3512023201.95
2023-10-25,2023-10-25,3537097875.5587997
2023-10-26,2023-10-26,3529896596.0095997
2023-10-27,2023-10-27,3523778599.0620003
2023-10-28,2023-10-28,3570006792.9750004
2023-10-29,2023-10-29,3739158412.9104
2023-10-30,2023-10-30,3668895039.597
2023-10-31,2023-10-31,3729534210.4314
2023-11-01,2023-11-01,3765809534.511
2023-11-02,2023-11-02,3542330711.6667
2023-11-03,2023-11-03,3520703459.8703003
2023-11-04,2023-11-04,3625096144.4116
2023-11-05,2023-11-05,3714820563.1518
2023-11-06,2023-11-06,3717671135.0003
2023-11-07,2023-11-07,3845005739.6495
2023-11-08,2023-11-08,3940790259.523501
2023-11-09,2023-11-09,3620116924.4232
2023-11-10,2023-11-10,3660995747.8123
2023-11-11,2023-11-11,3684648470.6375
2023-11-12,2023-11-12,3691621935.7972007
2023-11-13,2023-11-13,3636540821.5546
2023-11-14,2023-11-14,3478680033.9006996
2023-11-15,2023-11-15,3877766664.1941
2023-11-16,2023-11-16,3635422946.14
2023-11-17,2023-11-17,3539604469.0558
2023-11-18,2023-11-18,3600250692.8224
2023-11-19,2023-11-19,3730545965.1631
2023-11-20,2023-11-20,3821627297.8727
2023-11-21,2023-11-21,3520790729.4598
2023-11-22,2023-11-22,3712805458.8565
2023-11-23,2023-11-23,3747679491.737001
2023-11-24,2023-11-24,3716893005.9458
2023-11-25,2023-11-25,3707794827.0
2023-11-26,2023-11-26,3662845013.7588
2023-11-27,2023-11-27,3665483035.9464
2023-11-28,2023-11-28,3768781257.1492
2023-11-29,2023-11-29,3827424014.25
2023-11-30,2023-11-30,3814194160.0459
2023-12-01,2023-12-01,4171861845.2129
2023-12-02,2023-12-02,3962126454.7223
2023-12-03,2023-12-03,3940487645.8183
2023-12-04,2023-12-04,4235261946.058
2023-12-05,2023-12-05,4408745337.4243
2023-12-06,2023-12-06,4496611364.413101
2023-12-07,2023-12-07,4395810256.231899
2023-12-08,2023-12-08,4373867894.035399
2023-12-09,2023-12-09,4258535871.6316
2023-12-10,2023-12-10,4352681236.368099
2023-12-11,2023-12-11,3865597616.0115
2023-12-12,2023-12-12,3944501975.7722993
2023-12-13,2023-12-13,4115121739.544299
2023-12-14,2023-12-14,4019391497.0969
2023-12-15,2023-12-15,3900772625.4765
2023-12-16,2023-12-16,3905696509.2351
2023-12-17,2023-12-17,3895133460.1655
2023-12-18,2023-12-18,3959583583.7090993
2023-12-19,2023-12-19,4018152319.128101
2023-12-20,2023-12-20,4304081423.4842
2023-12-21,2023-12-21,4363397423.4125
2023-12-22,2023-12-22,4232958036.1592994
2023-12-23,2023-12-23,4258711787.7975
2023-12-24,2023-12-24,4178105339.8429
2023-12-25,2023-12-25,4231303994.067099
2023-12-26,2023-12-26,4255897843.3238006
2023-12-27,2023-12-27,4200471049.9611
2023-12-28,2023-12-28,4099170010.091
2023-12-29,2023-12-29,4059739757.495
2023-12-30,2023-12-30,4068896619.8615
2023-12-31,2023-12-31,4009446002.0029
2024-01-01,2024-01-01,4282779860.2432
2024-01-02,2024-01-02,4446614634.5704
2024-01-03,2024-01-03,3769927972.6282
2024-01-04,2024-01-04,3983457963.1115
2024-01-05,2024-01-05,3778290065.6592
2024-01-06,2024-01-06,3798053447.096
2024-01-07,2024-01-07,3891830732.4308
2024-01-08,2024-01-08,4322364878.504
2024-01-09,2024-01-09,4119198245.467999
2024-01-10,2024-01-10,4041265150.3117
2024-01-11,2024-01-11,4207031139.1056
2024-01-12,2024-01-12,4042591910.672
2024-01-13,2024-01-13,4041887688.2113
2024-01-14,2024-01-14,4030120114.0802
2024-01-15,2024-01-15,3932368228.5064006
2024-01-16,2024-01-16,4001423464.952
2024-01-17,2024-01-17,4044057689.521
2024-01-18,2024-01-18,4010284478.9766
2024-01-19,2024-01-19,3916676836.0398
2024-01-20,2024-01-20,3924604470.056501
2024-01-21,2024-01-21,3915938500.482399
2024-01-22,2024-01-22,3812606888.080401
2024-01-23,2024-01-23,3799455332.8139
2024-01-24,2024-01-24,3825044912.716
2024-01-25,2024-01-25,3902693449.3775
2024-01-26,2024-01-26,4125983673.8454
2024-01-27,2024-01-27,4097390052.8158
2024-01-28,2024-01-28,4020343069.2096
2024-01-29,2024-01-29,4184477079.4231
2024-01-30,2024-01-30,3998116012.6114
2024-01-31,2024-01-31,3894635467.4538
2024-02-01,2024-02-01,4026190675.8108
2024-02-02,2024-02-02,4029021407.0634
2024-02-03,2024-02-03,4073802766.7274
2024-02-04,2024-02-04,4098596927.7446
2024-02-05,2024-02-05,4216836531.5664
2024-02-06,2024-02-06,4258124175.7264
2024-02-07,2024-02-07,4488867149.4466
2024-02-08,2024-02-08,4727125508.7506
2024-02-09,2024-02-09,4768334530.1416
2024-02-10,2024-02-10,4990570188.3907995
2024-02-11,2024-02-11,5182629086.9578
2024-02-12,2024-02-12,5571821252.3907995
2024-02-13,2024-02-13,5335409049.189
2024-02-14,2024-02-14,5647328945.6307
2024-02-15,2024-02-15,5516181259.5359
2024-02-16,2024-02-16,5569515225.4992
2024-02-17,2024-02-17,5530295192.322
2024-02-18,2024-02-18,5473940454.5584
2024-02-19,2024-02-19,5555881775.7921
2024-02-20,2024-02-20,5578821116.6973
2024-02-21,2024-02-21,5523239400.574
2024-02-22,2024-02-22,5418931052.575
2024-02-23,2024-02-23,5606569271.7332
2024-02-24,2024-02-24,5583464002.7648
2024-02-25,2024-02-25,5558181238.3486
2024-02-26,2024-02-26,5716893390.756599
2024-02-27,2024-02-27,5787468167.6668005
2024-02-28,2024-02-28,5993802261.0456
2024-02-29,2024-02-29,5772717257.5332
2024-03-01,2024-03-01,5994698105.5275
2024-03-02,2024-03-02,5906051742.146099
2024-03-03,2024-03-03,6108216326.3948
2024-03-04,2024-03-04,6864293739.361601
2024-03-05,2024-03-05,6012583909.561801
2024-03-06,2024-03-06,6323782735.466999
2024-03-07,2024-03-07,6334320233.453199
2024-03-08,2024-03-08,6443879957.73
2024-03-09,2024-03-09,6414774221.8184
2024-03-10,2024-03-10,6795763289.0078
2024-03-11,2024-03-11,7304809537.353999
2024-03-12,2024-03-12,7307082309.67
2024-03-13,2024-03-13,7430052127.039
2024-03-14,2024-03-14,7654922548.865701
2024-03-15,2024-03-15,7044695983.872101
2024-03-16,2024-03-16,6571197954.2384
2024-03-17,2024-03-17,6898222706.8264
2024-03-18,2024-03-18,6841442764.616
2024-03-19,2024-03-19,6406858415.8028
2024-03-20,2024-03-20,6787835417.1445
2024-03-21,2024-03-21,6491352433.624
2024-03-22,2024-03-22,6246507187.7488
2024-03-23,2024-03-23,6315403721.316
2024-03-24,2024-03-24,6811569768.491799
2024-03-25,2024-03-25,7251541679.377601
2024-03-26,2024-03-26,7210868139.33
2024-03-27,2024-03-27,7475160659.436701
2024-03-28,2024-03-28,7531344314.2288
2024-03-29,2024-03-29,7342094278.333601
2024-03-30,2024-03-30,7275287321.256
2024-03-31,2024-03-31,7584190672.4672
2024-04-01,2024-04-01,7588033931.7572
2024-04-02,2024-04-02,6834277217.723
2024-04-03,2024-04-03,7012208164.095
2024-04-04,2024-04-04,7109364585.251801
2024-04-05,2024-04-05,6807471424.9412
2024-04-06,2024-04-06,7060443813.922099
2024-04-07,2024-04-07,7255571597.675
2024-04-08,2024-04-08,7588020064.9644
2024-04-09,2024-04-09,7304119903.0569
2024-04-10,2024-04-10,7399470848.511
2024-04-11,2024-04-11,7511606204.7604
2024-04-12,2024-04-12,7195363187.9848
2024-04-13,2024-04-13,5985784485.121201
2024-04-14,2024-04-14,6129740674.1166
2024-04-15,2024-04-15,6031831535.2336
2024-04-16,2024-04-16,5709132235.827999
2024-04-17,2024-04-17,5709946198.2856
2024-04-18,2024-04-18,5877820082.1933
2024-04-19,2024-04-19,5784328681.1603
2024-04-20,2024-04-20,5923606219.756
2024-04-21,2024-04-21,5910072817.850201
2024-04-22,2024-04-22,6227544484.2304
2024-04-23,2024-04-23,6160535840.9911995
2024-04-24,2024-04-24,6164909235.1764
2024-04-25,2024-04-25,5994387346.4085
2024-04-26,2024-04-26,5914971629.246
2024-04-27,2024-04-27,5871460581.005899
2024-04-28,2024-04-28,5736418516.2738
2024-04-29,2024-04-29,5893503156.631201
2024-04-30,2024-04-30,5965223423.906
2024-05-01,2024-05-01,5447166729.264
2024-05-02,2024-05-02,5438595386.402901
2024-05-03,2024-05-03,6027158735.144
2024-05-04,2024-05-04,6229235396.1904
2024-05-05,2024-05-05,6178075683.3076
2024-05-06,2024-05-06,5993335479.056
2024-05-07,2024-05-07,5918977668.6801
2024-05-08,2024-05-08,5821798212.528101
2024-05-09,2024-05-09,5921948005.7344
2024-05-10,2024-05-10,5886660874.386
2024-05-11,2024-05-11,5819170687.3704
2024-05-12,2024-05-12,5785667063.004601
2024-05-13,2024-05-13,5981015952.5484
2024-05-14,2024-05-14,5672290928.08
2024-05-15,2024-05-15,6428066870.3624
2024-05-16,2024-05-16,6246210577.54
2024-05-17,2024-05-17,6470583439.0802
2024-05-18,2024-05-18,6522233105.2178
2024-05-19,2024-05-19,6463806454.1036005
2024-05-20,2024-05-20,6592901361.949399
2024-05-21,2024-05-21,7125268325.492001
2024-05-22,2024-05-22,7009104997.136001
2024-05-23,2024-05-23,6428073064.708
2024-05-24,2024-05-24,6397320723.7316
2024-05-25,2024-05-25,6608550691.4772
2024-05-26,2024-05-26,6468667995.492
2024-05-27,2024-05-27,6577709514.1263
2024-05-28,2024-05-28,6494177370.128
2024-05-29,2024-05-29,6759485035.64
2024-05-30,2024-05-30,6661900288.394
2024-05-31,2024-05-31,6741838163.6102
2024-06-01,2024-06-01,6677195342.481999
2024-06-02,2024-06-02,6718584412.606999
2024-06-03,2024-06-03,7043933886.394
2024-06-04,2024-06-04,7427608818.1537
2024-06-05,2024-06-05,7538839538.1898
2024-06-06,2024-06-06,7525864037.6607
2024-06-07,2024-06-07,7436940983.6061
2024-06-08,2024-06-08,7493383331.25
2024-06-09,2024-06-09,7543784446.3425
2024-06-10,2024-06-10,7680819817.228001
2024-06-11,2024-06-11,7249864212.1648
2024-06-12,2024-06-12,7212637729.0176
2024-06-13,2024-06-13,7188719323.404
2024-06-14,2024-06-14,6933890654.093599
2024-06-15,2024-06-15,7037304126.6342
2024-06-16,2024-06-16,7097047915.4008
2024-06-17,2024-06-17,6997260372.061301
2024-06-18,2024-06-18,6670987929.593101
2024-06-19,2024-06-19,6519947651.4822
2024-06-20,2024-06-20,6445207276.696
2024-06-21,2024-06-21,6535848351.5168
2024-06-22,2024-06-22,6621225597.287499
2024-06-23,2024-06-23,6515519466.7288
2024-06-24,2024-06-24,6142982432.1582
2024-06-25,2024-06-25,6235002305.952001
2024-06-26,2024-06-26,6117652865.6033
2024-06-27,2024-06-27,6197819394.3042
2024-06-28,2024-06-28,6335567849.223801
2024-06-29,2024-06-29,6606631114.3975
2024-06-30,2024-06-30,7159467173.946899
2024-07-01,2024-07-01,6882434194.6664
2024-07-02,2024-07-02,6991265703.7506
2024-07-03,2024-07-03,7000699633.3827
2024-07-04,2024-07-04,6698809302.252
2024-07-05,2024-07-05,6287091293.165
2024-07-06,2024-07-06,6246304172.0125
2024-07-07,2024-07-07,6095250818.289
2024-07-08,2024-07-08,6057918811.7567
2024-07-09,2024-07-09,6361328932.718
2024-07-10,2024-07-10,6354154479.475
2024-07-11,2024-07-11,6477140241.058001
2024-07-12,2024-07-12,6422270280.4928
2024-07-13,2024-07-13,6678324403.5060005
2024-07-14,2024-07-14,6792230065.777599
2024-07-15,2024-07-15,7137727838.4257
2024-07-16,2024-07-16,7026453436.9034
2024-07-17,2024-07-17,6720162823.587601
2024-07-18,2024-07-18,6644635595.8034
2024-07-19,2024-07-19,7294768679.3552
2024-07-20,2024-07-20,7247643039.606999
2024-07-21,2024-07-21,7190063860.88
2024-07-22,2024-07-22,7106351966.580999
2024-07-23,2024-07-23,7055278273.859
2024-07-24,2024-07-24,6929322238.097
2024-07-25,2024-07-25,7145091772.9148
2024-07-26,2024-07-26,7407689917.6729
2024-07-27,2024-07-27,7548119947.894401
2024-07-28,2024-07-28,7550717221.637
2024-07-29,2024-07-29,7396014552.809601
2024-07-30,2024-07-30,7205789137.446
2024-07-31,2024-07-31,7034214035.1765
2024-08-01,2024-08-01,7408872141.6127
2024-08-02,2024-08-02,7074463767.2425
2024-08-03,2024-08-03,6888576676.624801
2024-08-04,2024-08-04,6765689055.444799
2024-08-05,2024-08-05,5477780212.3220005
2024-08-06,2024-08-06,5703817314.1127
2024-08-07,2024-08-07,5643490521.393
2024-08-08,2024-08-08,5995583010.4800005
2024-08-09,2024-08-09,5738817819.3646
2024-08-10,2024-08-10,5699505718.529201
2024-08-11,2024-08-11,5465380596.0296
2024-08-12,2024-08-12,5421833811.354
2024-08-13,2024-08-13,5740054487.6343
2024-08-14,2024-08-14,5939017521.3505
2024-08-15,2024-08-15,6103819367.4668
2024-08-16,2024-08-16,6121246122.247
2024-08-17,2024-08-17,6185898423.8162
2024-08-18,2024-08-18,6100653022.4321995
2024-08-19,2024-08-19,6000593997.967299
2024-08-20,2024-08-20,6123168344.9572
2024-08-21,2024-08-21,6524375292.8
2024-08-22,2024-08-22,6320989492.539
2024-08-23,2024-08-23,6864335491.256
2024-08-24,2024-08-24,6867017776.4165
2024-08-25,2024-08-25,6936777041.8399
2024-08-26,2024-08-26,6589145815.946599
2024-08-27,2024-08-27,6090210418.4798
2024-08-28,2024-08-28,5910489808.3272
2024-08-29,2024-08-29,6053119219.5922
2024-08-30,2024-08-30,5940673576.0005
2024-08-31,2024-08-31,5983820315.0965
2024-09-01,2024-09-01,5923108283.948999
2024-09-02,2024-09-02,6092616218.6368
2024-09-03,2024-09-03,6000301196.724999
2024-09-04,2024-09-04,5904043690.552
2024-09-05,2024-09-05,5882843514.591599
2024-09-06,2024-09-06,5803197545.5702
2024-09-07,2024-09-07,5677822481.4976
2024-09-08,2024-09-08,5823177624.501499
2024-09-09,2024-09-09,6132726393.643
2024-09-10,2024-09-10,6109079579.5886
2024-09-11,2024-09-11,6063804764.0
2024-09-12,2024-09-12,6100129180.7027
2024-09-13,2024-09-13,6582147494.3488
2024-09-14,2024-09-14,6398126829.283999
2024-09-15,2024-09-15,6256320252.190399
2024-09-16,2024-09-16,6058689791.575
2024-09-17,2024-09-17,6323410747.763
2024-09-18,2024-09-18,6348411538.141801
2024-09-19,2024-09-19,6716603119.925699
2024-09-20,2024-09-20,6753469141.877
2024-09-21,2024-09-21,6783635512.6656
2024-09-22,2024-09-22,6738065976.6068
2024-09-23,2024-09-23,6910798848.4096
2024-09-24,2024-09-24,7130287235.7568
2024-09-25,2024-09-25,6829739097.7356
2024-09-26,2024-09-26,7046359044.3846
2024-09-27,2024-09-27,7032002863.2272005
2024-09-28,2024-09-28,6980048843.949299
2024-09-29,2024-09-29,6976134043.5408
2024-09-30,2024-09-30,6814825782.505
2024-10-01,2024-10-01,6446259649.7174
2024-10-02,2024-10-02,6294824046.805
2024-10-03,2024-10-03,6423509829.1628
2024-10-04,2024-10-04,6563763979.1706
2024-10-05,2024-10-05,6539560538.2476
2024-10-06,2024-10-06,6720132494.7626
2024-10-07,2024-10-07,6493662287.3578005
2024-10-08,2024-10-08,6659147595.2105
2024-10-09,2024-10-09,6580741686.3986
2024-10-10,2024-10-10,6558979745.067
2024-10-11,2024-10-11,6866292594.625899
2024-10-12,2024-10-12,7044994991.312
2024-10-13,2024-10-13,6804608181.125999
2024-10-14,2024-10-14,7214597722.7648
2024-10-15,2024-10-15,7105166384.6838
2024-10-16,2024-10-16,7407800649.984799
2024-10-17,2024-10-17,7080070189.4513
2024-10-18,2024-10-18,7512229877.857401
2024-10-19,2024-10-19,7545579141.928
2024-10-20,2024-10-20,7590991580.241
2024-10-21,2024-10-21,7474636967.4377
2024-10-22,2024-10-22,7450361126.7503
2024-10-23,2024-10-23,7202904576.874399
2024-10-24,2024-10-24,7447859803.8666
2024-10-25,2024-10-25,7010252413.2864
2024-10-26,2024-10-26,7126999354.892
2024-10-27,2024-10-27,7306390215.584
2024-10-28,2024-10-28,7953956907.543501
2024-10-29,2024-10-29,8364343335.762599
2024-10-30,2024-10-30,8243113000.4365
2024-10-31,2024-10-31,8099776422.277801
2024-11-01,2024-11-01,7619763349.6682
2024-11-02,2024-11-02,7727717836.404
2024-11-03,2024-11-03,7499280033.1758
2024-11-04,2024-11-04,7527248607.5726
2024-11-05,2024-11-05,7537367742.3146
2024-11-06,2024-11-06,8643984380.759499
2024-11-07,2024-11-07,8640903748.174099
2024-11-08,2024-11-08,8832818349.8134
2024-11-09,2024-11-09,8638782848.9008
2024-11-10,2024-11-10,8936801531.201601
2024-11-11,2024-11-11,9419592523.6
2024-11-12,2024-11-12,9304786131.4016
2024-11-13,2024-11-13,9461942631.9282
2024-11-14,2024-11-14,9478177597.620602
2024-11-15,2024-11-15,9685743322.1942
2024-11-16,2024-11-16,9627949057.5129
2024-11-17,2024-11-17,9542411862.0315
2024-11-18,2024-11-18,9679450551.0785
2024-11-19,2024-11-19,9794960342.1296
2024-11-20,2024-11-20,10370752183.7017
2024-11-21,2024-11-21,10805077507.2434
2024-11-22,2024-11-22,11029692735.1462
2024-11-23,2024-11-23,10895078601.8178
2024-11-24,2024-11-24,10653361062.9675
2024-11-25,2024-11-25,10605669209.228
2024-11-26,2024-11-26,10196758561.712002
2024-11-27,2024-11-27,10434656344.398998
2024-11-28,2024-11-28,10336694369.2468
2024-11-29,2024-11-29,10727952856.243198
