start_time,date,volume
2021-01-04,2021-01-04,22817754
2021-01-05,2021-01-05,19229033
2021-01-06,2021-01-06,40502899
2021-01-07,2021-01-07,32619323
2021-01-08,2021-01-08,23114265
2021-01-11,2021-01-11,39773925
2021-01-12,2021-01-12,16072222
2021-01-13,2021-01-13,16079442
2021-01-14,2021-01-14,13053648
2021-01-15,2021-01-15,17498108
2021-01-19,2021-01-19,14866771
2021-01-20,2021-01-20,19216990
2021-01-21,2021-01-21,28626225
2021-01-22,2021-01-22,17117788
2021-01-25,2021-01-25,12345686
2021-01-26,2021-01-26,9805197
2021-01-27,2021-01-27,17234804
2021-01-28,2021-01-28,11579944
2021-01-29,2021-01-29,19315891
2021-02-01,2021-02-01,9026754
2021-02-02,2021-02-02,9903038
2021-02-03,2021-02-03,10209260
2021-02-04,2021-02-04,9593765
2021-02-05,2021-02-05,7808626
2021-02-08,2021-02-08,24164321
2021-02-09,2021-02-09,13947089
2021-02-10,2021-02-10,14184535
2021-02-11,2021-02-11,11818540
2021-02-12,2021-02-12,9790041
2021-02-16,2021-02-16,13481649
2021-02-17,2021-02-17,14213812
2021-02-18,2021-02-18,14268497
2021-02-19,2021-02-19,17989277
2021-02-22,2021-02-22,19086013
2021-02-23,2021-02-23,28876867
2021-02-24,2021-02-24,12797125
2021-02-25,2021-02-25,12799959
2021-02-26,2021-02-26,21944763
2021-03-01,2021-03-01,12908050
2021-03-02,2021-03-02,7070736
2021-03-03,2021-03-03,10287323
2021-03-04,2021-03-04,16875054
2021-03-05,2021-03-05,22820282
2021-03-08,2021-03-08,11466432
2021-03-09,2021-03-09,10269148
2021-03-10,2021-03-10,12048589
2021-03-11,2021-03-11,8881375
2021-03-12,2021-03-12,9038130
2021-03-15,2021-03-15,9907200
2021-03-16,2021-03-16,6088129
2021-03-17,2021-03-17,9194941
2021-03-18,2021-03-18,10315191
2021-03-19,2021-03-19,6469578
2021-03-22,2021-03-22,6884599
2021-03-23,2021-03-23,11498086
2021-03-24,2021-03-24,14409225
2021-03-25,2021-03-25,16413593
2021-03-26,2021-03-26,8776549
2021-03-29,2021-03-29,6538985
2021-03-30,2021-03-30,6686315
2021-03-31,2021-03-31,6518257
2021-04-01,2021-04-01,6541792
2021-04-05,2021-04-05,9881310
2021-04-06,2021-04-06,7089567
2021-04-07,2021-04-07,8610469
2021-04-08,2021-04-08,4501575
2021-04-09,2021-04-09,4501079
2021-04-12,2021-04-12,8230018
2021-04-13,2021-04-13,11611500
2021-04-14,2021-04-14,15617198
2021-04-15,2021-04-15,6926654
2021-04-16,2021-04-16,6419874
2021-04-19,2021-04-19,12926467
2021-04-20,2021-04-20,7715463
2021-04-21,2021-04-21,7475904
2021-04-22,2021-04-22,15926857
2021-04-23,2021-04-23,13704538
2021-04-26,2021-04-26,7994420
2021-04-27,2021-04-27,5166617
2021-04-28,2021-04-28,4292117
2021-04-29,2021-04-29,8603131
2021-04-30,2021-04-30,7521952
2021-05-03,2021-05-03,7645759
2021-05-04,2021-05-04,8110586
2021-05-05,2021-05-05,8933165
2021-05-06,2021-05-06,6641329
2021-05-07,2021-05-07,7319905
2021-05-10,2021-05-10,8692342
2021-05-11,2021-05-11,6976137
2021-05-12,2021-05-12,6991755
2021-05-13,2021-05-13,21863713
2021-05-14,2021-05-14,8948582
2021-05-17,2021-05-17,17928715
2021-05-18,2021-05-18,10580147
2021-05-19,2021-05-19,30405113
2021-05-20,2021-05-20,12656602
2021-05-21,2021-05-21,12659514
2021-05-24,2021-05-24,12215382
2021-05-25,2021-05-25,8603857
2021-05-26,2021-05-26,6660825
2021-05-27,2021-05-27,5796491
2021-05-28,2021-05-28,9922061
2021-06-01,2021-06-01,8572953
2021-06-02,2021-06-02,6221208
2021-06-03,2021-06-03,6900421
2021-06-04,2021-06-04,6934881
2021-06-07,2021-06-07,8100536
2021-06-08,2021-06-08,17671184
2021-06-09,2021-06-09,12190038
2021-06-10,2021-06-10,7963882
2021-06-11,2021-06-11,4662449
2021-06-14,2021-06-14,9768310
2021-06-15,2021-06-15,7373629
2021-06-16,2021-06-16,7650702
2021-06-17,2021-06-17,7653610
2021-06-18,2021-06-18,7784832
2021-06-21,2021-06-21,12111370
2021-06-22,2021-06-22,23329259
2021-06-23,2021-06-23,8760881
2021-06-24,2021-06-24,8025687
2021-06-25,2021-06-25,9151534
2021-06-28,2021-06-28,8513985
2021-06-29,2021-06-29,7677534
2021-06-30,2021-06-30,6652490
2021-07-01,2021-07-01,6850339
2021-07-02,2021-07-02,6347116
2021-07-06,2021-07-06,6353218
2021-07-07,2021-07-07,6243135
2021-07-08,2021-07-08,7177773
2021-07-09,2021-07-09,3680677
2021-07-12,2021-07-12,4153409
2021-07-13,2021-07-13,5001283
2021-07-14,2021-07-14,5717452
2021-07-15,2021-07-15,8356042
2021-07-16,2021-07-16,4391365
2021-07-19,2021-07-19,6995966
2021-07-20,2021-07-20,7708193
2021-07-21,2021-07-21,7856724
2021-07-22,2021-07-22,6419993
2021-07-23,2021-07-23,4929620
2021-07-26,2021-07-26,16681817
2021-07-27,2021-07-27,9757904
2021-07-28,2021-07-28,10203316
2021-07-29,2021-07-29,6873968
2021-07-30,2021-07-30,6873968
2021-08-02,2021-08-02,5495529
2021-08-03,2021-08-03,5923613
2021-08-04,2021-08-04,5516014
2021-08-05,2021-08-05,6013261
2021-08-06,2021-08-06,7089656
2021-08-09,2021-08-09,8201068
2021-08-10,2021-08-10,6035073
2021-08-11,2021-08-11,5567988
2021-08-12,2021-08-12,4671238
2021-08-13,2021-08-13,4187310
2021-08-16,2021-08-16,4187310
2021-08-17,2021-08-17,4994321
2021-08-18,2021-08-18,4888649
2021-08-19,2021-08-19,6477858
2021-08-20,2021-08-20,7337685
2021-08-23,2021-08-23,6347767
2021-08-24,2021-08-24,5292419
2021-08-25,2021-08-25,4657091
2021-08-26,2021-08-26,4233185
2021-08-27,2021-08-27,4604576
2021-08-30,2021-08-30,3079201
2021-08-31,2021-08-31,3717058
2021-09-01,2021-09-01,5947376
2021-09-02,2021-09-02,6551281
2021-09-03,2021-09-03,5406321
2021-09-07,2021-09-07,12766094
2021-09-08,2021-09-08,4659330
2021-09-09,2021-09-09,3544792
2021-09-10,2021-09-10,4898769
2021-09-13,2021-09-13,5569526
2021-09-14,2021-09-14,3859728
2021-09-15,2021-09-15,4443162
2021-09-16,2021-09-16,3353170
2021-09-17,2021-09-17,2509556
2021-09-20,2021-09-20,8659362
2021-09-21,2021-09-21,5509559
2021-09-22,2021-09-22,5534405
2021-09-23,2021-09-23,3663621
2021-09-24,2021-09-24,6720312
2021-09-27,2021-09-27,3662098
2021-09-28,2021-09-28,4878085
2021-09-29,2021-09-29,3414409
2021-09-30,2021-09-30,5149021
2021-10-01,2021-10-01,8586921
2021-10-04,2021-10-04,8723254
2021-10-05,2021-10-05,7114294
2021-10-06,2021-10-06,9767567
2021-10-07,2021-10-07,6740861
2021-10-08,2021-10-08,4901141
2021-10-11,2021-10-11,7734371
2021-10-12,2021-10-12,7658618
2021-10-13,2021-10-13,7358364
2021-10-14,2021-10-14,7368296
2021-10-15,2021-10-15,11637516
2021-10-18,2021-10-18,10137967
2021-10-19,2021-10-19,15346352
2021-10-20,2021-10-20,13664907
2021-10-21,2021-10-21,11433667
2021-10-22,2021-10-22,9146561
2021-10-25,2021-10-25,7487544
2021-10-26,2021-10-26,5925422
2021-10-27,2021-10-27,8352160
2021-10-28,2021-10-28,5163596
2021-10-29,2021-10-29,4692051
2021-11-01,2021-11-01,4110040
2021-11-02,2021-11-02,7159560
2021-11-03,2021-11-03,7164219
2021-11-04,2021-11-04,4061514
2021-11-05,2021-11-05,3083160
2021-11-08,2021-11-08,7786084
2021-11-09,2021-11-09,6752003
2021-11-10,2021-11-10,6752003
2021-11-11,2021-11-11,6226059
2021-11-12,2021-11-12,6303770
2021-11-15,2021-11-15,3811569
2021-11-16,2021-11-16,8735694
2021-11-17,2021-11-17,4746090
2021-11-18,2021-11-18,7984700
2021-11-19,2021-11-19,5051990
2021-11-22,2021-11-22,4457187
2021-11-23,2021-11-23,3649227
2021-11-24,2021-11-24,3057313
2021-11-26,2021-11-26,4545928
2021-11-29,2021-11-29,4644605
2021-11-30,2021-11-30,5441408
2021-12-01,2021-12-01,5090752
2021-12-02,2021-12-02,4710390
2021-12-03,2021-12-03,9818949
2021-12-06,2021-12-06,10129856
2021-12-07,2021-12-07,7786222
2021-12-08,2021-12-08,4088135
2021-12-09,2021-12-09,6159358
2021-12-10,2021-12-10,5132237
2021-12-13,2021-12-13,7451114
2021-12-14,2021-12-14,4451260
2021-12-15,2021-12-15,7298450
2021-12-16,2021-12-16,4222158
2021-12-17,2021-12-17,5699128
2021-12-20,2021-12-20,5573734
2021-12-21,2021-12-21,4921730
2021-12-22,2021-12-22,3705850
2021-12-23,2021-12-23,5511021
2021-12-27,2021-12-27,4853242
2021-12-28,2021-12-28,5865275
2021-12-29,2021-12-29,4150448
2021-12-30,2021-12-30,3948672
2021-12-31,2021-12-31,4769568
2022-01-03,2022-01-03,4769568
2022-01-04,2022-01-04,3454428
2022-01-05,2022-01-05,5295024
2022-01-06,2022-01-06,6378942
2022-01-07,2022-01-07,8493969
2022-01-10,2022-01-10,8237105
2022-01-11,2022-01-11,7310628
2022-01-12,2022-01-12,7312726
2022-01-13,2022-01-13,6716647
2022-01-14,2022-01-14,4533037
2022-01-18,2022-01-18,7143081
2022-01-19,2022-01-19,5702492
2022-01-20,2022-01-20,6623677
2022-01-21,2022-01-21,15641373
2022-01-24,2022-01-24,16244678
2022-01-25,2022-01-25,8392537
2022-01-26,2022-01-26,7580128
2022-01-27,2022-01-27,5814702
2022-01-28,2022-01-28,5549835
2022-01-31,2022-01-31,4465447
2022-02-01,2022-02-01,4524791
2022-02-02,2022-02-02,4057391
2022-02-03,2022-02-03,4811958
2022-02-04,2022-02-04,6348978
2022-02-07,2022-02-07,8606425
2022-02-08,2022-02-08,6905392
2022-02-09,2022-02-09,6358173
2022-02-10,2022-02-10,8048152
2022-02-11,2022-02-11,6474540
2022-02-14,2022-02-14,4587304
2022-02-15,2022-02-15,3545597
2022-02-16,2022-02-16,3789640
2022-02-17,2022-02-17,7359907
2022-02-18,2022-02-18,7639356
2022-02-22,2022-02-22,7816488
2022-02-23,2022-02-23,7816488
2022-02-24,2022-02-24,10243379
2022-02-25,2022-02-25,4890142
2022-02-28,2022-02-28,7090485
2022-03-01,2022-03-01,7559536
2022-03-02,2022-03-02,4982426
2022-03-03,2022-03-03,4380077
2022-03-04,2022-03-04,6319904
2022-03-07,2022-03-07,6599869
2022-03-08,2022-03-08,5597692
2022-03-09,2022-03-09,5106468
2022-03-10,2022-03-10,4563336
2022-03-11,2022-03-11,4697885
2022-03-14,2022-03-14,2646604
2022-03-15,2022-03-15,2443552
2022-03-16,2022-03-16,3676874
2022-03-17,2022-03-17,3223357
2022-03-18,2022-03-18,3433417
2022-03-21,2022-03-21,2923185
2022-03-22,2022-03-22,3865329
2022-03-23,2022-03-23,3865329
2022-03-24,2022-03-24,5397204
2022-03-25,2022-03-25,4851259
2022-03-28,2022-03-28,5912152
2022-03-29,2022-03-29,3836476
2022-03-30,2022-03-30,3701280
2022-03-31,2022-03-31,3344340
2022-04-01,2022-04-01,5140602
2022-04-04,2022-04-04,3972522
2022-04-05,2022-04-05,4528551
2022-04-06,2022-04-06,6273748
2022-04-07,2022-04-07,3769516
2022-04-08,2022-04-08,4304550
2022-04-11,2022-04-11,4707856
2022-04-12,2022-04-12,3301748
2022-04-13,2022-04-13,3446514
2022-04-14,2022-04-14,3064474
2022-04-18,2022-04-18,3587154
2022-04-19,2022-04-19,2927925
2022-04-20,2022-04-20,2293559
2022-04-21,2022-04-21,2293559
2022-04-22,2022-04-22,3365510
2022-04-25,2022-04-25,3468564
2022-04-26,2022-04-26,3537163
2022-04-27,2022-04-27,3538365
2022-04-28,2022-04-28,2307484
2022-04-29,2022-04-29,2712814
2022-05-02,2022-05-02,5133243
2022-05-03,2022-05-03,2991465
2022-05-04,2022-05-04,3229572
2022-05-05,2022-05-05,4696329
2022-05-06,2022-05-06,3795283
2022-05-09,2022-05-09,12948940
2022-05-10,2022-05-10,5847394
2022-05-11,2022-05-11,10259241
2022-05-12,2022-05-12,10183409
2022-05-13,2022-05-13,7477363
2022-05-16,2022-05-16,4409021
2022-05-17,2022-05-17,4126968
2022-05-18,2022-05-18,4761463
2022-05-19,2022-05-19,5247939
2022-05-20,2022-05-20,3933725
2022-05-23,2022-05-23,3799983
2022-05-24,2022-05-24,5374906
2022-05-25,2022-05-25,2746141
2022-05-26,2022-05-26,3659885
2022-05-27,2022-05-27,3971472
2022-05-31,2022-05-31,4825033
2022-06-01,2022-06-01,3761986
2022-06-02,2022-06-02,3506600
2022-06-03,2022-06-03,2464494
2022-06-06,2022-06-06,3755807
2022-06-07,2022-06-07,3287696
2022-06-08,2022-06-08,4892782
2022-06-09,2022-06-09,2361329
2022-06-10,2022-06-10,4147080
2022-06-13,2022-06-13,12296258
2022-06-14,2022-06-14,9031837
2022-06-15,2022-06-15,12178288
2022-06-16,2022-06-16,8502118
2022-06-17,2022-06-17,11287077
2022-06-21,2022-06-21,9866632
2022-06-22,2022-06-22,31541066
2022-06-23,2022-06-23,5796781
2022-06-24,2022-06-24,7367877
2022-06-27,2022-06-27,5403045
2022-06-28,2022-06-28,5526357
2022-06-29,2022-06-29,4122784
2022-06-30,2022-06-30,8188866
2022-07-01,2022-07-01,5610404
2022-07-05,2022-07-05,4583331
2022-07-06,2022-07-06,4012921
2022-07-07,2022-07-07,3506867
2022-07-08,2022-07-08,3776175
2022-07-11,2022-07-11,2516858
2022-07-12,2022-07-12,3214948
2022-07-13,2022-07-13,4024378
2022-07-14,2022-07-14,3357062
2022-07-15,2022-07-15,4207682
2022-07-18,2022-07-18,4998906
2022-07-19,2022-07-19,6146093
2022-07-20,2022-07-20,6516274
2022-07-21,2022-07-21,3620457
2022-07-22,2022-07-22,3487245
2022-07-25,2022-07-25,3744630
2022-07-26,2022-07-26,3766872
2022-07-27,2022-07-27,3657470
2022-07-28,2022-07-28,5422834
2022-07-29,2022-07-29,3871043
2022-08-01,2022-08-01,2501635
2022-08-02,2022-08-02,2909377
2022-08-03,2022-08-03,4461694
2022-08-04,2022-08-04,2281505
2022-08-05,2022-08-05,2820828
2022-08-08,2022-08-08,3930180
2022-08-09,2022-08-09,3218809
2022-08-10,2022-08-10,3890218
2022-08-11,2022-08-11,4200379
2022-08-12,2022-08-12,3123629
2022-08-15,2022-08-15,2419090
2022-08-16,2022-08-16,1929299
2022-08-17,2022-08-17,3095329
2022-08-18,2022-08-18,2138456
2022-08-19,2022-08-19,3963766
2022-08-22,2022-08-22,2422492
2022-08-23,2022-08-23,1986692
2022-08-24,2022-08-24,1582637
2022-08-25,2022-08-25,1283314
2022-08-26,2022-08-26,2846416
2022-08-29,2022-08-29,2666560
2022-08-30,2022-08-30,2666560
2022-08-31,2022-08-31,2365238
2022-09-01,2022-09-01,2828035
2022-09-02,2022-09-02,2457587
2022-09-06,2022-09-06,4956951
2022-09-07,2022-09-07,4956951
2022-09-08,2022-09-08,2226603
2022-09-09,2022-09-09,4067158
2022-09-12,2022-09-12,3610967
2022-09-13,2022-09-13,3090701
2022-09-14,2022-09-14,2672105
2022-09-15,2022-09-15,2135259
2022-09-16,2022-09-16,2803336
2022-09-19,2022-09-19,4125627
2022-09-20,2022-09-20,1742279
2022-09-21,2022-09-21,2534178
2022-09-22,2022-09-22,2750790
2022-09-23,2022-09-23,4061967
2022-09-26,2022-09-26,2202741
2022-09-27,2022-09-27,2941485
2022-09-28,2022-09-28,2986310
2022-09-29,2022-09-29,2556272
2022-09-30,2022-09-30,2750202
2022-10-03,2022-10-03,3100256
2022-10-04,2022-10-04,3677231
2022-10-05,2022-10-05,3287491
2022-10-06,2022-10-06,2006882
2022-10-07,2022-10-07,2751873
2022-10-10,2022-10-10,2369199
2022-10-11,2022-10-11,1944706
2022-10-12,2022-10-12,1483169
2022-10-13,2022-10-13,3967189
2022-10-14,2022-10-14,2092439
2022-10-17,2022-10-17,2120564
2022-10-18,2022-10-18,2767615
2022-10-19,2022-10-19,1372030
2022-10-20,2022-10-20,2323913
2022-10-21,2022-10-21,3351356
2022-10-24,2022-10-24,2285515
2022-10-25,2022-10-25,4320066
2022-10-26,2022-10-26,6953844
2022-10-27,2022-10-27,2644783
2022-10-28,2022-10-28,3714942
2022-10-31,2022-10-31,3079588
2022-11-01,2022-11-01,2458518
2022-11-02,2022-11-02,2871993
2022-11-03,2022-11-03,2519630
2022-11-04,2022-11-04,4956985
2022-11-07,2022-11-07,3329654
2022-11-08,2022-11-08,13081389
2022-11-09,2022-11-09,17366392
2022-11-10,2022-11-10,10626560
2022-11-11,2022-11-11,14607877
2022-11-14,2022-11-14,9897746
2022-11-15,2022-11-15,6307409
2022-11-16,2022-11-16,11664735
2022-11-17,2022-11-17,6986876
2022-11-18,2022-11-18,12766237
2022-11-21,2022-11-21,16232547
2022-11-22,2022-11-22,13114107
2022-11-23,2022-11-23,5144462
2022-11-25,2022-11-25,1934728
2022-11-28,2022-11-28,4074523
2022-11-29,2022-11-29,3351348
2022-11-30,2022-11-30,3699613
2022-12-01,2022-12-01,3896576
2022-12-02,2022-12-02,2340362
2022-12-05,2022-12-05,2676553
2022-12-06,2022-12-06,2382830
2022-12-07,2022-12-07,6884849
2022-12-08,2022-12-08,4662359
2022-12-09,2022-12-09,8596664
2022-12-12,2022-12-12,3656510
2022-12-13,2022-12-13,4659802
2022-12-14,2022-12-14,4894555
2022-12-15,2022-12-15,2934431
2022-12-16,2022-12-16,3795931
2022-12-19,2022-12-19,3558443
2022-12-20,2022-12-20,3390337
2022-12-21,2022-12-21,2535071
2022-12-22,2022-12-22,3381448
2022-12-23,2022-12-23,2210999
2022-12-27,2022-12-27,4450152
2022-12-28,2022-12-28,3886105
2022-12-29,2022-12-29,4421064
2022-12-30,2022-12-30,4907378
2023-01-03,2023-01-03,2821053
2023-01-04,2023-01-04,2291419
2023-01-05,2023-01-05,2434526
2023-01-06,2023-01-06,2183844
2023-01-09,2023-01-09,5852866
2023-01-10,2023-01-10,2622331
2023-01-11,2023-01-11,2589526
2023-01-12,2023-01-12,7541320
2023-01-13,2023-01-13,5757151
2023-01-17,2023-01-17,7181698
2023-01-18,2023-01-18,5929144
2023-01-19,2023-01-19,4372332
2023-01-20,2023-01-20,4215413
2023-01-23,2023-01-23,5911342
2023-01-24,2023-01-24,2981307
2023-01-25,2023-01-25,2922926
2023-01-26,2023-01-26,2560465
2023-01-27,2023-01-27,2308543
2023-01-30,2023-01-30,4668241
2023-01-31,2023-01-31,2241713
2023-02-01,2023-02-01,2639985
2023-02-02,2023-02-02,5826824
2023-02-03,2023-02-03,2736044
2023-02-06,2023-02-06,1695575
2023-02-07,2023-02-07,2677634
2023-02-08,2023-02-08,2027132
2023-02-09,2023-02-09,4788889
2023-02-10,2023-02-10,3290818
2023-02-13,2023-02-13,2459566
2023-02-14,2023-02-14,2373249
2023-02-15,2023-02-15,3389808
2023-02-16,2023-02-16,4115025
2023-02-17,2023-02-17,3460812
2023-02-21,2023-02-21,2407102
2023-02-22,2023-02-22,3081758
2023-02-23,2023-02-23,1554929
2023-02-24,2023-02-24,1868158
2023-02-27,2023-02-27,1214837
2023-02-28,2023-02-28,1095313
2023-03-01,2023-03-01,1382274
2023-03-02,2023-03-02,1268562
2023-03-03,2023-03-03,2957368
2023-03-06,2023-03-06,2830801
2023-03-07,2023-03-07,8000036
2023-03-08,2023-03-08,4688018
2023-03-09,2023-03-09,4156702
2023-03-10,2023-03-10,2931704
2023-03-13,2023-03-13,6768695
2023-03-14,2023-03-14,5385104
2023-03-15,2023-03-15,3124654
2023-03-16,2023-03-16,3289691
2023-03-17,2023-03-17,7795870
2023-03-20,2023-03-20,6222882
2023-03-21,2023-03-21,3754795
2023-03-22,2023-03-22,5959085
2023-03-23,2023-03-23,3915375
2023-03-24,2023-03-24,2031347
2023-03-27,2023-03-27,3300890
2023-03-28,2023-03-28,2387253
2023-03-29,2023-03-29,2628398
2023-03-30,2023-03-30,1805444
2023-03-31,2023-03-31,2681040
2023-04-03,2023-04-03,2094894
2023-04-04,2023-04-04,1925351
2023-04-05,2023-04-05,1597888
2023-04-06,2023-04-06,1517448
2023-04-10,2023-04-10,4718942
2023-04-11,2023-04-11,5156884
2023-04-12,2023-04-12,2520701
2023-04-13,2023-04-13,2587399
2023-04-14,2023-04-14,3047620
2023-04-17,2023-04-17,2322946
2023-04-18,2023-04-18,2385097
2023-04-19,2023-04-19,3916769
2023-04-20,2023-04-20,2678121
2023-04-21,2023-04-21,2467072
2023-04-24,2023-04-24,2479504
2023-04-25,2023-04-25,1877984
2023-04-26,2023-04-26,2526732
2023-04-27,2023-04-27,1946129
2023-04-28,2023-04-28,1240480
2023-05-01,2023-05-01,1782212
2023-05-02,2023-05-02,2415057
2023-05-03,2023-05-03,1699778
2023-05-04,2023-05-04,1844473
2023-05-05,2023-05-05,1323661
2023-05-08,2023-05-08,2460969
2023-05-09,2023-05-09,1037151
2023-05-10,2023-05-10,2078380
2023-05-11,2023-05-11,2557754
2023-05-12,2023-05-12,3026428
2023-05-15,2023-05-15,2207256
2023-05-16,2023-05-16,1610579
2023-05-17,2023-05-17,1374179
2023-05-18,2023-05-18,1538428
2023-05-19,2023-05-19,1124467
2023-05-22,2023-05-22,1563158
2023-05-23,2023-05-23,1112326
2023-05-24,2023-05-24,2256345
2023-05-25,2023-05-25,1274221
2023-05-26,2023-05-26,1410176
2023-05-30,2023-05-30,1877238
2023-05-31,2023-05-31,1126213
2023-06-01,2023-06-01,1126213
2023-06-02,2023-06-02,1345273
2023-06-05,2023-06-05,1763060
2023-06-06,2023-06-06,2142152
2023-06-07,2023-06-07,1816349
2023-06-08,2023-06-08,1095608
2023-06-09,2023-06-09,1358753
2023-06-12,2023-06-12,2281089
2023-06-13,2023-06-13,1798234
2023-06-14,2023-06-14,1213598
2023-06-15,2023-06-15,2240573
2023-06-16,2023-06-16,5264765
2023-06-20,2023-06-20,10239377
2023-06-21,2023-06-21,9568822
2023-06-22,2023-06-22,4878061
2023-06-23,2023-06-23,6493861
2023-06-26,2023-06-26,5096974
2023-06-27,2023-06-27,4628253
2023-06-28,2023-06-28,4281712
2023-06-29,2023-06-29,2549588
2023-06-30,2023-06-30,7375410
2023-07-03,2023-07-03,3194169
2023-07-05,2023-07-05,3408369
2023-07-06,2023-07-06,2798499
2023-07-07,2023-07-07,2538881
2023-07-10,2023-07-10,2699682
2023-07-11,2023-07-11,2930329
2023-07-12,2023-07-12,3462195
2023-07-13,2023-07-13,8499454
2023-07-14,2023-07-14,6360868
2023-07-17,2023-07-17,3366408
2023-07-18,2023-07-18,5903510
2023-07-19,2023-07-19,2193673
2023-07-20,2023-07-20,3090115
2023-07-21,2023-07-21,1555394
2023-07-24,2023-07-24,3188585
2023-07-25,2023-07-25,1628281
2023-07-26,2023-07-26,1255379
2023-07-27,2023-07-27,2767915
2023-07-28,2023-07-28,2168414
2023-07-31,2023-07-31,1873173
2023-08-01,2023-08-01,2756860
2023-08-02,2023-08-02,2735619
2023-08-03,2023-08-03,2395136
2023-08-04,2023-08-04,1492114
2023-08-07,2023-08-07,2354113
2023-08-08,2023-08-08,3395389
2023-08-09,2023-08-09,3129989
2023-08-10,2023-08-10,2212425
2023-08-11,2023-08-11,1795731
2023-08-14,2023-08-14,2718106
2023-08-15,2023-08-15,2504583
2023-08-16,2023-08-16,2700270
2023-08-17,2023-08-17,4558746
2023-08-18,2023-08-18,4629882
2023-08-21,2023-08-21,2381270
2023-08-22,2023-08-22,1847830
2023-08-23,2023-08-23,2485443
2023-08-24,2023-08-24,1444046
2023-08-25,2023-08-25,1816805
2023-08-28,2023-08-28,1189749
2023-08-29,2023-08-29,19555243
2023-08-30,2023-08-30,5290147
2023-08-31,2023-08-31,4810144
2023-09-01,2023-09-01,2281187
2023-09-05,2023-09-05,1827312
2023-09-06,2023-09-06,2117348
2023-09-07,2023-09-07,2071540
2023-09-08,2023-09-08,2206641
2023-09-11,2023-09-11,2104557
2023-09-12,2023-09-12,2406571
2023-09-13,2023-09-13,1833574
2023-09-14,2023-09-14,1709698
2023-09-15,2023-09-15,976507
2023-09-18,2023-09-18,2689855
2023-09-19,2023-09-19,2129769
2023-09-20,2023-09-20,1851897
2023-09-21,2023-09-21,1600548
2023-09-22,2023-09-22,924390
2023-09-25,2023-09-25,1559094
2023-09-26,2023-09-26,1587934
2023-09-27,2023-09-27,1530319
2023-09-28,2023-09-28,2796834
2023-09-29,2023-09-29,1384186
2023-10-02,2023-10-02,2876237
2023-10-03,2023-10-03,2037605
2023-10-04,2023-10-04,2814632
2023-10-05,2023-10-05,3023861
2023-10-06,2023-10-06,1956305
2023-10-09,2023-10-09,1873199
2023-10-10,2023-10-10,2365280
2023-10-11,2023-10-11,2258790
2023-10-12,2023-10-12,1591096
2023-10-13,2023-10-13,2211994
2023-10-16,2023-10-16,8566116
2023-10-17,2023-10-17,2773409
2023-10-18,2023-10-18,3037814
2023-10-19,2023-10-19,3037814
2023-10-20,2023-10-20,6230126
2023-10-23,2023-10-23,7603579
2023-10-24,2023-10-24,9152315
2023-10-25,2023-10-25,4960494
2023-10-26,2023-10-26,5328245
2023-10-27,2023-10-27,3978757
2023-10-30,2023-10-30,4703714
2023-10-31,2023-10-31,2940834
2023-11-01,2023-11-01,3499770
2023-11-02,2023-11-02,4120399
2023-11-03,2023-11-03,3142535
2023-11-06,2023-11-06,2875104
2023-11-07,2023-11-07,3780944
2023-11-08,2023-11-08,3800315
2023-11-09,2023-11-09,7885615
2023-11-10,2023-11-10,5322666
2023-11-13,2023-11-13,3224097
2023-11-14,2023-11-14,5427242
2023-11-15,2023-11-15,4638390
2023-11-16,2023-11-16,4957572
2023-11-17,2023-11-17,2954373
2023-11-20,2023-11-20,3930836
2023-11-21,2023-11-21,4193973
2023-11-22,2023-11-22,3236440
2023-11-24,2023-11-24,3460881
2023-11-27,2023-11-27,3994792
2023-11-28,2023-11-28,3718945
2023-11-29,2023-11-29,4247711
2023-11-30,2023-11-30,3521574
2023-12-01,2023-12-01,5007125
2023-12-04,2023-12-04,6624493
2023-12-05,2023-12-05,8331087
2023-12-06,2023-12-06,5929611
2023-12-07,2023-12-07,5929911
2023-12-08,2023-12-08,3692111
2023-12-11,2023-12-11,7477991
2023-12-12,2023-12-12,4412392
2023-12-13,2023-12-13,6057696
2023-12-14,2023-12-14,5261421
2023-12-15,2023-12-15,4198720
2023-12-18,2023-12-18,5214362
2023-12-19,2023-12-19,4121586
2023-12-20,2023-12-20,5255753
2023-12-21,2023-12-21,3205069
2023-12-22,2023-12-22,4071805
2023-12-26,2023-12-26,5078780
2023-12-27,2023-12-27,6726104
2023-12-28,2023-12-28,8139131
2023-12-29,2023-12-29,6342465
2024-01-02,2024-01-02,9172589
2024-01-03,2024-01-03,5785760
2024-01-04,2024-01-04,6414127
2024-01-05,2024-01-05,4966272
2024-01-08,2024-01-08,4988176
2024-01-09,2024-01-09,9384423
2024-01-10,2024-01-10,15065907
2024-01-11,2024-01-11,56268693
2024-01-12,2024-01-12,47260925
2024-01-16,2024-01-16,25135002
2024-01-17,2024-01-17,21951233
2024-01-18,2024-01-18,26886448
2024-01-19,2024-01-19,35584767
2024-01-22,2024-01-22,30040582
2024-01-23,2024-01-23,21848201
2024-01-24,2024-01-24,17008365
2024-01-25,2024-01-25,14138947
2024-01-26,2024-01-26,17411245
2024-01-29,2024-01-29,14941789
2024-01-30,2024-01-30,10206615
2024-01-31,2024-01-31,12983921
2024-02-01,2024-02-01,7601901
2024-02-02,2024-02-02,9811069
2024-02-05,2024-02-05,6380104
2024-02-06,2024-02-06,6760298
2024-02-07,2024-02-07,8525533
2024-02-08,2024-02-08,9182418
2024-02-09,2024-02-09,12483465
2024-02-12,2024-02-12,10552988
2024-02-13,2024-02-13,9046813
2024-02-14,2024-02-14,13391258
2024-02-15,2024-02-15,13574555
2024-02-16,2024-02-16,12633374
2024-02-20,2024-02-20,13349834
2024-02-21,2024-02-21,7481091
2024-02-22,2024-02-22,7503824
2024-02-23,2024-02-23,6982066
2024-02-26,2024-02-26,17353668
2024-02-27,2024-02-27,15716032
2024-02-28,2024-02-28,34139321
2024-02-29,2024-02-29,24676974
2024-03-01,2024-03-01,18849417
2024-03-04,2024-03-04,25439227
2024-03-05,2024-03-05,50656381
2024-03-06,2024-03-06,16452883
2024-03-07,2024-03-07,20590100
2024-03-08,2024-03-08,24355592
2024-03-11,2024-03-11,21500259
2024-03-12,2024-03-12,28565523
2024-03-13,2024-03-13,16578057
2024-03-14,2024-03-14,31539628
2024-03-15,2024-03-15,21446151
2024-03-18,2024-03-18,14542114
2024-03-19,2024-03-19,22288546
2024-03-20,2024-03-20,21650086
2024-03-21,2024-03-21,19699724
2024-03-22,2024-03-22,11583705
2024-03-25,2024-03-25,24534123
2024-03-26,2024-03-26,10634569
2024-03-27,2024-03-27,12911358
2024-03-28,2024-03-28,11835202
2024-04-01,2024-04-01,11478947
2024-04-02,2024-04-02,10411710
2024-04-03,2024-04-03,8165445
2024-04-04,2024-04-04,13728439
2024-04-05,2024-04-05,9230208
2024-04-08,2024-04-08,10851643
2024-04-09,2024-04-09,11014961
2024-04-10,2024-04-10,10011059
2024-04-11,2024-04-11,10292558
2024-04-12,2024-04-12,19702648
2024-04-15,2024-04-15,13734648
2024-04-16,2024-04-16,9426096
2024-04-17,2024-04-17,14046688
2024-04-18,2024-04-18,9876616
2024-04-19,2024-04-19,8706156
2024-04-22,2024-04-22,7484070
2024-04-23,2024-04-23,3767080
2024-04-24,2024-04-24,9095562
2024-04-25,2024-04-25,8324455
2024-04-26,2024-04-26,6664040
2024-04-29,2024-04-29,4539709
2024-04-30,2024-04-30,11945246
2024-05-01,2024-05-01,13599850
2024-05-02,2024-05-02,5789376
2024-05-03,2024-05-03,6239013
2024-05-06,2024-05-06,6838170
2024-05-07,2024-05-07,5208237
2024-05-08,2024-05-08,4129388
2024-05-09,2024-05-09,6495526
2024-05-10,2024-05-10,7835119
2024-05-13,2024-05-13,2931925
2024-05-14,2024-05-14,3722989
2024-05-15,2024-05-15,8191994
2024-05-16,2024-05-16,4027493
2024-05-17,2024-05-17,5495184
2024-05-20,2024-05-20,7084007
2024-05-21,2024-05-21,6489918
2024-05-22,2024-05-22,4077863
2024-05-23,2024-05-23,4744498
2024-05-24,2024-05-24,4464834
2024-05-28,2024-05-28,6115516
2024-05-29,2024-05-29,4272087
2024-05-30,2024-05-30,5580569
2024-05-31,2024-05-31,5592613
2024-06-03,2024-06-03,3204138
2024-06-04,2024-06-04,5873188
2024-06-05,2024-06-05,4807975
2024-06-06,2024-06-06,3706179
2024-06-07,2024-06-07,6917905
2024-06-10,2024-06-10,2677921
2024-06-11,2024-06-11,5490038
2024-06-12,2024-06-12,7392446
2024-06-13,2024-06-13,4657434
2024-06-14,2024-06-14,5014957
2024-06-17,2024-06-17,3371580
2024-06-18,2024-06-18,4765972
2024-06-20,2024-06-20,3451672
2024-06-21,2024-06-21,3077188
2024-06-24,2024-06-24,8353932
2024-06-25,2024-06-25,6204742
2024-06-26,2024-06-26,2408304
2024-06-27,2024-06-27,1825311
2024-06-28,2024-06-28,3788259
2024-07-01,2024-07-01,3070920
2024-07-02,2024-07-02,3343949
2024-07-03,2024-07-03,1700247
2024-07-05,2024-07-05,7813345
2024-07-08,2024-07-08,6806521
2024-07-09,2024-07-09,3386914
2024-07-10,2024-07-10,3476573
2024-07-11,2024-07-11,3607960
2024-07-12,2024-07-12,2884889
2024-07-15,2024-07-15,4799886
2024-07-16,2024-07-16,3522685
2024-07-17,2024-07-17,3258800
2024-07-18,2024-07-18,2915589
2024-07-19,2024-07-19,6679941
2024-07-22,2024-07-22,3313249
2024-07-23,2024-07-23,6533883
2024-07-24,2024-07-24,4096904
2024-07-25,2024-07-25,3978119
2024-07-26,2024-07-26,4471045
2024-07-29,2024-07-29,7045510
2024-07-30,2024-07-30,4116736
2024-07-31,2024-07-31,3002148
2024-08-01,2024-08-01,6866848
2024-08-02,2024-08-02,6163979
2024-08-05,2024-08-05,16266537
2024-08-06,2024-08-06,5812793
2024-08-07,2024-08-07,6112896
2024-08-08,2024-08-08,5520818
2024-08-09,2024-08-09,5446545
2024-08-12,2024-08-12,4958156
2024-08-13,2024-08-13,3707833
2024-08-14,2024-08-14,5530975
2024-08-15,2024-08-15,6770693
2024-08-16,2024-08-16,3946931
2024-08-19,2024-08-19,1829676
2024-08-20,2024-08-20,4556697
2024-08-21,2024-08-21,3874747
2024-08-22,2024-08-22,2277004
2024-08-23,2024-08-23,6416754
2024-08-26,2024-08-26,2771826
2024-08-27,2024-08-27,2438646
2024-08-28,2024-08-28,2609477
2024-08-29,2024-08-29,2902285
2024-08-30,2024-08-30,3160564
2024-09-03,2024-09-03,4185999
2024-09-04,2024-09-04,4692043
2024-09-05,2024-09-05,3607661
2024-09-06,2024-09-06,7073865
2024-09-09,2024-09-09,4142443
2024-09-10,2024-09-10,1812398
2024-09-11,2024-09-11,3006256
2024-09-12,2024-09-12,2349283
2024-09-13,2024-09-13,3850292
2024-09-16,2024-09-16,2855203
2024-09-17,2024-09-17,4750606
2024-09-18,2024-09-18,4150099
2024-09-19,2024-09-19,2644847
2024-09-20,2024-09-20,1687931
2024-09-23,2024-09-23,1609172
2024-09-24,2024-09-24,1918739
2024-09-25,2024-09-25,1656498
2024-09-26,2024-09-26,3299232
2024-09-27,2024-09-27,3683303
2024-09-30,2024-09-30,2088877
2024-10-01,2024-10-01,4162711
2024-10-02,2024-10-02,3625835
2024-10-03,2024-10-03,3801136
2024-10-04,2024-10-04,2149062
2024-10-07,2024-10-07,2058743
2024-10-08,2024-10-08,2463434
2024-10-09,2024-10-09,1523746
2024-10-10,2024-10-10,2181979
2024-10-11,2024-10-11,3672983
2024-10-14,2024-10-14,4026707
2024-10-15,2024-10-15,4146255
2024-10-16,2024-10-16,2107420
2024-10-17,2024-10-17,6537971
2024-10-18,2024-10-18,3399938
2024-10-21,2024-10-21,3093066
2024-10-22,2024-10-22,2306947
2024-10-23,2024-10-23,2515988
2024-10-24,2024-10-24,1604948
2024-10-25,2024-10-25,3903794
2024-10-28,2024-10-28,3830896
2024-10-29,2024-10-29,6744987
2024-10-30,2024-10-30,2040608
2024-10-31,2024-10-31,3992680
2024-11-01,2024-11-01,3801058
2024-11-04,2024-11-04,2220555
2024-11-05,2024-11-05,3360326
2024-11-06,2024-11-06,7486358
2024-11-07,2024-11-07,3184463
2024-11-08,2024-11-08,2822397
2024-11-11,2024-11-11,10665835
2024-11-12,2024-11-12,6242006
2024-11-13,2024-11-13,9300006
2024-11-14,2024-11-14,5126725
2024-11-15,2024-11-15,3547095
2024-11-18,2024-11-18,4859699
2024-11-19,2024-11-19,4285045
2024-11-20,2024-11-20,4943810
2024-11-21,2024-11-21,6798928
2024-11-22,2024-11-22,5641649
2024-11-25,2024-11-25,5296002
2024-11-26,2024-11-26,5361715
2024-11-27,2024-11-27,3894370
2024-11-29,2024-11-29,2959545
2024-12-02,2024-12-02,3037373
2024-12-03,2024-12-03,2127968
2024-12-04,2024-12-04,4899403
2024-12-05,2024-12-05,7046724
2024-12-06,2024-12-06,3963307
2024-12-09,2024-12-09,4091138
2024-12-10,2024-12-10,4294610
2024-12-11,2024-12-11,4209987
2024-12-12,2024-12-12,3370864
2024-12-13,2024-12-13,2848219
2024-12-16,2024-12-16,5619910
2024-12-17,2024-12-17,4459365
2024-12-18,2024-12-18,4989412
2024-12-19,2024-12-19,4537893
2024-12-20,2024-12-20,3969369
2024-12-23,2024-12-23,4246022
2024-12-24,2024-12-24,1717143
2024-12-26,2024-12-26,2325038
2024-12-27,2024-12-27,4066131
