start_time,date,stablecoins_ratio,stablecoins_ratio_usd
2021-01-01,2021-01-01,0.00018524,5.44568933
2021-01-02,2021-01-02,0.00017209,5.52761417
2021-01-03,2021-01-03,0.00017357,5.73799457
2021-01-04,2021-01-04,0.00016792,5.37420508
2021-01-05,2021-01-05,0.00016437,5.5931951
2021-01-06,2021-01-06,0.00015499,5.71032282
2021-01-07,2021-01-07,0.00016295,6.43125393
2021-01-08,2021-01-08,0.00015642,6.34606428
2021-01-09,2021-01-09,0.00015235,6.12828205
2021-01-10,2021-01-10,0.00015904,6.07041028
2021-01-11,2021-01-11,0.0001592,5.64122323
2021-01-12,2021-01-12,0.00015619,5.32081167
2021-01-13,2021-01-13,0.00015765,5.89063037
2021-01-14,2021-01-14,0.00015918,6.22544617
2021-01-15,2021-01-15,0.00014685,5.3950106
2021-01-16,2021-01-16,0.00013752,4.95134278
2021-01-17,2021-01-17,0.00013656,4.89470446
2021-01-18,2021-01-18,0.00013649,5.00131868
2021-01-19,2021-01-19,0.00013641,4.8978781
2021-01-20,2021-01-20,0.00014481,5.13952817
2021-01-21,2021-01-21,0.00015103,4.66168522
2021-01-22,2021-01-22,0.00014372,4.74249924
2021-01-23,2021-01-23,0.00013852,4.44708171
2021-01-24,2021-01-24,0.00013089,4.22862916
2021-01-25,2021-01-25,0.00013236,4.26951653
2021-01-26,2021-01-26,0.00012895,4.19142982
2021-01-27,2021-01-27,0.00011892,3.61731832
2021-01-28,2021-01-28,0.0001305,4.36276881
2021-01-29,2021-01-29,0.00012502,4.2841637
2021-01-30,2021-01-30,0.00011801,4.04891274
2021-01-31,2021-01-31,0.0001172,3.8818236
2021-02-01,2021-02-01,0.00012338,4.13958552
2021-02-02,2021-02-02,0.0001242,4.41274203
2021-02-03,2021-02-03,6.879e-05,2.59049294
2021-02-04,2021-02-04,6.765e-05,2.50115638
2021-02-05,2021-02-05,6.773e-05,2.59445454
2021-02-06,2021-02-06,7.042e-05,2.76282204
2021-02-07,2021-02-07,6.872e-05,2.66962359
2021-02-08,2021-02-08,7.254e-05,3.36808325
2021-02-09,2021-02-09,7.057e-05,3.28058284
2021-02-10,2021-02-10,7.019e-05,3.14764354
2021-02-11,2021-02-11,6.867e-05,3.29633889
2021-02-12,2021-02-12,6.919e-05,3.2776202
2021-02-13,2021-02-13,6.845e-05,3.23181337
2021-02-14,2021-02-14,6.858e-05,3.33538686
2021-02-15,2021-02-15,7.02e-05,3.36437692
2021-02-16,2021-02-16,7.133e-05,3.50595087
2021-02-17,2021-02-17,7.006e-05,3.65330498
2021-02-18,2021-02-18,6.972e-05,3.59547386
2021-02-19,2021-02-19,6.716e-05,3.75553071
2021-02-20,2021-02-20,6.687e-05,3.73507886
2021-02-21,2021-02-21,6.613e-05,3.80017096
2021-02-22,2021-02-22,6.361e-05,3.44143391
2021-02-23,2021-02-23,6.486e-05,3.17126337
2021-02-24,2021-02-24,6.157e-05,3.06078477
2021-02-25,2021-02-25,6.283e-05,2.95929148
2021-02-26,2021-02-26,6.308e-05,2.92055053
2021-02-27,2021-02-27,6.022e-05,2.78080035
2021-02-28,2021-02-28,5.833e-05,2.63904988
2021-03-01,2021-03-01,5.745e-05,2.85046942
2021-03-02,2021-03-02,5.401e-05,2.61883219
2021-03-03,2021-03-03,5.578e-05,2.81033804
2021-03-04,2021-03-04,5.773e-05,2.7919163
2021-03-05,2021-03-05,5.608e-05,2.73516604
2021-03-06,2021-03-06,5.589e-05,2.73240899
2021-03-07,2021-03-07,5.958e-05,3.0381311
2021-03-08,2021-03-08,6.235e-05,3.26702745
2021-03-09,2021-03-09,6.201e-05,3.40635316
2021-03-10,2021-03-10,5.988e-05,3.34614744
2021-03-11,2021-03-11,6.296e-05,3.64104931
2021-03-12,2021-03-12,6.066e-05,3.47182458
2021-03-13,2021-03-13,6.174e-05,3.77680418
2021-03-14,2021-03-14,6.237e-05,3.67853557
2021-03-15,2021-03-15,6.152e-05,3.42267226
2021-03-16,2021-03-16,6.038e-05,3.43573198
2021-03-17,2021-03-17,5.998e-05,3.53267769
2021-03-18,2021-03-18,5.983e-05,3.44858127
2021-03-19,2021-03-19,6.213e-05,3.6061773
2021-03-20,2021-03-20,5.834e-05,3.38844938
2021-03-21,2021-03-21,5.821e-05,3.33882208
2021-03-22,2021-03-22,5.752e-05,3.11157355
2021-03-23,2021-03-23,5.614e-05,3.05102826
2021-03-24,2021-03-24,5.697e-05,2.98031733
2021-03-25,2021-03-25,5.689e-05,2.91963684
2021-03-26,2021-03-26,5.303e-05,2.9179196
2021-03-27,2021-03-27,4.853e-05,2.70962871
2021-03-28,2021-03-28,4.817e-05,2.68674972
2021-03-29,2021-03-29,4.945e-05,2.84981912
2021-03-30,2021-03-30,4.926e-05,2.8961928
2021-03-31,2021-03-31,5.02e-05,2.95068925
2021-04-01,2021-04-01,4.976e-05,2.92177028
2021-04-02,2021-04-02,4.679e-05,2.75902298
2021-04-03,2021-04-03,4.52e-05,2.57910982
2021-04-04,2021-04-04,4.345e-05,2.52979913
2021-04-05,2021-04-05,4.459e-05,2.63691181
2021-04-06,2021-04-06,4.178e-05,2.42361682
2021-04-07,2021-04-07,4.175e-05,2.33544288
2021-04-08,2021-04-08,3.807e-05,2.21126508
2021-04-09,2021-04-09,3.769e-05,2.19042161
2021-04-10,2021-04-10,3.857e-05,2.30652358
2021-04-11,2021-04-11,3.81e-05,2.28581874
2021-04-12,2021-04-12,3.906e-05,2.3382731
2021-04-13,2021-04-13,4.056e-05,2.57820338
2021-04-14,2021-04-14,4e-05,2.51800655
2021-04-15,2021-04-15,3.887e-05,2.4575949
2021-04-16,2021-04-16,3.474e-05,2.13312192
2021-04-17,2021-04-17,3.376e-05,2.02686576
2021-04-18,2021-04-18,3.34e-05,1.87851632
2021-04-19,2021-04-19,3.27e-05,1.82069084
2021-04-20,2021-04-20,3.198e-05,1.80627293
2021-04-21,2021-04-21,3.179e-05,1.71042173
2021-04-22,2021-04-22,3.364e-05,1.73936875
2021-04-23,2021-04-23,3.351e-05,1.714675
2021-04-24,2021-04-24,3.346e-05,1.67579467
2021-04-25,2021-04-25,3.178e-05,1.56104333
2021-04-26,2021-04-26,3.217e-05,1.73856215
2021-04-27,2021-04-27,3.198e-05,1.76064027
2021-04-28,2021-04-28,3.364e-05,1.846231
2021-04-29,2021-04-29,3.408e-05,1.82578601
2021-04-30,2021-04-30,3.34e-05,1.92820083
2021-05-01,2021-05-01,3.288e-05,1.90139309
2021-05-02,2021-05-02,3.196e-05,1.8091237
2021-05-03,2021-05-03,3.272e-05,1.87122349
2021-05-04,2021-05-04,3.24e-05,1.72489416
2021-05-05,2021-05-05,3.097e-05,1.78069098
2021-05-06,2021-05-06,3.037e-05,1.71362531
2021-05-07,2021-05-07,3.102e-05,1.77931729
2021-05-08,2021-05-08,3.127e-05,1.84288791
2021-05-09,2021-05-09,3.246e-05,1.89225875
2021-05-10,2021-05-10,3.171e-05,1.77138138
2021-05-11,2021-05-11,3.19e-05,1.80999149
2021-05-12,2021-05-12,3.282e-05,1.62551331
2021-05-13,2021-05-13,3.347e-05,1.66316765
2021-05-14,2021-05-14,3.32e-05,1.65667636
2021-05-15,2021-05-15,3.338e-05,1.56227322
2021-05-16,2021-05-16,3.431e-05,1.59461509
2021-05-17,2021-05-17,3.209e-05,1.39755135
2021-05-18,2021-05-18,3.256e-05,1.39607867
2021-05-19,2021-05-19,3.319e-05,1.21919214
2021-05-20,2021-05-20,3.249e-05,1.3188577
2021-05-21,2021-05-21,3.162e-05,1.1804004
2021-05-22,2021-05-22,3.196e-05,1.19917917
2021-05-23,2021-05-23,3.294e-05,1.14399859
2021-05-24,2021-05-24,3.239e-05,1.25813378
2021-05-25,2021-05-25,3.137e-05,1.20352165
2021-05-26,2021-05-26,3.151e-05,1.23740201
2021-05-27,2021-05-27,3.232e-05,1.24654645
2021-05-28,2021-05-28,3.212e-05,1.14608855
2021-05-29,2021-05-29,3.437e-05,1.18923322
2021-05-30,2021-05-30,3.504e-05,1.24879042
2021-05-31,2021-05-31,3.04e-05,1.13308084
2021-06-01,2021-06-01,2.874e-05,1.05439339
2021-06-02,2021-06-02,2.863e-05,1.07576929
2021-06-03,2021-06-03,2.834e-05,1.11212131
2021-06-04,2021-06-04,2.793e-05,1.02922669
2021-06-05,2021-06-05,2.794e-05,0.99272597
2021-06-06,2021-06-06,2.792e-05,0.99967318
2021-06-07,2021-06-07,2.845e-05,0.95497482
2021-06-08,2021-06-08,2.831e-05,0.94570664
2021-06-09,2021-06-09,2.855e-05,1.06775226
2021-06-10,2021-06-10,2.922e-05,1.07223807
2021-06-11,2021-06-11,2.88e-05,1.07521843
2021-06-12,2021-06-12,2.868e-05,1.0196831
2021-06-13,2021-06-13,2.868e-05,1.11902075
2021-06-14,2021-06-14,2.902e-05,1.1759299
2021-06-15,2021-06-15,2.959e-05,1.18798565
2021-06-16,2021-06-16,3.006e-05,1.15249264
2021-06-17,2021-06-17,2.988e-05,1.13819133
2021-06-18,2021-06-18,2.965e-05,1.06222102
2021-06-19,2021-06-19,2.977e-05,1.0564388
2021-06-20,2021-06-20,2.95e-05,1.05025586
2021-06-21,2021-06-21,2.971e-05,0.93955395
2021-06-22,2021-06-22,2.883e-05,0.9374664
2021-06-23,2021-06-23,2.859e-05,0.96287316
2021-06-24,2021-06-24,2.841e-05,0.98453316
2021-06-25,2021-06-25,2.877e-05,0.90847597
2021-06-26,2021-06-26,2.845e-05,0.91828929
2021-06-27,2021-06-27,2.836e-05,0.98463016
2021-06-28,2021-06-28,2.79e-05,0.96272956
2021-06-29,2021-06-29,2.846e-05,1.02208359
2021-06-30,2021-06-30,2.863e-05,1.00353444
2021-07-01,2021-07-01,2.825e-05,0.94664844
2021-07-02,2021-07-02,2.79e-05,0.94296127
2021-07-03,2021-07-03,2.779e-05,0.96351453
2021-07-04,2021-07-04,2.799e-05,0.98761263
2021-07-05,2021-07-05,2.797e-05,0.94229569
2021-07-06,2021-07-06,2.835e-05,0.97035907
2021-07-07,2021-07-07,2.794e-05,0.94646948
2021-07-08,2021-07-08,2.782e-05,0.91471701
2021-07-09,2021-07-09,2.813e-05,0.95047736
2021-07-10,2021-07-10,2.838e-05,0.95107034
2021-07-11,2021-07-11,2.845e-05,0.97473713
2021-07-12,2021-07-12,2.903e-05,0.96026567
2021-07-13,2021-07-13,2.972e-05,0.97282918
2021-07-14,2021-07-14,2.938e-05,0.96412299
2021-07-15,2021-07-15,2.835e-05,0.90368798
2021-07-16,2021-07-16,2.882e-05,0.90511461
2021-07-17,2021-07-17,2.879e-05,0.90824027
2021-07-18,2021-07-18,2.869e-05,0.91261684
2021-07-19,2021-07-19,2.897e-05,0.89342198
2021-07-20,2021-07-20,2.847e-05,0.84857851
2021-07-21,2021-07-21,2.834e-05,0.91093109
2021-07-22,2021-07-22,2.827e-05,0.91306302
2021-07-23,2021-07-23,2.796e-05,0.94087361
2021-07-24,2021-07-24,2.766e-05,0.94836235
2021-07-25,2021-07-25,2.735e-05,0.96834229
2021-07-26,2021-07-26,2.758e-05,1.02711484
2021-07-27,2021-07-27,2.724e-05,1.07539696
2021-07-28,2021-07-28,2.625e-05,1.0507263
2021-07-29,2021-07-29,2.537e-05,1.01559559
2021-07-30,2021-07-30,2.542e-05,1.07342208
2021-07-31,2021-07-31,2.547e-05,1.05663586
2021-08-01,2021-08-01,2.595e-05,1.03431464
2021-08-02,2021-08-02,2.624e-05,1.02745564
2021-08-03,2021-08-03,2.655e-05,1.01412225
2021-08-04,2021-08-04,2.693e-05,1.06976866
2021-08-05,2021-08-05,2.536e-05,1.03689492
2021-08-06,2021-08-06,2.583e-05,1.10707311
2021-08-07,2021-08-07,2.575e-05,1.14832521
2021-08-08,2021-08-08,2.599e-05,1.13848079
2021-08-09,2021-08-09,2.652e-05,1.22719851
2021-08-10,2021-08-10,2.701e-05,1.23129676
2021-08-11,2021-08-11,2.656e-05,1.20923972
2021-08-12,2021-08-12,2.676e-05,1.18855643
2021-08-13,2021-08-13,2.677e-05,1.28046282
2021-08-14,2021-08-14,2.647e-05,1.24684907
2021-08-15,2021-08-15,2.657e-05,1.24919511
2021-08-16,2021-08-16,2.703e-05,1.241054
2021-08-17,2021-08-17,2.717e-05,1.2139939
2021-08-18,2021-08-18,2.694e-05,1.2044776
2021-08-19,2021-08-19,2.702e-05,1.26356389
2021-08-20,2021-08-20,2.626e-05,1.29577763
2021-08-21,2021-08-21,2.692e-05,1.31543512
2021-08-22,2021-08-22,2.691e-05,1.3258429
2021-08-23,2021-08-23,2.702e-05,1.33768152
2021-08-24,2021-08-24,2.492e-05,1.18846621
2021-08-25,2021-08-25,2.45e-05,1.20012977
2021-08-26,2021-08-26,2.488e-05,1.1655711
2021-08-27,2021-08-27,2.485e-05,1.21994655
2021-08-28,2021-08-28,2.49e-05,1.21845114
2021-08-29,2021-08-29,2.482e-05,1.21127681
2021-08-30,2021-08-30,2.501e-05,1.1753989
2021-08-31,2021-08-31,2.489e-05,1.17258939
2021-09-01,2021-09-01,2.462e-05,1.20250376
2021-09-02,2021-09-02,2.45e-05,1.2075997
2021-09-03,2021-09-03,2.448e-05,1.22422033
2021-09-04,2021-09-04,2.446e-05,1.22140655
2021-09-05,2021-09-05,2.463e-05,1.27543304
2021-09-06,2021-09-06,2.443e-05,1.28726685
2021-09-07,2021-09-07,2.486e-05,1.16544259
2021-09-08,2021-09-08,2.501e-05,1.15196477
2021-09-09,2021-09-09,2.56e-05,1.18790195
2021-09-10,2021-09-10,2.587e-05,1.16047805
2021-09-11,2021-09-11,2.589e-05,1.16967367
2021-09-12,2021-09-12,2.587e-05,1.19089396
2021-09-13,2021-09-13,2.569e-05,1.15463031
2021-09-14,2021-09-14,2.528e-05,1.19153228
2021-09-15,2021-09-15,2.559e-05,1.23219508
2021-09-16,2021-09-16,2.579e-05,1.23141876
2021-09-17,2021-09-17,2.554e-05,1.20809438
2021-09-18,2021-09-18,2.529e-05,1.22149943
2021-09-19,2021-09-19,2.548e-05,1.2039404
2021-09-20,2021-09-20,2.501e-05,1.07591907
2021-09-21,2021-09-21,2.503e-05,1.01965415
2021-09-22,2021-09-22,2.456e-05,1.06990464
2021-09-23,2021-09-23,2.496e-05,1.1202727
2021-09-24,2021-09-24,2.418e-05,1.03587075
2021-09-25,2021-09-25,2.395e-05,1.02260651
2021-09-26,2021-09-26,2.391e-05,1.03284712
2021-09-27,2021-09-27,2.423e-05,1.02153993
2021-09-28,2021-09-28,2.443e-05,1.00234226
2021-09-29,2021-09-29,2.515e-05,1.04467216
2021-09-30,2021-09-30,2.623e-05,1.14936447
2021-10-01,2021-10-01,2.599e-05,1.25204684
2021-10-02,2021-10-02,2.594e-05,1.23622189
2021-10-03,2021-10-03,2.603e-05,1.25551062
2021-10-04,2021-10-04,2.61e-05,1.28508192
2021-10-05,2021-10-05,2.631e-05,1.35493469
2021-10-06,2021-10-06,2.661e-05,1.47260573
2021-10-07,2021-10-07,2.687e-05,1.44591406
2021-10-08,2021-10-08,2.684e-05,1.44844876
2021-10-09,2021-10-09,2.684e-05,1.47558398
2021-10-10,2021-10-10,2.68e-05,1.46581211
2021-10-11,2021-10-11,2.622e-05,1.50746375
2021-10-12,2021-10-12,2.64e-05,1.47863215
2021-10-13,2021-10-13,2.692e-05,1.54436654
2021-10-14,2021-10-14,2.663e-05,1.52743925
2021-10-15,2021-10-15,2.682e-05,1.65410426
2021-10-16,2021-10-16,2.673e-05,1.62736962
2021-10-17,2021-10-17,2.683e-05,1.65087621
2021-10-18,2021-10-18,2.723e-05,1.68889217
2021-10-19,2021-10-19,2.723e-05,1.75093027
2021-10-20,2021-10-20,2.7e-05,1.78287106
2021-10-21,2021-10-21,2.698e-05,1.67813573
2021-10-22,2021-10-22,2.659e-05,1.61338032
2021-10-23,2021-10-23,2.654e-05,1.6267627
2021-10-24,2021-10-24,2.648e-05,1.61128552
2021-10-25,2021-10-25,2.669e-05,1.68390448
2021-10-26,2021-10-26,2.7e-05,1.62898412
2021-10-27,2021-10-27,2.705e-05,1.5811764
2021-10-28,2021-10-28,2.712e-05,1.64347746
2021-10-29,2021-10-29,2.721e-05,1.69367653
2021-10-30,2021-10-30,2.706e-05,1.67496984
2021-10-31,2021-10-31,2.701e-05,1.65665114
2021-11-01,2021-11-01,2.685e-05,1.63610278
2021-11-02,2021-11-02,2.644e-05,1.67275495
2021-11-03,2021-11-03,2.631e-05,1.65570291
2021-11-04,2021-11-04,2.58e-05,1.585123
2021-11-05,2021-11-05,2.557e-05,1.55981147
2021-11-06,2021-11-06,2.591e-05,1.59446542
2021-11-07,2021-11-07,2.625e-05,1.6616627
2021-11-08,2021-11-08,2.69e-05,1.81719294
2021-11-09,2021-11-09,2.465e-05,1.65044712
2021-11-10,2021-11-10,2.508e-05,1.62743966
2021-11-11,2021-11-11,2.541e-05,1.64685444
2021-11-12,2021-11-12,2.567e-05,1.64651374
2021-11-13,2021-11-13,2.604e-05,1.67696057
2021-11-14,2021-11-14,2.601e-05,1.70364518
2021-11-15,2021-11-15,2.652e-05,1.68670579
2021-11-16,2021-11-16,2.669e-05,1.60387416
2021-11-17,2021-11-17,2.727e-05,1.64602142
2021-11-18,2021-11-18,2.807e-05,1.59757956
2021-11-19,2021-11-19,2.906e-05,1.68837061
2021-11-20,2021-11-20,2.946e-05,1.76020659
2021-11-21,2021-11-21,2.854e-05,1.67445831
2021-11-22,2021-11-22,2.901e-05,1.63284422
2021-11-23,2021-11-23,3.001e-05,1.7275882
2021-11-24,2021-11-24,3.021e-05,1.72690977
2021-11-25,2021-11-25,3.018e-05,1.78031246
2021-11-26,2021-11-26,3.048e-05,1.63877563
2021-11-27,2021-11-27,3.061e-05,1.67612457
2021-11-28,2021-11-28,3.087e-05,1.76965016
2021-11-29,2021-11-29,3.112e-05,1.79959842
2021-11-30,2021-11-30,2.905e-05,1.65552949
2021-12-01,2021-12-01,2.939e-05,1.68192024
2021-12-02,2021-12-02,2.961e-05,1.6737596
2021-12-03,2021-12-03,2.928e-05,1.57074108
2021-12-04,2021-12-04,2.888e-05,1.42161868
2021-12-05,2021-12-05,2.9e-05,1.43447132
2021-12-06,2021-12-06,3.042e-05,1.53657611
2021-12-07,2021-12-07,2.924e-05,1.48075563
2021-12-08,2021-12-08,2.902e-05,1.46618106
2021-12-09,2021-12-09,2.634e-05,1.2529591
2021-12-10,2021-12-10,2.625e-05,1.23848455
2021-12-11,2021-12-11,2.668e-05,1.31826511
2021-12-12,2021-12-12,2.7e-05,1.35269059
2021-12-13,2021-12-13,2.703e-05,1.26299181
2021-12-14,2021-12-14,2.704e-05,1.30692964
2021-12-15,2021-12-15,2.693e-05,1.3167735
2021-12-16,2021-12-16,2.7e-05,1.28614052
2021-12-17,2021-12-17,2.706e-05,1.2488933
2021-12-18,2021-12-18,2.716e-05,1.27266905
2021-12-19,2021-12-19,2.723e-05,1.27158526
2021-12-20,2021-12-20,2.746e-05,1.28866638
2021-12-21,2021-12-21,2.75e-05,1.34509878
2021-12-22,2021-12-22,2.684e-05,1.30460373
2021-12-23,2021-12-23,2.578e-05,1.31062327
2021-12-24,2021-12-24,2.512e-05,1.27708262
2021-12-25,2021-12-25,2.568e-05,1.29507127
2021-12-26,2021-12-26,2.595e-05,1.31801329
2021-12-27,2021-12-27,2.594e-05,1.31561127
2021-12-28,2021-12-28,2.626e-05,1.24881391
2021-12-29,2021-12-29,2.701e-05,1.25502203
2021-12-30,2021-12-30,2.753e-05,1.29714225
2021-12-31,2021-12-31,2.822e-05,1.30386891
2022-01-01,2022-01-01,2.814e-05,1.34325929
2022-01-02,2022-01-02,2.844e-05,1.34535438
2022-01-03,2022-01-03,2.864e-05,1.3305859
2022-01-04,2022-01-04,2.648e-05,1.21360917
2022-01-05,2022-01-05,2.678e-05,1.16368896
2022-01-06,2022-01-06,2.705e-05,1.1651058
2022-01-07,2022-01-07,2.664e-05,1.10714936
2022-01-08,2022-01-08,2.677e-05,1.11580183
2022-01-09,2022-01-09,2.71e-05,1.13441072
2022-01-10,2022-01-10,2.732e-05,1.14248704
2022-01-11,2022-01-11,2.704e-05,1.15545222
2022-01-12,2022-01-12,2.668e-05,1.17185454
2022-01-13,2022-01-13,2.687e-05,1.144259
2022-01-14,2022-01-14,2.673e-05,1.15170466
2022-01-15,2022-01-15,2.667e-05,1.14946935
2022-01-16,2022-01-16,2.67e-05,1.15068104
2022-01-17,2022-01-17,2.718e-05,1.14735908
2022-01-18,2022-01-18,2.726e-05,1.15484377
2022-01-19,2022-01-19,2.725e-05,1.13564028
2022-01-20,2022-01-20,2.747e-05,1.11775872
2022-01-21,2022-01-21,2.811e-05,1.02483277
2022-01-22,2022-01-22,2.487e-05,0.87227064
2022-01-23,2022-01-23,2.51e-05,0.90976317
2022-01-24,2022-01-24,2.479e-05,0.90937926
2022-01-25,2022-01-25,2.43e-05,0.89867205
2022-01-26,2022-01-26,2.368e-05,0.87206
2022-01-27,2022-01-27,2.307e-05,0.8578163
2022-01-28,2022-01-28,2.282e-05,0.86117977
2022-01-29,2022-01-29,2.241e-05,0.85553651
2022-01-30,2022-01-30,2.231e-05,0.8456765
2022-01-31,2022-01-31,2.193e-05,0.84394916
2022-02-01,2022-02-01,2.174e-05,0.84162012
2022-02-02,2022-02-02,2.141e-05,0.79060972
2022-02-03,2022-02-03,2.151e-05,0.80315862
2022-02-04,2022-02-04,2.118e-05,0.88102591
2022-02-05,2022-02-05,2.096e-05,0.86808372
2022-02-06,2022-02-06,2.112e-05,0.89552999
2022-02-07,2022-02-07,2.064e-05,0.90546389
2022-02-08,2022-02-08,2.037e-05,0.89812718
2022-02-09,2022-02-09,2.004e-05,0.89005059
2022-02-10,2022-02-10,1.993e-05,0.86745673
2022-02-11,2022-02-11,1.97e-05,0.83520165
2022-02-12,2022-02-12,1.996e-05,0.84304321
2022-02-13,2022-02-13,1.992e-05,0.83809743
2022-02-14,2022-02-14,2.006e-05,0.85348626
2022-02-15,2022-02-15,2.002e-05,0.89256429
2022-02-16,2022-02-16,2.01e-05,0.88233034
2022-02-17,2022-02-17,1.987e-05,0.80541615
2022-02-18,2022-02-18,1.986e-05,0.79429019
2022-02-19,2022-02-19,1.999e-05,0.80160226
2022-02-20,2022-02-20,1.997e-05,0.76660999
2022-02-21,2022-02-21,2.012e-05,0.74515222
2022-02-22,2022-02-22,1.976e-05,0.75602849
2022-02-23,2022-02-23,1.965e-05,0.73248266
2022-02-24,2022-02-24,1.948e-05,0.74720883
2022-02-25,2022-02-25,1.979e-05,0.77677144
2022-02-26,2022-02-26,1.98e-05,0.77446708
2022-02-27,2022-02-27,1.991e-05,0.75097862
2022-02-28,2022-02-28,2.001e-05,0.86426607
2022-03-01,2022-03-01,2.021e-05,0.898095
2022-03-02,2022-03-02,2.046e-05,0.89839162
2022-03-03,2022-03-03,2.086e-05,0.88593043
2022-03-04,2022-03-04,2.118e-05,0.8295417
2022-03-05,2022-03-05,2.121e-05,0.83568864
2022-03-06,2022-03-06,2.127e-05,0.81706675
2022-03-07,2022-03-07,2.125e-05,0.80769464
2022-03-08,2022-03-08,2.139e-05,0.82864153
2022-03-09,2022-03-09,2.136e-05,0.89607818
2022-03-10,2022-03-10,2.125e-05,0.83812582
2022-03-11,2022-03-11,2.136e-05,0.82742723
2022-03-12,2022-03-12,2.137e-05,0.82928007
2022-03-13,2022-03-13,2.122e-05,0.80185422
2022-03-14,2022-03-14,2.138e-05,0.84811982
2022-03-15,2022-03-15,2.151e-05,0.84514257
2022-03-16,2022-03-16,2.156e-05,0.88685405
2022-03-17,2022-03-17,2.174e-05,0.88984903
2022-03-18,2022-03-18,2.164e-05,0.90403889
2022-03-19,2022-03-19,2.132e-05,0.90015558
2022-03-20,2022-03-20,2.132e-05,0.88021084
2022-03-21,2022-03-21,2.134e-05,0.87543651
2022-03-22,2022-03-22,2.143e-05,0.90824197
2022-03-23,2022-03-23,2.12e-05,0.9095941
2022-03-24,2022-03-24,2.097e-05,0.92268953
2022-03-25,2022-03-25,2.122e-05,0.94083184
2022-03-26,2022-03-26,2.115e-05,0.9418371
2022-03-27,2022-03-27,2.086e-05,0.97737944
2022-03-28,2022-03-28,2.065e-05,0.9734013
2022-03-29,2022-03-29,2.081e-05,0.98762917
2022-03-30,2022-03-30,2.052e-05,0.96602966
2022-03-31,2022-03-31,2.08e-05,0.94670983
2022-04-01,2022-04-01,2.036e-05,0.9426086
2022-04-02,2022-04-02,2.023e-05,0.9271336
2022-04-03,2022-04-03,2.027e-05,0.94086586
2022-04-04,2022-04-04,2.033e-05,0.94725466
2022-04-05,2022-04-05,2.041e-05,0.92859608
2022-04-06,2022-04-06,2.061e-05,0.89005357
2022-04-07,2022-04-07,2.073e-05,0.90041336
2022-04-08,2022-04-08,2.071e-05,0.87500374
2022-04-09,2022-04-09,2.048e-05,0.87577151
2022-04-10,2022-04-10,2.041e-05,0.86086506
2022-04-11,2022-04-11,2.06e-05,0.81459431
2022-04-12,2022-04-12,2.045e-05,0.81973518
2022-04-13,2022-04-13,2.081e-05,0.85636748
2022-04-14,2022-04-14,2.071e-05,0.82743245
2022-04-15,2022-04-15,2.066e-05,0.83761024
2022-04-16,2022-04-16,2.067e-05,0.83485673
2022-04-17,2022-04-17,2.06e-05,0.8176032
2022-04-18,2022-04-18,2.068e-05,0.84415941
2022-04-19,2022-04-19,2.055e-05,0.85285196
2022-04-20,2022-04-20,2.085e-05,0.86244846
2022-04-21,2022-04-21,2.063e-05,0.83517191
2022-04-22,2022-04-22,2.054e-05,0.81561012
2022-04-23,2022-04-23,2.057e-05,0.81138053
2022-04-24,2022-04-24,2.092e-05,0.82565601
2022-04-25,2022-04-25,2.101e-05,0.8498122
2022-04-26,2022-04-26,2.121e-05,0.8083989
2022-04-27,2022-04-27,2.139e-05,0.83921365
2022-04-28,2022-04-28,2.144e-05,0.85205574
2022-04-29,2022-04-29,2.127e-05,0.82068327
2022-04-30,2022-04-30,2.124e-05,0.79931655
2022-05-01,2022-05-01,2.13e-05,0.81954912
2022-05-02,2022-05-02,2.125e-05,0.81820637
2022-05-03,2022-05-03,2.167e-05,0.81749544
2022-05-04,2022-05-04,2.158e-05,0.85639669
2022-05-05,2022-05-05,2.184e-05,0.79826581
2022-05-06,2022-05-06,2.184e-05,0.78632024
2022-05-07,2022-05-07,2.19e-05,0.77679673
2022-05-08,2022-05-08,2.25e-05,0.76600637
2022-05-09,2022-05-09,2.398e-05,0.7213563
2022-05-10,2022-05-10,2.497e-05,0.77423685
2022-05-11,2022-05-11,2.543e-05,0.73688543
2022-05-12,2022-05-12,2.268e-05,0.65673808
2022-05-13,2022-05-13,2.172e-05,0.63494539
2022-05-14,2022-05-14,2.17e-05,0.65200424
2022-05-15,2022-05-15,2.158e-05,0.67542331
2022-05-16,2022-05-16,2.121e-05,0.63300028
2022-05-17,2022-05-17,2.097e-05,0.63779763
2022-05-18,2022-05-18,2.092e-05,0.59997523
2022-05-19,2022-05-19,2.059e-05,0.62380524
2022-05-20,2022-05-20,2.061e-05,0.60118027
2022-05-21,2022-05-21,2.049e-05,0.60290669
2022-05-22,2022-05-22,2.083e-05,0.630593
2022-05-23,2022-05-23,2.118e-05,0.61592976
2022-05-24,2022-05-24,2.126e-05,0.62962421
2022-05-25,2022-05-25,2.137e-05,0.63080348
2022-05-26,2022-05-26,2.155e-05,0.6285167
2022-05-27,2022-05-27,2.175e-05,0.62219848
2022-05-28,2022-05-28,2.173e-05,0.63042566
2022-05-29,2022-05-29,2.171e-05,0.63944941
2022-05-30,2022-05-30,2.144e-05,0.68024657
2022-05-31,2022-05-31,2.147e-05,0.68307094
2022-06-01,2022-06-01,2.155e-05,0.64218137
2022-06-02,2022-06-02,2.138e-05,0.65133474
2022-06-03,2022-06-03,2.141e-05,0.6353996
2022-06-04,2022-06-04,2.153e-05,0.64260437
2022-06-05,2022-06-05,2.142e-05,0.64052071
2022-06-06,2022-06-06,2.129e-05,0.66750449
2022-06-07,2022-06-07,2.12e-05,0.65989176
2022-06-08,2022-06-08,2.121e-05,0.64063329
2022-06-09,2022-06-09,2.132e-05,0.64147244
2022-06-10,2022-06-10,2.14e-05,0.62199241
2022-06-11,2022-06-11,2.149e-05,0.61014537
2022-06-12,2022-06-12,2.161e-05,0.57408978
2022-06-13,2022-06-13,2.192e-05,0.49194527
2022-06-14,2022-06-14,2.21e-05,0.48871375
2022-06-15,2022-06-15,2.209e-05,0.49819949
2022-06-16,2022-06-16,2.234e-05,0.45516853
2022-06-17,2022-06-17,2.233e-05,0.45636779
2022-06-18,2022-06-18,2.276e-05,0.43117837
2022-06-19,2022-06-19,2.295e-05,0.47155487
2022-06-20,2022-06-20,2.286e-05,0.46981028
2022-06-21,2022-06-21,2.223e-05,0.46013977
2022-06-22,2022-06-22,2.287e-05,0.45665252
2022-06-23,2022-06-23,2.295e-05,0.48417987
2022-06-24,2022-06-24,2.281e-05,0.484111
2022-06-25,2022-06-25,2.273e-05,0.48813905
2022-06-26,2022-06-26,2.264e-05,0.47597842
2022-06-27,2022-06-27,2.259e-05,0.46803084
2022-06-28,2022-06-28,2.259e-05,0.45770829
2022-06-29,2022-06-29,2.244e-05,0.4510647
2022-06-30,2022-06-30,2.268e-05,0.45272806
2022-07-01,2022-07-01,2.235e-05,0.43040489
2022-07-02,2022-07-02,2.244e-05,0.43147564
2022-07-03,2022-07-03,2.248e-05,0.43383684
2022-07-04,2022-07-04,2.243e-05,0.45329676
2022-07-05,2022-07-05,2.222e-05,0.44780886
2022-07-06,2022-07-06,2.202e-05,0.45236562
2022-07-07,2022-07-07,2.182e-05,0.47157374
2022-07-08,2022-07-08,2.175e-05,0.46954487
2022-07-09,2022-07-09,2.163e-05,0.46671373
2022-07-10,2022-07-10,2.148e-05,0.447973
2022-07-11,2022-07-11,2.176e-05,0.4341718
2022-07-12,2022-07-12,2.202e-05,0.42508768
2022-07-13,2022-07-13,2.193e-05,0.44337096
2022-07-14,2022-07-14,2.188e-05,0.4502539
2022-07-15,2022-07-15,2.212e-05,0.46059664
2022-07-16,2022-07-16,2.202e-05,0.46673922
2022-07-17,2022-07-17,2.257e-05,0.46930655
2022-07-18,2022-07-18,2.227e-05,0.49945596
2022-07-19,2022-07-19,2.226e-05,0.5207384
2022-07-20,2022-07-20,2.238e-05,0.51969366
2022-07-21,2022-07-21,2.252e-05,0.52147485
2022-07-22,2022-07-22,2.235e-05,0.50710511
2022-07-23,2022-07-23,2.228e-05,0.50025785
2022-07-24,2022-07-24,2.234e-05,0.50461955
2022-07-25,2022-07-25,2.222e-05,0.47355559
2022-07-26,2022-07-26,2.233e-05,0.47466742
2022-07-27,2022-07-27,2.219e-05,0.50941423
2022-07-28,2022-07-28,2.212e-05,0.52759097
2022-07-29,2022-07-29,2.222e-05,0.52844062
2022-07-30,2022-07-30,2.225e-05,0.52618758
2022-07-31,2022-07-31,2.224e-05,0.51815835
2022-08-01,2022-08-01,2.225e-05,0.51771113
2022-08-02,2022-08-02,2.227e-05,0.5120195
2022-08-03,2022-08-03,2.222e-05,0.50713517
2022-08-04,2022-08-04,2.236e-05,0.50599123
2022-08-05,2022-08-05,2.228e-05,0.51943634
2022-08-06,2022-08-06,2.229e-05,0.51172779
2022-08-07,2022-08-07,2.237e-05,0.51847294
2022-08-08,2022-08-08,2.238e-05,0.53290783
2022-08-09,2022-08-09,2.241e-05,0.51889219
2022-08-10,2022-08-10,2.235e-05,0.53548871
2022-08-11,2022-08-11,2.228e-05,0.53347723
2022-08-12,2022-08-12,2.231e-05,0.54477438
2022-08-13,2022-08-13,2.236e-05,0.54678161
2022-08-14,2022-08-14,2.224e-05,0.54061724
2022-08-15,2022-08-15,2.216e-05,0.5339402
2022-08-16,2022-08-16,2.251e-05,0.53704919
2022-08-17,2022-08-17,2.26e-05,0.52765396
2022-08-18,2022-08-18,2.264e-05,0.52510463
2022-08-19,2022-08-19,2.263e-05,0.4714558
2022-08-20,2022-08-20,2.267e-05,0.47929744
2022-08-21,2022-08-21,2.256e-05,0.48524605
2022-08-22,2022-08-22,2.253e-05,0.48203157
2022-08-23,2022-08-23,2.253e-05,0.4850858
2022-08-24,2022-08-24,2.23e-05,0.47660172
2022-08-25,2022-08-25,2.242e-05,0.48327411
2022-08-26,2022-08-26,2.244e-05,0.45443989
2022-08-27,2022-08-27,2.249e-05,0.45054943
2022-08-28,2022-08-28,2.279e-05,0.44577518
2022-08-29,2022-08-29,2.266e-05,0.45983666
2022-08-30,2022-08-30,2.272e-05,0.45010941
2022-08-31,2022-08-31,2.284e-05,0.45806403
2022-09-01,2022-09-01,2.269e-05,0.45688845
2022-09-02,2022-09-02,2.286e-05,0.45615894
2022-09-03,2022-09-03,2.28e-05,0.45224043
2022-09-04,2022-09-04,2.288e-05,0.457707
2022-09-05,2022-09-05,2.304e-05,0.45611426
2022-09-06,2022-09-06,2.255e-05,0.42363712
2022-09-07,2022-09-07,2.252e-05,0.43445686
2022-09-08,2022-09-08,2.232e-05,0.43123358
2022-09-09,2022-09-09,2.222e-05,0.47477766
2022-09-10,2022-09-10,2.23e-05,0.48296951
2022-09-11,2022-09-11,2.245e-05,0.49011911
2022-09-12,2022-09-12,2.271e-05,0.50881103
2022-09-13,2022-09-13,2.275e-05,0.45896041
2022-09-14,2022-09-14,2.258e-05,0.45675465
2022-09-15,2022-09-15,2.246e-05,0.44261598
2022-09-16,2022-09-16,2.254e-05,0.44644279
2022-09-17,2022-09-17,2.259e-05,0.45446553
2022-09-18,2022-09-18,2.271e-05,0.44088446
2022-09-19,2022-09-19,2.224e-05,0.43467947
2022-09-20,2022-09-20,2.224e-05,0.41973724
2022-09-21,2022-09-21,2.22e-05,0.40992155
2022-09-22,2022-09-22,2.222e-05,0.43102885
2022-09-23,2022-09-23,2.231e-05,0.4302996
2022-09-24,2022-09-24,2.243e-05,0.42438495
2022-09-25,2022-09-25,2.263e-05,0.42559949
2022-09-26,2022-09-26,2.258e-05,0.43429094
2022-09-27,2022-09-27,2.286e-05,0.4361176
2022-09-28,2022-09-28,2.331e-05,0.45251798
2022-09-29,2022-09-29,2.382e-05,0.46672362
2022-09-30,2022-09-30,2.362e-05,0.45867101
2022-10-01,2022-10-01,2.329e-05,0.44975302
2022-10-02,2022-10-02,2.322e-05,0.44249595
2022-10-03,2022-10-03,2.317e-05,0.45479394
2022-10-04,2022-10-04,2.268e-05,0.46146883
2022-10-05,2022-10-05,2.237e-05,0.45105004
2022-10-06,2022-10-06,2.203e-05,0.43973547
2022-10-07,2022-10-07,2.196e-05,0.42884641
2022-10-08,2022-10-08,2.216e-05,0.4303395
2022-10-09,2022-10-09,2.223e-05,0.43220902
2022-10-10,2022-10-10,2.251e-05,0.4306917
2022-10-11,2022-10-11,2.263e-05,0.43134643
2022-10-12,2022-10-12,2.296e-05,0.43977708
2022-10-13,2022-10-13,2.27e-05,0.43984865
2022-10-14,2022-10-14,2.296e-05,0.44029802
2022-10-15,2022-10-15,2.292e-05,0.43703528
2022-10-16,2022-10-16,2.299e-05,0.442867
2022-10-17,2022-10-17,2.287e-05,0.44708189
2022-10-18,2022-10-18,2.265e-05,0.43780941
2022-10-19,2022-10-19,2.27e-05,0.43402106
2022-10-20,2022-10-20,2.283e-05,0.43494577
2022-10-21,2022-10-21,2.283e-05,0.43750669
2022-10-22,2022-10-22,2.274e-05,0.43673311
2022-10-23,2022-10-23,2.262e-05,0.44287961
2022-10-24,2022-10-24,2.234e-05,0.43191393
2022-10-25,2022-10-25,2.22e-05,0.44582172
2022-10-26,2022-10-26,2.205e-05,0.45823192
2022-10-27,2022-10-27,2.216e-05,0.44983034
2022-10-28,2022-10-28,2.201e-05,0.45334994
2022-10-29,2022-10-29,2.192e-05,0.45629422
2022-10-30,2022-10-30,2.19e-05,0.4518859
2022-10-31,2022-10-31,2.24e-05,0.45920626
2022-11-01,2022-11-01,2.198e-05,0.45018609
2022-11-02,2022-11-02,2.243e-05,0.45222253
2022-11-03,2022-11-03,2.219e-05,0.44847112
2022-11-04,2022-11-04,2.193e-05,0.46386998
2022-11-05,2022-11-05,2.196e-05,0.46781609
2022-11-06,2022-11-06,2.207e-05,0.46153434
2022-11-07,2022-11-07,2.251e-05,0.46349316
2022-11-08,2022-11-08,2.292e-05,0.425572
2022-11-09,2022-11-09,2.289e-05,0.3633843
2022-11-10,2022-11-10,2.173e-05,0.38354824
2022-11-11,2022-11-11,2.129e-05,0.3630049
2022-11-12,2022-11-12,2.146e-05,0.36129178
2022-11-13,2022-11-13,2.192e-05,0.35815775
2022-11-14,2022-11-14,2.168e-05,0.36058858
2022-11-15,2022-11-15,2.139e-05,0.36156242
2022-11-16,2022-11-16,2.183e-05,0.36393723
2022-11-17,2022-11-17,2.174e-05,0.36296454
2022-11-18,2022-11-18,2.3e-05,0.38450394
2022-11-19,2022-11-19,2.325e-05,0.38876613
2022-11-20,2022-11-20,2.314e-05,0.37686842
2022-11-21,2022-11-21,2.318e-05,0.36610145
2022-11-22,2022-11-22,2.331e-05,0.37839111
2022-11-23,2022-11-23,2.344e-05,0.38965117
2022-11-24,2022-11-24,2.349e-05,0.39012879
2022-11-25,2022-11-25,2.389e-05,0.39482733
2022-11-26,2022-11-26,2.385e-05,0.39289265
2022-11-27,2022-11-27,2.41e-05,0.39609038
2022-11-28,2022-11-28,2.416e-05,0.39183111
2022-11-29,2022-11-29,2.453e-05,0.40339575
2022-11-30,2022-11-30,2.46e-05,0.42214852
2022-12-01,2022-12-01,2.481e-05,0.42111694
2022-12-02,2022-12-02,2.463e-05,0.42105008
2022-12-03,2022-12-03,2.46e-05,0.41520949
2022-12-04,2022-12-04,2.463e-05,0.42128624
2022-12-05,2022-12-05,2.477e-05,0.42034137
2022-12-06,2022-12-06,2.47e-05,0.42201364
2022-12-07,2022-12-07,2.471e-05,0.41599371
2022-12-08,2022-12-08,2.461e-05,0.42374822
2022-12-09,2022-12-09,2.442e-05,0.41831659
2022-12-10,2022-12-10,2.428e-05,0.41582919
2022-12-11,2022-12-11,2.43e-05,0.41508797
2022-12-12,2022-12-12,2.457e-05,0.42264649
2022-12-13,2022-12-13,2.237e-05,0.39765403
2022-12-14,2022-12-14,2.261e-05,0.40249626
2022-12-15,2022-12-15,2.266e-05,0.39328432
2022-12-16,2022-12-16,2.276e-05,0.37844584
2022-12-17,2022-12-17,2.25e-05,0.37763714
2022-12-18,2022-12-18,2.256e-05,0.37765776
2022-12-19,2022-12-19,2.269e-05,0.37302686
2022-12-20,2022-12-20,2.295e-05,0.38777673
2022-12-21,2022-12-21,2.3e-05,0.38694441
2022-12-22,2022-12-22,2.316e-05,0.38962437
2022-12-23,2022-12-23,2.358e-05,0.39567983
2022-12-24,2022-12-24,2.342e-05,0.39421881
2022-12-25,2022-12-25,2.36e-05,0.39725241
2022-12-26,2022-12-26,2.356e-05,0.39861351
2022-12-27,2022-12-27,2.373e-05,0.39648594
2022-12-28,2022-12-28,2.406e-05,0.39819276
2022-12-29,2022-12-29,2.43e-05,0.40427044
2022-12-30,2022-12-30,2.436e-05,0.40464801
2022-12-31,2022-12-31,2.511e-05,0.41509161
2023-01-01,2023-01-01,2.505e-05,0.41627749
2023-01-02,2023-01-02,2.496e-05,0.4164301
2023-01-03,2023-01-03,2.479e-05,0.41346525
2023-01-04,2023-01-04,2.537e-05,0.42761271
2023-01-05,2023-01-05,2.508e-05,0.42227819
2023-01-06,2023-01-06,2.526e-05,0.42828518
2023-01-07,2023-01-07,2.534e-05,0.42934583
2023-01-08,2023-01-08,2.533e-05,0.43389007
2023-01-09,2023-01-09,2.521e-05,0.43318391
2023-01-10,2023-01-10,2.54e-05,0.44310836
2023-01-11,2023-01-11,2.542e-05,0.45624509
2023-01-12,2023-01-12,2.549e-05,0.48038928
2023-01-13,2023-01-13,2.53e-05,0.50438513
2023-01-14,2023-01-14,2.542e-05,0.5327353
2023-01-15,2023-01-15,2.559e-05,0.53418001
2023-01-16,2023-01-16,2.547e-05,0.53974217
2023-01-17,2023-01-17,2.591e-05,0.5478504
2023-01-18,2023-01-18,2.64e-05,0.54612739
2023-01-19,2023-01-19,2.699e-05,0.56907923
2023-01-20,2023-01-20,2.616e-05,0.59337124
2023-01-21,2023-01-21,2.621e-05,0.59695203
2023-01-22,2023-01-22,2.669e-05,0.60625329
2023-01-23,2023-01-23,2.702e-05,0.61916779
2023-01-24,2023-01-24,2.733e-05,0.61852185
2023-01-25,2023-01-25,2.726e-05,0.62876644
2023-01-26,2023-01-26,2.71e-05,0.62354585
2023-01-27,2023-01-27,2.727e-05,0.62870978
2023-01-28,2023-01-28,2.746e-05,0.63210849
2023-01-29,2023-01-29,2.763e-05,0.65601029
2023-01-30,2023-01-30,2.831e-05,0.64623628
2023-01-31,2023-01-31,2.824e-05,0.65304809
2023-02-01,2023-02-01,2.803e-05,0.66501096
2023-02-02,2023-02-02,2.781e-05,0.65305703
2023-02-03,2023-02-03,2.8e-05,0.65585816
2023-02-04,2023-02-04,2.804e-05,0.65382991
2023-02-05,2023-02-05,2.807e-05,0.64390548
2023-02-06,2023-02-06,2.836e-05,0.64545822
2023-02-07,2023-02-07,2.843e-05,0.66070023
2023-02-08,2023-02-08,2.857e-05,0.65573753
2023-02-09,2023-02-09,2.871e-05,0.62564217
2023-02-10,2023-02-10,2.914e-05,0.63023176
2023-02-11,2023-02-11,2.939e-05,0.64226271
2023-02-12,2023-02-12,2.938e-05,0.6398474
2023-02-13,2023-02-13,3.005e-05,0.65395831
2023-02-14,2023-02-14,3.038e-05,0.67439772
2023-02-15,2023-02-15,3.122e-05,0.75948872
2023-02-16,2023-02-16,3.193e-05,0.75135769
2023-02-17,2023-02-17,3.239e-05,0.79604033
2023-02-18,2023-02-18,3.24e-05,0.79758703
2023-02-19,2023-02-19,3.252e-05,0.78886307
2023-02-20,2023-02-20,3.289e-05,0.81632217
2023-02-21,2023-02-21,3.345e-05,0.818049
2023-02-22,2023-02-22,3.42e-05,0.82704505
2023-02-23,2023-02-23,3.451e-05,0.82615758
2023-02-24,2023-02-24,3.497e-05,0.8106485
2023-02-25,2023-02-25,3.512e-05,0.81318905
2023-02-26,2023-02-26,3.521e-05,0.82937296
2023-02-27,2023-02-27,3.583e-05,0.84160319
2023-02-28,2023-02-28,3.616e-05,0.83659658
2023-03-01,2023-03-01,3.656e-05,0.86371006
2023-03-02,2023-03-02,3.677e-05,0.86284331
2023-03-03,2023-03-03,3.604e-05,0.80607615
2023-03-04,2023-03-04,3.322e-05,0.74224162
2023-03-05,2023-03-05,3.345e-05,0.75023577
2023-03-06,2023-03-06,3.436e-05,0.77007792
2023-03-07,2023-03-07,3.503e-05,0.77754324
2023-03-08,2023-03-08,3.499e-05,0.75952477
2023-03-09,2023-03-09,3.533e-05,0.7191792
2023-03-10,2023-03-10,3.52e-05,0.70740602
2023-03-11,2023-03-11,3.453e-05,0.70145812
2023-03-12,2023-03-12,3.503e-05,0.76556659
2023-03-13,2023-03-13,3.673e-05,0.88432729
2023-03-14,2023-03-14,3.746e-05,0.92200328
2023-03-15,2023-03-15,3.854e-05,0.9330559
2023-03-16,2023-03-16,4.014e-05,1.0018193
2023-03-17,2023-03-17,4.227e-05,1.1560398
2023-03-18,2023-03-18,4.294e-05,1.15328744
2023-03-19,2023-03-19,4.289e-05,1.19659397
2023-03-20,2023-03-20,4.468e-05,1.23572481
2023-03-21,2023-03-21,4.617e-05,1.29596985
2023-03-22,2023-03-22,4.649e-05,1.26785186
2023-03-23,2023-03-23,4.924e-05,1.39147104
2023-03-24,2023-03-24,5.081e-05,1.39251309
2023-03-25,2023-03-25,5.092e-05,1.39737793
2023-03-26,2023-03-26,5.102e-05,1.42677216
2023-03-27,2023-03-27,5.27e-05,1.42895577
2023-03-28,2023-03-28,5.443e-05,1.4831308
2023-03-29,2023-03-29,5.556e-05,1.57477949
2023-03-30,2023-03-30,5.641e-05,1.58087942
2023-03-31,2023-03-31,5.605e-05,1.59552716
2023-04-01,2023-04-01,5.654e-05,1.60837664
2023-04-02,2023-04-02,5.677e-05,1.59898298
2023-04-03,2023-04-03,5.827e-05,1.61974455
2023-04-04,2023-04-04,5.861e-05,1.65137507
2023-04-05,2023-04-05,5.845e-05,1.64596501
2023-04-06,2023-04-06,5.829e-05,1.63430564
2023-04-07,2023-04-07,5.83e-05,1.62868665
2023-04-08,2023-04-08,5.863e-05,1.6385825
2023-04-09,2023-04-09,5.896e-05,1.66919349
2023-04-10,2023-04-10,5.843e-05,1.73204296
2023-04-11,2023-04-11,5.863e-05,1.77130198
2023-04-12,2023-04-12,5.904e-05,1.76400516
2023-04-13,2023-04-13,5.946e-05,1.80538189
2023-04-14,2023-04-14,6.007e-05,1.82945625
2023-04-15,2023-04-15,5.973e-05,1.80919559
2023-04-16,2023-04-16,6.018e-05,1.82434636
2023-04-17,2023-04-17,6.089e-05,1.79105999
2023-04-18,2023-04-18,6.14e-05,1.8646366
2023-04-19,2023-04-19,6.18e-05,1.77908497
2023-04-20,2023-04-20,6.277e-05,1.7729209
2023-04-21,2023-04-21,6.408e-05,1.74661656
2023-04-22,2023-04-22,6.447e-05,1.79289096
2023-04-23,2023-04-23,6.41e-05,1.76798088
2023-04-24,2023-04-24,6.498e-05,1.78676444
2023-04-25,2023-04-25,6.577e-05,1.86126789
2023-04-26,2023-04-26,6.705e-05,1.90496339
2023-04-27,2023-04-27,6.789e-05,2.00087843
2023-04-28,2023-04-28,6.92e-05,2.02771043
2023-04-29,2023-04-29,6.926e-05,2.02378809
2023-04-30,2023-04-30,6.933e-05,2.02488034
2023-05-01,2023-05-01,6.98e-05,1.95795413
2023-05-02,2023-05-02,6.997e-05,2.00259347
2023-05-03,2023-05-03,7.213e-05,2.09233998
2023-05-04,2023-05-04,7.238e-05,2.08740299
2023-05-05,2023-05-05,7.008e-05,2.06487437
2023-05-06,2023-05-06,7.022e-05,2.01094705
2023-05-07,2023-05-07,7.006e-05,1.98159095
2023-05-08,2023-05-08,6.993e-05,1.93296571
2023-05-09,2023-05-09,7.072e-05,1.95161115
2023-05-10,2023-05-10,7.176e-05,1.97557334
2023-05-11,2023-05-11,7.279e-05,1.96310068
2023-05-12,2023-05-12,7.365e-05,1.97231846
2023-05-13,2023-05-13,7.337e-05,1.96382329
2023-05-14,2023-05-14,7.332e-05,1.97347853
2023-05-15,2023-05-15,7.346e-05,1.99516346
2023-05-16,2023-05-16,7.381e-05,1.99524586
2023-05-17,2023-05-17,7.515e-05,2.06006216
2023-05-18,2023-05-18,7.531e-05,2.02019401
2023-05-19,2023-05-19,7.609e-05,2.04549648
2023-05-20,2023-05-20,7.57e-05,2.05116627
2023-05-21,2023-05-21,7.571e-05,2.02421106
2023-05-22,2023-05-22,7.552e-05,2.02749984
2023-05-23,2023-05-23,7.632e-05,2.07774126
2023-05-24,2023-05-24,7.689e-05,2.02412994
2023-05-25,2023-05-25,7.668e-05,2.02979414
2023-05-26,2023-05-26,7.585e-05,2.02593169
2023-05-27,2023-05-27,7.579e-05,2.03629688
2023-05-28,2023-05-28,7.663e-05,2.15136486
2023-05-29,2023-05-29,7.56e-05,2.09718686
2023-05-30,2023-05-30,7.46e-05,2.06633421
2023-05-31,2023-05-31,7.549e-05,2.05470663
2023-06-01,2023-06-01,7.571e-05,2.03033497
2023-06-02,2023-06-02,7.572e-05,2.06355803
2023-06-03,2023-06-03,7.642e-05,2.06915599
2023-06-04,2023-06-04,7.637e-05,2.07177512
2023-06-05,2023-06-05,7.887e-05,2.02994076
2023-06-06,2023-06-06,8.139e-05,2.2176146
2023-06-07,2023-06-07,8.318e-05,2.2275244
2023-06-08,2023-06-08,8.457e-05,2.24279604
2023-06-09,2023-06-09,8.68e-05,2.29824622
2023-06-10,2023-06-10,8.72e-05,2.25562491
2023-06-11,2023-06-11,8.774e-05,2.27674598
2023-06-12,2023-06-12,8.186e-05,2.1295738
2023-06-13,2023-06-13,8.301e-05,2.15407343
2023-06-14,2023-06-14,8.419e-05,2.11786939
2023-06-15,2023-06-15,8.112e-05,2.07504016
2023-06-16,2023-06-16,6.905e-05,1.81829931
2023-06-17,2023-06-17,6.841e-05,1.81362725
2023-06-18,2023-06-18,6.815e-05,1.79528546
2023-06-19,2023-06-19,6.795e-05,1.8242848
2023-06-20,2023-06-20,6.632e-05,1.87756713
2023-06-21,2023-06-21,6.602e-05,1.98088488
2023-06-22,2023-06-22,6.514e-05,1.95572114
2023-06-23,2023-06-23,6.493e-05,1.99618139
2023-06-24,2023-06-24,6.487e-05,1.98132078
2023-06-25,2023-06-25,6.473e-05,2.01486217
2023-06-26,2023-06-26,6.494e-05,1.96578166
2023-06-27,2023-06-27,6.555e-05,2.01709288
2023-06-28,2023-06-28,6.574e-05,2.01457843
2023-06-29,2023-06-29,6.597e-05,2.01240218
2023-06-30,2023-06-30,6.679e-05,2.0441347
2023-07-01,2023-07-01,6.642e-05,2.03729372
2023-07-02,2023-07-02,6.631e-05,2.0919667
2023-07-03,2023-07-03,6.539e-05,2.06196237
2023-07-04,2023-07-04,6.483e-05,1.99489063
2023-07-05,2023-07-05,6.501e-05,1.98245677
2023-07-06,2023-07-06,6.534e-05,1.95368622
2023-07-07,2023-07-07,6.485e-05,1.93299983
2023-07-08,2023-07-08,6.481e-05,1.96333703
2023-07-09,2023-07-09,6.469e-05,1.86671836
2023-07-10,2023-07-10,6.466e-05,1.96358586
2023-07-11,2023-07-11,6.429e-05,1.95855447
2023-07-12,2023-07-12,6.427e-05,1.8836343
2023-07-13,2023-07-13,6.266e-05,1.90031657
2023-07-14,2023-07-14,6.208e-05,1.8768073
2023-07-15,2023-07-15,6.187e-05,1.86346261
2023-07-16,2023-07-16,6.18e-05,1.85555182
2023-07-17,2023-07-17,6.309e-05,1.89947633
2023-07-18,2023-07-18,6.415e-05,1.91013972
2023-07-19,2023-07-19,6.454e-05,1.93047095
2023-07-20,2023-07-20,6.405e-05,1.89359137
2023-07-21,2023-07-21,6.434e-05,1.92046475
2023-07-22,2023-07-22,6.402e-05,1.90767562
2023-07-23,2023-07-23,6.421e-05,1.93563401
2023-07-24,2023-07-24,6.544e-05,1.90956752
2023-07-25,2023-07-25,6.572e-05,1.92087191
2023-07-26,2023-07-26,6.535e-05,1.91893686
2023-07-27,2023-07-27,6.633e-05,1.93905782
2023-07-28,2023-07-28,6.649e-05,1.95062881
2023-07-29,2023-07-29,6.591e-05,1.93690317
2023-07-30,2023-07-30,6.58e-05,1.92671057
2023-07-31,2023-07-31,6.662e-05,1.94739913
2023-08-01,2023-08-01,6.852e-05,2.03806117
2023-08-02,2023-08-02,6.792e-05,1.98258552
2023-08-03,2023-08-03,6.739e-05,1.9658657
2023-08-04,2023-08-04,6.823e-05,1.98661353
2023-08-05,2023-08-05,6.861e-05,1.99577427
2023-08-06,2023-08-06,6.837e-05,1.98562551
2023-08-07,2023-08-07,6.863e-05,2.00338631
2023-08-08,2023-08-08,6.734e-05,2.00488267
2023-08-09,2023-08-09,6.72e-05,1.98799487
2023-08-10,2023-08-10,6.846e-05,2.01493139
2023-08-11,2023-08-11,6.901e-05,2.02887764
2023-08-12,2023-08-12,6.899e-05,2.02471484
2023-08-13,2023-08-13,6.911e-05,2.02338501
2023-08-14,2023-08-14,6.972e-05,2.05090539
2023-08-15,2023-08-15,6.996e-05,2.04068144
2023-08-16,2023-08-16,7.08e-05,2.03291545
2023-08-17,2023-08-17,7.128e-05,1.89804008
2023-08-18,2023-08-18,7.002e-05,1.82496443
2023-08-19,2023-08-19,6.96e-05,1.81649514
2023-08-20,2023-08-20,6.893e-05,1.80507841
2023-08-21,2023-08-21,6.857e-05,1.79171933
2023-08-22,2023-08-22,6.889e-05,1.79364726
2023-08-23,2023-08-23,6.85e-05,1.81030938
2023-08-24,2023-08-24,6.902e-05,1.8080857
2023-08-25,2023-08-25,6.968e-05,1.81617091
2023-08-26,2023-08-26,6.949e-05,1.80729231
2023-08-27,2023-08-27,6.975e-05,1.81971412
2023-08-28,2023-08-28,6.89e-05,1.79852467
2023-08-29,2023-08-29,6.677e-05,1.85017907
2023-08-30,2023-08-30,6.644e-05,1.81452727
2023-08-31,2023-08-31,6.714e-05,1.74099107
2023-09-01,2023-09-01,6.859e-05,1.76943281
2023-09-02,2023-09-02,6.863e-05,1.7751341
2023-09-03,2023-09-03,6.819e-05,1.77164626
2023-09-04,2023-09-04,6.822e-05,1.76228743
2023-09-05,2023-09-05,6.828e-05,1.76089137
2023-09-06,2023-09-06,6.896e-05,1.77587676
2023-09-07,2023-09-07,6.999e-05,1.83805085
2023-09-08,2023-09-08,6.941e-05,1.7983176
2023-09-09,2023-09-09,6.933e-05,1.79545323
2023-09-10,2023-09-10,6.928e-05,1.78938586
2023-09-11,2023-09-11,6.985e-05,1.75724055
2023-09-12,2023-09-12,6.945e-05,1.79463019
2023-09-13,2023-09-13,6.957e-05,1.82429189
2023-09-14,2023-09-14,6.922e-05,1.8363238
2023-09-15,2023-09-15,6.959e-05,1.85062593
2023-09-16,2023-09-16,6.944e-05,1.8447579
2023-09-17,2023-09-17,6.913e-05,1.83417016
2023-09-18,2023-09-18,6.921e-05,1.85173835
2023-09-19,2023-09-19,6.884e-05,1.87343189
2023-09-20,2023-09-20,6.972e-05,1.89100002
2023-09-21,2023-09-21,7.055e-05,1.87428497
2023-09-22,2023-09-22,7.105e-05,1.88852236
2023-09-23,2023-09-23,7.055e-05,1.87519851
2023-09-24,2023-09-24,7.054e-05,1.8526615
2023-09-25,2023-09-25,7.132e-05,1.87544331
2023-09-26,2023-09-26,7.207e-05,1.88901674
2023-09-27,2023-09-27,7.31e-05,1.92657403
2023-09-28,2023-09-28,7.186e-05,1.94216545
2023-09-29,2023-09-29,7.159e-05,1.92633074
2023-09-30,2023-09-30,7.129e-05,1.92202522
2023-10-01,2023-10-01,7.103e-05,1.98878003
2023-10-02,2023-10-02,6.984e-05,1.9206303
2023-10-03,2023-10-03,7.021e-05,1.92598828
2023-10-04,2023-10-04,7.013e-05,1.94810191
2023-10-05,2023-10-05,6.99e-05,1.91606487
2023-10-06,2023-10-06,6.967e-05,1.94703603
2023-10-07,2023-10-07,6.962e-05,1.94778921
2023-10-08,2023-10-08,6.933e-05,1.93671269
2023-10-09,2023-10-09,6.957e-05,1.92171607
2023-10-10,2023-10-10,6.999e-05,1.91693174
2023-10-11,2023-10-11,7.166e-05,1.92619544
2023-10-12,2023-10-12,7.205e-05,1.92756383
2023-10-13,2023-10-13,7.199e-05,1.93401338
2023-10-14,2023-10-14,7.157e-05,1.92216619
2023-10-15,2023-10-15,7.13e-05,1.9374215
2023-10-16,2023-10-16,6.95e-05,1.98197076
2023-10-17,2023-10-17,6.883e-05,1.95537452
2023-10-18,2023-10-18,6.904e-05,1.9556469
2023-10-19,2023-10-19,6.739e-05,1.93507642
2023-10-20,2023-10-20,6.695e-05,1.98616463
2023-10-21,2023-10-21,6.699e-05,2.00341253
2023-10-22,2023-10-22,6.658e-05,1.99729289
2023-10-23,2023-10-23,6.564e-05,2.16994358
2023-10-24,2023-10-24,6.707e-05,2.27514303
2023-10-25,2023-10-25,6.682e-05,2.30551146
2023-10-26,2023-10-26,6.626e-05,2.26359893
2023-10-27,2023-10-27,6.62e-05,2.24416609
2023-10-28,2023-10-28,6.612e-05,2.25389925
2023-10-29,2023-10-29,6.557e-05,2.26443207
2023-10-30,2023-10-30,6.61e-05,2.2793869
2023-10-31,2023-10-31,6.675e-05,2.31254173
2023-11-01,2023-11-01,6.661e-05,2.35861031
2023-11-02,2023-11-02,6.66e-05,2.32708982
2023-11-03,2023-11-03,6.593e-05,2.28912812
2023-11-04,2023-11-04,6.579e-05,2.30627355
2023-11-05,2023-11-05,6.547e-05,2.29197787
2023-11-06,2023-11-06,6.562e-05,2.30038019
2023-11-07,2023-11-07,6.497e-05,2.30089567
2023-11-08,2023-11-08,6.447e-05,2.29772244
2023-11-09,2023-11-09,6.361e-05,2.33458842
2023-11-10,2023-11-10,6.547e-05,2.44297673
2023-11-11,2023-11-11,6.548e-05,2.43168466
2023-11-12,2023-11-12,6.531e-05,2.42164188
2023-11-13,2023-11-13,6.623e-05,2.41450363
2023-11-14,2023-11-14,6.643e-05,2.36205332
2023-11-15,2023-11-15,6.548e-05,2.48079695
2023-11-16,2023-11-16,6.63e-05,2.39735965
2023-11-17,2023-11-17,6.641e-05,2.43284543
2023-11-18,2023-11-18,6.615e-05,2.42106361
2023-11-19,2023-11-19,6.599e-05,2.46685812
2023-11-20,2023-11-20,6.484e-05,2.4297671
2023-11-21,2023-11-21,6.584e-05,2.35431469
2023-11-22,2023-11-22,6.614e-05,2.47482846
2023-11-23,2023-11-23,6.665e-05,2.48596201
2023-11-24,2023-11-24,6.525e-05,2.46137013
2023-11-25,2023-11-25,6.475e-05,2.4464969
2023-11-26,2023-11-26,6.445e-05,2.41404338
2023-11-27,2023-11-27,6.519e-05,2.42775698
2023-11-28,2023-11-28,6.449e-05,2.43907546
2023-11-29,2023-11-29,6.48e-05,2.45318769
2023-11-30,2023-11-30,6.506e-05,2.45487183
2023-12-01,2023-12-01,6.386e-05,2.47067345
2023-12-02,2023-12-02,6.329e-05,2.49758645
2023-12-03,2023-12-03,6.279e-05,2.51040808
2023-12-04,2023-12-04,6.33e-05,2.65762152
2023-12-05,2023-12-05,6.302e-05,2.77799389
2023-12-06,2023-12-06,6.377e-05,2.79036035
2023-12-07,2023-12-07,6.397e-05,2.76834476
2023-12-08,2023-12-08,6.275e-05,2.77276543
2023-12-09,2023-12-09,6.253e-05,2.7335095
2023-12-10,2023-12-10,6.312e-05,2.76408635
2023-12-11,2023-12-11,6.419e-05,2.64697199
2023-12-12,2023-12-12,6.486e-05,2.69070899
2023-12-13,2023-12-13,6.516e-05,2.79406541
2023-12-14,2023-12-14,6.476e-05,2.78649424
2023-12-15,2023-12-15,6.511e-05,2.73057608
2023-12-16,2023-12-16,6.466e-05,2.73355196
2023-12-17,2023-12-17,6.512e-05,2.69410213
2023-12-18,2023-12-18,6.655e-05,2.8387625
2023-12-19,2023-12-19,6.79e-05,2.87042177
2023-12-20,2023-12-20,6.685e-05,2.91745457
2023-12-21,2023-12-21,6.611e-05,2.9003976
2023-12-22,2023-12-22,6.425e-05,2.82669037
2023-12-23,2023-12-23,6.336e-05,2.7701062
2023-12-24,2023-12-24,6.193e-05,2.66313365
2023-12-25,2023-12-25,6.324e-05,2.75601476
2023-12-26,2023-12-26,6.339e-05,2.69493862
2023-12-27,2023-12-27,6.136e-05,2.66715674
2023-12-28,2023-12-28,5.949e-05,2.53231582
2023-12-29,2023-12-29,5.89e-05,2.47783399
2023-12-30,2023-12-30,6.06e-05,2.55397539
2023-12-31,2023-12-31,6.168e-05,2.6080727
2024-01-01,2024-01-01,6.243e-05,2.75885803
2024-01-02,2024-01-02,6.066e-05,2.72778562
2024-01-03,2024-01-03,5.92e-05,2.53664805
2024-01-04,2024-01-04,5.784e-05,2.55485817
2024-01-05,2024-01-05,5.713e-05,2.5230384
2024-01-06,2024-01-06,5.673e-05,2.49501877
2024-01-07,2024-01-07,5.627e-05,2.47241153
2024-01-08,2024-01-08,5.649e-05,2.65292965
2024-01-09,2024-01-09,5.657e-05,2.60884784
2024-01-10,2024-01-10,5.702e-05,2.66011706
2024-01-11,2024-01-11,5.822e-05,2.69796333
2024-01-12,2024-01-12,6.024e-05,2.57711898
2024-01-13,2024-01-13,6.022e-05,2.58012334
2024-01-14,2024-01-14,6.034e-05,2.51705776
2024-01-15,2024-01-15,6.063e-05,2.57761944
2024-01-16,2024-01-16,5.966e-05,2.57338704
2024-01-17,2024-01-17,5.908e-05,2.52589489
2024-01-18,2024-01-18,6.027e-05,2.48980534
2024-01-19,2024-01-19,6.37e-05,2.65236377
2024-01-20,2024-01-20,6.476e-05,2.70042907
2024-01-21,2024-01-21,6.446e-05,2.67936789
2024-01-22,2024-01-22,6.5e-05,2.57039143
2024-01-23,2024-01-23,6.478e-05,2.58422641
2024-01-24,2024-01-24,6.448e-05,2.58438546
2024-01-25,2024-01-25,6.382e-05,2.55025611
2024-01-26,2024-01-26,6.23e-05,2.60521576
2024-01-27,2024-01-27,6.184e-05,2.60477804
2024-01-28,2024-01-28,6.166e-05,2.59162082
2024-01-29,2024-01-29,6.177e-05,2.67481946
2024-01-30,2024-01-30,6.419e-05,2.75675723
2024-01-31,2024-01-31,6.41e-05,2.72743586
2024-02-01,2024-02-01,6.493e-05,2.7969116
2024-02-02,2024-02-02,6.467e-05,2.79282776
2024-02-03,2024-02-03,6.471e-05,2.78305344
2024-02-04,2024-02-04,6.478e-05,2.75805242
2024-02-05,2024-02-05,6.552e-05,2.79458007
2024-02-06,2024-02-06,6.524e-05,2.81150711
2024-02-07,2024-02-07,6.415e-05,2.8439387
2024-02-08,2024-02-08,6.185e-05,2.8016456
2024-02-09,2024-02-09,6.46e-05,3.04611826
2024-02-10,2024-02-10,6.458e-05,3.08476734
2024-02-11,2024-02-11,6.502e-05,3.14172894
2024-02-12,2024-02-12,6.468e-05,3.2298957
2024-02-13,2024-02-13,6.412e-05,3.18712588
2024-02-14,2024-02-14,6.388e-05,3.31259778
2024-02-15,2024-02-15,6.153e-05,3.19558064
2024-02-16,2024-02-16,6.094e-05,3.17895766
2024-02-17,2024-02-17,6.12e-05,3.16134461
2024-02-18,2024-02-18,6.187e-05,3.22689273
2024-02-19,2024-02-19,6.179e-05,3.19974785
2024-02-20,2024-02-20,6.247e-05,3.26428627
2024-02-21,2024-02-21,6.421e-05,3.32944369
2024-02-22,2024-02-22,6.638e-05,3.4025284
2024-02-23,2024-02-23,6.741e-05,3.42081595
2024-02-24,2024-02-24,6.715e-05,3.46313364
2024-02-25,2024-02-25,6.653e-05,3.44144483
2024-02-26,2024-02-26,6.384e-05,3.48109506
2024-02-27,2024-02-27,6.302e-05,3.59665387
2024-02-28,2024-02-28,6.337e-05,3.96058499
2024-02-29,2024-02-29,6.441e-05,3.94097003
2024-03-01,2024-03-01,6.387e-05,3.98651692
2024-03-02,2024-03-02,6.26e-05,3.88243059
2024-03-03,2024-03-03,6.244e-05,3.94172385
2024-03-04,2024-03-04,6.095e-05,4.16247711
2024-03-05,2024-03-05,6.182e-05,3.94022752
2024-03-06,2024-03-06,6.17e-05,4.0790661
2024-03-07,2024-03-07,5.934e-05,3.96610599
2024-03-08,2024-03-08,5.653e-05,3.85943954
2024-03-09,2024-03-09,5.556e-05,3.79943801
2024-03-10,2024-03-10,5.558e-05,3.8354409
2024-03-11,2024-03-11,5.654e-05,4.07595903
2024-03-12,2024-03-12,5.858e-05,4.18560935
2024-03-13,2024-03-13,5.513e-05,4.03018013
2024-03-14,2024-03-14,5.615e-05,4.00824608
2024-03-15,2024-03-15,5.588e-05,3.88361521
2024-03-16,2024-03-16,5.643e-05,3.68383347
2024-03-17,2024-03-17,5.636e-05,3.85366607
2024-03-18,2024-03-18,5.503e-05,3.72053867
2024-03-19,2024-03-19,5.609e-05,3.4737795
2024-03-20,2024-03-20,5.375e-05,3.64672867
2024-03-21,2024-03-21,5.318e-05,3.48326711
2024-03-22,2024-03-22,5.231e-05,3.33769028
2024-03-23,2024-03-23,5.229e-05,3.34623671
2024-03-24,2024-03-24,5.253e-05,3.5310969
2024-03-25,2024-03-25,5.137e-05,3.59029406
2024-03-26,2024-03-26,5.249e-05,3.67350178
2024-03-27,2024-03-27,5.311e-05,3.68891678
2024-03-28,2024-03-28,5.235e-05,3.70585018
2024-03-29,2024-03-29,5.187e-05,3.62449962
2024-03-30,2024-03-30,5.174e-05,3.60147479
2024-03-31,2024-03-31,5.237e-05,3.73348804
2024-04-01,2024-04-01,5.227e-05,3.64098822
2024-04-02,2024-04-02,5.227e-05,3.42202558
2024-04-03,2024-04-03,5.055e-05,3.33493118
2024-04-04,2024-04-04,4.977e-05,3.40989468
2024-04-05,2024-04-05,5.085e-05,3.45018649
2024-04-06,2024-04-06,5.083e-05,3.50149472
2024-04-07,2024-04-07,5.076e-05,3.52054383
2024-04-08,2024-04-08,5.188e-05,3.71584806
2024-04-09,2024-04-09,5.333e-05,3.68640525
2024-04-10,2024-04-10,5.323e-05,3.76007873
2024-04-11,2024-04-11,5.298e-05,3.70927515
2024-04-12,2024-04-12,5.416e-05,3.6356016
2024-04-13,2024-04-13,5.347e-05,3.42093449
2024-04-14,2024-04-14,5.26e-05,3.45736161
2024-04-15,2024-04-15,5.143e-05,3.26280722
2024-04-16,2024-04-16,5.227e-05,3.3346831
2024-04-17,2024-04-17,5.143e-05,3.15171716
2024-04-18,2024-04-18,4.706e-05,2.98777398
2024-04-19,2024-04-19,4.641e-05,2.9618705
2024-04-20,2024-04-20,4.665e-05,3.03024748
2024-04-21,2024-04-21,4.652e-05,3.02154011
2024-04-22,2024-04-22,4.565e-05,3.0508416
2024-04-23,2024-04-23,4.506e-05,2.99273688
2024-04-24,2024-04-24,4.731e-05,3.04027895
2024-04-25,2024-04-25,4.712e-05,3.03890247
2024-04-26,2024-04-26,4.752e-05,3.0298016
2024-04-27,2024-04-27,4.795e-05,3.04301635
2024-04-28,2024-04-28,4.812e-05,3.03675732
2024-04-29,2024-04-29,4.798e-05,3.06421048
2024-04-30,2024-04-30,4.874e-05,2.95625016
2024-05-01,2024-05-01,4.889e-05,2.85118611
2024-05-02,2024-05-02,4.743e-05,2.80217726
2024-05-03,2024-05-03,4.667e-05,2.93509842
2024-05-04,2024-05-04,4.672e-05,2.98549544
2024-05-05,2024-05-05,4.661e-05,2.98364878
2024-05-06,2024-05-06,4.666e-05,2.94785555
2024-05-07,2024-05-07,4.68e-05,2.91636895
2024-05-08,2024-05-08,4.732e-05,2.89529739
2024-05-09,2024-05-09,4.754e-05,2.99833579
2024-05-10,2024-05-10,4.839e-05,2.94199426
2024-05-11,2024-05-11,4.852e-05,2.95045274
2024-05-12,2024-05-12,4.873e-05,2.99484394
2024-05-13,2024-05-13,4.9e-05,3.0839605
2024-05-14,2024-05-14,4.914e-05,3.02517661
2024-05-15,2024-05-15,4.741e-05,3.13905398
2024-05-16,2024-05-16,4.66e-05,3.04062337
2024-05-17,2024-05-17,4.642e-05,3.11140117
2024-05-18,2024-05-18,4.628e-05,3.09711619
2024-05-19,2024-05-19,4.592e-05,3.04293403
2024-05-20,2024-05-20,4.562e-05,3.25835649
2024-05-21,2024-05-21,4.784e-05,3.35569356
2024-05-22,2024-05-22,4.814e-05,3.32941305
2024-05-23,2024-05-23,4.93e-05,3.3499786
2024-05-24,2024-05-24,4.916e-05,3.36994022
2024-05-25,2024-05-25,4.929e-05,3.41534196
2024-05-26,2024-05-26,4.973e-05,3.40645041
2024-05-27,2024-05-27,5.023e-05,3.4863517
2024-05-28,2024-05-28,5.067e-05,3.46476528
2024-05-29,2024-05-29,5.023e-05,3.39469896
2024-05-30,2024-05-30,4.984e-05,3.40644192
2024-05-31,2024-05-31,5.049e-05,3.40879682
2024-06-01,2024-06-01,5.063e-05,3.42976582
2024-06-02,2024-06-02,5.037e-05,3.41250721
2024-06-03,2024-06-03,4.926e-05,3.3888848
2024-06-04,2024-06-04,4.858e-05,3.4271465
2024-06-05,2024-06-05,4.845e-05,3.44522063
2024-06-06,2024-06-06,4.879e-05,3.45296424
2024-06-07,2024-06-07,4.917e-05,3.40857238
2024-06-08,2024-06-08,5.008e-05,3.47074416
2024-06-09,2024-06-09,5.01e-05,3.48886362
2024-06-10,2024-06-10,5.018e-05,3.48931146
2024-06-11,2024-06-11,5.07e-05,3.4126552
2024-06-12,2024-06-12,5.04e-05,3.44075452
2024-06-13,2024-06-13,5.067e-05,3.38248396
2024-06-14,2024-06-14,5.17e-05,3.41371414
2024-06-15,2024-06-15,5.215e-05,3.45253396
2024-06-16,2024-06-16,5.222e-05,3.48127762
2024-06-17,2024-06-17,5.279e-05,3.50994313
2024-06-18,2024-06-18,5.235e-05,3.41166694
2024-06-19,2024-06-19,5.227e-05,3.3964458
2024-06-20,2024-06-20,5.317e-05,3.44887378
2024-06-21,2024-06-21,5.418e-05,3.47484395
2024-06-22,2024-06-22,5.44e-05,3.4949882
2024-06-23,2024-06-23,5.454e-05,3.44699726
2024-06-24,2024-06-24,5.464e-05,3.29323934
2024-06-25,2024-06-25,5.405e-05,3.34040676
2024-06-26,2024-06-26,5.49e-05,3.34109932
2024-06-27,2024-06-27,5.6e-05,3.45373892
2024-06-28,2024-06-28,5.759e-05,3.47657302
2024-06-29,2024-06-29,5.854e-05,3.56670688
2024-06-30,2024-06-30,5.843e-05,3.66648482
2024-07-01,2024-07-01,5.94e-05,3.73324372
2024-07-02,2024-07-02,5.908e-05,3.66937342
2024-07-03,2024-07-03,5.916e-05,3.5589449
2024-07-04,2024-07-04,5.953e-05,3.39553754
2024-07-05,2024-07-05,5.723e-05,3.24118839
2024-07-06,2024-07-06,5.628e-05,3.27794021
2024-07-07,2024-07-07,5.61e-05,3.13381557
2024-07-08,2024-07-08,5.606e-05,3.18025899
2024-07-09,2024-07-09,5.65e-05,3.27996496
2024-07-10,2024-07-10,5.642e-05,3.25758706
2024-07-11,2024-07-11,5.736e-05,3.29068867
2024-07-12,2024-07-12,5.751e-05,3.32988622
2024-07-13,2024-07-13,5.76e-05,3.41083938
2024-07-14,2024-07-14,5.723e-05,3.47970985
2024-07-15,2024-07-15,5.551e-05,3.59350561
2024-07-16,2024-07-16,5.455e-05,3.54896784
2024-07-17,2024-07-17,5.343e-05,3.42414092
2024-07-18,2024-07-18,5.418e-05,3.46638508
2024-07-19,2024-07-19,5.284e-05,3.52358168
2024-07-20,2024-07-20,5.256e-05,3.52909372
2024-07-21,2024-07-21,5.235e-05,3.56883239
2024-07-22,2024-07-22,5.251e-05,3.54702726
2024-07-23,2024-07-23,5.27e-05,3.47501889
2024-07-24,2024-07-24,5.3e-05,3.46501585
2024-07-25,2024-07-25,5.474e-05,3.60217378
2024-07-26,2024-07-26,5.364e-05,3.64339813
2024-07-27,2024-07-27,5.293e-05,3.59393017
2024-07-28,2024-07-28,5.287e-05,3.6077724
2024-07-29,2024-07-29,5.362e-05,3.58147445
2024-07-30,2024-07-30,5.358e-05,3.5452426
2024-07-31,2024-07-31,5.446e-05,3.51971212
2024-08-01,2024-08-01,5.594e-05,3.65442028
2024-08-02,2024-08-02,5.731e-05,3.52077103
2024-08-03,2024-08-03,5.764e-05,3.49889589
2024-08-04,2024-08-04,5.811e-05,3.37901254
2024-08-05,2024-08-05,5.66e-05,3.05731507
2024-08-06,2024-08-06,5.328e-05,2.98550797
2024-08-07,2024-08-07,5.215e-05,2.87574283
2024-08-08,2024-08-08,5.073e-05,3.1301636
2024-08-09,2024-08-09,5.029e-05,3.06002225
2024-08-10,2024-08-10,5.028e-05,3.0634099
2024-08-11,2024-08-11,5.024e-05,2.94980108
2024-08-12,2024-08-12,5.012e-05,2.97500424
2024-08-13,2024-08-13,4.948e-05,2.99858353
2024-08-14,2024-08-14,4.837e-05,2.83921971
2024-08-15,2024-08-15,4.77e-05,2.74529633
2024-08-16,2024-08-16,4.674e-05,2.75208599
2024-08-17,2024-08-17,4.665e-05,2.77555548
2024-08-18,2024-08-18,4.654e-05,2.71988581
2024-08-19,2024-08-19,4.621e-05,2.74730261
2024-08-20,2024-08-20,4.558e-05,2.69027234
2024-08-21,2024-08-21,4.504e-05,2.75422905
2024-08-22,2024-08-22,4.487e-05,2.70953138
2024-08-23,2024-08-23,4.4e-05,2.81806737
2024-08-24,2024-08-24,4.348e-05,2.78989813
2024-08-25,2024-08-25,4.339e-05,2.78717925
2024-08-26,2024-08-26,4.388e-05,2.75703035
2024-08-27,2024-08-27,4.424e-05,2.62910448
2024-08-28,2024-08-28,4.38e-05,2.58604715
2024-08-29,2024-08-29,4.372e-05,2.59547961
2024-08-30,2024-08-30,4.415e-05,2.60996018
2024-08-31,2024-08-31,4.454e-05,2.62785817
2024-09-01,2024-09-01,4.435e-05,2.54287972
2024-09-02,2024-09-02,4.4e-05,2.60303222
2024-09-03,2024-09-03,4.48e-05,2.5749903
2024-09-04,2024-09-04,4.425e-05,2.56556871
2024-09-05,2024-09-05,4.461e-05,2.50650448
2024-09-06,2024-09-06,4.549e-05,2.45576379
2024-09-07,2024-09-07,4.534e-05,2.4562675
2024-09-08,2024-09-08,4.511e-05,2.47617433
2024-09-09,2024-09-09,4.442e-05,2.53335247
2024-09-10,2024-09-10,4.243e-05,2.44569653
2024-09-11,2024-09-11,4.205e-05,2.41125087
2024-09-12,2024-09-12,4.222e-05,2.45441737
2024-09-13,2024-09-13,4.192e-05,2.53842797
2024-09-14,2024-09-14,4.158e-05,2.49502856
2024-09-15,2024-09-15,4.163e-05,2.46166378
2024-09-16,2024-09-16,4.234e-05,2.46485791
2024-09-17,2024-09-17,4.195e-05,2.52987843
2024-09-18,2024-09-18,4.231e-05,2.6132201
2024-09-19,2024-09-19,4.181e-05,2.63223301
2024-09-20,2024-09-20,4.232e-05,2.67478641
2024-09-21,2024-09-21,4.244e-05,2.68929714
2024-09-22,2024-09-22,4.241e-05,2.69622085
2024-09-23,2024-09-23,4.285e-05,2.713736
2024-09-24,2024-09-24,4.218e-05,2.71127761
2024-09-25,2024-09-25,4.183e-05,2.64148295
2024-09-26,2024-09-26,4.136e-05,2.69543935
2024-09-27,2024-09-27,4.079e-05,2.6830079
2024-09-28,2024-09-28,4.073e-05,2.68313085
2024-09-29,2024-09-29,4.041e-05,2.65087387
2024-09-30,2024-09-30,4.095e-05,2.59259639
2024-10-01,2024-10-01,4.174e-05,2.53826696
2024-10-02,2024-10-02,4.181e-05,2.53541907
2024-10-03,2024-10-03,4.202e-05,2.55231912
2024-10-04,2024-10-04,4.134e-05,2.56665992
2024-10-05,2024-10-05,4.123e-05,2.5588055
2024-10-06,2024-10-06,4.1e-05,2.575508
2024-10-07,2024-10-07,4.074e-05,2.53540798
2024-10-08,2024-10-08,4.141e-05,2.57234351
2024-10-09,2024-10-09,4.216e-05,2.55419353
2024-10-10,2024-10-10,4.239e-05,2.55582296
2024-10-11,2024-10-11,4.166e-05,2.60518022
2024-10-12,2024-10-12,4.16e-05,2.62898598
2024-10-13,2024-10-13,4.166e-05,2.61816984
2024-10-14,2024-10-14,4.143e-05,2.73746071
2024-10-15,2024-10-15,4.115e-05,2.75930293
2024-10-16,2024-10-16,4.074e-05,2.75446256
2024-10-17,2024-10-17,4.073e-05,2.74602617
2024-10-18,2024-10-18,3.974e-05,2.71927385
2024-10-19,2024-10-19,3.986e-05,2.7251582
2024-10-20,2024-10-20,3.983e-05,2.74907311
2024-10-21,2024-10-21,3.984e-05,2.68293867
2024-10-22,2024-10-22,4.002e-05,2.69661604
2024-10-23,2024-10-23,4.095e-05,2.72759932
2024-10-24,2024-10-24,4.069e-05,2.77313777
2024-10-25,2024-10-25,3.987e-05,2.65396391
2024-10-26,2024-10-26,3.983e-05,2.66886214
2024-10-27,2024-10-27,3.987e-05,2.70860081
2024-10-28,2024-10-28,3.984e-05,2.78546491
2024-10-29,2024-10-29,3.944e-05,2.86783866
2024-10-30,2024-10-30,3.927e-05,2.84038311
2024-10-31,2024-10-31,3.975e-05,2.79060582
2024-11-01,2024-11-01,3.917e-05,2.7206004
2024-11-02,2024-11-02,3.934e-05,2.72859537
2024-11-03,2024-11-03,3.938e-05,2.70736014
2024-11-04,2024-11-04,3.932e-05,2.66658457
2024-11-05,2024-11-05,3.905e-05,2.70899791
2024-11-06,2024-11-06,3.294e-05,2.49139499
2024-11-07,2024-11-07,3.199e-05,2.42814871
2024-11-08,2024-11-08,3.074e-05,2.35347412
2024-11-09,2024-11-09,3.075e-05,2.35887417
2024-11-10,2024-11-10,3.079e-05,2.47617333
2024-11-11,2024-11-11,3.032e-05,2.69037484
2024-11-12,2024-11-12,2.766e-05,2.43518652
2024-11-13,2024-11-13,2.695e-05,2.43857335
2024-11-14,2024-11-14,2.699e-05,2.35675888
2024-11-15,2024-11-15,2.674e-05,2.43477799
2024-11-16,2024-11-16,2.675e-05,2.42381751
2024-11-17,2024-11-17,2.696e-05,2.4235124
2024-11-18,2024-11-18,2.536e-05,2.29552368
2024-11-19,2024-11-19,2.526e-05,2.33393252
2024-11-20,2024-11-20,2.395e-05,2.25966835
2024-11-21,2024-11-21,2.373e-05,2.335916
2024-11-22,2024-11-22,2.283e-05,2.2591634
2024-11-23,2024-11-23,2.255e-05,2.20469321
2024-11-24,2024-11-24,2.253e-05,2.20798135
2024-11-25,2024-11-25,2.272e-05,2.1128202
2024-11-26,2024-11-26,2.278e-05,2.09613192
2024-11-27,2024-11-27,2.214e-05,2.12407936
2024-11-28,2024-11-28,2.164e-05,2.07029966
2024-11-29,2024-11-29,2.132e-05,2.07915682
