start_time,date,mca,mcda
2021-01-01,2021-01-01,1118.18331516,2479412.61512363
2021-01-02,2021-01-02,1116.08310081,2469001.53387265
2021-01-03,2021-01-03,1115.06366396,2464190.23303712
2021-01-04,2021-01-04,1113.01938841,2461164.6554957
2021-01-05,2021-01-05,1112.77658206,2459961.65099262
2021-01-06,2021-01-06,1112.34860585,2458664.72355381
2021-01-07,2021-01-07,1111.19504426,2450744.63389821
2021-01-08,2021-01-08,1110.38648348,2445146.05916185
2021-01-09,2021-01-09,1109.81255763,2443214.37886944
2021-01-10,2021-01-10,1109.57723051,2445904.5717673
2021-01-11,2021-01-11,1109.15503121,2444610.65947963
2021-01-12,2021-01-12,1109.26386427,2447452.73471564
2021-01-13,2021-01-13,1109.37762047,2452089.39479913
2021-01-14,2021-01-14,1109.49530437,2455614.50381175
2021-01-15,2021-01-15,1109.41971581,2457747.860288
2021-01-16,2021-01-16,1109.80558263,2464471.53504137
2021-01-17,2021-01-17,1110.24758542,2471326.43547002
2021-01-18,2021-01-18,1110.46013529,2476574.15011591
2021-01-19,2021-01-19,1110.67249965,2479457.44193824
2021-01-20,2021-01-20,1111.05127424,2485595.99000873
2021-01-21,2021-01-21,1111.45179153,2490989.23634928
2021-01-22,2021-01-22,1111.7440767,2496739.95504052
2021-01-23,2021-01-23,1112.39610925,2505070.5616944
2021-01-24,2021-01-24,1113.04997106,2513746.85861547
2021-01-25,2021-01-25,1113.4445279,2521493.39685444
2021-01-26,2021-01-26,1113.96884746,2529231.47103029
2021-01-27,2021-01-27,1112.83213281,2524516.6782823
2021-01-28,2021-01-28,1113.03676889,2528333.30252919
2021-01-29,2021-01-29,1113.01979359,2529411.42971443
2021-01-30,2021-01-30,1113.41653694,2536110.84432124
2021-01-31,2021-01-31,1113.33154509,2540932.76416214
2021-02-01,2021-02-01,1113.84011419,2547569.11783471
2021-02-02,2021-02-02,1114.37755414,2554220.89050135
2021-02-03,2021-02-03,1114.74706189,2559847.26582455
2021-02-04,2021-02-04,1114.84083972,2561883.12662893
2021-02-05,2021-02-05,1114.70324533,2563170.01046465
2021-02-06,2021-02-06,1115.11588954,2569952.7720335
2021-02-07,2021-02-07,1114.64366993,2577131.27079736
2021-02-08,2021-02-08,1114.58214459,2580259.09570752
2021-02-09,2021-02-09,1114.13800977,2574182.76000088
2021-02-10,2021-02-10,1114.16224783,2575778.05267268
2021-02-11,2021-02-11,1114.4096171,2580939.3884853
2021-02-12,2021-02-12,1114.53667079,2585272.1867234
2021-02-13,2021-02-13,1115.07000895,2593942.40019386
2021-02-14,2021-02-14,1115.42500783,2602298.65576814
2021-02-15,2021-02-15,1115.64166469,2604918.52952626
2021-02-16,2021-02-16,1115.76271254,2610587.08488273
2021-02-17,2021-02-17,1115.83053231,2613554.93784276
2021-02-18,2021-02-18,1115.66451545,2615998.3493765
2021-02-19,2021-02-19,1115.36094073,2615649.08072717
2021-02-20,2021-02-20,1115.18415519,2617356.04662581
2021-02-21,2021-02-21,1115.33903292,2623614.44305403
2021-02-22,2021-02-22,1115.48129499,2628763.64179623
2021-02-23,2021-02-23,1114.64847872,2624059.95881102
2021-02-24,2021-02-24,1113.89915007,2627019.86721123
2021-02-25,2021-02-25,1113.86086833,2632161.54178231
2021-02-26,2021-02-26,1113.71995321,2633826.99595998
2021-02-27,2021-02-27,1114.10969916,2642134.62563707
2021-02-28,2021-02-28,1114.48314814,2653184.24737538
2021-03-01,2021-03-01,1114.99142786,2661283.05538501
2021-03-02,2021-03-02,1114.96377185,2667863.23293966
2021-03-03,2021-03-03,1115.48249788,2677464.0077627
2021-03-04,2021-03-04,1115.88151571,2685775.37080046
2021-03-05,2021-03-05,1115.92877105,2692478.3624515
2021-03-06,2021-03-06,1116.49806165,2703970.26606709
2021-03-07,2021-03-07,1117.19332669,2716097.27801006
2021-03-08,2021-03-08,1116.92586497,2723117.94805233
2021-03-09,2021-03-09,1117.35338841,2731706.23487774
2021-03-10,2021-03-10,1117.76481094,2739717.55261563
2021-03-11,2021-03-11,1116.63281299,2744231.42327491
2021-03-12,2021-03-12,1116.64312111,2748214.61610656
2021-03-13,2021-03-13,1117.05453579,2756897.01427066
2021-03-14,2021-03-14,1116.95740886,2758956.15063645
2021-03-15,2021-03-15,1117.32456638,2767856.74316915
2021-03-16,2021-03-16,1117.35262077,2767818.25298716
2021-03-17,2021-03-17,1117.56684382,2776419.65774846
2021-03-18,2021-03-18,1118.1226931,2787427.21896145
2021-03-19,2021-03-19,1118.72725634,2799757.83281858
2021-03-20,2021-03-20,1118.95615745,2807676.27299661
2021-03-21,2021-03-21,1119.50174734,2817812.5962547
2021-03-22,2021-03-22,1119.7042742,2826321.59816145
2021-03-23,2021-03-23,1119.49253795,2829339.35010349
2021-03-24,2021-03-24,1119.86007351,2836492.50311361
2021-03-25,2021-03-25,1119.4893131,2840362.73649189
2021-03-26,2021-03-26,1119.82946859,2849275.346239
2021-03-27,2021-03-27,1120.09561784,2857016.49962057
2021-03-28,2021-03-28,1120.61347068,2869643.28408465
2021-03-29,2021-03-29,1121.17168036,2880132.73607161
2021-03-30,2021-03-30,1121.5288071,2889796.63777687
2021-03-31,2021-03-31,1121.67025942,2898316.33843877
2021-04-01,2021-04-01,1121.12011403,2896402.75730768
2021-04-02,2021-04-02,1120.91776016,2904641.26110979
2021-04-03,2021-04-03,1121.61757262,2919047.29545695
2021-04-04,2021-04-04,1122.2670411,2932082.6800831
2021-04-05,2021-04-05,1122.78072017,2944026.14483006
2021-04-06,2021-04-06,1121.67066491,2935798.88123925
2021-04-07,2021-04-07,1122.13828035,2946812.41734305
2021-04-08,2021-04-08,1122.53960431,2957133.72128858
2021-04-09,2021-04-09,1122.94470497,2969388.40792271
2021-04-10,2021-04-10,1123.31166745,2980904.32070144
2021-04-11,2021-04-11,1123.43084644,2992879.30775055
2021-04-12,2021-04-12,1123.36910141,2998016.76869983
2021-04-13,2021-04-13,1123.50757004,3003767.9260727
2021-04-14,2021-04-14,1122.62400878,3009463.69568912
2021-04-15,2021-04-15,1122.19852493,3016987.87288053
2021-04-16,2021-04-16,1122.77843855,3028414.64500046
2021-04-17,2021-04-17,1123.2199849,3040747.15996615
2021-04-18,2021-04-18,1122.4040069,3037181.58904838
2021-04-19,2021-04-19,1123.08814945,3050872.47644988
2021-04-20,2021-04-20,1123.27739054,3056490.47101253
2021-04-21,2021-04-21,1123.81104442,3070098.72357328
2021-04-22,2021-04-22,1124.05295418,3076499.62889054
2021-04-23,2021-04-23,1124.07751707,3083628.64971735
2021-04-24,2021-04-24,1123.84196062,3092345.82594745
2021-04-25,2021-04-25,1124.02939178,3102559.10762964
2021-04-26,2021-04-26,1124.30617745,3113517.15214446
2021-04-27,2021-04-27,1123.89019522,3118173.62253634
2021-04-28,2021-04-28,1124.25763573,3130555.28510946
2021-04-29,2021-04-29,1124.37454483,3132042.15424664
2021-04-30,2021-04-30,1124.21848768,3142037.86061143
2021-05-01,2021-05-01,1124.84753783,3157112.22451164
2021-05-02,2021-05-02,1125.40092367,3171463.90884532
2021-05-03,2021-05-03,1125.67937922,3182646.17937993
2021-05-04,2021-05-04,1125.9567137,3193373.57580282
2021-05-05,2021-05-05,1126.36010483,3201829.91748537
2021-05-06,2021-05-06,1126.74217391,3211281.92286533
2021-05-07,2021-05-07,1126.33507517,3206681.4094971
2021-05-08,2021-05-08,1126.88593445,3218388.60978237
2021-05-09,2021-05-09,1127.26654072,3229300.64031939
2021-05-10,2021-05-10,1127.61345151,3238068.52390199
2021-05-11,2021-05-11,1128.02281555,3246025.47172176
2021-05-12,2021-05-12,1127.88609632,3247985.33088476
2021-05-13,2021-05-13,1127.71717747,3252369.26112543
2021-05-14,2021-05-14,1128.07421808,3261623.09724715
2021-05-15,2021-05-15,1128.62797246,3276557.85320267
2021-05-16,2021-05-16,1129.07022415,3286515.52895496
2021-05-17,2021-05-17,1129.48145232,3295744.41703922
2021-05-18,2021-05-18,1129.74088174,3306617.49719507
2021-05-19,2021-05-19,1129.06353591,3297997.14781011
2021-05-20,2021-05-20,1129.02038958,3286773.37369271
2021-05-21,2021-05-21,1129.21790343,3296879.37900377
2021-05-22,2021-05-22,1129.87065231,3310646.96107514
2021-05-23,2021-05-23,1130.07141757,3320834.59754206
2021-05-24,2021-05-24,1129.54143093,3320760.42655658
2021-05-25,2021-05-25,1129.95214356,3327530.05739116
2021-05-26,2021-05-26,1130.3448332,3337138.87354018
2021-05-27,2021-05-27,1131.03425852,3349526.64063532
2021-05-28,2021-05-28,1131.73152347,3364768.12008888
2021-05-29,2021-05-29,1132.53303436,3381429.09953317
2021-05-30,2021-05-30,1132.30507434,3396537.72229318
2021-05-31,2021-05-31,1133.04125978,3412069.49884988
2021-06-01,2021-06-01,1132.66557049,3418614.80268623
2021-06-02,2021-06-02,1133.14335837,3431066.43428749
2021-06-03,2021-06-03,1133.17607619,3436141.11081855
2021-06-04,2021-06-04,1133.8724108,3449110.98826126
2021-06-05,2021-06-05,1134.64616008,3464572.87869094
2021-06-06,2021-06-06,1135.33542936,3479099.41745501
2021-06-07,2021-06-07,1135.84055524,3490872.1799179
2021-06-08,2021-06-08,1136.15964495,3500282.16860102
2021-06-09,2021-06-09,1136.68558793,3512799.12583143
2021-06-10,2021-06-10,1137.09326098,3521630.62933121
2021-06-11,2021-06-11,1137.367998,3532168.99812178
2021-06-12,2021-06-12,1138.19279847,3548780.12364354
2021-06-13,2021-06-13,1138.91025811,3565241.3719019
2021-06-14,2021-06-14,1139.49442334,3575796.94221446
2021-06-15,2021-06-15,1140.05861161,3586698.85688342
2021-06-16,2021-06-16,1140.74741134,3601518.20739202
2021-06-17,2021-06-17,1141.43771998,3614305.37146624
2021-06-18,2021-06-18,1142.1094291,3628358.19177412
2021-06-19,2021-06-19,1142.96989593,3645986.10011091
2021-06-20,2021-06-20,1143.75803752,3663133.46643519
2021-06-21,2021-06-21,1144.29392097,3675403.99919884
2021-06-22,2021-06-22,1144.85654593,3687925.72026237
2021-06-23,2021-06-23,1145.12155712,3698493.29715502
2021-06-24,2021-06-24,1145.57235344,3709912.82486639
2021-06-25,2021-06-25,1145.41007213,3688969.69248948
2021-06-26,2021-06-26,1146.26588065,3704959.95768668
2021-06-27,2021-06-27,1146.9592887,3720150.43581655
2021-06-28,2021-06-28,1147.72184747,3733879.45329032
2021-06-29,2021-06-29,1148.47806508,3747605.49378255
2021-06-30,2021-06-30,1149.1646904,3759305.71743647
2021-07-01,2021-07-01,1149.83618802,3772454.40896976
2021-07-02,2021-07-02,1150.27134553,3774062.03495511
2021-07-03,2021-07-03,1151.09734453,3791101.2988034
2021-07-04,2021-07-04,1151.84090603,3806821.10315399
2021-07-05,2021-07-05,1152.53032608,3822847.93112959
2021-07-06,2021-07-06,1153.25347698,3837906.2973949
2021-07-07,2021-07-07,1153.85080577,3851609.04077959
2021-07-08,2021-07-08,1154.53610723,3864704.91692802
2021-07-09,2021-07-09,1155.15895356,3878321.16037665
2021-07-10,2021-07-10,1155.98062412,3895501.74789725
2021-07-11,2021-07-11,1156.75909512,3911540.01565831
2021-07-12,2021-07-12,1157.0083501,3921811.08905706
2021-07-13,2021-07-13,1157.74159051,3935889.92310949
2021-07-14,2021-07-14,1158.39273655,3947902.04391504
2021-07-15,2021-07-15,1158.98494624,3959899.76286089
2021-07-16,2021-07-16,1159.61405958,3970674.84263779
2021-07-17,2021-07-17,1156.32347854,3980145.53557832
2021-07-18,2021-07-18,1157.10385757,3994816.28611527
2021-07-19,2021-07-19,1157.72589173,4008577.29447018
2021-07-20,2021-07-20,1158.16517623,4020236.80660252
2021-07-21,2021-07-21,1158.80049636,4032936.80421192
2021-07-22,2021-07-22,1159.42962072,4046425.19211287
2021-07-23,2021-07-23,1160.05495035,4052636.83698821
2021-07-24,2021-07-24,1160.8859267,4069433.33406522
2021-07-25,2021-07-25,1161.66084439,4084156.46143753
2021-07-26,2021-07-26,1161.38163133,4078745.17938304
2021-07-27,2021-07-27,1161.09493505,4080580.70128984
2021-07-28,2021-07-28,1160.18750254,4082355.09620241
2021-07-29,2021-07-29,1153.22209916,4055754.761147
2021-07-30,2021-07-30,1153.87545143,4068077.0009898
2021-07-31,2021-07-31,1154.61062341,4083246.28008516
2021-08-01,2021-08-01,1155.39842457,4099499.58915043
2021-08-02,2021-08-02,1156.12139265,4114685.14625804
2021-08-03,2021-08-03,1156.84824202,4128726.58604908
2021-08-04,2021-08-04,1157.61205577,4144362.13280424
2021-08-05,2021-08-05,1158.35528868,4159179.9586772
2021-08-06,2021-08-06,1158.87455384,4170187.75207618
2021-08-07,2021-08-07,1159.59813564,4186766.12316376
2021-08-08,2021-08-08,1160.21166397,4196336.45282843
2021-08-09,2021-08-09,1160.8378629,4207176.83704281
2021-08-10,2021-08-10,1161.55401553,4221312.63560627
2021-08-11,2021-08-11,1162.17882691,4235667.7167377
2021-08-12,2021-08-12,1162.88069592,4250084.29220979
2021-08-13,2021-08-13,1163.56852549,4264992.47207071
2021-08-14,2021-08-14,1163.72636903,4278206.02788193
2021-08-15,2021-08-15,1164.53526319,4295913.82761011
2021-08-16,2021-08-16,1165.22012839,4309529.77255319
2021-08-17,2021-08-17,1165.85680975,4322972.15816251
2021-08-18,2021-08-18,1166.33193999,4336164.05208552
2021-08-19,2021-08-19,1166.98422103,4350998.33905494
2021-08-20,2021-08-20,1167.67325486,4364806.75975228
2021-08-21,2021-08-21,1168.25806175,4380412.53301369
2021-08-22,2021-08-22,1168.95843948,4396802.51615094
2021-08-23,2021-08-23,1169.28607991,4404241.63982159
2021-08-24,2021-08-24,1170.01869112,4419479.63824102
2021-08-25,2021-08-25,1169.32947841,4425929.19124775
2021-08-26,2021-08-26,1169.59142958,4430855.02638901
2021-08-27,2021-08-27,1170.32701692,4446044.97276604
2021-08-28,2021-08-28,1171.05836345,4463085.27243111
2021-08-29,2021-08-29,1171.82789018,4480373.07043143
2021-08-30,2021-08-30,1172.39868106,4491367.66910158
2021-08-31,2021-08-31,1172.89154607,4501903.5564765
2021-09-01,2021-09-01,1173.49829085,4512244.8825805
2021-09-02,2021-09-02,1174.13048264,4523972.18993395
2021-09-03,2021-09-03,1174.75702661,4538800.45074965
2021-09-04,2021-09-04,1175.47475651,4554830.0713817
2021-09-05,2021-09-05,1176.24962352,4572883.93486066
2021-09-06,2021-09-06,1176.89717828,4586218.78985289
2021-09-07,2021-09-07,1177.48455563,4596298.81536175
2021-09-08,2021-09-08,1178.12948842,4608801.83277976
2021-09-09,2021-09-09,1178.36072382,4611721.68561378
2021-09-10,2021-09-10,1178.67470602,4626081.24252026
2021-09-11,2021-09-11,1179.44399528,4642241.88479044
2021-09-12,2021-09-12,1180.20055943,4660201.47024281
2021-09-13,2021-09-13,1180.91390904,4676446.28949198
2021-09-14,2021-09-14,1181.18756673,4687730.04262399
2021-09-15,2021-09-15,1181.55357119,4699698.80482819
2021-09-16,2021-09-16,1181.86209268,4708813.76799602
2021-09-17,2021-09-17,1182.53871813,4722340.04843247
2021-09-18,2021-09-18,1183.26824663,4739018.46834609
2021-09-19,2021-09-19,1183.99383026,4757108.00008531
2021-09-20,2021-09-20,1184.59772285,4770118.98440183
2021-09-21,2021-09-21,1185.36031982,4785627.1733286
2021-09-22,2021-09-22,1185.91768701,4800389.0885028
2021-09-23,2021-09-23,1186.5696792,4814985.84042293
2021-09-24,2021-09-24,1187.28831033,4830711.94264616
2021-09-25,2021-09-25,1188.1325158,4848922.32429348
2021-09-26,2021-09-26,1185.35935035,4827607.85122355
2021-09-27,2021-09-27,1185.81474912,4839433.20057169
2021-09-28,2021-09-28,1186.44217337,4850855.26439848
2021-09-29,2021-09-29,1187.05504331,4865401.99680968
2021-09-30,2021-09-30,1187.44212066,4870254.14521755
2021-10-01,2021-10-01,1188.03378145,4884831.01685541
2021-10-02,2021-10-02,1188.70387884,4900372.50140696
2021-10-03,2021-10-03,1189.44755199,4917856.02554563
2021-10-04,2021-10-04,1190.02096928,4928081.54878249
2021-10-05,2021-10-05,1190.49849927,4937236.31529936
2021-10-06,2021-10-06,1190.86140226,4942452.73779566
2021-10-07,2021-10-07,1191.27735229,4950042.90752822
2021-10-08,2021-10-08,1191.89332675,4963437.59476684
2021-10-09,2021-10-09,1192.58095646,4980131.12023593
2021-10-10,2021-10-10,1192.90120554,4994564.74682208
2021-10-11,2021-10-11,1193.44086431,5007942.3124559
2021-10-12,2021-10-12,1193.38164973,5015176.01437792
2021-10-13,2021-10-13,1193.96098416,5027461.24801206
2021-10-14,2021-10-14,1194.49527812,5038035.16340941
2021-10-15,2021-10-15,1194.93275499,5046290.40359412
2021-10-16,2021-10-16,1195.31652694,5056940.66234414
2021-10-17,2021-10-17,1196.04941444,5073755.17608806
2021-10-18,2021-10-18,1196.28335023,5082716.41397291
2021-10-19,2021-10-19,1195.70488384,5084057.90223016
2021-10-20,2021-10-20,1195.81435452,5085020.79073445
2021-10-21,2021-10-21,1196.07756564,5091401.1243049
2021-10-22,2021-10-22,1196.26278921,5082289.22156687
2021-10-23,2021-10-23,1196.92726769,5100166.86932187
2021-10-24,2021-10-24,1196.96509736,5081539.57186745
2021-10-25,2021-10-25,1197.14130094,5081743.36533611
2021-10-26,2021-10-26,1197.59347194,5092196.17836194
2021-10-27,2021-10-27,1198.22240416,5105919.48700109
2021-10-28,2021-10-28,1198.77152777,5117661.54160673
2021-10-29,2021-10-29,1199.26083597,5130064.26096032
2021-10-30,2021-10-30,1199.95844563,5148157.2976707
2021-10-31,2021-10-31,1199.87247158,5160790.60084306
2021-11-01,2021-11-01,1199.13039123,5166505.96290544
2021-11-02,2021-11-02,1199.03506098,5164384.71517058
2021-11-03,2021-11-03,1199.05695197,5158456.10979075
2021-11-04,2021-11-04,1199.70251918,5174450.15367298
2021-11-05,2021-11-05,1199.73218995,5184261.50298746
2021-11-06,2021-11-06,1200.37507623,5198624.76342213
2021-11-07,2021-11-07,1201.14855564,5218241.63224885
2021-11-08,2021-11-08,1201.19787559,5226020.81055002
2021-11-09,2021-11-09,1201.48184921,5233989.62372648
2021-11-10,2021-11-10,1201.20368353,5245916.50106463
2021-11-11,2021-11-11,1201.56984115,5257557.8740545
2021-11-12,2021-11-12,1200.54296604,5231314.60203787
2021-11-13,2021-11-13,1201.07679278,5251435.86356359
2021-11-14,2021-11-14,1201.78163196,5271882.35460401
2021-11-15,2021-11-15,1202.16713722,5280552.04808986
2021-11-16,2021-11-16,1201.90453108,5280712.34185612
2021-11-17,2021-11-17,1201.94280723,5292030.89780312
2021-11-18,2021-11-18,1202.51205419,5304236.95045863
2021-11-19,2021-11-19,1203.07190328,5318723.17277915
2021-11-20,2021-11-20,1203.67960878,5338979.98872987
2021-11-21,2021-11-21,1204.36191369,5359005.87813448
2021-11-22,2021-11-22,1204.73483827,5366425.60771239
2021-11-23,2021-11-23,1205.15505407,5379919.39058238
2021-11-24,2021-11-24,1205.69695019,5392806.65441224
2021-11-25,2021-11-25,1204.45738239,5367783.00068516
2021-11-26,2021-11-26,1204.80277523,5374735.07630195
2021-11-27,2021-11-27,1205.58961676,5393798.90222645
2021-11-28,2021-11-28,1206.2015875,5409089.67731759
2021-11-29,2021-11-29,1206.62930698,5419831.82012778
2021-11-30,2021-11-30,1207.06138422,5429051.9710583
2021-12-01,2021-12-01,1207.33342557,5440569.84710759
2021-12-02,2021-12-02,1207.89338831,5454823.62915711
2021-12-03,2021-12-03,1208.36717662,5465714.95682787
2021-12-04,2021-12-04,1208.87318433,5476730.80420341
2021-12-05,2021-12-05,1209.45971757,5491998.4823514
2021-12-06,2021-12-06,1209.84816597,5501559.6599532
2021-12-07,2021-12-07,1209.67312239,5501742.46509512
2021-12-08,2021-12-08,1210.20693616,5516469.57821122
2021-12-09,2021-12-09,1210.39285589,5521951.26148808
2021-12-10,2021-12-10,1210.9241784,5534594.46664105
2021-12-11,2021-12-11,1211.50360108,5552586.91283421
2021-12-12,2021-12-12,1212.3029656,5573337.02495059
2021-12-13,2021-12-13,1212.74457379,5582512.43016604
2021-12-14,2021-12-14,1212.61442446,5588707.82204461
2021-12-15,2021-12-15,1213.12477646,5601252.77720959
2021-12-16,2021-12-16,1213.50336603,5610864.29843302
2021-12-17,2021-12-17,1214.1131236,5627797.65168358
2021-12-18,2021-12-18,1214.79045627,5646111.21339452
2021-12-19,2021-12-19,1215.56161426,5667221.84093471
2021-12-20,2021-12-20,1216.12502401,5677867.16846223
2021-12-21,2021-12-21,1216.71864214,5692944.34419493
2021-12-22,2021-12-22,1217.16367812,5705028.91133596
2021-12-23,2021-12-23,1217.52163486,5709311.90549841
2021-12-24,2021-12-24,1218.27939236,5727580.21638682
2021-12-25,2021-12-25,1218.92196146,5740326.61366602
2021-12-26,2021-12-26,1219.52011447,5754273.17736479
2021-12-27,2021-12-27,1220.15837201,5771399.46915337
2021-12-28,2021-12-28,1220.78667221,5786413.8774374
2021-12-29,2021-12-29,1221.24970509,5802094.71573573
2021-12-30,2021-12-30,1221.35114019,5802734.87004547
2021-12-31,2021-12-31,1221.28392659,5809109.52008445
2022-01-01,2022-01-01,1221.8952783,5829447.42775271
2022-01-02,2022-01-02,1222.7325458,5850549.23275963
2022-01-03,2022-01-03,1223.28585846,5863016.14079849
2022-01-04,2022-01-04,1223.83252755,5872019.57127245
2022-01-05,2022-01-05,1224.30157045,5886192.62088124
2022-01-06,2022-01-06,1224.57913518,5892789.8224756
2022-01-07,2022-01-07,1225.12637481,5904154.77707247
2022-01-08,2022-01-08,1225.8850613,5923722.86714445
2022-01-09,2022-01-09,1226.64851057,5943209.89284536
2022-01-10,2022-01-10,1227.1908171,5958576.76732746
2022-01-11,2022-01-11,1227.84481312,5975606.40429245
2022-01-12,2022-01-12,1228.30811118,5989894.15902117
2022-01-13,2022-01-13,1229.02912378,6008689.60933938
2022-01-14,2022-01-14,1229.72489182,6026192.76256032
2022-01-15,2022-01-15,1230.53000741,6047018.18568424
2022-01-16,2022-01-16,1231.30325656,6067791.7923527
2022-01-17,2022-01-17,1231.87663966,6083399.41147554
2022-01-18,2022-01-18,1232.52354587,6098338.396837
2022-01-19,2022-01-19,1232.93231861,6104424.1428056
2022-01-20,2022-01-20,1233.36316816,6117993.72498935
2022-01-21,2022-01-21,1233.77173509,6122917.84832477
2022-01-22,2022-01-22,1234.23326117,6134613.03790929
2022-01-23,2022-01-23,1234.65835862,6149895.4306382
2022-01-24,2022-01-24,1235.07736663,6161026.21361269
2022-01-25,2022-01-25,1235.34478385,6174112.39718002
2022-01-26,2022-01-26,1236.04095298,6191617.76047259
2022-01-27,2022-01-27,1236.45222846,6200735.68732552
2022-01-28,2022-01-28,1237.09378619,6214212.59889907
2022-01-29,2022-01-29,1237.63739771,6224430.4278501
2022-01-30,2022-01-30,1238.30724851,6239335.75350173
2022-01-31,2022-01-31,1239.00220444,6256387.46679759
2022-02-01,2022-02-01,1229.45008926,6254143.35838894
2022-02-02,2022-02-02,1230.1813047,6272632.88932616
2022-02-03,2022-02-03,1230.79539307,6284739.17434387
2022-02-04,2022-02-04,1231.53714167,6303203.81460216
2022-02-05,2022-02-05,1232.29136799,6321152.15465662
2022-02-06,2022-02-06,1232.97361057,6337373.46492182
2022-02-07,2022-02-07,1233.47998136,6348473.55016318
2022-02-08,2022-02-08,1234.05317338,6360512.84616841
2022-02-09,2022-02-09,1234.66668169,6375656.32484869
2022-02-10,2022-02-10,1234.9752329,6385466.97916139
2022-02-11,2022-02-11,1235.46626286,6396722.43528461
2022-02-12,2022-02-12,1236.21613798,6415444.24341969
2022-02-13,2022-02-13,1236.96979611,6435667.26867595
2022-02-14,2022-02-14,1237.67411358,6453219.91997873
2022-02-15,2022-02-15,1238.25130793,6468903.90083245
2022-02-16,2022-02-16,1238.96076703,6488567.93150913
2022-02-17,2022-02-17,1239.42973051,6503006.67272716
2022-02-18,2022-02-18,1240.11743779,6520372.60972942
2022-02-19,2022-02-19,1240.91026593,6540678.80755027
2022-02-20,2022-02-20,1241.5058556,6560710.15637906
2022-02-21,2022-02-21,1241.6524651,6575401.04054088
2022-02-22,2022-02-22,1242.34653012,6592059.95533346
2022-02-23,2022-02-23,1242.59511775,6606808.66231927
2022-02-24,2022-02-24,1243.25431761,6622459.60434401
2022-02-25,2022-02-25,1243.74009454,6630238.66260871
2022-02-26,2022-02-26,1244.44186533,6646786.72789303
2022-02-27,2022-02-27,1245.03177685,6662816.77720681
2022-02-28,2022-02-28,1243.16122156,6588098.57825974
2022-03-01,2022-03-01,1243.61395337,6595529.49820709
2022-03-02,2022-03-02,1243.97385485,6607192.67537724
2022-03-03,2022-03-03,1244.29434656,6616475.21388601
2022-03-04,2022-03-04,1244.82765656,6628103.26658338
2022-03-05,2022-03-05,1245.62425418,6649235.88611229
2022-03-06,2022-03-06,1246.37767371,6669390.33454425
2022-03-07,2022-03-07,1246.56927396,6683698.92944868
2022-03-08,2022-03-08,1246.9834098,6693559.8940357
2022-03-09,2022-03-09,1247.27030878,6695635.22253873
2022-03-10,2022-03-10,1247.78716152,6713103.20505765
2022-03-11,2022-03-11,1246.62979718,6716034.83726796
2022-03-12,2022-03-12,1247.2794235,6732431.29699375
2022-03-13,2022-03-13,1248.02707437,6752025.71771846
2022-03-14,2022-03-14,1248.63989426,6769108.81356733
2022-03-15,2022-03-15,1249.24495348,6782882.53410168
2022-03-16,2022-03-16,1249.4218484,6790070.0545201
2022-03-17,2022-03-17,1249.20974731,6775800.44502427
2022-03-18,2022-03-18,1249.96527865,6794281.92972398
2022-03-19,2022-03-19,1250.62340573,6813051.31006976
2022-03-20,2022-03-20,1251.41347115,6832658.91798197
2022-03-21,2022-03-21,1252.03348207,6845798.01773505
2022-03-22,2022-03-22,1252.70355942,6861715.2960118
2022-03-23,2022-03-23,1253.34919791,6877333.7696341
2022-03-24,2022-03-24,1253.98892623,6890937.28647954
2022-03-25,2022-03-25,1251.8837525,6886634.48387269
2022-03-26,2022-03-26,1252.51308509,6904288.02414821
2022-03-27,2022-03-27,1253.30260591,6924409.41688692
2022-03-28,2022-03-28,1253.71390606,6931207.55185047
2022-03-29,2022-03-29,1252.69805794,6944186.22853222
2022-03-30,2022-03-30,1253.38141892,6959885.8550273
2022-03-31,2022-03-31,1253.88557322,6969609.70911291
2022-04-01,2022-04-01,1254.43202153,6982963.44075747
2022-04-02,2022-04-02,1255.19387467,7001882.97836436
2022-04-03,2022-04-03,1255.88106861,7020660.72961574
2022-04-04,2022-04-04,1256.1775683,7021885.6006078
2022-04-05,2022-04-05,1256.69997291,7034902.03133506
2022-04-06,2022-04-06,1257.29042742,7047041.69227873
2022-04-07,2022-04-07,1257.98419245,7064994.0903855
2022-04-08,2022-04-08,1258.62560249,7081679.2133407
2022-04-09,2022-04-09,1259.41320979,7102503.56550759
2022-04-10,2022-04-10,1260.21252127,7123798.93632456
2022-04-11,2022-04-11,1260.82564959,7139907.32338665
2022-04-12,2022-04-12,1260.65312637,7138640.95442444
2022-04-13,2022-04-13,1261.21707057,7149967.83284645
2022-04-14,2022-04-14,1260.19976293,7154850.90536409
2022-04-15,2022-04-15,1260.97407705,7174394.19175539
2022-04-16,2022-04-16,1261.82194183,7195397.25812411
2022-04-17,2022-04-17,1262.66524801,7217521.38866167
2022-04-18,2022-04-18,1263.41137396,7235409.18996543
2022-04-19,2022-04-19,1264.01090216,7248831.60237033
2022-04-20,2022-04-20,1264.60660418,7263919.35856656
2022-04-21,2022-04-21,1263.48422116,7258897.5422117
2022-04-22,2022-04-22,1263.99558857,7270038.08564822
2022-04-23,2022-04-23,1264.70919843,7289651.67489865
2022-04-24,2022-04-24,1265.54294647,7310605.15327054
2022-04-25,2022-04-25,1266.20216517,7326227.61189802
2022-04-26,2022-04-26,1266.77359299,7339221.75498076
2022-04-27,2022-04-27,1267.48048592,7356229.2777733
2022-04-28,2022-04-28,1268.0410255,7368623.91809067
2022-04-29,2022-04-29,1268.53045562,7376836.32317216
2022-04-30,2022-04-30,1269.24533513,7394354.08443724
2022-05-01,2022-05-01,1269.91473525,7412749.89504285
2022-05-02,2022-05-02,1270.06580837,7401278.17701679
2022-05-03,2022-05-03,1270.31519457,7397373.09674481
2022-05-04,2022-05-04,1270.70470313,7406930.8586389
2022-05-05,2022-05-05,1271.18998882,7420175.30962581
2022-05-06,2022-05-06,1271.61873063,7428408.43805502
2022-05-07,2022-05-07,1272.42206051,7448406.59456681
2022-05-08,2022-05-08,1273.00707793,7464053.98729753
2022-05-09,2022-05-09,1272.93715064,7458445.73934237
2022-05-10,2022-05-10,1273.24226066,7463545.03441039
2022-05-11,2022-05-11,1272.79472853,7444737.59724214
2022-05-12,2022-05-12,1272.69758944,7447758.07532112
2022-05-13,2022-05-13,1272.05753203,7444719.31579546
2022-05-14,2022-05-14,1270.46139562,7450222.2530249
2022-05-15,2022-05-15,1271.24348355,7468897.09882182
2022-05-16,2022-05-16,1271.73620631,7479856.2678008
2022-05-17,2022-05-17,1272.11595464,7484840.87853604
2022-05-18,2022-05-18,1272.75976635,7500088.06518265
2022-05-19,2022-05-19,1272.91471741,7491267.15206646
2022-05-20,2022-05-20,1273.4042247,7501320.23001079
2022-05-21,2022-05-21,1274.17950717,7519378.23551833
2022-05-22,2022-05-22,1275.03157691,7540099.10792576
2022-05-23,2022-05-23,1275.64302467,7552859.15735211
2022-05-24,2022-05-24,1276.22143037,7565911.39046846
2022-05-25,2022-05-25,1276.81746408,7579628.75939171
2022-05-26,2022-05-26,1277.45528469,7593529.15142733
2022-05-27,2022-05-27,1277.79782414,7600819.37774676
2022-05-28,2022-05-28,1278.61296501,7621703.28290475
2022-05-29,2022-05-29,1279.32594398,7640219.53163455
2022-05-30,2022-05-30,1279.95327663,7656762.04454071
2022-05-31,2022-05-31,1280.19653975,7664051.75513276
2022-06-01,2022-06-01,1280.43247049,7670047.18796458
2022-06-02,2022-06-02,1280.29940666,7641823.22215882
2022-06-03,2022-06-03,1280.6676849,7647196.5855679
2022-06-04,2022-06-04,1281.16820931,7654526.08375337
2022-06-05,2022-06-05,1281.98051227,7674169.10482609
2022-06-06,2022-06-06,1282.62000056,7687639.38147489
2022-06-07,2022-06-07,1282.84689702,7682687.18595701
2022-06-08,2022-06-08,1283.33834149,7695716.67865475
2022-06-09,2022-06-09,1283.87098356,7701812.97439296
2022-06-10,2022-06-10,1284.22774828,7710385.5829767
2022-06-11,2022-06-11,1284.74631555,7714293.15302633
2022-06-12,2022-06-12,1285.27720853,7727106.57470469
2022-06-13,2022-06-13,1284.66354952,7709402.52150703
2022-06-14,2022-06-14,1284.35829336,7694990.25912082
2022-06-15,2022-06-15,1284.02069615,7676164.33873612
2022-06-16,2022-06-16,1284.40784327,7681097.91749302
2022-06-17,2022-06-17,1281.46151837,7652634.36922047
2022-06-18,2022-06-18,1281.4827113,7653685.97708908
2022-06-19,2022-06-19,1282.11570338,7669993.06049606
2022-06-20,2022-06-20,1282.70486348,7685021.08430936
2022-06-21,2022-06-21,1283.08489242,7686456.16228964
2022-06-22,2022-06-22,1283.55048344,7697154.07540135
2022-06-23,2022-06-23,1284.23405257,7712084.94509351
2022-06-24,2022-06-24,1284.67291278,7721046.38463235
2022-06-25,2022-06-25,1284.73187933,7737629.90063316
2022-06-26,2022-06-26,1285.5860771,7757894.47870969
2022-06-27,2022-06-27,1286.16002342,7771074.79468576
2022-06-28,2022-06-28,1286.59640848,7782557.16244063
2022-06-29,2022-06-29,1286.80269012,7796185.32060163
2022-06-30,2022-06-30,1286.93678452,7792084.80288068
2022-07-01,2022-07-01,1287.45229265,7802190.6747157
2022-07-02,2022-07-02,1288.19081948,7819970.37110461
2022-07-03,2022-07-03,1288.73564197,7830951.48303864
2022-07-04,2022-07-04,1289.50562042,7849327.03492621
2022-07-05,2022-07-05,1290.22517696,7866756.09891912
2022-07-06,2022-07-06,1290.68539422,7871765.38899876
2022-07-07,2022-07-07,1291.38837047,7886962.11156045
2022-07-08,2022-07-08,1291.96247121,7901218.73806474
2022-07-09,2022-07-09,1292.68950901,7917196.26222715
2022-07-10,2022-07-10,1293.50296632,7935621.90215499
2022-07-11,2022-07-11,1293.44205443,7914210.84569594
2022-07-12,2022-07-12,1294.06965694,7930477.25791165
2022-07-13,2022-07-13,1294.87396522,7948710.29378197
2022-07-14,2022-07-14,1295.40969861,7958370.21057413
2022-07-15,2022-07-15,1295.61972224,7949012.0883489
2022-07-16,2022-07-16,1296.43232368,7968232.62259987
2022-07-17,2022-07-17,1297.29418598,7987876.75185777
2022-07-18,2022-07-18,1297.86236801,8000985.78196675
2022-07-19,2022-07-19,1296.65808646,7969533.36564901
2022-07-20,2022-07-20,1297.11849357,7983985.48250633
2022-07-21,2022-07-21,1296.20143395,7958123.47251092
2022-07-22,2022-07-22,1296.64328509,7956996.00859989
2022-07-23,2022-07-23,1297.30846279,7970909.65478744
2022-07-24,2022-07-24,1298.08185836,7987847.88067933
2022-07-25,2022-07-25,1298.65790528,7997652.02965011
2022-07-26,2022-07-26,1299.28072195,8013559.2053616
2022-07-27,2022-07-27,1299.98496494,8031368.47648344
2022-07-28,2022-07-28,1300.71495384,8047524.68971278
2022-07-29,2022-07-29,1301.41836095,8061708.09333808
2022-07-30,2022-07-30,1302.23593498,8080997.44607734
2022-07-31,2022-07-31,1302.90883325,8095000.60794388
2022-08-01,2022-08-01,1303.67576781,8111826.35092203
2022-08-02,2022-08-02,1304.30358137,8125943.71876277
2022-08-03,2022-08-03,1305.01823964,8141961.03052361
2022-08-04,2022-08-04,1305.41392374,8148765.64469088
2022-08-05,2022-08-05,1306.18548804,8165577.90790037
2022-08-06,2022-08-06,1306.93822883,8184812.14137082
2022-08-07,2022-08-07,1307.63690863,8201429.498678
2022-08-08,2022-08-08,1308.36205287,8218119.29547268
2022-08-09,2022-08-09,1308.77140949,8217684.67346429
2022-08-10,2022-08-10,1308.86452662,8232323.33618115
2022-08-11,2022-08-11,1309.5618144,8246905.18496075
2022-08-12,2022-08-12,1310.23650098,8261350.76501972
2022-08-13,2022-08-13,1311.05855419,8279372.32633555
2022-08-14,2022-08-14,1311.89763904,8297662.16359869
2022-08-15,2022-08-15,1312.6352242,8312401.27350292
2022-08-16,2022-08-16,1313.39590506,8329614.42451825
2022-08-17,2022-08-17,1314.0550122,8341180.62921263
2022-08-18,2022-08-18,1314.66847251,8358381.13007229
2022-08-19,2022-08-19,1315.17306894,8368480.56593813
2022-08-20,2022-08-20,1315.95082656,8386052.28833958
2022-08-21,2022-08-21,1316.80012865,8405080.26063837
2022-08-22,2022-08-22,1317.45694974,8418919.70496265
2022-08-23,2022-08-23,1318.1108704,8435239.28359062
2022-08-24,2022-08-24,1318.84555316,8451361.90827647
2022-08-25,2022-08-25,1319.57795128,8467276.40057773
2022-08-26,2022-08-26,1320.18752957,8483779.84975116
2022-08-27,2022-08-27,1320.92580104,8501161.98282723
2022-08-28,2022-08-28,1320.9384134,8519719.08823515
2022-08-29,2022-08-29,1320.87000617,8536711.64208433
2022-08-30,2022-08-30,1321.22061653,8543081.83491129
2022-08-31,2022-08-31,1321.95128586,8558665.58521834
2022-09-01,2022-09-01,1322.58909121,8572890.49699472
2022-09-02,2022-09-02,1323.21058312,8586745.64582159
2022-09-03,2022-09-03,1323.97577763,8605767.0129594
2022-09-04,2022-09-04,1323.97505209,8624047.47965229
2022-09-05,2022-09-05,1324.73584205,8641365.86113005
2022-09-06,2022-09-06,1325.06908715,8649399.95992441
2022-09-07,2022-09-07,1325.63351522,8663234.13042756
2022-09-08,2022-09-08,1326.34637228,8678185.90308652
2022-09-09,2022-09-09,1327.03925406,8693449.28329007
2022-09-10,2022-09-10,1327.82015694,8711359.27902494
2022-09-11,2022-09-11,1328.58342451,8728181.4448001
2022-09-12,2022-09-12,1329.27660318,8743511.49797254
2022-09-13,2022-09-13,1329.39250758,8737096.49204622
2022-09-14,2022-09-14,1329.96820348,8747595.2778314
2022-09-15,2022-09-15,1330.54547566,8757963.66481706
2022-09-16,2022-09-16,1331.32502137,8774952.86557983
2022-09-17,2022-09-17,1332.12815581,8792751.68849961
2022-09-18,2022-09-18,1332.9729017,8811431.69920521
2022-09-19,2022-09-19,1333.25127677,8822178.99938919
2022-09-20,2022-09-20,1333.87666856,8835904.38119979
2022-09-21,2022-09-21,1334.44690144,8848160.38567114
2022-09-22,2022-09-22,1335.14188754,8865106.79910452
2022-09-23,2022-09-23,1335.84390998,8880949.50438409
2022-09-24,2022-09-24,1336.6945371,8900105.99046149
2022-09-25,2022-09-25,1337.49906565,8918267.83440026
2022-09-26,2022-09-26,1338.18102384,8934310.86389538
2022-09-27,2022-09-27,1338.52815035,8944440.76473354
2022-09-28,2022-09-28,1339.15394066,8955735.07011439
2022-09-29,2022-09-29,1339.7801304,8969142.50808216
2022-09-30,2022-09-30,1340.25599575,8977884.82109119
2022-10-01,2022-10-01,1341.05791634,8996102.69980787
2022-10-02,2022-10-02,1341.87398153,9014400.06538232
2022-10-03,2022-10-03,1342.57930907,9030401.17712241
2022-10-04,2022-10-04,1343.22329067,9043561.42284337
2022-10-05,2022-10-05,1343.75295064,9055359.84538497
2022-10-06,2022-10-06,1344.421557,9070943.56850539
2022-10-07,2022-10-07,1345.00033286,9085632.70149144
2022-10-08,2022-10-08,1345.66632567,9096927.32126421
2022-10-09,2022-10-09,1346.49750573,9115553.64884007
2022-10-10,2022-10-10,1347.20304272,9131593.93465854
2022-10-11,2022-10-11,1347.77985326,9145571.12579276
2022-10-12,2022-10-12,1348.22913852,9153384.20319889
2022-10-13,2022-10-13,1348.91097158,9168777.92279053
2022-10-14,2022-10-14,1349.58507599,9184817.36467081
2022-10-15,2022-10-15,1350.42491534,9203660.68866502
2022-10-16,2022-10-16,1351.18704677,9220345.71498169
2022-10-17,2022-10-17,1350.91210803,9215790.27538647
2022-10-18,2022-10-18,1348.95747576,9213807.21596666
2022-10-19,2022-10-19,1349.47409488,9224881.62383927
2022-10-20,2022-10-20,1350.21730867,9240812.64654103
2022-10-21,2022-10-21,1350.93079367,9257416.81928402
2022-10-22,2022-10-22,1351.1754149,9264833.74710945
2022-10-23,2022-10-23,1351.95862226,9281716.62552062
2022-10-24,2022-10-24,1352.66775883,9297823.04895734
2022-10-25,2022-10-25,1352.9642297,9311190.32205782
2022-10-26,2022-10-26,1352.9004197,9310582.16675244
2022-10-27,2022-10-27,1353.19087274,9322695.20078237
2022-10-28,2022-10-28,1353.88107712,9337710.49064098
2022-10-29,2022-10-29,1354.63670454,9355138.27281884
2022-10-30,2022-10-30,1355.41881404,9370942.78148522
2022-10-31,2022-10-31,1356.01320494,9383481.38055244
2022-11-01,2022-11-01,1356.59353464,9395144.28379358
2022-11-02,2022-11-02,1356.58049644,9402421.8585058
2022-11-03,2022-11-03,1357.08662645,9415557.97219953
2022-11-04,2022-11-04,1356.03503432,9414002.45299769
2022-11-05,2022-11-05,1356.49314482,9427619.48506366
2022-11-06,2022-11-06,1356.95790539,9437222.11846789
2022-11-07,2022-11-07,1356.8123935,9408078.60323029
2022-11-08,2022-11-08,1357.00978078,9411763.00867958
2022-11-09,2022-11-09,1356.57304214,9389427.37904011
2022-11-10,2022-11-10,1356.62655056,9387264.02532375
2022-11-11,2022-11-11,1355.10570682,9379565.53985412
2022-11-12,2022-11-12,1354.40991625,9359093.82681708
2022-11-13,2022-11-13,1355.13015508,9374585.64941476
2022-11-14,2022-11-14,1355.33625575,9378929.82017106
2022-11-15,2022-11-15,1355.49988644,9377571.90223777
2022-11-16,2022-11-16,1354.62908877,9364592.81264383
2022-11-17,2022-11-17,1354.57734316,9348094.67949821
2022-11-18,2022-11-18,1351.58875769,9200794.33794115
2022-11-19,2022-11-19,1352.30453681,9214510.48329616
2022-11-20,2022-11-20,1352.74970024,9224039.34060333
2022-11-21,2022-11-21,1353.03397449,9223253.6280889
2022-11-22,2022-11-22,1353.08862857,9223092.57467373
2022-11-23,2022-11-23,1349.54885374,9221316.64267393
2022-11-24,2022-11-24,1350.03666109,9231950.72568949
2022-11-25,2022-11-25,1350.66703223,9244744.04321782
2022-11-26,2022-11-26,1351.40657615,9256005.37338268
2022-11-27,2022-11-27,1352.15085151,9272246.46335131
2022-11-28,2022-11-28,1352.57322636,9277909.02042121
2022-11-29,2022-11-29,1353.08173297,9289942.89144918
2022-11-30,2022-11-30,1353.63438638,9298152.54561084
2022-12-01,2022-12-01,1353.84640136,9306436.17991077
2022-12-02,2022-12-02,1354.30630949,9315979.08331195
2022-12-03,2022-12-03,1355.10649448,9332406.89359088
2022-12-04,2022-12-04,1355.74670791,9342854.10127075
2022-12-05,2022-12-05,1355.81035283,9330766.062738
2022-12-06,2022-12-06,1356.34816516,9337671.78859843
2022-12-07,2022-12-07,1356.99630075,9352764.95512092
2022-12-08,2022-12-08,1357.60966237,9364944.16042483
2022-12-09,2022-12-09,1357.93301361,9367402.12849681
2022-12-10,2022-12-10,1358.63789102,9384403.34284826
2022-12-11,2022-12-11,1359.32854638,9397834.0437807
2022-12-12,2022-12-12,1359.95991731,9411438.29661965
2022-12-13,2022-12-13,1360.31184045,9415551.39324094
2022-12-14,2022-12-14,1360.56438005,9417399.299406
2022-12-15,2022-12-15,1361.22890685,9431310.67315207
2022-12-16,2022-12-16,1361.74779411,9442452.42873055
2022-12-17,2022-12-17,1362.37200491,9456782.22988583
2022-12-18,2022-12-18,1363.10136561,9472580.76168913
2022-12-19,2022-12-19,1363.29983584,9475324.75508182
2022-12-20,2022-12-20,1364.02332421,9489805.21113011
2022-12-21,2022-12-21,1364.58792563,9497443.67755011
2022-12-22,2022-12-22,1365.18402166,9509460.95704653
2022-12-23,2022-12-23,1365.64363517,9521060.54915515
2022-12-24,2022-12-24,1366.40185062,9536019.90212889
2022-12-25,2022-12-25,1367.01945862,9546335.80482424
2022-12-26,2022-12-26,1367.81878819,9562801.9036074
2022-12-27,2022-12-27,1368.5105245,9574809.66313555
2022-12-28,2022-12-28,1368.51323195,9568895.79455076
2022-12-29,2022-12-29,1368.76513516,9572311.79339717
2022-12-30,2022-12-30,1369.1095692,9583207.95080866
2022-12-31,2022-12-31,1368.99927222,9561028.73282088
2023-01-01,2023-01-01,1369.72062602,9577338.2952571
2023-01-02,2023-01-02,1370.38921921,9591987.55422883
2023-01-03,2023-01-03,1370.88804795,9601683.82419454
2023-01-04,2023-01-04,1371.39344491,9610190.89029376
2023-01-05,2023-01-05,1370.7260313,9605224.83758954
2023-01-06,2023-01-06,1371.07756868,9611614.3941177
2023-01-07,2023-01-07,1371.58743828,9623715.31692105
2023-01-08,2023-01-08,1372.29337709,9638767.15277678
2023-01-09,2023-01-09,1372.92987474,9652811.08566479
2023-01-10,2023-01-10,1373.2255881,9657259.84298532
2023-01-11,2023-01-11,1373.60442172,9659902.61999183
2023-01-12,2023-01-12,1374.11741674,9671074.56431273
2023-01-13,2023-01-13,1374.62308836,9680927.75022377
2023-01-14,2023-01-14,1375.28372567,9693143.3660992
2023-01-15,2023-01-15,1375.92564508,9704789.21449425
2023-01-16,2023-01-16,1376.00718398,9712631.64836338
2023-01-17,2023-01-17,1376.56614949,9722897.91406214
2023-01-18,2023-01-18,1376.97584459,9729088.02996862
2023-01-19,2023-01-19,1377.50638105,9734730.37024684
2023-01-20,2023-01-20,1378.1286229,9745042.4778996
2023-01-21,2023-01-21,1378.81204374,9757040.24418215
2023-01-22,2023-01-22,1379.5860439,9773090.53311276
2023-01-23,2023-01-23,1380.24816717,9784061.62388182
2023-01-24,2023-01-24,1380.87613143,9797331.6224915
2023-01-25,2023-01-25,1381.48800913,9809388.57292564
2023-01-26,2023-01-26,1380.85364231,9782577.06668997
2023-01-27,2023-01-27,1381.09864347,9780330.14546187
2023-01-28,2023-01-28,1381.87222287,9796686.12516063
2023-01-29,2023-01-29,1382.63808675,9812601.66119594
2023-01-30,2023-01-30,1383.3162335,9826041.11243226
2023-01-31,2023-01-31,1383.92981356,9837569.32163449
2023-02-01,2023-02-01,1384.32784847,9845611.64529461
2023-02-02,2023-02-02,1385.05637538,9859283.62635854
2023-02-03,2023-02-03,1385.58897523,9869358.61828031
2023-02-04,2023-02-04,1386.37760953,9885412.14071767
2023-02-05,2023-02-05,1387.10151343,9900182.89046591
2023-02-06,2023-02-06,1387.78188344,9914457.2725542
2023-02-07,2023-02-07,1388.53761356,9928613.70948984
2023-02-08,2023-02-08,1389.14975558,9943812.15091177
2023-02-09,2023-02-09,1389.73861632,9955049.66279034
2023-02-10,2023-02-10,1390.31443948,9967579.74085381
2023-02-11,2023-02-11,1390.99982373,9982295.7380986
2023-02-12,2023-02-12,1391.75125378,9997919.35588003
2023-02-13,2023-02-13,1392.44330758,10011773.09364381
2023-02-14,2023-02-14,1393.19553917,10027078.67520048
2023-02-15,2023-02-15,1393.80343208,10039289.85379603
2023-02-16,2023-02-16,1394.37942684,10051500.63628826
2023-02-17,2023-02-17,1395.0550515,10064926.0863621
2023-02-18,2023-02-18,1395.86258374,10081181.79706493
2023-02-19,2023-02-19,1396.54356335,10095700.41123074
2023-02-20,2023-02-20,1397.32176013,10111478.54329085
2023-02-21,2023-02-21,1397.98062525,10124827.39227456
2023-02-22,2023-02-22,1398.51978545,10131611.35672744
2023-02-23,2023-02-23,1399.22907153,10146622.00748107
2023-02-24,2023-02-24,1399.68597686,10153855.69305354
2023-02-25,2023-02-25,1400.46442546,10168013.26569975
2023-02-26,2023-02-26,1401.20399336,10184068.60975677
2023-02-27,2023-02-27,1401.65732473,10193733.71620463
2023-02-28,2023-02-28,1401.83891522,10188973.10353862
2023-03-01,2023-03-01,1402.01243256,10183273.2561132
2023-03-02,2023-03-02,1402.67838131,10196077.05914482
2023-03-03,2023-03-03,1403.31214334,10209878.92751555
2023-03-04,2023-03-04,1404.02242114,10226032.28265331
2023-03-05,2023-03-05,1404.41430704,10228625.10220175
2023-03-06,2023-03-06,1404.96977356,10239262.11898444
2023-03-07,2023-03-07,1404.6072234,10206847.87552313
2023-03-08,2023-03-08,1405.24983309,10220137.50972968
2023-03-09,2023-03-09,1405.77052664,10231323.72092127
2023-03-10,2023-03-10,1406.41430293,10244431.94010912
2023-03-11,2023-03-11,1406.98556208,10257667.19763796
2023-03-12,2023-03-12,1407.7018313,10272442.4463985
2023-03-13,2023-03-13,1407.99549813,10280305.96072862
2023-03-14,2023-03-14,1408.1875249,10286613.67601761
2023-03-15,2023-03-15,1408.50877109,10292357.96346665
2023-03-16,2023-03-16,1408.95508405,10302619.52220138
2023-03-17,2023-03-17,1409.41164194,10310047.75427034
2023-03-18,2023-03-18,1410.11157785,10325214.41673585
2023-03-19,2023-03-19,1410.79914492,10338658.67723426
2023-03-20,2023-03-20,1411.3284725,10348628.23592555
2023-03-21,2023-03-21,1411.87599363,10360788.59020304
2023-03-22,2023-03-22,1412.32956887,10369637.86016363
2023-03-23,2023-03-23,1412.66576673,10376854.21689452
2023-03-24,2023-03-24,1413.11494309,10386533.18859084
2023-03-25,2023-03-25,1413.86495664,10401955.19187601
2023-03-26,2023-03-26,1414.53308252,10417227.81182802
2023-03-27,2023-03-27,1414.88089376,10424766.8106403
2023-03-28,2023-03-28,1415.55879367,10438866.5200406
2023-03-29,2023-03-29,1416.25573638,10452571.57205563
2023-03-30,2023-03-30,1412.46062148,10182688.6223209
2023-03-31,2023-03-31,1412.62067859,10186568.43813601
2023-04-01,2023-04-01,1413.32302861,10202029.50536253
2023-04-02,2023-04-02,1414.11855324,10218795.72593389
2023-04-03,2023-04-03,1414.68982868,10232312.70065528
2023-04-04,2023-04-04,1415.10578429,10237275.51127396
2023-04-05,2023-04-05,1415.40670247,10240707.99501338
2023-04-06,2023-04-06,1415.81060127,10243473.96456019
2023-04-07,2023-04-07,1416.33121424,10249953.5025855
2023-04-08,2023-04-08,1417.15002794,10267102.84884743
2023-04-09,2023-04-09,1417.99797936,10284843.22597619
2023-04-10,2023-04-10,1418.53917189,10293017.78695225
2023-04-11,2023-04-11,1418.408302,10283384.54781859
2023-04-12,2023-04-12,1418.35611682,10273857.14242244
2023-04-13,2023-04-13,1418.85717921,10283583.69733983
2023-04-14,2023-04-14,1419.14032989,10291572.68725921
2023-04-15,2023-04-15,1419.88380443,10306637.23668833
2023-04-16,2023-04-16,1420.64000012,10322276.10581764
2023-04-17,2023-04-17,1421.21965445,10332406.92533276
2023-04-18,2023-04-18,1421.84859255,10345603.17302982
2023-04-19,2023-04-19,1421.39169696,10358848.55926197
2023-04-20,2023-04-20,1422.06361559,10373048.49742725
2023-04-21,2023-04-21,1422.64046146,10386492.28280359
2023-04-22,2023-04-22,1423.44604051,10403313.12770216
2023-04-23,2023-04-23,1424.22537744,10419652.46927507
2023-04-24,2023-04-24,1424.86665833,10434619.69475734
2023-04-25,2023-04-25,1425.56019396,10447453.97627533
2023-04-26,2023-04-26,1426.19929148,10461279.72910219
2023-04-27,2023-04-27,1426.85453761,10475766.56072726
2023-04-28,2023-04-28,1427.4895463,10489951.47645451
2023-04-29,2023-04-29,1427.8950447,10500189.5538639
2023-04-30,2023-04-30,1428.73237909,10517223.8515135
2023-05-01,2023-05-01,1429.41320373,10531246.53121433
2023-05-02,2023-05-02,1430.08347224,10545395.44353118
2023-05-03,2023-05-03,1430.26163099,10546869.25267194
2023-05-04,2023-05-04,1430.92750737,10560412.77400219
2023-05-05,2023-05-05,1431.61566265,10573957.71175242
2023-05-06,2023-05-06,1432.44818697,10591029.14904124
2023-05-07,2023-05-07,1432.02915488,10586531.01717926
2023-05-08,2023-05-08,1432.51129547,10595908.67161532
2023-05-09,2023-05-09,1433.2533389,10611226.22648584
2023-05-10,2023-05-10,1433.78906053,10621923.92720602
2023-05-11,2023-05-11,1434.28829277,10631821.1747954
2023-05-12,2023-05-12,1434.79302295,10643369.35716064
2023-05-13,2023-05-13,1435.59041286,10659766.75917594
2023-05-14,2023-05-14,1436.11269901,10675435.09361796
2023-05-15,2023-05-15,1435.36948695,10682519.78877914
2023-05-16,2023-05-16,1435.80829152,10695179.9614507
2023-05-17,2023-05-17,1436.51056514,10709109.93820619
2023-05-18,2023-05-18,1437.19754915,10722168.99356689
2023-05-19,2023-05-19,1437.88843945,10736411.10223353
2023-05-20,2023-05-20,1438.67913315,10753554.44175686
2023-05-21,2023-05-21,1439.42523474,10768880.23447782
2023-05-22,2023-05-22,1439.37768114,10767939.6293038
2023-05-23,2023-05-23,1439.98634673,10779551.16321952
2023-05-24,2023-05-24,1440.59512031,10792128.10974555
2023-05-25,2023-05-25,1439.66256311,10779832.45054181
2023-05-26,2023-05-26,1440.14477184,10789965.07469371
2023-05-27,2023-05-27,1440.9497785,10806804.42059687
2023-05-28,2023-05-28,1441.61582853,10822636.16600698
2023-05-29,2023-05-29,1442.18524986,10834153.1750958
2023-05-30,2023-05-30,1442.56394441,10844114.17171921
2023-05-31,2023-05-31,1442.96252717,10853248.31961637
2023-06-01,2023-06-01,1443.30485987,10859490.09082167
2023-06-02,2023-06-02,1443.92964277,10872235.90100031
2023-06-03,2023-06-03,1444.69030659,10887569.04125603
2023-06-04,2023-06-04,1445.49823083,10903770.40054304
2023-06-05,2023-06-05,1445.96785259,10911836.85680678
2023-06-06,2023-06-06,1446.57395298,10924834.66797078
2023-06-07,2023-06-07,1447.26503487,10939024.00023301
2023-06-08,2023-06-08,1447.68810446,10953569.77684947
2023-06-09,2023-06-09,1448.3466293,10969536.9106059
2023-06-10,2023-06-10,1448.96692788,10978939.91986226
2023-06-11,2023-06-11,1449.70013396,10994094.43520255
2023-06-12,2023-06-12,1450.20603689,11005909.59038671
2023-06-13,2023-06-13,1450.67202645,11015380.86569069
2023-06-14,2023-06-14,1451.14041306,11023395.12085217
2023-06-15,2023-06-15,1451.56671535,11030801.87510528
2023-06-16,2023-06-16,1452.18930387,11043524.93754392
2023-06-17,2023-06-17,1452.95626939,11058932.84751788
2023-06-18,2023-06-18,1453.23618475,11069053.03917933
2023-06-19,2023-06-19,1453.61660079,11075947.50151845
2023-06-20,2023-06-20,1453.64877693,11068971.34248097
2023-06-21,2023-06-21,1453.4847316,11057211.59989393
2023-06-22,2023-06-22,1454.03982402,11067750.37634727
2023-06-23,2023-06-23,1453.95380027,11062470.03465944
2023-06-24,2023-06-24,1454.60218675,11077384.38631189
2023-06-25,2023-06-25,1455.22389851,11093217.88559275
2023-06-26,2023-06-26,1455.88450772,11107225.47971174
2023-06-27,2023-06-27,1456.29453069,11114740.43933727
2023-06-28,2023-06-28,1456.86028803,11125814.06421567
2023-06-29,2023-06-29,1456.86129149,11111834.6170261
2023-06-30,2023-06-30,1457.43323576,11123997.13522404
2023-07-01,2023-07-01,1456.72121199,11132036.84264903
2023-07-02,2023-07-02,1457.43048163,11148217.13565634
2023-07-03,2023-07-03,1458.00655986,11159894.36556832
2023-07-04,2023-07-04,1458.67192436,11173910.05282123
2023-07-05,2023-07-05,1459.36956331,11187378.12281444
2023-07-06,2023-07-06,1459.17234274,11155153.30370683
2023-07-07,2023-07-07,1459.87300822,11169750.38318732
2023-07-08,2023-07-08,1460.67328126,11186914.73744286
2023-07-09,2023-07-09,1461.40734286,11202983.3658846
2023-07-10,2023-07-10,1461.96500679,11212341.72880465
2023-07-11,2023-07-11,1462.24603851,11221698.47037402
2023-07-12,2023-07-12,1462.83561528,11233811.5059697
2023-07-13,2023-07-13,1463.22748358,11232580.5884533
2023-07-14,2023-07-14,1463.7205973,11243728.56057663
2023-07-15,2023-07-15,1464.53572211,11260951.36628916
2023-07-16,2023-07-16,1465.31954465,11277695.06719013
2023-07-17,2023-07-17,1465.73171158,11278090.15148131
2023-07-18,2023-07-18,1466.0688597,11282463.58276859
2023-07-19,2023-07-19,1466.49346514,11288798.14039456
2023-07-20,2023-07-20,1467.05641117,11299611.174236
2023-07-21,2023-07-21,1467.52830891,11301765.88850997
2023-07-22,2023-07-22,1468.07841433,11319506.84238683
2023-07-23,2023-07-23,1468.84172206,11335852.47018795
2023-07-24,2023-07-24,1469.37628252,11347485.84444379
2023-07-25,2023-07-25,1470.09881183,11360684.05068219
2023-07-26,2023-07-26,1470.8256078,11375389.44121595
2023-07-27,2023-07-27,1470.5824442,11352087.92502545
2023-07-28,2023-07-28,1468.33287715,11247131.95510789
2023-07-29,2023-07-29,1469.09867046,11263820.38102489
2023-07-30,2023-07-30,1469.89880591,11280641.98936707
2023-07-31,2023-07-31,1470.4205623,11288078.81114827
2023-08-01,2023-08-01,1471.17758152,11303402.42464276
2023-08-02,2023-08-02,1471.55232077,11301817.35317703
2023-08-03,2023-08-03,1472.31572832,11317525.94458804
2023-08-04,2023-08-04,1472.94857988,11329727.89184613
2023-08-05,2023-08-05,1473.78444177,11347226.96090057
2023-08-06,2023-08-06,1474.55812172,11363802.43619381
2023-08-07,2023-08-07,1475.27444498,11377410.89460843
2023-08-08,2023-08-08,1475.77365947,11383776.21934155
2023-08-09,2023-08-09,1476.40897067,11397003.34833624
2023-08-10,2023-08-10,1477.04135205,11408682.18416812
2023-08-11,2023-08-11,1477.76390865,11423879.44354012
2023-08-12,2023-08-12,1478.42896388,11439492.39749768
2023-08-13,2023-08-13,1479.16330022,11455308.90734773
2023-08-14,2023-08-14,1479.48957789,11464754.46787729
2023-08-15,2023-08-15,1480.0342652,11477038.1911523
2023-08-16,2023-08-16,1480.59927351,11488568.90697019
2023-08-17,2023-08-17,1481.00025562,11498533.4532919
2023-08-18,2023-08-18,1481.33462916,11502779.4899103
2023-08-19,2023-08-19,1482.15779308,11519641.8704925
2023-08-20,2023-08-20,1482.93119429,11536247.18706167
2023-08-21,2023-08-21,1483.52109513,11548841.93241671
2023-08-22,2023-08-22,1484.07044144,11560448.78976028
2023-08-23,2023-08-23,1484.74986913,11573133.82557443
2023-08-24,2023-08-24,1485.42286602,11585944.52693014
2023-08-25,2023-08-25,1486.11223899,11599740.08138012
2023-08-26,2023-08-26,1486.94155262,11616625.63574264
2023-08-27,2023-08-27,1487.53298379,11632644.64261441
2023-08-28,2023-08-28,1488.17758831,11646032.10471529
2023-08-29,2023-08-29,1488.37971439,11640151.76336722
2023-08-30,2023-08-30,1489.04441997,11653848.18384846
2023-08-31,2023-08-31,1489.64745544,11664729.99821535
2023-09-01,2023-09-01,1490.24766947,11677222.7395358
2023-09-02,2023-09-02,1491.06564723,11693856.9496283
2023-09-03,2023-09-03,1491.80891949,11708476.75067041
2023-09-04,2023-09-04,1492.47187533,11722925.21578694
2023-09-05,2023-09-05,1493.09762312,11735865.14637077
2023-09-06,2023-09-06,1493.68677522,11750036.96929115
2023-09-07,2023-09-07,1494.41242478,11765279.43422575
2023-09-08,2023-09-08,1495.14230309,11780586.68565522
2023-09-09,2023-09-09,1495.91536288,11795562.76879489
2023-09-10,2023-09-10,1496.74898946,11813077.21083731
2023-09-11,2023-09-11,1497.38548999,11824602.87250795
2023-09-12,2023-09-12,1498.04334189,11835637.32422215
2023-09-13,2023-09-13,1498.7964686,11850995.51780741
2023-09-14,2023-09-14,1499.33762174,11863577.93894292
2023-09-15,2023-09-15,1499.9556247,11878313.18035621
2023-09-16,2023-09-16,1500.74154473,11894331.29927989
2023-09-17,2023-09-17,1501.55764939,11911982.74961798
2023-09-18,2023-09-18,1501.83619416,11926089.21531972
2023-09-19,2023-09-19,1501.34011405,11934062.10757184
2023-09-20,2023-09-20,1501.82020938,11944360.72807184
2023-09-21,2023-09-21,1502.58014376,11959395.55546617
2023-09-22,2023-09-22,1503.38931016,11976469.84154446
2023-09-23,2023-09-23,1504.17685787,11992987.91790635
2023-09-24,2023-09-24,1504.94237112,12009907.39970413
2023-09-25,2023-09-25,1505.59868055,12023851.08156264
2023-09-26,2023-09-26,1506.23934544,12037104.46833242
2023-09-27,2023-09-27,1506.93713731,12050613.7042578
2023-09-28,2023-09-28,1507.52092012,12064440.37951986
2023-09-29,2023-09-29,1508.02269856,12073370.64395536
2023-09-30,2023-09-30,1508.76917641,12089285.94081523
2023-10-01,2023-10-01,1509.51878591,12103886.25635668
2023-10-02,2023-10-02,1509.53992488,12097097.61162207
2023-10-03,2023-10-03,1510.05692719,12109133.36303676
2023-10-04,2023-10-04,1510.41002872,12121751.59447148
2023-10-05,2023-10-05,1510.94691952,12130019.88824048
2023-10-06,2023-10-06,1511.39363465,12140400.86850286
2023-10-07,2023-10-07,1511.78386015,12151382.46721924
2023-10-08,2023-10-08,1512.57236396,12169133.97095453
2023-10-09,2023-10-09,1512.71481655,12176864.7798437
2023-10-10,2023-10-10,1513.28517178,12189488.34794756
2023-10-11,2023-10-11,1513.51823213,12192161.18851789
2023-10-12,2023-10-12,1514.1018258,12203615.5672948
2023-10-13,2023-10-13,1514.77644958,12217791.6575229
2023-10-14,2023-10-14,1514.51415955,12218839.50717822
2023-10-15,2023-10-15,1515.303478,12235632.82129609
2023-10-16,2023-10-16,1515.91838816,12246949.47304855
2023-10-17,2023-10-17,1516.43405816,12255603.8462695
2023-10-18,2023-10-18,1516.94141681,12265106.13744744
2023-10-19,2023-10-19,1516.9126119,12256574.14898294
2023-10-20,2023-10-20,1517.37769236,12262820.95785707
2023-10-21,2023-10-21,1518.10813585,12278336.50511426
2023-10-22,2023-10-22,1518.8224947,12293623.73713096
2023-10-23,2023-10-23,1519.02186527,12295978.22125649
2023-10-24,2023-10-24,1518.87244978,12289782.8503975
2023-10-25,2023-10-25,1519.29762709,12298019.0519697
2023-10-26,2023-10-26,1519.46087892,12302399.73232662
2023-10-27,2023-10-27,1519.89042087,12310982.98570439
2023-10-28,2023-10-28,1520.36594408,12324586.91700093
2023-10-29,2023-10-29,1520.98949498,12339771.03372085
2023-10-30,2023-10-30,1521.53730088,12349791.86417837
2023-10-31,2023-10-31,1521.91851083,12355638.14516285
2023-11-01,2023-11-01,1521.3106138,12356539.59509015
2023-11-02,2023-11-02,1521.90675611,12368172.87133467
2023-11-03,2023-11-03,1522.43697822,12377433.31496903
2023-11-04,2023-11-04,1523.13272302,12392138.38573855
2023-11-05,2023-11-05,1523.81965213,12406677.57529377
2023-11-06,2023-11-06,1524.5186508,12421034.18520294
2023-11-07,2023-11-07,1525.06878094,12432969.27326661
2023-11-08,2023-11-08,1525.68552721,12446518.65072093
2023-11-09,2023-11-09,1525.50683162,12433695.30677841
2023-11-10,2023-11-10,1525.96004669,12443638.51590623
2023-11-11,2023-11-11,1526.66836689,12458141.49468586
2023-11-12,2023-11-12,1527.38885495,12473431.82442481
2023-11-13,2023-11-13,1527.97356134,12486760.36159499
2023-11-14,2023-11-14,1528.57242308,12499568.79965011
2023-11-15,2023-11-15,1528.68289173,12502408.82569626
2023-11-16,2023-11-16,1529.16333163,12511705.64831165
2023-11-17,2023-11-17,1529.75038402,12523939.40393774
2023-11-18,2023-11-18,1530.46593292,12541376.56599517
2023-11-19,2023-11-19,1530.99209735,12555160.20546572
2023-11-20,2023-11-20,1531.45107393,12566232.41618208
2023-11-21,2023-11-21,1531.70197521,12570662.6977844
2023-11-22,2023-11-22,1531.80686731,12567179.57124507
2023-11-23,2023-11-23,1532.21159023,12576083.37494315
2023-11-24,2023-11-24,1533.1673485,12595263.86263238
2023-11-25,2023-11-25,1533.92881461,12611415.72973538
2023-11-26,2023-11-26,1534.54072871,12626101.2938059
2023-11-27,2023-11-27,1535.23058991,12640221.47457527
2023-11-28,2023-11-28,1535.81293854,12652299.36641058
2023-11-29,2023-11-29,1536.41934866,12663690.09159995
2023-11-30,2023-11-30,1535.68953863,12624097.84553796
2023-12-01,2023-12-01,1536.17581202,12633291.98637942
2023-12-02,2023-12-02,1536.86915088,12649149.53683181
2023-12-03,2023-12-03,1537.56135403,12663921.47616938
2023-12-04,2023-12-04,1537.49350382,12663973.30603797
2023-12-05,2023-12-05,1537.72017032,12665222.28763004
2023-12-06,2023-12-06,1537.57961805,12656273.99072911
2023-12-07,2023-12-07,1537.96691339,12664708.68761064
2023-12-08,2023-12-08,1538.37812671,12670678.35133082
2023-12-09,2023-12-09,1538.99836229,12684356.44704059
2023-12-10,2023-12-10,1539.68760241,12699209.45798319
2023-12-11,2023-12-11,1540.00356715,12705921.95475902
2023-12-12,2023-12-12,1539.94414425,12704740.64459087
2023-12-13,2023-12-13,1540.55174275,12717066.82748443
2023-12-14,2023-12-14,1541.20331054,12730440.4386556
2023-12-15,2023-12-15,1541.39614023,12737458.52809522
2023-12-16,2023-12-16,1541.89728011,12746234.44572996
2023-12-17,2023-12-17,1542.6818721,12763455.6602373
2023-12-18,2023-12-18,1542.72529779,12773172.46250845
2023-12-19,2023-12-19,1543.11541724,12778393.49196948
2023-12-20,2023-12-20,1543.45375462,12784867.50372518
2023-12-21,2023-12-21,1543.97008676,12795165.12739689
2023-12-22,2023-12-22,1544.05320555,12793134.54388059
2023-12-23,2023-12-23,1544.62941933,12806958.50395672
2023-12-24,2023-12-24,1544.52391853,12818436.29666298
2023-12-25,2023-12-25,1545.21019321,12834344.02575748
2023-12-26,2023-12-26,1545.74201079,12845037.33543286
2023-12-27,2023-12-27,1543.81455054,12835741.62303367
2023-12-28,2023-12-28,1544.29678398,12845543.83336587
2023-12-29,2023-12-29,1543.61752039,12804532.79488747
2023-12-30,2023-12-30,1544.07237259,12819655.82270296
2023-12-31,2023-12-31,1544.70200871,12833064.72790056
2024-01-01,2024-01-01,1545.42728261,12849008.66544949
2024-01-02,2024-01-02,1545.76556214,12854259.55046866
2024-01-03,2024-01-03,1546.14468695,12862074.99380219
2024-01-04,2024-01-04,1543.59332963,12784973.94167797
2024-01-05,2024-01-05,1544.07251628,12793462.78002479
2024-01-06,2024-01-06,1544.80060678,12809752.42727221
2024-01-07,2024-01-07,1545.52213213,12825566.0840715
2024-01-08,2024-01-08,1546.02968111,12835207.87084174
2024-01-09,2024-01-09,1546.26954879,12838666.95234324
2024-01-10,2024-01-10,1546.66176776,12846477.95970475
2024-01-11,2024-01-11,1546.98901981,12851887.35954573
2024-01-12,2024-01-12,1547.27516807,12854285.86056144
2024-01-13,2024-01-13,1547.99230511,12871022.59102269
2024-01-14,2024-01-14,1548.61307109,12887606.66330513
2024-01-15,2024-01-15,1549.22884352,12900903.24256271
2024-01-16,2024-01-16,1544.81009359,12880769.39612896
2024-01-17,2024-01-17,1544.47246814,12860447.24321966
2024-01-18,2024-01-18,1544.28287267,12851514.00267929
2024-01-19,2024-01-19,1544.36107963,12848789.98949085
2024-01-20,2024-01-20,1545.14497121,12867241.75804734
2024-01-21,2024-01-21,1545.91505418,12885667.45368353
2024-01-22,2024-01-22,1545.53131276,12864693.42650684
2024-01-23,2024-01-23,1545.31001244,12851341.61700371
2024-01-24,2024-01-24,1543.2970032,12817669.641957
2024-01-25,2024-01-25,1542.85869627,12809856.59997742
2024-01-26,2024-01-26,1542.94397942,12800927.59267344
2024-01-27,2024-01-27,1543.60127945,12817589.06822413
2024-01-28,2024-01-28,1544.36364176,12835156.30904095
2024-01-29,2024-01-29,1544.5805116,12829900.8885252
2024-01-30,2024-01-30,1544.41616606,12817196.933183
2024-01-31,2024-01-31,1544.31505126,12814741.96492225
2024-02-01,2024-02-01,1544.72782811,12820766.35465715
2024-02-02,2024-02-02,1544.9530807,12826490.47202784
2024-02-03,2024-02-03,1545.76819759,12845717.00983818
2024-02-04,2024-02-04,1546.35777252,12860816.64646608
2024-02-05,2024-02-05,1546.69402516,12868092.50703076
2024-02-06,2024-02-06,1546.24082178,12871757.31013542
2024-02-07,2024-02-07,1546.66438959,12881621.00310898
2024-02-08,2024-02-08,1547.15488147,12890645.78397676
2024-02-09,2024-02-09,1547.58855512,12897378.594011
2024-02-10,2024-02-10,1548.21538848,12911935.23150309
2024-02-11,2024-02-11,1548.81110142,12925861.60792781
2024-02-12,2024-02-12,1549.02900488,12924632.13775582
2024-02-13,2024-02-13,1549.41345096,12927388.45721468
2024-02-14,2024-02-14,1549.13328591,12914684.91828175
2024-02-15,2024-02-15,1549.31128331,12913958.43416042
2024-02-16,2024-02-16,1549.51029313,12912749.50407508
2024-02-17,2024-02-17,1550.1507777,12927838.46743582
2024-02-18,2024-02-18,1550.83439292,12944216.44847034
2024-02-19,2024-02-19,1549.6816664,12947847.2151034
2024-02-20,2024-02-20,1550.14032822,12954788.28357922
2024-02-21,2024-02-21,1550.3843338,12950409.41256429
2024-02-22,2024-02-22,1550.28812986,12951389.83323284
2024-02-23,2024-02-23,1550.46362501,12949647.06591657
2024-02-24,2024-02-24,1551.16512734,12966478.85665897
2024-02-25,2024-02-25,1551.83115252,12984206.36545018
2024-02-26,2024-02-26,1552.24500109,12991329.36399335
2024-02-27,2024-02-27,1552.17024618,12984290.29337311
2024-02-28,2024-02-28,1550.63903715,12936788.50360306
2024-02-29,2024-02-29,1549.98503947,12917204.3641745
2024-03-01,2024-03-01,1547.48950507,12890367.26092987
2024-03-02,2024-03-02,1548.09132584,12903696.46793946
2024-03-03,2024-03-03,1548.64390795,12917614.88545788
2024-03-04,2024-03-04,1548.16242613,12894558.68551043
2024-03-05,2024-03-05,1546.75411419,12853871.06457959
2024-03-06,2024-03-06,1544.1584608,12796193.9628284
2024-03-07,2024-03-07,1543.35843935,12777300.3056964
2024-03-08,2024-03-08,1542.76330148,12757421.52370034
2024-03-09,2024-03-09,1543.15071282,12768241.98256372
2024-03-10,2024-03-10,1543.04326797,12779205.14657921
2024-03-11,2024-03-11,1542.52864539,12756951.40265181
2024-03-12,2024-03-12,1542.41083904,12749233.39782487
2024-03-13,2024-03-13,1541.65042477,12716524.30852603
2024-03-14,2024-03-14,1540.6821625,12712492.45609515
2024-03-15,2024-03-15,1540.76069589,12712976.99655033
2024-03-16,2024-03-16,1541.31506112,12729876.31021356
2024-03-17,2024-03-17,1540.36545198,12741102.40873508
2024-03-18,2024-03-18,1540.44224092,12734699.17092559
2024-03-19,2024-03-19,1540.69350822,12735290.36637181
2024-03-20,2024-03-20,1540.8924399,12732478.9811769
2024-03-21,2024-03-21,1540.53600124,12713825.68132732
2024-03-22,2024-03-22,1539.56636048,12725454.87333695
2024-03-23,2024-03-23,1532.20340026,12661314.30601868
2024-03-24,2024-03-24,1532.50463345,12680845.97562063
2024-03-25,2024-03-25,1529.88639871,12592766.09142218
2024-03-26,2024-03-26,1529.50098412,12587423.05127449
2024-03-27,2024-03-27,1529.83180518,12595035.99189545
2024-03-28,2024-03-28,1528.66609574,12598763.79555494
2024-03-29,2024-03-29,1529.14567052,12615182.56666309
2024-03-30,2024-03-30,1529.77329117,12632597.63173133
2024-03-31,2024-03-31,1530.29384149,12646421.34050234
2024-04-01,2024-04-01,1527.53281187,12592797.6144476
2024-04-02,2024-04-02,1527.08244407,12582745.39003356
2024-04-03,2024-04-03,1527.50526839,12593519.03494866
2024-04-04,2024-04-04,1527.95780812,12605053.03768578
2024-04-05,2024-04-05,1528.57772623,12622144.1448205
2024-04-06,2024-04-06,1529.12535689,12641428.25863118
2024-04-07,2024-04-07,1529.77029289,12664023.13466813
2024-04-08,2024-04-08,1530.2142592,12672766.84953465
2024-04-09,2024-04-09,1530.53808288,12674765.45287265
2024-04-10,2024-04-10,1531.06894736,12687703.00107529
2024-04-11,2024-04-11,1531.66601029,12703663.44846653
2024-04-12,2024-04-12,1532.13088534,12720172.20287167
2024-04-13,2024-04-13,1532.78388758,12740299.50428253
2024-04-14,2024-04-14,1533.38732305,12759850.53406407
2024-04-15,2024-04-15,1533.80326164,12767081.15144588
2024-04-16,2024-04-16,1533.47923827,12773999.51156586
2024-04-17,2024-04-17,1533.94726969,12790126.07374144
2024-04-18,2024-04-18,1533.81396837,12781458.88316001
2024-04-19,2024-04-19,1534.15371846,12793128.81157444
2024-04-20,2024-04-20,1534.98097009,12817299.12154332
2024-04-21,2024-04-21,1535.77134903,12840243.00170619
2024-04-22,2024-04-22,1536.45365721,12860783.75625703
2024-04-23,2024-04-23,1536.98874603,12872718.09796747
2024-04-24,2024-04-24,1536.8171215,12865359.56462243
2024-04-25,2024-04-25,1537.39406834,12880351.80836156
2024-04-26,2024-04-26,1538.02092828,12893548.97550996
2024-04-27,2024-04-27,1538.5424888,12916286.83320292
2024-04-28,2024-04-28,1539.13721,12936414.00816088
2024-04-29,2024-04-29,1539.65684725,12951615.14175209
2024-04-30,2024-04-30,1539.85772563,12953717.8963317
2024-05-01,2024-05-01,1540.33087345,12964280.5088441
2024-05-02,2024-05-02,1540.88334152,12975877.67233001
2024-05-03,2024-05-03,1541.3768847,12989581.50915545
2024-05-04,2024-05-04,1542.17136243,13013123.59791558
2024-05-05,2024-05-05,1543.03930607,13038500.43509742
2024-05-06,2024-05-06,1543.51092754,13060391.62964253
2024-05-07,2024-05-07,1544.22870268,13080089.07511746
2024-05-08,2024-05-08,1544.83214952,13096054.94386023
2024-05-09,2024-05-09,1545.5314617,13115181.37726024
2024-05-10,2024-05-10,1546.25409031,13137050.94655064
2024-05-11,2024-05-11,1546.98447774,13160319.55282327
2024-05-12,2024-05-12,1547.505748,13183168.05186372
2024-05-13,2024-05-13,1548.12525844,13199366.66406384
2024-05-14,2024-05-14,1548.57837556,13215331.00814552
2024-05-15,2024-05-15,1547.4628039,13220723.60071714
2024-05-16,2024-05-16,1548.03906653,13234689.53906396
2024-05-17,2024-05-17,1548.59977284,13250478.74380974
2024-05-18,2024-05-18,1549.39980348,13273271.14262774
2024-05-19,2024-05-19,1550.10397017,13295602.11349075
2024-05-20,2024-05-20,1550.60659629,13310751.69730392
2024-05-21,2024-05-21,1551.0255586,13321681.09107927
2024-05-22,2024-05-22,1551.09475893,13337769.83309753
2024-05-23,2024-05-23,1551.43292261,13348871.40033518
2024-05-24,2024-05-24,1551.92588274,13364223.38868854
2024-05-25,2024-05-25,1552.76744103,13389681.71065512
2024-05-26,2024-05-26,1553.38630543,13411343.50423691
2024-05-27,2024-05-27,1553.81257844,13427729.28397468
2024-05-28,2024-05-28,1528.46666265,13421316.84177395
2024-05-29,2024-05-29,1529.12126756,13438838.21140822
2024-05-30,2024-05-30,1529.63577782,13448034.31163577
2024-05-31,2024-05-31,1530.2780502,13464810.34894098
2024-06-01,2024-06-01,1531.0404388,13487675.43815141
2024-06-02,2024-06-02,1531.76871522,13511479.9707142
2024-06-03,2024-06-03,1531.89613464,13511362.06587152
2024-06-04,2024-06-04,1532.3905537,13523026.32350246
2024-06-05,2024-06-05,1532.83298949,13535457.99605931
2024-06-06,2024-06-06,1532.82746347,13538428.46319805
2024-06-07,2024-06-07,1533.40809606,13554678.60938255
2024-06-08,2024-06-08,1534.07752984,13578590.4456696
2024-06-09,2024-06-09,1534.80675392,13602334.37503151
2024-06-10,2024-06-10,1535.45268849,13622245.0892157
2024-06-11,2024-06-11,1534.0955234,13620842.47660748
2024-06-12,2024-06-12,1534.51745952,13629939.66337267
2024-06-13,2024-06-13,1535.26040434,13652420.84351804
2024-06-14,2024-06-14,1535.87078212,13668617.31400329
2024-06-15,2024-06-15,1536.34177383,13687842.51108621
2024-06-16,2024-06-16,1537.18576885,13714679.35152994
2024-06-17,2024-06-17,1537.62057356,13727189.26927589
2024-06-18,2024-06-18,1538.28471759,13747329.20677518
2024-06-19,2024-06-19,1538.98643018,13768327.51890981
2024-06-20,2024-06-20,1539.67915256,13787664.25530894
2024-06-21,2024-06-21,1540.07700127,13801843.34031827
2024-06-22,2024-06-22,1538.08249201,13751980.24037094
2024-06-23,2024-06-23,1538.87793575,13777038.82945448
2024-06-24,2024-06-24,1538.88570733,13774959.91302572
2024-06-25,2024-06-25,1539.4891407,13792475.05703688
2024-06-26,2024-06-26,1539.93306884,13806860.71865962
2024-06-27,2024-06-27,1538.60063051,13777544.37079186
2024-06-28,2024-06-28,1539.0610049,13790886.94960849
2024-06-29,2024-06-29,1539.90679431,13817013.29719423
2024-06-30,2024-06-30,1540.68637464,13840484.20013932
2024-07-01,2024-07-01,1541.19289012,13853982.04570953
2024-07-02,2024-07-02,1541.8667901,13872837.99084005
2024-07-03,2024-07-03,1541.53584161,13890569.10466594
2024-07-04,2024-07-04,1541.73145203,13891164.03936165
2024-07-05,2024-07-05,1540.52600952,13851622.78925449
2024-07-06,2024-07-06,1541.10201602,13877162.92957527
2024-07-07,2024-07-07,1541.73763378,13900869.60914011
2024-07-08,2024-07-08,1542.41508486,13918582.6058929
2024-07-09,2024-07-09,1542.32860507,13920076.64239836
2024-07-10,2024-07-10,1542.46950525,13937726.31573923
2024-07-11,2024-07-11,1543.21966345,13961211.39550553
2024-07-12,2024-07-12,1543.76981401,13979789.74016508
2024-07-13,2024-07-13,1544.55565569,14005374.20054872
2024-07-14,2024-07-14,1545.18765827,14032045.70430999
2024-07-15,2024-07-15,1545.63736659,14043031.23696111
2024-07-16,2024-07-16,1546.16295245,14053123.39257892
2024-07-17,2024-07-17,1546.61982684,14068282.94731312
2024-07-18,2024-07-18,1546.79602268,14068890.14549219
2024-07-19,2024-07-19,1546.33265376,14057982.69948275
2024-07-20,2024-07-20,1547.11665429,14083375.74751644
2024-07-21,2024-07-21,1547.91049574,14109130.80946558
2024-07-22,2024-07-22,1548.49853193,14128296.97956449
2024-07-23,2024-07-23,1546.43830692,14111982.31221447
2024-07-24,2024-07-24,1546.94930443,14125887.74167
2024-07-25,2024-07-25,1547.01257356,14118024.91232421
2024-07-26,2024-07-26,1547.61938976,14136076.37547104
2024-07-27,2024-07-27,1548.18174998,14157041.91413872
2024-07-28,2024-07-28,1548.90324525,14183910.26689914
2024-07-29,2024-07-29,1549.05547347,14180175.47157282
2024-07-30,2024-07-30,1547.49673772,14076549.18124891
2024-07-31,2024-07-31,1548.10659536,14092221.81647415
2024-08-01,2024-08-01,1548.36237393,14105490.0673239
2024-08-02,2024-08-02,1548.88027067,14119514.95436197
2024-08-03,2024-08-03,1549.49024622,14144324.84369754
2024-08-04,2024-08-04,1550.14810951,14168622.14061938
2024-08-05,2024-08-05,1549.28859813,14145955.22389622
2024-08-06,2024-08-06,1549.97181421,14164004.14435497
2024-08-07,2024-08-07,1550.08644445,14175441.49124391
2024-08-08,2024-08-08,1550.70982193,14193536.94232439
2024-08-09,2024-08-09,1551.17782553,14206635.81728461
2024-08-10,2024-08-10,1551.33065109,14217298.19917037
2024-08-11,2024-08-11,1552.1452234,14242836.33716338
2024-08-12,2024-08-12,1552.73977834,14258617.37175078
2024-08-13,2024-08-13,1553.34627762,14273739.68674926
2024-08-14,2024-08-14,1554.05468283,14293811.90628055
2024-08-15,2024-08-15,1554.6304789,14311388.65363481
2024-08-16,2024-08-16,1555.29688932,14330561.14993526
2024-08-17,2024-08-17,1556.14165117,14357587.29176415
2024-08-18,2024-08-18,1556.92768569,14383511.6320108
2024-08-19,2024-08-19,1557.51338297,14400751.13962493
2024-08-20,2024-08-20,1558.11920984,14416287.68250517
2024-08-21,2024-08-21,1558.61777324,14431097.05332563
2024-08-22,2024-08-22,1559.26578314,14451131.65876238
2024-08-23,2024-08-23,1559.7500894,14463767.73369082
2024-08-24,2024-08-24,1560.5070974,14487376.61751444
2024-08-25,2024-08-25,1561.36589014,14515874.16140932
2024-08-26,2024-08-26,1562.02937408,14535854.32861971
2024-08-27,2024-08-27,1561.96998385,14510383.93943135
2024-08-28,2024-08-28,1562.58542129,14527691.10660524
2024-08-29,2024-08-29,1561.48487873,14536084.41529372
2024-08-30,2024-08-30,1562.19497707,14557502.11737705
2024-08-31,2024-08-31,1562.77533494,14583936.84653399
2024-09-01,2024-09-01,1563.63645909,14611989.65875242
2024-09-02,2024-09-02,1564.3865997,14634109.95823127
2024-09-03,2024-09-03,1564.92725077,14645023.2883432
2024-09-04,2024-09-04,1565.3780187,14663596.03668912
2024-09-05,2024-09-05,1566.02088277,14682006.80624945
2024-09-06,2024-09-06,1566.35561116,14694253.31755598
2024-09-07,2024-09-07,1567.21978375,14721979.58436434
2024-09-08,2024-09-08,1568.08672936,14749546.395101
2024-09-09,2024-09-09,1568.44392785,14763715.30854804
2024-09-10,2024-09-10,1568.90102276,14775761.60135944
2024-09-11,2024-09-11,1569.53896898,14793053.37245972
2024-09-12,2024-09-12,1570.17897577,14811652.17601283
2024-09-13,2024-09-13,1570.37606301,14818869.15629495
2024-09-14,2024-09-14,1571.18189459,14844212.21847765
2024-09-15,2024-09-15,1571.92257817,14871027.43983858
2024-09-16,2024-09-16,1572.24998606,14879828.97194404
2024-09-17,2024-09-17,1572.84469341,14897140.12736349
2024-09-18,2024-09-18,1573.22866917,14907740.50565909
2024-09-19,2024-09-19,1573.77511602,14924414.05716648
2024-09-20,2024-09-20,1574.04151493,14934961.20977632
2024-09-21,2024-09-21,1574.80583708,14959831.89452766
2024-09-22,2024-09-22,1575.59188078,14984887.41553956
2024-09-23,2024-09-23,1575.99210461,14992092.0682202
2024-09-24,2024-09-24,1576.59539109,15008026.91430051
2024-09-25,2024-09-25,1576.9446089,15016837.96772306
2024-09-26,2024-09-26,1577.07936922,15026688.12146751
2024-09-27,2024-09-27,1577.62969658,15038452.65529876
2024-09-28,2024-09-28,1578.35859971,15061907.31966672
2024-09-29,2024-09-29,1579.14933888,15088767.03091572
2024-09-30,2024-09-30,1579.68991276,15106579.4073284
2024-10-01,2024-10-01,1580.38622292,15128059.16823258
2024-10-02,2024-10-02,1581.04389827,15146590.51988811
2024-10-03,2024-10-03,1581.60648739,15161482.25559108
2024-10-04,2024-10-04,1582.10651727,15180519.62635405
2024-10-05,2024-10-05,1582.92198348,15208582.26791454
2024-10-06,2024-10-06,1583.71832911,15235128.34749604
2024-10-07,2024-10-07,1584.32398706,15250396.34226301
2024-10-08,2024-10-08,1581.08264935,15140135.36610494
2024-10-09,2024-10-09,1581.47133387,15149240.62178751
2024-10-10,2024-10-10,1581.99451672,15157707.62484249
2024-10-11,2024-10-11,1581.4634151,15137097.72522794
2024-10-12,2024-10-12,1582.06111703,15157741.94677573
2024-10-13,2024-10-13,1582.70363258,15182420.72710596
2024-10-14,2024-10-14,1583.15901375,15196444.16746645
2024-10-15,2024-10-15,1582.78088651,15176300.45349877
2024-10-16,2024-10-16,1583.31323754,15192460.06493097
2024-10-17,2024-10-17,1583.75274132,15205798.60526075
2024-10-18,2024-10-18,1584.10677921,15212239.95606811
2024-10-19,2024-10-19,1584.51523949,15224900.90510393
2024-10-20,2024-10-20,1584.500999,15228123.80906022
2024-10-21,2024-10-21,1584.13202918,15220900.64890578
2024-10-22,2024-10-22,1584.70051207,15238856.36990971
2024-10-23,2024-10-23,1585.24872439,15259407.9219504
2024-10-24,2024-10-24,1585.92434536,15282289.06743382
2024-10-25,2024-10-25,1586.38037865,15299969.98256798
2024-10-26,2024-10-26,1587.11947502,15326149.78367145
2024-10-27,2024-10-27,1587.84401921,15353097.35477524
2024-10-28,2024-10-28,1588.36153095,15368291.90440707
2024-10-29,2024-10-29,1588.4573209,15367250.38939471
2024-10-30,2024-10-30,1588.83492721,15382017.92806927
2024-10-31,2024-10-31,1589.27427787,15394005.45405868
2024-11-01,2024-11-01,1589.5440327,15401883.75895112
2024-11-02,2024-11-02,1590.16104112,15422168.59714537
2024-11-03,2024-11-03,1590.88204805,15447601.93359943
2024-11-04,2024-11-04,1591.31954953,15461220.98727247
2024-11-05,2024-11-05,1591.58303295,15459045.23426947
2024-11-06,2024-11-06,1589.52407627,15320190.39846394
2024-11-07,2024-11-07,1589.8049786,15328396.19121855
2024-11-08,2024-11-08,1589.77725392,15319998.70785549
2024-11-09,2024-11-09,1590.49734576,15344995.11097018
2024-11-10,2024-11-10,1590.79664518,15358399.3163326
2024-11-11,2024-11-11,1590.34170484,15338870.84032371
2024-11-12,2024-11-12,1589.47651201,15310533.89352064
2024-11-13,2024-11-13,1588.70446517,15296794.76389116
2024-11-14,2024-11-14,1586.87070843,15237868.47942848
2024-11-15,2024-11-15,1585.46076228,15239094.99553143
2024-11-16,2024-11-16,1585.90287726,15259050.50634316
2024-11-17,2024-11-17,1586.40493062,15283447.40373848
2024-11-18,2024-11-18,1586.53262251,15285790.99901737
2024-11-19,2024-11-19,1585.63021599,15247840.40158267
2024-11-20,2024-11-20,1584.92875103,15220340.10693873
2024-11-21,2024-11-21,1583.25102809,15166531.48824283
2024-11-22,2024-11-22,1582.30233743,15130843.19613082
2024-11-23,2024-11-23,1582.33045252,15130382.37664757
2024-11-24,2024-11-24,1582.72298176,15148640.17784133
2024-11-25,2024-11-25,1582.3261301,15131974.18012364
2024-11-26,2024-11-26,1581.2527876,15130806.43942825
2024-11-27,2024-11-27,1580.68475436,15140740.77922462
2024-11-28,2024-11-28,1580.29052416,15157580.90407651
2024-11-29,2024-11-29,1580.57878419,15170945.31469809
2024-11-30,2024-11-30,1581.19647022,15197005.14175721
2024-12-01,2024-12-01,1581.79823328,15222685.20654598
2024-12-02,2024-12-02,1581.18255231,15227592.97724045
2024-12-03,2024-12-03,1580.04849109,15238026.19377381
2024-12-04,2024-12-04,1580.1587541,15241332.93962458
2024-12-05,2024-12-05,1578.04410367,15140230.80798806
2024-12-06,2024-12-06,1576.62697736,15032634.52281598
2024-12-07,2024-12-07,1577.14833098,15052921.76930581
2024-12-08,2024-12-08,1577.68054261,15077837.71753423
2024-12-09,2024-12-09,1576.32586908,15037990.36315908
2024-12-10,2024-12-10,1576.55005251,15039954.99987929
2024-12-11,2024-12-11,1575.83471134,15040251.2243138
2024-12-12,2024-12-12,1576.2311967,15055221.35941462
2024-12-13,2024-12-13,1576.22514637,15054560.52739956
2024-12-14,2024-12-14,1576.708399,15082017.77584094
2024-12-15,2024-12-15,1577.12724211,15096934.63056495
2024-12-16,2024-12-16,1576.63934011,15065848.38815513
2024-12-17,2024-12-17,1576.07991007,15035810.29680591
2024-12-18,2024-12-18,1575.38786862,15040695.79335386
2024-12-19,2024-12-19,1573.96045958,14983704.29816467
2024-12-20,2024-12-20,1573.16425667,14979542.6667907
2024-12-21,2024-12-21,1573.80742911,15008651.55448987
2024-12-22,2024-12-22,1574.25809548,15038267.10935772
2024-12-23,2024-12-23,1573.0563373,14980023.66668353
2024-12-24,2024-12-24,1571.80089722,14953153.10040342
2024-12-25,2024-12-25,1572.47650632,14986146.3995188
2024-12-26,2024-12-26,1572.82563374,15005038.39572327
2024-12-27,2024-12-27,1572.35358307,15024306.40368942
2024-12-28,2024-12-28,1572.93307729,15056942.51755863
2024-12-29,2024-12-29,1572.59364663,15075499.5594294
