start_time,date,nrpl
2021-01-01,2021-01-01,1890077056.171835
2021-01-02,2021-01-02,2991779883.461275
2021-01-03,2021-01-03,3124216421.440317
2021-01-04,2021-01-04,2678476865.323674
2021-01-05,2021-01-05,2647468843.604923
2021-01-06,2021-01-06,3198175638.3440466
2021-01-07,2021-01-07,5582526003.462316
2021-01-08,2021-01-08,5076369285.3150425
2021-01-09,2021-01-09,3407575478.164597
2021-01-10,2021-01-10,1723423047.2965426
2021-01-11,2021-01-11,1055826304.1017526
2021-01-12,2021-01-12,1344937002.6682355
2021-01-13,2021-01-13,1117785512.235547
2021-01-14,2021-01-14,2230246104.9304285
2021-01-15,2021-01-15,1205667003.6262338
2021-01-16,2021-01-16,756994082.4793428
2021-01-17,2021-01-17,512971681.9848896
2021-01-18,2021-01-18,1193503000.419567
2021-01-19,2021-01-19,1012047227.7356232
2021-01-20,2021-01-20,387057902.8428865
2021-01-21,2021-01-21,107648560.88811186
2021-01-22,2021-01-22,145633190.52628252
2021-01-23,2021-01-23,295936432.7990949
2021-01-24,2021-01-24,176315081.41706628
2021-01-25,2021-01-25,487296485.1995666
2021-01-26,2021-01-26,149042158.2867436
2021-01-27,2021-01-27,1206942542.9003415
2021-01-28,2021-01-28,903570183.0132812
2021-01-29,2021-01-29,2043950520.741024
2021-01-30,2021-01-30,533083147.79795927
2021-01-31,2021-01-31,643500762.9352206
2021-02-01,2021-02-01,419377502.15034515
2021-02-02,2021-02-02,1001552906.9762534
2021-02-03,2021-02-03,976964267.928864
2021-02-04,2021-02-04,1488951460.0432386
2021-02-05,2021-02-05,1879511644.61134
2021-02-06,2021-02-06,1237927466.0704494
2021-02-07,2021-02-07,1017542994.7171133
2021-02-08,2021-02-08,2652581643.25563
2021-02-09,2021-02-09,5193138541.558998
2021-02-10,2021-02-10,2716726801.4990687
2021-02-11,2021-02-11,2231809307.7098045
2021-02-12,2021-02-12,2298547848.7886276
2021-02-13,2021-02-13,1036581554.28753
2021-02-14,2021-02-14,969559944.3380208
2021-02-15,2021-02-15,2740623623.513178
2021-02-16,2021-02-16,1650216123.3042843
2021-02-17,2021-02-17,2781460067.072556
2021-02-18,2021-02-18,3087475394.6099997
2021-02-19,2021-02-19,4949588187.4471245
2021-02-20,2021-02-20,3690009530.4112735
2021-02-21,2021-02-21,2296040874.242572
2021-02-22,2021-02-22,2002874980.3229427
2021-02-23,2021-02-23,2608047070.36494
2021-02-24,2021-02-24,2270822349.7946324
2021-02-25,2021-02-25,1779504900.1785636
2021-02-26,2021-02-26,2235289647.4692006
2021-02-27,2021-02-27,-237543269.78578755
2021-02-28,2021-02-28,258541266.14304507
2021-03-01,2021-03-01,1286814665.9578354
2021-03-02,2021-03-02,1396091391.5644605
2021-03-03,2021-03-03,1144029605.8947308
2021-03-04,2021-03-04,827659216.0001456
2021-03-05,2021-03-05,820225031.6380029
2021-03-06,2021-03-06,488429956.824457
2021-03-07,2021-03-07,618568141.5279049
2021-03-08,2021-03-08,1557152125.5614743
2021-03-09,2021-03-09,1733489201.556047
2021-03-10,2021-03-10,1923961261.4338903
2021-03-11,2021-03-11,3145801689.8572464
2021-03-12,2021-03-12,2435530915.351405
2021-03-13,2021-03-13,1848052111.9530168
2021-03-14,2021-03-14,1810806110.523618
2021-03-15,2021-03-15,1068138878.3929156
2021-03-16,2021-03-16,1847211361.5755231
2021-03-17,2021-03-17,1562452435.7395782
2021-03-18,2021-03-18,1075559272.2287934
2021-03-19,2021-03-19,878007542.1118394
2021-03-20,2021-03-20,987339598.644298
2021-03-21,2021-03-21,757365039.4135559
2021-03-22,2021-03-22,1206708527.4348538
2021-03-23,2021-03-23,1806643501.4847531
2021-03-24,2021-03-24,1340942485.3568406
2021-03-25,2021-03-25,1221571719.2398546
2021-03-26,2021-03-26,1032597214.2207172
2021-03-27,2021-03-27,1501154011.4597423
2021-03-28,2021-03-28,623594526.9540488
2021-03-29,2021-03-29,1382275574.5090816
2021-03-30,2021-03-30,1577038044.8390336
2021-03-31,2021-03-31,1568465340.0313556
2021-04-01,2021-04-01,2007478458.8067243
2021-04-02,2021-04-02,1331347093.2221074
2021-04-03,2021-04-03,390471303.51615065
2021-04-04,2021-04-04,507206687.9820504
2021-04-05,2021-04-05,827075389.824898
2021-04-06,2021-04-06,5476999126.178066
2021-04-07,2021-04-07,699474722.3078487
2021-04-08,2021-04-08,878202127.2794359
2021-04-09,2021-04-09,786166590.5409925
2021-04-10,2021-04-10,1105395356.9854758
2021-04-11,2021-04-11,1242125926.0001774
2021-04-12,2021-04-12,1588734748.4423242
2021-04-13,2021-04-13,2414126607.6416674
2021-04-14,2021-04-14,2905854406.47596
2021-04-15,2021-04-15,2083082428.1445384
2021-04-16,2021-04-16,972598282.1219412
2021-04-17,2021-04-17,927741892.3570118
2021-04-18,2021-04-18,3897727078.927443
2021-04-19,2021-04-19,235175090.8858114
2021-04-20,2021-04-20,653496077.9208524
2021-04-21,2021-04-21,307983093.25174135
2021-04-22,2021-04-22,1079823981.796402
2021-04-23,2021-04-23,-187427309.01116684
2021-04-24,2021-04-24,642817213.0472759
2021-04-25,2021-04-25,15415995.64903118
2021-04-26,2021-04-26,1093335971.0001314
2021-04-27,2021-04-27,1614299575.6483953
2021-04-28,2021-04-28,670884628.6720792
2021-04-29,2021-04-29,1238058301.988347
2021-04-30,2021-04-30,1651245058.6307385
2021-05-01,2021-05-01,648781566.342632
2021-05-02,2021-05-02,521124307.0032015
2021-05-03,2021-05-03,1060214020.2283412
2021-05-04,2021-05-04,597709435.4988853
2021-05-05,2021-05-05,1031945540.8623676
2021-05-06,2021-05-06,1238652815.8515365
2021-05-07,2021-05-07,2579642479.0922294
2021-05-08,2021-05-08,837398246.8469042
2021-05-09,2021-05-09,786772037.4785408
2021-05-10,2021-05-10,827470370.5411476
2021-05-11,2021-05-11,315268948.3658132
2021-05-12,2021-05-12,1635753816.32872
2021-05-13,2021-05-13,-334651994.2381811
2021-05-14,2021-05-14,94432504.94186722
2021-05-15,2021-05-15,34706374.39771154
2021-05-16,2021-05-16,-202826102.6156479
2021-05-17,2021-05-17,-958713300.445527
2021-05-18,2021-05-18,-319248791.35029376
2021-05-19,2021-05-19,-2665965676.1754475
2021-05-20,2021-05-20,-1442256003.7757182
2021-05-21,2021-05-21,-700060360.7791308
2021-05-22,2021-05-22,-703960008.936995
2021-05-23,2021-05-23,-627765064.9011024
2021-05-24,2021-05-24,819589399.3415567
2021-05-25,2021-05-25,-552370159.0560232
2021-05-26,2021-05-26,276106060.27354544
2021-05-27,2021-05-27,-301991271.58013105
2021-05-28,2021-05-28,-660286443.3082025
2021-05-29,2021-05-29,-418287645.8472323
2021-05-30,2021-05-30,299805725.4325501
2021-05-31,2021-05-31,-96875143.52238658
2021-06-01,2021-06-01,240698398.73381823
2021-06-02,2021-06-02,-12159403.01472482
2021-06-03,2021-06-03,287592013.3179301
2021-06-04,2021-06-04,-550320578.4958464
2021-06-05,2021-06-05,-237194068.406292
2021-06-06,2021-06-06,-184649245.7266726
2021-06-07,2021-06-07,-356637708.2744668
2021-06-08,2021-06-08,-1345015571.43901
2021-06-09,2021-06-09,472004324.2260864
2021-06-10,2021-06-10,115485407.37397853
2021-06-11,2021-06-11,199304164.62721944
2021-06-12,2021-06-12,-219212075.88375333
2021-06-13,2021-06-13,111563345.98173933
2021-06-14,2021-06-14,702843466.2705395
2021-06-15,2021-06-15,339928996.84164584
2021-06-16,2021-06-16,63573583.18004098
2021-06-17,2021-06-17,-394641810.8571507
2021-06-18,2021-06-18,-268020259.5641045
2021-06-19,2021-06-19,-143998643.15830782
2021-06-20,2021-06-20,-148069202.96998104
2021-06-21,2021-06-21,-910557711.2084466
2021-06-22,2021-06-22,-605872338.8444104
2021-06-23,2021-06-23,-19723032.89649157
2021-06-24,2021-06-24,-58760657.71676422
2021-06-25,2021-06-25,-3448028508.27391
2021-06-26,2021-06-26,-509770966.2395648
2021-06-27,2021-06-27,173215337.00810567
2021-06-28,2021-06-28,78481884.15116358
2021-06-29,2021-06-29,109284034.2717548
2021-06-30,2021-06-30,-284521149.7365131
2021-07-01,2021-07-01,-395568470.5759097
2021-07-02,2021-07-02,-1024837205.3238395
2021-07-03,2021-07-03,49840238.05609315
2021-07-04,2021-07-04,112602489.24098216
2021-07-05,2021-07-05,-103093404.0545354
2021-07-06,2021-07-06,-58026258.66881927
2021-07-07,2021-07-07,61059624.88488367
2021-07-08,2021-07-08,-395027993.82219315
2021-07-09,2021-07-09,29311038.05379942
2021-07-10,2021-07-10,-32828461.05987023
2021-07-11,2021-07-11,27067286.71165281
2021-07-12,2021-07-12,144335594.6894358
2021-07-13,2021-07-13,-232909298.4443796
2021-07-14,2021-07-14,-277623683.3004202
2021-07-15,2021-07-15,-479275616.22100216
2021-07-16,2021-07-16,-315553244.31837946
2021-07-17,2021-07-17,1417401909.824038
2021-07-18,2021-07-18,-164804224.31034124
2021-07-19,2021-07-19,-202699480.0696748
2021-07-20,2021-07-20,-213970324.8503442
2021-07-21,2021-07-21,35253818.10436364
2021-07-22,2021-07-22,196472976.68391484
2021-07-23,2021-07-23,-908492856.5686588
2021-07-24,2021-07-24,86889848.99941447
2021-07-25,2021-07-25,34798613.93973556
2021-07-26,2021-07-26,1838200556.3561168
2021-07-27,2021-07-27,2410841184.117898
2021-07-28,2021-07-28,1766715480.8834083
2021-07-29,2021-07-29,4315728614.219335
2021-07-30,2021-07-30,330884914.47200793
2021-07-31,2021-07-31,261844004.22420067
2021-08-01,2021-08-01,130169442.42949316
2021-08-02,2021-08-02,102958061.27511925
2021-08-03,2021-08-03,-136286109.8954045
2021-08-04,2021-08-04,241337297.19457033
2021-08-05,2021-08-05,225386302.35183975
2021-08-06,2021-08-06,624257294.6082767
2021-08-07,2021-08-07,409929602.1572982
2021-08-08,2021-08-08,306074506.7213204
2021-08-09,2021-08-09,930777905.4113483
2021-08-10,2021-08-10,644715223.3848984
2021-08-11,2021-08-11,535227661.8880947
2021-08-12,2021-08-12,246028069.36515364
2021-08-13,2021-08-13,690454718.7384917
2021-08-14,2021-08-14,865230091.9371077
2021-08-15,2021-08-15,167565822.4821032
2021-08-16,2021-08-16,460416648.1230231
2021-08-17,2021-08-17,230544823.4922854
2021-08-18,2021-08-18,499317414.14754605
2021-08-19,2021-08-19,493823318.1732488
2021-08-20,2021-08-20,785224394.9909077
2021-08-21,2021-08-21,520116124.1465565
2021-08-22,2021-08-22,356329047.5056021
2021-08-23,2021-08-23,1033014503.2732714
2021-08-24,2021-08-24,247709506.03770575
2021-08-25,2021-08-25,1689399364.366164
2021-08-26,2021-08-26,453892275.19533664
2021-08-27,2021-08-27,390852917.3039921
2021-08-28,2021-08-28,319702789.7548308
2021-08-29,2021-08-29,193832857.11420655
2021-08-30,2021-08-30,346127196.8020768
2021-08-31,2021-08-31,408330507.42133415
2021-09-01,2021-09-01,487896170.4080609
2021-09-02,2021-09-02,801664976.5604218
2021-09-03,2021-09-03,575779133.1692853
2021-09-04,2021-09-04,382117437.1248364
2021-09-05,2021-09-05,287657642.9190786
2021-09-06,2021-09-06,583997482.6489141
2021-09-07,2021-09-07,-272391562.82874936
2021-09-08,2021-09-08,10962698.56708885
2021-09-09,2021-09-09,668003635.544883
2021-09-10,2021-09-10,-13783214.6463621
2021-09-11,2021-09-11,72004867.81633422
2021-09-12,2021-09-12,161013709.85578206
2021-09-13,2021-09-13,-153726331.20922172
2021-09-14,2021-09-14,512394958.9095327
2021-09-15,2021-09-15,746160051.3986236
2021-09-16,2021-09-16,501272398.4504986
2021-09-17,2021-09-17,236869363.3926483
2021-09-18,2021-09-18,281777548.65671843
2021-09-19,2021-09-19,119090413.9455407
2021-09-20,2021-09-20,-651940996.639247
2021-09-21,2021-09-21,-645203687.9623504
2021-09-22,2021-09-22,263147726.70628655
2021-09-23,2021-09-23,164753876.38651454
2021-09-24,2021-09-24,-395359794.9556146
2021-09-25,2021-09-25,-8951077.65524241
2021-09-26,2021-09-26,2653284132.159724
2021-09-27,2021-09-27,187953007.8154737
2021-09-28,2021-09-28,-354244272.9628826
2021-09-29,2021-09-29,32088128.88895579
2021-09-30,2021-09-30,515218357.86562896
2021-10-01,2021-10-01,1064430420.79661
2021-10-02,2021-10-02,644835706.385783
2021-10-03,2021-10-03,279874386.8476431
2021-10-04,2021-10-04,532760108.7553147
2021-10-05,2021-10-05,1047446513.1969296
2021-10-06,2021-10-06,2803096968.556783
2021-10-07,2021-10-07,1739305416.0536628
2021-10-08,2021-10-08,757501533.3288815
2021-10-09,2021-10-09,493904381.3917489
2021-10-10,2021-10-10,650943102.1813412
2021-10-11,2021-10-11,1092488829.1123924
2021-10-12,2021-10-12,1091614633.172714
2021-10-13,2021-10-13,929734504.7196498
2021-10-14,2021-10-14,1260288692.9801586
2021-10-15,2021-10-15,2031501342.4248028
2021-10-16,2021-10-16,946562854.4423
2021-10-17,2021-10-17,450872541.3578483
2021-10-18,2021-10-18,1598303968.2413623
2021-10-19,2021-10-19,3077360965.8734155
2021-10-20,2021-10-20,2931194250.5107074
2021-10-21,2021-10-21,1799471577.360889
2021-10-22,2021-10-22,248376198.4572903
2021-10-23,2021-10-23,356841937.9578617
2021-10-24,2021-10-24,860848899.9396627
2021-10-25,2021-10-25,1751790880.9884105
2021-10-26,2021-10-26,948545679.4137932
2021-10-27,2021-10-27,-226532284.92090943
2021-10-28,2021-10-28,954071364.9810818
2021-10-29,2021-10-29,1023682960.955492
2021-10-30,2021-10-30,375195441.44836587
2021-10-31,2021-10-31,823217754.882326
2021-11-01,2021-11-01,2037714924.7360408
2021-11-02,2021-11-02,2607050894.0492806
2021-11-03,2021-11-03,1702847154.2765007
2021-11-04,2021-11-04,232778181.21732655
2021-11-05,2021-11-05,1103237968.3501894
2021-11-06,2021-11-06,478876439.33744293
2021-11-07,2021-11-07,382980945.6448084
2021-11-08,2021-11-08,2571572790.775137
2021-11-09,2021-11-09,1788167628.3259025
2021-11-10,2021-11-10,1410897712.2670362
2021-11-11,2021-11-11,850516492.6392425
2021-11-12,2021-11-12,5863687906.291723
2021-11-13,2021-11-13,380810772.7928276
2021-11-14,2021-11-14,287087640.37982523
2021-11-15,2021-11-15,1231367288.2250082
2021-11-16,2021-11-16,626658890.935066
2021-11-17,2021-11-17,587805198.14765
2021-11-18,2021-11-18,-504085877.9834649
2021-11-19,2021-11-19,-3856548.06006087
2021-11-20,2021-11-20,308654258.5562144
2021-11-21,2021-11-21,127576386.83831324
2021-11-22,2021-11-22,-346211868.9692743
2021-11-23,2021-11-23,79613547.37514652
2021-11-24,2021-11-24,218616853.77936697
2021-11-25,2021-11-25,3331770385.5962024
2021-11-26,2021-11-26,-859525725.9856654
2021-11-27,2021-11-27,-99514675.4082688
2021-11-28,2021-11-28,210234281.86325803
2021-11-29,2021-11-29,900415185.5912445
2021-11-30,2021-11-30,370650889.9034444
2021-12-01,2021-12-01,794242025.3869904
2021-12-02,2021-12-02,-39886122.01200509
2021-12-03,2021-12-03,-317147799.6747586
2021-12-04,2021-12-04,-2166319251.6703815
2021-12-05,2021-12-05,-237542255.61507308
2021-12-06,2021-12-06,-588909761.2519982
2021-12-07,2021-12-07,1315888639.5060515
2021-12-08,2021-12-08,-231135694.33794975
2021-12-09,2021-12-09,-589274879.2069806
2021-12-10,2021-12-10,-245953724.7665116
2021-12-11,2021-12-11,168377123.39089093
2021-12-12,2021-12-12,72298644.32627444
2021-12-13,2021-12-13,-365182346.9879474
2021-12-14,2021-12-14,183550121.4605179
2021-12-15,2021-12-15,3185159.94232067
2021-12-16,2021-12-16,80903420.37738498
2021-12-17,2021-12-17,-454838735.79329085
2021-12-18,2021-12-18,-51006215.03626427
2021-12-19,2021-12-19,20176633.24529606
2021-12-20,2021-12-20,-387911323.13399816
2021-12-21,2021-12-21,399465051.5416988
2021-12-22,2021-12-22,183637727.61318097
2021-12-23,2021-12-23,368118171.983026
2021-12-24,2021-12-24,418771083.8074143
2021-12-25,2021-12-25,-45969689.9350964
2021-12-26,2021-12-26,32145278.55033934
2021-12-27,2021-12-27,389562312.2190806
2021-12-28,2021-12-28,-428983708.83725154
2021-12-29,2021-12-29,-342750317.04245555
2021-12-30,2021-12-30,30606502.75411579
2021-12-31,2021-12-31,43092427.15415857
2022-01-01,2022-01-01,77479255.98178458
2022-01-02,2022-01-02,-30515687.49804415
2022-01-03,2022-01-03,-229831647.35334376
2022-01-04,2022-01-04,-276583623.6132809
2022-01-05,2022-01-05,-180456035.28812104
2022-01-06,2022-01-06,-882842561.4613357
2022-01-07,2022-01-07,-896656352.3884741
2022-01-08,2022-01-08,-221588065.23949105
2022-01-09,2022-01-09,-98244190.5821588
2022-01-10,2022-01-10,-297170877.893392
2022-01-11,2022-01-11,-178497709.82523125
2022-01-12,2022-01-12,303239876.3930481
2022-01-13,2022-01-13,-213385320.375606
2022-01-14,2022-01-14,-104616272.3331527
2022-01-15,2022-01-15,63820917.26488112
2022-01-16,2022-01-16,7154792.7095606
2022-01-17,2022-01-17,-462007917.3084288
2022-01-18,2022-01-18,-258235732.33635357
2022-01-19,2022-01-19,-597328676.908336
2022-01-20,2022-01-20,-220984316.2715872
2022-01-21,2022-01-21,-2508083445.178344
2022-01-22,2022-01-22,-977075795.2066787
2022-01-23,2022-01-23,-174794511.13710558
2022-01-24,2022-01-24,-920840214.282328
2022-01-25,2022-01-25,-49896419.52066439
2022-01-26,2022-01-26,-165215108.42766175
2022-01-27,2022-01-27,-500282986.85030407
2022-01-28,2022-01-28,-566593585.8972031
2022-01-29,2022-01-29,-788138950.5082332
2022-01-30,2022-01-30,-396662447.6116723
2022-01-31,2022-01-31,-190617769.1262205
2022-02-01,2022-02-01,2457628387.9140854
2022-02-02,2022-02-02,-300977116.92313445
2022-02-03,2022-02-03,-345886866.2328202
2022-02-04,2022-02-04,623020402.6456559
2022-02-05,2022-02-05,344779042.0073938
2022-02-06,2022-02-06,35796803.90804997
2022-02-07,2022-02-07,773270506.788776
2022-02-08,2022-02-08,368350181.0197398
2022-02-09,2022-02-09,260269101.5042041
2022-02-10,2022-02-10,448664241.0862208
2022-02-11,2022-02-11,122798613.1157656
2022-02-12,2022-02-12,149189225.75810316
2022-02-13,2022-02-13,29719162.87038336
2022-02-14,2022-02-14,-58484481.30777379
2022-02-15,2022-02-15,517031664.329745
2022-02-16,2022-02-16,181696168.23334205
2022-02-17,2022-02-17,-336043232.8129987
2022-02-18,2022-02-18,-389950111.3995786
2022-02-19,2022-02-19,-79369201.71507598
2022-02-20,2022-02-20,-324243577.63191533
2022-02-21,2022-02-21,-314155567.57177
2022-02-22,2022-02-22,-309436225.0849278
2022-02-23,2022-02-23,182218412.584902
2022-02-24,2022-02-24,-710642945.6709158
2022-02-25,2022-02-25,-59449767.44135271
2022-02-26,2022-02-26,-78955589.02295738
2022-02-27,2022-02-27,-10751969.5115072
2022-02-28,2022-02-28,1078490820.4266393
2022-03-01,2022-03-01,591631606.0520046
2022-03-02,2022-03-02,276364131.00216496
2022-03-03,2022-03-03,350658459.33665705
2022-03-04,2022-03-04,-499112480.844528
2022-03-05,2022-03-05,-116092878.2870725
2022-03-06,2022-03-06,-64150625.56608239
2022-03-07,2022-03-07,-171414354.60318395
2022-03-08,2022-03-08,40504091.37160342
2022-03-09,2022-03-09,339898220.07645416
2022-03-10,2022-03-10,-622863342.9115129
2022-03-11,2022-03-11,382632200.11794734
2022-03-12,2022-03-12,49085961.52870887
2022-03-13,2022-03-13,-72114772.52986182
2022-03-14,2022-03-14,874950.46634273
2022-03-15,2022-03-15,-146621585.1555645
2022-03-16,2022-03-16,438488986.05686927
2022-03-17,2022-03-17,-205693791.44776028
2022-03-18,2022-03-18,193847609.4601849
2022-03-19,2022-03-19,171443786.04075646
2022-03-20,2022-03-20,9367592.61543386
2022-03-21,2022-03-21,2239884.19817813
2022-03-22,2022-03-22,503521597.8211129
2022-03-23,2022-03-23,129339368.87208416
2022-03-24,2022-03-24,508393857.36838233
2022-03-25,2022-03-25,2305577348.468725
2022-03-26,2022-03-26,89960899.16139056
2022-03-27,2022-03-27,375152909.6742678
2022-03-28,2022-03-28,1574027781.4518132
2022-03-29,2022-03-29,912633050.8699342
2022-03-30,2022-03-30,308951374.28231585
2022-03-31,2022-03-31,-78812017.83743438
2022-04-01,2022-04-01,375749973.60811
2022-04-02,2022-04-02,66158474.42160745
2022-04-03,2022-04-03,130439697.150345
2022-04-04,2022-04-04,179712147.35328424
2022-04-05,2022-04-05,157359371.6858636
2022-04-06,2022-04-06,-541596723.4591473
2022-04-07,2022-04-07,-236682337.22650453
2022-04-08,2022-04-08,-157649072.2110266
2022-04-09,2022-04-09,-73449386.40803489
2022-04-10,2022-04-10,-3596197.96220658
2022-04-11,2022-04-11,-725019898.930271
2022-04-12,2022-04-12,410560630.85149103
2022-04-13,2022-04-13,92697311.1754215
2022-04-14,2022-04-14,354580696.6032624
2022-04-15,2022-04-15,19801964.274968
2022-04-16,2022-04-16,-54670245.37355332
2022-04-17,2022-04-17,-35796807.89153343
2022-04-18,2022-04-18,-120416000.44659688
2022-04-19,2022-04-19,167017563.83252254
2022-04-20,2022-04-20,128007629.54204854
2022-04-21,2022-04-21,989022181.7550856
2022-04-22,2022-04-22,-461776802.0302488
2022-04-23,2022-04-23,-69590247.58885261
2022-04-24,2022-04-24,-79913938.39261112
2022-04-25,2022-04-25,-259260491.9802688
2022-04-26,2022-04-26,-539648417.225203
2022-04-27,2022-04-27,-69356712.28061529
2022-04-28,2022-04-28,-15495517.69181228
2022-04-29,2022-04-29,-376958157.4318264
2022-04-30,2022-04-30,-160538175.7071814
2022-05-01,2022-05-01,-246645921.56875497
2022-05-02,2022-05-02,-625575465.0648252
2022-05-03,2022-05-03,-623450806.8614507
2022-05-04,2022-05-04,319987664.0170867
2022-05-05,2022-05-05,-697924323.9346714
2022-05-06,2022-05-06,-503393863.57357174
2022-05-07,2022-05-07,-225762531.14179993
2022-05-08,2022-05-08,-495379158.6722491
2022-05-09,2022-05-09,-2505814691.028349
2022-05-10,2022-05-10,-1172056365.5462024
2022-05-11,2022-05-11,-2540976349.090592
2022-05-12,2022-05-12,-1542063640.2458773
2022-05-13,2022-05-13,-680060701.3979977
2022-05-14,2022-05-14,541888961.6118872
2022-05-15,2022-05-15,-45671746.8801992
2022-05-16,2022-05-16,-444967289.9997532
2022-05-17,2022-05-17,-362217209.6730276
2022-05-18,2022-05-18,-598633190.7653261
2022-05-19,2022-05-19,-537496983.3529234
2022-05-20,2022-05-20,-596903555.6781987
2022-05-21,2022-05-21,-108406499.40589473
2022-05-22,2022-05-22,-6955476.61440415
2022-05-23,2022-05-23,-410570670.9511069
2022-05-24,2022-05-24,-253612701.40936735
2022-05-25,2022-05-25,-127464662.62174273
2022-05-26,2022-05-26,-445181341.36300224
2022-05-27,2022-05-27,-859221594.2281513
2022-05-28,2022-05-28,-44752675.36000029
2022-05-29,2022-05-29,-15322651.85518357
2022-05-30,2022-05-30,152321018.63611895
2022-05-31,2022-05-31,338096634.68304855
2022-06-01,2022-06-01,-613127744.9327412
2022-06-02,2022-06-02,-1063137918.6976388
2022-06-03,2022-06-03,-408271549.48914254
2022-06-04,2022-06-04,-422687631.3084755
2022-06-05,2022-06-05,-128485531.78130846
2022-06-06,2022-06-06,-155538964.9085307
2022-06-07,2022-06-07,-734068630.6436472
2022-06-08,2022-06-08,-200485995.2312621
2022-06-09,2022-06-09,-586870208.7421327
2022-06-10,2022-06-10,-410331734.7981912
2022-06-11,2022-06-11,-504095692.377865
2022-06-12,2022-06-12,-415520798.8551199
2022-06-13,2022-06-13,-4261871208.561133
2022-06-14,2022-06-14,-3338393044.055328
2022-06-15,2022-06-15,-2496816351.714833
2022-06-16,2022-06-16,-1607601650.57504
2022-06-17,2022-06-17,-1426605035.9706252
2022-06-18,2022-06-18,-2121217312.44971
2022-06-19,2022-06-19,-176394171.09859055
2022-06-20,2022-06-20,-428378016.0045653
2022-06-21,2022-06-21,-668553415.516434
2022-06-22,2022-06-22,-875145585.6602333
2022-06-23,2022-06-23,-220164776.8156659
2022-06-24,2022-06-24,-417550781.2441437
2022-06-25,2022-06-25,94149770.49687096
2022-06-26,2022-06-26,-71762412.51500855
2022-06-27,2022-06-27,-538467994.6063504
2022-06-28,2022-06-28,-399397445.2716413
2022-06-29,2022-06-29,-487307581.4720802
2022-06-30,2022-06-30,-1614520078.518205
2022-07-01,2022-07-01,-575199853.624681
2022-07-02,2022-07-02,-265581105.40036175
2022-07-03,2022-07-03,-273839031.31063855
2022-07-04,2022-07-04,-54832089.02514416
2022-07-05,2022-07-05,-199262526.5999228
2022-07-06,2022-07-06,-842257236.4280771
2022-07-07,2022-07-07,-79674059.21843152
2022-07-08,2022-07-08,-138532611.8790693
2022-07-09,2022-07-09,-615151496.869648
2022-07-10,2022-07-10,-128483134.918919
2022-07-11,2022-07-11,-1357748161.679054
2022-07-12,2022-07-12,-327665906.3864806
2022-07-13,2022-07-13,-142970670.57831717
2022-07-14,2022-07-14,-389611375.40221536
2022-07-15,2022-07-15,-1558910946.011836
2022-07-16,2022-07-16,-8083171.91094511
2022-07-17,2022-07-17,-49919912.62006315
2022-07-18,2022-07-18,24975940.449896
2022-07-19,2022-07-19,-562091650.9104688
2022-07-20,2022-07-20,242998205.23555648
2022-07-21,2022-07-21,-808307203.0296533
2022-07-22,2022-07-22,-629499364.2591819
2022-07-23,2022-07-23,-291299445.4100161
2022-07-24,2022-07-24,-87318434.58067448
2022-07-25,2022-07-25,-487773544.8043845
2022-07-26,2022-07-26,-443987332.1059129
2022-07-27,2022-07-27,114557652.4375686
2022-07-28,2022-07-28,240240037.03516775
2022-07-29,2022-07-29,18817245.37574193
2022-07-30,2022-07-30,22133883.31675061
2022-07-31,2022-07-31,-115549668.81367752
2022-08-01,2022-08-01,-35272783.30561618
2022-08-02,2022-08-02,-170062646.2956606
2022-08-03,2022-08-03,-55141453.17684812
2022-08-04,2022-08-04,-364301004.15148926
2022-08-05,2022-08-05,-12703705.66898653
2022-08-06,2022-08-06,8489480.7838534
2022-08-07,2022-08-07,-11377531.18753767
2022-08-08,2022-08-08,74519232.76510946
2022-08-09,2022-08-09,-542015632.7095096
2022-08-10,2022-08-10,249350171.93646607
2022-08-11,2022-08-11,-7357823.67630273
2022-08-12,2022-08-12,55470004.76209069
2022-08-13,2022-08-13,15433687.34401039
2022-08-14,2022-08-14,-34727898.70457276
2022-08-15,2022-08-15,-123525692.54098909
2022-08-16,2022-08-16,-45633708.57421146
2022-08-17,2022-08-17,-219858161.80900356
2022-08-18,2022-08-18,-49829966.49203342
2022-08-19,2022-08-19,-774752252.6322038
2022-08-20,2022-08-20,-119264807.35810952
2022-08-21,2022-08-21,-46831998.32251424
2022-08-22,2022-08-22,-281752253.77554953
2022-08-23,2022-08-23,-135434939.74506196
2022-08-24,2022-08-24,-147396307.59302083
2022-08-25,2022-08-25,-176921611.64515668
2022-08-26,2022-08-26,-247639230.14592037
2022-08-27,2022-08-27,-316234922.6327214
2022-08-28,2022-08-28,-14104462.71771509
2022-08-29,2022-08-29,-55237379.98028164
2022-08-30,2022-08-30,-510330295.5875521
2022-08-31,2022-08-31,-167503898.9102354
2022-09-01,2022-09-01,-305225944.86986613
2022-09-02,2022-09-02,-287061695.9924877
2022-09-03,2022-09-03,-72810850.24518663
2022-09-04,2022-09-04,32561374.37058961
2022-09-05,2022-09-05,-119907290.67438434
2022-09-06,2022-09-06,-502171668.2433223
2022-09-07,2022-09-07,-275430305.13506055
2022-09-08,2022-09-08,-220970620.92609748
2022-09-09,2022-09-09,211298828.5275936
2022-09-10,2022-09-10,22402812.31741169
2022-09-11,2022-09-11,-70116602.36716713
2022-09-12,2022-09-12,63989402.5081572
2022-09-13,2022-09-13,-1040463645.5698647
2022-09-14,2022-09-14,-481407172.46941346
2022-09-15,2022-09-15,-509938878.7635862
2022-09-16,2022-09-16,-166057390.22787458
2022-09-17,2022-09-17,-67107032.46323116
2022-09-18,2022-09-18,-114973077.17139864
2022-09-19,2022-09-19,-403626237.2104097
2022-09-20,2022-09-20,-326595041.3409
2022-09-21,2022-09-21,-262510066.1299079
2022-09-22,2022-09-22,-122958018.79976308
2022-09-23,2022-09-23,-147118330.3930755
2022-09-24,2022-09-24,-50912910.42589835
2022-09-25,2022-09-25,-99292770.9656892
2022-09-26,2022-09-26,-82172166.56465831
2022-09-27,2022-09-27,-178684386.08204925
2022-09-28,2022-09-28,-342995782.5947402
2022-09-29,2022-09-29,-169739834.82240662
2022-09-30,2022-09-30,-251118570.9047292
2022-10-01,2022-10-01,-72506237.90587892
2022-10-02,2022-10-02,-75658769.38239546
2022-10-03,2022-10-03,-88214562.50697967
2022-10-04,2022-10-04,-60134626.12070745
2022-10-05,2022-10-05,-110718448.18556106
2022-10-06,2022-10-06,-99602415.99079327
2022-10-07,2022-10-07,-96650865.42646807
2022-10-08,2022-10-08,-264405922.68786287
2022-10-09,2022-10-09,-36564503.0706941
2022-10-10,2022-10-10,-177923089.99448296
2022-10-11,2022-10-11,-162298729.5879879
2022-10-12,2022-10-12,-450046637.36383975
2022-10-13,2022-10-13,-141056642.23586428
2022-10-14,2022-10-14,-86982987.20343895
2022-10-15,2022-10-15,-62931383.0882224
2022-10-16,2022-10-16,-63698838.87336821
2022-10-17,2022-10-17,-362082512.41362584
2022-10-18,2022-10-18,247810270.6610352
2022-10-19,2022-10-19,-211224231.01480895
2022-10-20,2022-10-20,-131773086.9957526
2022-10-21,2022-10-21,-108459519.16150992
2022-10-22,2022-10-22,-260299668.3275345
2022-10-23,2022-10-23,-31829351.65131755
2022-10-24,2022-10-24,-68480609.10129382
2022-10-25,2022-10-25,96921899.82892597
2022-10-26,2022-10-26,177766221.7994182
2022-10-27,2022-10-27,24855739.80566142
2022-10-28,2022-10-28,-68178669.18021736
2022-10-29,2022-10-29,18516429.78952653
2022-10-30,2022-10-30,-93083552.65674327
2022-10-31,2022-10-31,-109188355.19619532
2022-11-01,2022-11-01,-110970360.6336856
2022-11-02,2022-11-02,-97505032.71796076
2022-11-03,2022-11-03,-65484878.32724212
2022-11-04,2022-11-04,487088414.5963708
2022-11-05,2022-11-05,26638279.45717911
2022-11-06,2022-11-06,-162146540.9534353
2022-11-07,2022-11-07,-1055711799.8483208
2022-11-08,2022-11-08,-651572445.9333563
2022-11-09,2022-11-09,-1958911398.960227
2022-11-10,2022-11-10,-765482870.4580184
2022-11-11,2022-11-11,-667830498.717382
2022-11-12,2022-11-12,-979186017.375844
2022-11-13,2022-11-13,-262319886.72655573
2022-11-14,2022-11-14,-675070727.5996776
2022-11-15,2022-11-15,-718653199.1739339
2022-11-16,2022-11-16,-902296949.4219764
2022-11-17,2022-11-17,-1646508266.5949254
2022-11-18,2022-11-18,-4302548867.159685
2022-11-19,2022-11-19,-224482667.56780297
2022-11-20,2022-11-20,-265934752.7870027
2022-11-21,2022-11-21,-691945214.7695558
2022-11-22,2022-11-22,-553309221.6258022
2022-11-23,2022-11-23,188458153.4636908
2022-11-24,2022-11-24,-232762904.6602444
2022-11-25,2022-11-25,-247436643.56153017
2022-11-26,2022-11-26,-237825187.18830752
2022-11-27,2022-11-27,-90445716.78621969
2022-11-28,2022-11-28,-532386095.5258168
2022-11-29,2022-11-29,-165525372.06663188
2022-11-30,2022-11-30,-209106819.91811985
2022-12-01,2022-12-01,-157341395.649488
2022-12-02,2022-12-02,-259429905.00094315
2022-12-03,2022-12-03,-94835156.73514809
2022-12-04,2022-12-04,-203379889.8329952
2022-12-05,2022-12-05,-1057958546.567522
2022-12-06,2022-12-06,-348652074.90099627
2022-12-07,2022-12-07,-82087505.76758844
2022-12-08,2022-12-08,-188957535.30604511
2022-12-09,2022-12-09,-323523442.0957064
2022-12-10,2022-12-10,-7077030.62760869
2022-12-11,2022-12-11,-123020182.89931904
2022-12-12,2022-12-12,-102506773.84935176
2022-12-13,2022-12-13,-208853142.00659657
2022-12-14,2022-12-14,-291637832.2752897
2022-12-15,2022-12-15,-119446633.11477572
2022-12-16,2022-12-16,-185883979.58943275
2022-12-17,2022-12-17,-159523602.1006486
2022-12-18,2022-12-18,-70450360.121084
2022-12-19,2022-12-19,-532460562.98791367
2022-12-20,2022-12-20,-101565892.99631722
2022-12-21,2022-12-21,-280322666.7494636
2022-12-22,2022-12-22,-142041321.39531106
2022-12-23,2022-12-23,-159076779.65483132
2022-12-24,2022-12-24,-80252961.3000127
2022-12-25,2022-12-25,-207647415.25525248
2022-12-26,2022-12-26,-50581586.04433443
2022-12-27,2022-12-27,-192251410.79041076
2022-12-28,2022-12-28,-527750584.02445674
2022-12-29,2022-12-29,-385020408.6022015
2022-12-30,2022-12-30,-148998197.0336263
2022-12-31,2022-12-31,-800275834.5330139
2023-01-01,2023-01-01,-63997144.02714976
2023-01-02,2023-01-02,-30735270.73624072
2023-01-03,2023-01-03,-170483415.58260977
2023-01-04,2023-01-04,-217980570.32158285
2023-01-05,2023-01-05,-135483448.9093464
2023-01-06,2023-01-06,-223785273.78455216
2023-01-07,2023-01-07,-88806297.91835807
2023-01-08,2023-01-08,-40534576.72442618
2023-01-09,2023-01-09,-20638208.83708693
2023-01-10,2023-01-10,-206118008.35060003
2023-01-11,2023-01-11,-316219677.71070457
2023-01-12,2023-01-12,160692363.9238495
2023-01-13,2023-01-13,198924929.4462135
2023-01-14,2023-01-14,268149494.69084573
2023-01-15,2023-01-15,62289902.80760021
2023-01-16,2023-01-16,174303573.58446807
2023-01-17,2023-01-17,245225562.2211845
2023-01-18,2023-01-18,5383688.55166094
2023-01-19,2023-01-19,-118947409.86805728
2023-01-20,2023-01-20,175374505.82565868
2023-01-21,2023-01-21,254484403.6122281
2023-01-22,2023-01-22,135092977.82705775
2023-01-23,2023-01-23,94510487.44232792
2023-01-24,2023-01-24,116847980.917439
2023-01-25,2023-01-25,106668393.80812223
2023-01-26,2023-01-26,-172217416.98781097
2023-01-27,2023-01-27,-225755964.0018542
2023-01-28,2023-01-28,60900863.83510678
2023-01-29,2023-01-29,115281175.95690358
2023-01-30,2023-01-30,78785102.11816272
2023-01-31,2023-01-31,115675188.97158596
2023-02-01,2023-02-01,366506421.5936916
2023-02-02,2023-02-02,167738618.6274978
2023-02-03,2023-02-03,100361113.4189014
2023-02-04,2023-02-04,141015112.6751961
2023-02-05,2023-02-05,3282192.85278496
2023-02-06,2023-02-06,35992753.89442779
2023-02-07,2023-02-07,32922961.35531237
2023-02-08,2023-02-08,68832197.1248887
2023-02-09,2023-02-09,-16611085.87067201
2023-02-10,2023-02-10,-162916377.27631587
2023-02-11,2023-02-11,-25237883.62937198
2023-02-12,2023-02-12,-23763680.82321202
2023-02-13,2023-02-13,-75321540.07731456
2023-02-14,2023-02-14,-6176895.78681799
2023-02-15,2023-02-15,160460188.20910475
2023-02-16,2023-02-16,369681453.3739273
2023-02-17,2023-02-17,86640196.96290623
2023-02-18,2023-02-18,76758657.43127951
2023-02-19,2023-02-19,63832458.76772666
2023-02-20,2023-02-20,94398026.6107068
2023-02-21,2023-02-21,65692937.87792074
2023-02-22,2023-02-22,-98989326.29207335
2023-02-23,2023-02-23,94799698.73259196
2023-02-24,2023-02-24,-48375497.88050169
2023-02-25,2023-02-25,-82476273.68771209
2023-02-26,2023-02-26,20561386.49608468
2023-02-27,2023-02-27,69138421.46611206
2023-02-28,2023-02-28,-332680719.29147154
2023-03-01,2023-03-01,-170307079.21075034
2023-03-02,2023-03-02,-51722099.32097548
2023-03-03,2023-03-03,-151509573.91599545
2023-03-04,2023-03-04,-38171893.79532608
2023-03-05,2023-03-05,-230146927.720656
2023-03-06,2023-03-06,-91534190.31166498
2023-03-07,2023-03-07,-1291524485.864005
2023-03-08,2023-03-08,-101960289.4780234
2023-03-09,2023-03-09,-222784333.03368524
2023-03-10,2023-03-10,-401008258.0678124
2023-03-11,2023-03-11,-95184056.42248654
2023-03-12,2023-03-12,-23189421.5559059
2023-03-13,2023-03-13,510042736.1912587
2023-03-14,2023-03-14,603587454.9553691
2023-03-15,2023-03-15,227309111.8292545
2023-03-16,2023-03-16,193262715.65216517
2023-03-17,2023-03-17,875863472.6061119
2023-03-18,2023-03-18,247552258.148362
2023-03-19,2023-03-19,242728555.4554784
2023-03-20,2023-03-20,399384750.13642734
2023-03-21,2023-03-21,374878301.9180791
2023-03-22,2023-03-22,271693045.5106187
2023-03-23,2023-03-23,512299679.91691417
2023-03-24,2023-03-24,177888587.63022634
2023-03-25,2023-03-25,31011722.71408867
2023-03-26,2023-03-26,149377186.761008
2023-03-27,2023-03-27,548039115.7404934
2023-03-28,2023-03-28,90925722.28614932
2023-03-29,2023-03-29,322400980.7276249
2023-03-30,2023-03-30,-5802702048.036558
2023-03-31,2023-03-31,337577224.122575
2023-04-01,2023-04-01,169295210.92613995
2023-04-02,2023-04-02,49479494.56363182
2023-04-03,2023-04-03,119233098.84168938
2023-04-04,2023-04-04,107038890.52294068
2023-04-05,2023-04-05,340421973.3500355
2023-04-06,2023-04-06,20860571.44679385
2023-04-07,2023-04-07,-84863367.30558614
2023-04-08,2023-04-08,35709523.1678273
2023-04-09,2023-04-09,35087992.71440997
2023-04-10,2023-04-10,231344441.00486785
2023-04-11,2023-04-11,699357024.824997
2023-04-12,2023-04-12,117648451.35568616
2023-04-13,2023-04-13,319631995.7557364
2023-04-14,2023-04-14,418908721.9439092
2023-04-15,2023-04-15,58510975.41214901
2023-04-16,2023-04-16,78719747.69387375
2023-04-17,2023-04-17,13034761.14492163
2023-04-18,2023-04-18,270449155.9786725
2023-04-19,2023-04-19,259226459.89654475
2023-04-20,2023-04-20,-32058347.74687433
2023-04-21,2023-04-21,48500154.39437883
2023-04-22,2023-04-22,-25802484.54660726
2023-04-23,2023-04-23,75783070.84918912
2023-04-24,2023-04-24,-42185958.75817722
2023-04-25,2023-04-25,-20198727.71065408
2023-04-26,2023-04-26,285687507.604754
2023-04-27,2023-04-27,141030869.35047483
2023-04-28,2023-04-28,192753845.29200011
2023-04-29,2023-04-29,145856767.60465217
2023-04-30,2023-04-30,36904295.34218902
2023-05-01,2023-05-01,-73546741.26452324
2023-05-02,2023-05-02,68893189.8810444
2023-05-03,2023-05-03,587391088.7393962
2023-05-04,2023-05-04,61440462.49950954
2023-05-05,2023-05-05,125269539.68139184
2023-05-06,2023-05-06,21774819.90436365
2023-05-07,2023-05-07,1992746576.1266432
2023-05-08,2023-05-08,119905353.28002776
2023-05-09,2023-05-09,-94842259.18836594
2023-05-10,2023-05-10,-3519956.23996895
2023-05-11,2023-05-11,-93265695.59686702
2023-05-12,2023-05-12,-48306271.15467421
2023-05-13,2023-05-13,-3175643.91000976
2023-05-14,2023-05-14,36163719.96143145
2023-05-15,2023-05-15,436970819.4768389
2023-05-16,2023-05-16,114677364.61185136
2023-05-17,2023-05-17,10693221.5524934
2023-05-18,2023-05-18,-32922336.02126679
2023-05-19,2023-05-19,-77357311.17272429
2023-05-20,2023-05-20,19175846.91845583
2023-05-21,2023-05-21,11784571.50660014
2023-05-22,2023-05-22,514090994.99598193
2023-05-23,2023-05-23,83998554.26008223
2023-05-24,2023-05-24,-73113006.06139958
2023-05-25,2023-05-25,200083983.7982596
2023-05-26,2023-05-26,16620433.14778796
2023-05-27,2023-05-27,-104431.91569233
2023-05-28,2023-05-28,109975606.87858844
2023-05-29,2023-05-29,128312212.70401508
2023-05-30,2023-05-30,160735337.530492
2023-05-31,2023-05-31,-5191861.6450139
2023-06-01,2023-06-01,58081835.75088004
2023-06-02,2023-06-02,60595274.17504564
2023-06-03,2023-06-03,-8291249.2916408
2023-06-04,2023-06-04,4326057.34440665
2023-06-05,2023-06-05,-112575376.04198568
2023-06-06,2023-06-06,110261.83774927
2023-06-07,2023-06-07,30651696.71333124
2023-06-08,2023-06-08,5658961.02076297
2023-06-09,2023-06-09,5290105.80590884
2023-06-10,2023-06-10,-136221885.8142077
2023-06-11,2023-06-11,-19404946.94365763
2023-06-12,2023-06-12,-72686386.1818078
2023-06-13,2023-06-13,-28131839.26613374
2023-06-14,2023-06-14,12359945.02014144
2023-06-15,2023-06-15,-167133085.73057675
2023-06-16,2023-06-16,15305044.13746827
2023-06-17,2023-06-17,21252243.93648313
2023-06-18,2023-06-18,129982414.8848657
2023-06-19,2023-06-19,-246327842.8810564
2023-06-20,2023-06-20,-4543698.986421
2023-06-21,2023-06-21,535818693.4616557
2023-06-22,2023-06-22,405430316.0314575
2023-06-23,2023-06-23,383793918.8933934
2023-06-24,2023-06-24,238190505.6530465
2023-06-25,2023-06-25,143920337.76095232
2023-06-26,2023-06-26,233330719.0051839
2023-06-27,2023-06-27,427855131.2744272
2023-06-28,2023-06-28,368331407.20624447
2023-06-29,2023-06-29,18028199.12604603
2023-06-30,2023-06-30,352268193.56644416
2023-07-01,2023-07-01,561284970.6607114
2023-07-02,2023-07-02,84646008.41645235
2023-07-03,2023-07-03,183481214.4221735
2023-07-04,2023-07-04,147594162.35373232
2023-07-05,2023-07-05,72082862.75456552
2023-07-06,2023-07-06,-421972684.8428525
2023-07-07,2023-07-07,65988622.43773261
2023-07-08,2023-07-08,34825286.793064
2023-07-09,2023-07-09,71919344.3453998
2023-07-10,2023-07-10,85352502.46407484
2023-07-11,2023-07-11,230435666.36063707
2023-07-12,2023-07-12,143268762.62534824
2023-07-13,2023-07-13,69405555.72716822
2023-07-14,2023-07-14,95438484.3301354
2023-07-15,2023-07-15,-29618530.24611587
2023-07-16,2023-07-16,25726641.05627255
2023-07-17,2023-07-17,-138557161.33086914
2023-07-18,2023-07-18,185956308.77357775
2023-07-19,2023-07-19,164944574.42243025
2023-07-20,2023-07-20,76953422.68036667
2023-07-21,2023-07-21,-161030621.05692264
2023-07-22,2023-07-22,52698469.04049606
2023-07-23,2023-07-23,52851313.57788049
2023-07-24,2023-07-24,-45136760.75025125
2023-07-25,2023-07-25,-21252705.16739013
2023-07-26,2023-07-26,-664928.36731533
2023-07-27,2023-07-27,-327045103.07196486
2023-07-28,2023-07-28,-1234161977.1260571
2023-07-29,2023-07-29,16756201.46691793
2023-07-30,2023-07-30,-1107853.23878726
2023-07-31,2023-07-31,-40277398.083915
2023-08-01,2023-08-01,-21558535.47167529
2023-08-02,2023-08-02,-85406222.80196922
2023-08-03,2023-08-03,4486749.6645846
2023-08-04,2023-08-04,30055488.39825496
2023-08-05,2023-08-05,-5669868.6123304
2023-08-06,2023-08-06,26822656.57192894
2023-08-07,2023-08-07,-11164350.94890424
2023-08-08,2023-08-08,30934842.2364057
2023-08-09,2023-08-09,101184043.28326078
2023-08-10,2023-08-10,7963329.83957301
2023-08-11,2023-08-11,64183921.63097123
2023-08-12,2023-08-12,54824097.97379102
2023-08-13,2023-08-13,47472878.21610214
2023-08-14,2023-08-14,45018910.94547645
2023-08-15,2023-08-15,23382452.27212503
2023-08-16,2023-08-16,-8704047.86985607
2023-08-17,2023-08-17,-164291526.11549684
2023-08-18,2023-08-18,-365472807.8696414
2023-08-19,2023-08-19,-70672912.29141422
2023-08-20,2023-08-20,-25411745.75016834
2023-08-21,2023-08-21,-189062002.9472645
2023-08-22,2023-08-22,-152596586.55736277
2023-08-23,2023-08-23,-83533703.03308111
2023-08-24,2023-08-24,-171699700.87866366
2023-08-25,2023-08-25,-158336380.64361423
2023-08-26,2023-08-26,-42447558.7517099
2023-08-27,2023-08-27,34089497.71398876
2023-08-28,2023-08-28,-79562792.66724639
2023-08-29,2023-08-29,-221161346.29072845
2023-08-30,2023-08-30,36045652.17073947
2023-08-31,2023-08-31,-69136138.76522943
2023-09-01,2023-09-01,-167744590.00356385
2023-09-02,2023-09-02,-35450750.35793048
2023-09-03,2023-09-03,-40386843.0397435
2023-09-04,2023-09-04,-45671303.0636525
2023-09-05,2023-09-05,-111213545.52814656
2023-09-06,2023-09-06,-83895350.64466922
2023-09-07,2023-09-07,-61456374.58899876
2023-09-08,2023-09-08,-20881602.98002006
2023-09-09,2023-09-09,-52960181.46946547
2023-09-10,2023-09-10,-17138017.82412654
2023-09-11,2023-09-11,-137574872.77664277
2023-09-12,2023-09-12,-42799213.89438124
2023-09-13,2023-09-13,-11291926.03358839
2023-09-14,2023-09-14,125709558.54804094
2023-09-15,2023-09-15,38591977.70793857
2023-09-16,2023-09-16,7118536.35539421
2023-09-17,2023-09-17,8061125.36680134
2023-09-18,2023-09-18,138352059.78512195
2023-09-19,2023-09-19,279727179.69107157
2023-09-20,2023-09-20,-19784301.58757932
2023-09-21,2023-09-21,-37960038.77715916
2023-09-22,2023-09-22,-17169390.48114327
2023-09-23,2023-09-23,-7164704.15981175
2023-09-24,2023-09-24,-1840513.54363193
2023-09-25,2023-09-25,-40844837.63462064
2023-09-26,2023-09-26,-22964074.66428081
2023-09-27,2023-09-27,-40509536.15730814
2023-09-28,2023-09-28,21864177.58601471
2023-09-29,2023-09-29,71607645.56933045
2023-09-30,2023-09-30,50319495.77446079
2023-10-01,2023-10-01,29270542.9890058
2023-10-02,2023-10-02,129716963.69538587
2023-10-03,2023-10-03,23157103.33649637
2023-10-04,2023-10-04,107135813.2963088
2023-10-05,2023-10-05,-29255183.21351314
2023-10-06,2023-10-06,116040268.83213198
2023-10-07,2023-10-07,109100576.38684478
2023-10-08,2023-10-08,22200833.91140135
2023-10-09,2023-10-09,108362756.3249343
2023-10-10,2023-10-10,-2606026.67174984
2023-10-11,2023-10-11,-39123827.33148788
2023-10-12,2023-10-12,-77640427.19857214
2023-10-13,2023-10-13,-23507481.93153278
2023-10-14,2023-10-14,182747780.65083092
2023-10-15,2023-10-15,15517007.55166191
2023-10-16,2023-10-16,173442228.85820138
2023-10-17,2023-10-17,104816947.18478544
2023-10-18,2023-10-18,133581360.248697
2023-10-19,2023-10-19,-159218238.8499124
2023-10-20,2023-10-20,281903464.1666007
2023-10-21,2023-10-21,99832736.1777908
2023-10-22,2023-10-22,82637797.93560238
2023-10-23,2023-10-23,575356469.5565628
2023-10-24,2023-10-24,1410445684.3699183
2023-10-25,2023-10-25,575067096.5904993
2023-10-26,2023-10-26,700201555.6515677
2023-10-27,2023-10-27,273873956.9340812
2023-10-28,2023-10-28,214530516.4206606
2023-10-29,2023-10-29,174276262.69678012
2023-10-30,2023-10-30,336658240.3932282
2023-10-31,2023-10-31,298356911.36967367
2023-11-01,2023-11-01,693993636.006446
2023-11-02,2023-11-02,403998256.4085014
2023-11-03,2023-11-03,311052599.661557
2023-11-04,2023-11-04,157408906.3915895
2023-11-05,2023-11-05,125508143.29408342
2023-11-06,2023-11-06,259945272.60262576
2023-11-07,2023-11-07,319942014.27159256
2023-11-08,2023-11-08,347813825.524326
2023-11-09,2023-11-09,1054948253.2982718
2023-11-10,2023-11-10,529074368.22289515
2023-11-11,2023-11-11,186286623.0902596
2023-11-12,2023-11-12,129582775.50715289
2023-11-13,2023-11-13,235252076.09115413
2023-11-14,2023-11-14,154883778.94253913
2023-11-15,2023-11-15,351770234.3960588
2023-11-16,2023-11-16,362722464.0454829
2023-11-17,2023-11-17,198659336.9918056
2023-11-18,2023-11-18,105661905.14239892
2023-11-19,2023-11-19,135351219.13175192
2023-11-20,2023-11-20,399446285.8473317
2023-11-21,2023-11-21,534418123.3242056
2023-11-22,2023-11-22,259648676.5706869
2023-11-23,2023-11-23,211319064.95856455
2023-11-24,2023-11-24,273666541.34652174
2023-11-25,2023-11-25,116778516.2855129
2023-11-26,2023-11-26,134124796.55741954
2023-11-27,2023-11-27,92152916.7296908
2023-11-28,2023-11-28,295161032.2117741
2023-11-29,2023-11-29,338266024.195986
2023-11-30,2023-11-30,241013864.758577
2023-12-01,2023-12-01,573342420.7906666
2023-12-02,2023-12-02,251795129.62387693
2023-12-03,2023-12-03,275027893.10345185
2023-12-04,2023-12-04,1249309166.321707
2023-12-05,2023-12-05,921377891.244788
2023-12-06,2023-12-06,1420952254.138311
2023-12-07,2023-12-07,727987174.0172609
2023-12-08,2023-12-08,569735492.078508
2023-12-09,2023-12-09,396016323.61261463
2023-12-10,2023-12-10,200259175.55041656
2023-12-11,2023-12-11,329536689.1800727
2023-12-12,2023-12-12,832236049.8485699
2023-12-13,2023-12-13,307777411.42712355
2023-12-14,2023-12-14,433200016.98809135
2023-12-15,2023-12-15,629573642.5278751
2023-12-16,2023-12-16,283157064.1005547
2023-12-17,2023-12-17,76921824.86482817
2023-12-18,2023-12-18,450600423.5849107
2023-12-19,2023-12-19,544110120.7541193
2023-12-20,2023-12-20,660291954.0240248
2023-12-21,2023-12-21,420824489.7001079
2023-12-22,2023-12-22,495249292.5221185
2023-12-23,2023-12-23,259716257.2605535
2023-12-24,2023-12-24,513598945.8454616
2023-12-25,2023-12-25,151383472.36813483
2023-12-26,2023-12-26,587083384.9737588
2023-12-27,2023-12-27,1282503184.5372517
2023-12-28,2023-12-28,324501613.1245105
2023-12-29,2023-12-29,563453505.9325061
2023-12-30,2023-12-30,220884816.55903
2023-12-31,2023-12-31,242052860.60373068
2024-01-01,2024-01-01,176316528.89048144
2024-01-02,2024-01-02,902416950.0382042
2024-01-03,2024-01-03,483281538.130143
2024-01-04,2024-01-04,3262638414.6128783
2024-01-05,2024-01-05,550069653.5536546
2024-01-06,2024-01-06,188124592.86747912
2024-01-07,2024-01-07,188779301.91052103
2024-01-08,2024-01-08,614702059.3457977
2024-01-09,2024-01-09,999503472.944956
2024-01-10,2024-01-10,565016893.9448292
2024-01-11,2024-01-11,847549110.7690542
2024-01-12,2024-01-12,49667076.99307064
2024-01-13,2024-01-13,10497270.3317756
2024-01-14,2024-01-14,48797271.07371897
2024-01-15,2024-01-15,101238218.4428262
2024-01-16,2024-01-16,2062649254.5964563
2024-01-17,2024-01-17,188732549.15540877
2024-01-18,2024-01-18,894996247.487939
2024-01-19,2024-01-19,201748610.4201528
2024-01-20,2024-01-20,46002903.98017221
2024-01-21,2024-01-21,43542713.35343744
2024-01-22,2024-01-22,4340874.66199256
2024-01-23,2024-01-23,62235309.79486101
2024-01-24,2024-01-24,829534857.5189085
2024-01-25,2024-01-25,331355806.5693131
2024-01-26,2024-01-26,293574005.7667323
2024-01-27,2024-01-27,175923892.47470176
2024-01-28,2024-01-28,137414589.5461586
2024-01-29,2024-01-29,338509009.8216535
2024-01-30,2024-01-30,1124306722.6868858
2024-01-31,2024-01-31,672148152.4409832
2024-02-01,2024-02-01,97097841.14289317
2024-02-02,2024-02-02,257290815.7488599
2024-02-03,2024-02-03,66926876.64509946
2024-02-04,2024-02-04,95316129.86206415
2024-02-05,2024-02-05,245066853.82389435
2024-02-06,2024-02-06,560890174.2211893
2024-02-07,2024-02-07,318217413.609469
2024-02-08,2024-02-08,612031246.9120191
2024-02-09,2024-02-09,832914165.2757673
2024-02-10,2024-02-10,354003217.16535103
2024-02-11,2024-02-11,401693424.2610576
2024-02-12,2024-02-12,1069692125.2176278
2024-02-13,2024-02-13,736185005.6441267
2024-02-14,2024-02-14,2354366088.847127
2024-02-15,2024-02-15,992439694.3364615
2024-02-16,2024-02-16,724057081.3725032
2024-02-17,2024-02-17,300933632.1348381
2024-02-18,2024-02-18,387953038.2046325
2024-02-19,2024-02-19,1493884315.0871377
2024-02-20,2024-02-20,454528512.43331885
2024-02-21,2024-02-21,602662224.3147739
2024-02-22,2024-02-22,883516289.4246942
2024-02-23,2024-02-23,848169578.1348809
2024-02-24,2024-02-24,253241934.7994072
2024-02-25,2024-02-25,249692710.8436262
2024-02-26,2024-02-26,1043901865.4832228
2024-02-27,2024-02-27,2440449655.32923
2024-02-28,2024-02-28,6505809553.075482
2024-02-29,2024-02-29,2688828723.997587
2024-03-01,2024-03-01,3179114309.4785366
2024-03-02,2024-03-02,453293117.223389
2024-03-03,2024-03-03,626623967.7318666
2024-03-04,2024-03-04,3339890595.1024404
2024-03-05,2024-03-05,4119604416.732031
2024-03-06,2024-03-06,7552365146.537018
2024-03-07,2024-03-07,3663377276.6712785
2024-03-08,2024-03-08,3072613132.620534
2024-03-09,2024-03-09,1010989277.2362112
2024-03-10,2024-03-10,1152846289.379642
2024-03-11,2024-03-11,4492469735.749444
2024-03-12,2024-03-12,2650042321.250119
2024-03-13,2024-03-13,9443060851.908075
2024-03-14,2024-03-14,2245170834.269263
2024-03-15,2024-03-15,857006567.5024446
2024-03-16,2024-03-16,427121896.5565321
2024-03-17,2024-03-17,1339234458.4727893
2024-03-18,2024-03-18,1001089806.1440256
2024-03-19,2024-03-19,-252295020.3104964
2024-03-20,2024-03-20,477203093.8418295
2024-03-21,2024-03-21,1375020807.4169974
2024-03-22,2024-03-22,1239724516.5704713
2024-03-23,2024-03-23,5394104269.801718
2024-03-24,2024-03-24,480943341.9642115
2024-03-25,2024-03-25,5353428434.5584345
2024-03-26,2024-03-26,952128007.1348848
2024-03-27,2024-03-27,815393224.1175523
2024-03-28,2024-03-28,2295508501.6139555
2024-03-29,2024-03-29,543326550.4440594
2024-03-30,2024-03-30,397219459.7830986
2024-03-31,2024-03-31,409044646.0412724
2024-04-01,2024-04-01,2800981740.1527166
2024-04-02,2024-04-02,1576638807.3592036
2024-04-03,2024-04-03,759277686.1224277
2024-04-04,2024-04-04,535738548.5556016
2024-04-05,2024-04-05,338206728.29293704
2024-04-06,2024-04-06,551362159.1516494
2024-04-07,2024-04-07,377999398.7006241
2024-04-08,2024-04-08,1240582629.3275816
2024-04-09,2024-04-09,617109529.1884533
2024-04-10,2024-04-10,391019994.4791133
2024-04-11,2024-04-11,611732932.9077854
2024-04-12,2024-04-12,582618753.4199935
2024-04-13,2024-04-13,-136192667.43454304
2024-04-14,2024-04-14,-4796424.90159848
2024-04-15,2024-04-15,293470422.782925
2024-04-16,2024-04-16,433400308.0454812
2024-04-17,2024-04-17,-79044875.69188763
2024-04-18,2024-04-18,567738289.4703232
2024-04-19,2024-04-19,686034358.1672972
2024-04-20,2024-04-20,130592831.50850414
2024-04-21,2024-04-21,226997454.19846913
2024-04-22,2024-04-22,570175729.9550828
2024-04-23,2024-04-23,324075317.4265202
2024-04-24,2024-04-24,2756521173.251252
2024-04-25,2024-04-25,194329336.68233243
2024-04-26,2024-04-26,118214641.369405
2024-04-27,2024-04-27,248604592.2007072
2024-04-28,2024-04-28,552926089.3553476
2024-04-29,2024-04-29,274255312.15156955
2024-04-30,2024-04-30,248617365.35032684
2024-05-01,2024-05-01,-702770528.9958836
2024-05-02,2024-05-02,-116979491.4207704
2024-05-03,2024-05-03,296362751.7127867
2024-05-04,2024-05-04,318069646.11364514
2024-05-05,2024-05-05,171150727.1129059
2024-05-06,2024-05-06,506631018.66142136
2024-05-07,2024-05-07,236610387.2247377
2024-05-08,2024-05-08,411713396.3637835
2024-05-09,2024-05-09,191187918.02201
2024-05-10,2024-05-10,37857474.27017386
2024-05-11,2024-05-11,144597020.99916524
2024-05-12,2024-05-12,237041253.03601143
2024-05-13,2024-05-13,392975974.70112336
2024-05-14,2024-05-14,304543421.8029683
2024-05-15,2024-05-15,1661741647.9527946
2024-05-16,2024-05-16,767248383.8418798
2024-05-17,2024-05-17,655146149.4075147
2024-05-18,2024-05-18,224844337.1671054
2024-05-19,2024-05-19,328081904.13803774
2024-05-20,2024-05-20,915331567.7875712
2024-05-21,2024-05-21,1583077019.051767
2024-05-22,2024-05-22,817541581.4021962
2024-05-23,2024-05-23,648693699.6129315
2024-05-24,2024-05-24,428301389.6436958
2024-05-25,2024-05-25,251617448.74184707
2024-05-26,2024-05-26,413197428.7393757
2024-05-27,2024-05-27,752288007.6690215
2024-05-28,2024-05-28,10014748153.702288
2024-05-29,2024-05-29,290037681.32376015
2024-05-30,2024-05-30,428000051.4642713
2024-05-31,2024-05-31,331888028.939116
2024-06-01,2024-06-01,174467865.63221788
2024-06-02,2024-06-02,238539217.73635137
2024-06-03,2024-06-03,1121795809.5691178
2024-06-04,2024-06-04,798548491.3032582
2024-06-05,2024-06-05,991425435.3319032
2024-06-06,2024-06-06,1644701673.4780858
2024-06-07,2024-06-07,754820807.0120095
2024-06-08,2024-06-08,223575154.8615156
2024-06-09,2024-06-09,216816344.75022975
2024-06-10,2024-06-10,345929410.036104
2024-06-11,2024-06-11,1231168287.6920528
2024-06-12,2024-06-12,592099887.6581404
2024-06-13,2024-06-13,136948626.8786535
2024-06-14,2024-06-14,163617596.63930354
2024-06-15,2024-06-15,255988507.44527987
2024-06-16,2024-06-16,115722132.48123837
2024-06-17,2024-06-17,209455985.69842157
2024-06-18,2024-06-18,-43500554.04441298
2024-06-19,2024-06-19,306101666.88288516
2024-06-20,2024-06-20,126552792.38237664
2024-06-21,2024-06-21,374627601.21525747
2024-06-22,2024-06-22,1736088568.865353
2024-06-23,2024-06-23,25590503.793024
2024-06-24,2024-06-24,-384006188.8664475
2024-06-25,2024-06-25,-86695818.5082989
2024-06-26,2024-06-26,37626976.40905781
2024-06-27,2024-06-27,1053387012.0173056
2024-06-28,2024-06-28,97575109.32556166
2024-06-29,2024-06-29,55902269.17757617
2024-06-30,2024-06-30,132381867.91931744
2024-07-01,2024-07-01,516536162.445138
2024-07-02,2024-07-02,8026210.21743778
2024-07-03,2024-07-03,480800155.84022087
2024-07-04,2024-07-04,145669220.39132968
2024-07-05,2024-07-05,-146225391.40707996
2024-07-06,2024-07-06,36599656.1730817
2024-07-07,2024-07-07,88121799.11759248
2024-07-08,2024-07-08,-540804420.1438257
2024-07-09,2024-07-09,419658698.7489644
2024-07-10,2024-07-10,293453770.0188921
2024-07-11,2024-07-11,-23402236.3277779
2024-07-12,2024-07-12,118882859.38612255
2024-07-13,2024-07-13,192897707.07542711
2024-07-14,2024-07-14,305236920.0384312
2024-07-15,2024-07-15,1077888089.0747218
2024-07-16,2024-07-16,658085734.3439667
2024-07-17,2024-07-17,672327049.7722814
2024-07-18,2024-07-18,571849963.7098249
2024-07-19,2024-07-19,1338239554.8591793
2024-07-20,2024-07-20,417523271.0233976
2024-07-21,2024-07-21,308798478.5410852
2024-07-22,2024-07-22,664307346.6458762
2024-07-23,2024-07-23,1955875828.406716
2024-07-24,2024-07-24,354133248.3184851
2024-07-25,2024-07-25,63947888.33495347
2024-07-26,2024-07-26,851289177.9609258
2024-07-27,2024-07-27,553978041.7353033
2024-07-28,2024-07-28,161153707.96479362
2024-07-29,2024-07-29,967221945.872591
2024-07-30,2024-07-30,223974255.53626505
2024-07-31,2024-07-31,121807096.5889366
2024-08-01,2024-08-01,206845992.0254832
2024-08-02,2024-08-02,-13524955.36971779
2024-08-03,2024-08-03,6052985.99961537
2024-08-04,2024-08-04,-125494363.80487916
2024-08-05,2024-08-05,-1966267551.065576
2024-08-06,2024-08-06,-312368972.1027346
2024-08-07,2024-08-07,131470082.53708024
2024-08-08,2024-08-08,499722620.9316577
2024-08-09,2024-08-09,569945141.114908
2024-08-10,2024-08-10,785500409.1341747
2024-08-11,2024-08-11,-16224113.70571367
2024-08-12,2024-08-12,107200610.48151322
2024-08-13,2024-08-13,-179889998.63946754
2024-08-14,2024-08-14,-56566043.01200322
2024-08-15,2024-08-15,-152121998.55558485
2024-08-16,2024-08-16,-10175311.14547812
2024-08-17,2024-08-17,14030576.33248633
2024-08-18,2024-08-18,95762301.07869013
2024-08-19,2024-08-19,-70836979.0733108
2024-08-20,2024-08-20,56775346.52811607
2024-08-21,2024-08-21,169614761.17350978
2024-08-22,2024-08-22,275041509.3101086
2024-08-23,2024-08-23,614539071.2917819
2024-08-24,2024-08-24,528211465.0376144
2024-08-25,2024-08-25,136320708.65900594
2024-08-26,2024-08-26,297276939.04221094
2024-08-27,2024-08-27,-191833248.90047237
2024-08-28,2024-08-28,-350049957.5954597
2024-08-29,2024-08-29,870580221.4623958
2024-08-30,2024-08-30,-4094251.51946802
2024-08-31,2024-08-31,132888170.35633714
2024-09-01,2024-09-01,-144311822.40698475
2024-09-02,2024-09-02,-83637712.27126321
2024-09-03,2024-09-03,-141648694.8897047
2024-09-04,2024-09-04,-15660204.53226373
2024-09-05,2024-09-05,-216613331.9611257
2024-09-06,2024-09-06,-297286913.2547179
2024-09-07,2024-09-07,-121060073.00014082
2024-09-08,2024-09-08,-68387215.46789318
2024-09-09,2024-09-09,389866415.2555225
2024-09-10,2024-09-10,-58858969.94784526
2024-09-11,2024-09-11,-98352389.5316712
2024-09-12,2024-09-12,258662164.6073973
2024-09-13,2024-09-13,696716647.811337
2024-09-14,2024-09-14,166376550.50901642
2024-09-15,2024-09-15,111408246.19399787
2024-09-16,2024-09-16,75246192.3453437
2024-09-17,2024-09-17,404500792.61439973
2024-09-18,2024-09-18,406481467.10917795
2024-09-19,2024-09-19,860210165.3222926
2024-09-20,2024-09-20,1004339229.861845
2024-09-21,2024-09-21,282196899.959506
2024-09-22,2024-09-22,147800877.41491556
2024-09-23,2024-09-23,800891361.7362946
2024-09-24,2024-09-24,389006901.0876548
2024-09-25,2024-09-25,830604409.6426033
2024-09-26,2024-09-26,720298326.4560153
2024-09-27,2024-09-27,666990694.582048
2024-09-28,2024-09-28,517854655.58150536
2024-09-29,2024-09-29,161068527.63696316
2024-09-30,2024-09-30,93409404.4504492
2024-10-01,2024-10-01,-5189142.26383466
2024-10-02,2024-10-02,-194441693.4880979
2024-10-03,2024-10-03,-137118283.58268055
2024-10-04,2024-10-04,363127658.99371576
2024-10-05,2024-10-05,117979095.3655856
2024-10-06,2024-10-06,134230349.43186313
2024-10-07,2024-10-07,392781763.0153147
2024-10-08,2024-10-08,5263084515.243571
2024-10-09,2024-10-09,195747957.9495952
2024-10-10,2024-10-10,-312306739.74563134
2024-10-11,2024-10-11,1637756885.6332371
2024-10-12,2024-10-12,505780302.4496694
2024-10-13,2024-10-13,185867779.0222415
2024-10-14,2024-10-14,711797997.7449435
2024-10-15,2024-10-15,1518957458.6820138
2024-10-16,2024-10-16,901957616.1044548
2024-10-17,2024-10-17,623769607.2449439
2024-10-18,2024-10-18,755295942.8945023
2024-10-19,2024-10-19,432005311.4046229
2024-10-20,2024-10-20,1488991225.075348
2024-10-21,2024-10-21,1771413017.6421103
2024-10-22,2024-10-22,447764644.0554025
2024-10-23,2024-10-23,257525490.4527841
2024-10-24,2024-10-24,467408573.71155953
2024-10-25,2024-10-25,458079843.34138966
2024-10-26,2024-10-26,185111389.7724418
2024-10-27,2024-10-27,195436769.6314605
2024-10-28,2024-10-28,712284380.0675097
2024-10-29,2024-10-29,1917670653.888004
2024-10-30,2024-10-30,930248963.9920576
2024-10-31,2024-10-31,606989882.7365289
2024-11-01,2024-11-01,526991955.53028953
2024-11-02,2024-11-02,259459512.38869447
2024-11-03,2024-11-03,136461031.3521881
2024-11-04,2024-11-04,447967748.44568545
2024-11-05,2024-11-05,500885043.00843847
2024-11-06,2024-11-06,3570158047.6817193
2024-11-07,2024-11-07,1592632137.087509
2024-11-08,2024-11-08,1603306404.8331866
2024-11-09,2024-11-09,480466403.9751165
2024-11-10,2024-11-10,1723964411.8212607
2024-11-11,2024-11-11,4132702109.0113134
2024-11-12,2024-11-12,5131161766.439169
2024-11-13,2024-11-13,4751040577.044537
2024-11-14,2024-11-14,4800257327.381092
2024-11-15,2024-11-15,3184732217.6579857
2024-11-16,2024-11-16,1174743918.515226
2024-11-17,2024-11-17,685939552.7005415
2024-11-18,2024-11-18,2412456428.095661
2024-11-19,2024-11-19,4718992153.092921
2024-11-20,2024-11-20,3986242743.229843
2024-11-21,2024-11-21,10507657718.188854
2024-11-22,2024-11-22,5309474967.977182
2024-11-23,2024-11-23,2994023955.2915926
2024-11-24,2024-11-24,1440443544.7178369
2024-11-25,2024-11-25,2698581882.252732
2024-11-26,2024-11-26,1758113706.5005393
2024-11-27,2024-11-27,2265727729.4682226
2024-11-28,2024-11-28,1761177725.5258806
2024-11-29,2024-11-29,2123321705.1668231
2024-11-30,2024-11-30,661215643.1807702
2024-12-01,2024-12-01,734309154.0799893
2024-12-02,2024-12-02,2397428618.771028
2024-12-03,2024-12-03,2337269928.9622536
2024-12-04,2024-12-04,2846463413.8630457
2024-12-05,2024-12-05,8955543800.74172
2024-12-06,2024-12-06,5470200862.339151
2024-12-07,2024-12-07,829499515.1333711
2024-12-08,2024-12-08,738231488.0847195
2024-12-09,2024-12-09,5845356405.913611
2024-12-10,2024-12-10,2812982732.6120477
2024-12-11,2024-12-11,2923419725.1185746
2024-12-12,2024-12-12,1644832650.019379
2024-12-13,2024-12-13,1816687715.2206032
2024-12-14,2024-12-14,838220837.8083929
2024-12-15,2024-12-15,1342817205.1764011
2024-12-16,2024-12-16,3893036596.453719
2024-12-17,2024-12-17,4636988553.038136
2024-12-18,2024-12-18,2537552403.5535183
2024-12-19,2024-12-19,4987770181.346103
2024-12-20,2024-12-20,1974683912.0632384
2024-12-21,2024-12-21,461597058.62334096
2024-12-22,2024-12-22,478048619.7286142
2024-12-23,2024-12-23,6326015469.607879
2024-12-24,2024-12-24,2519005337.695008
2024-12-25,2024-12-25,531617155.5436977
2024-12-26,2024-12-26,872263079.8556515
2024-12-27,2024-12-27,1352039979.9366257
2024-12-28,2024-12-28,357856822.5586018
2024-12-29,2024-12-29,1038852925.1565216
