start_time,addresses_count_inflow,addresses_count_outflow,date
2021-01-01,19328,17056,2021-01-01
2021-01-02,29255,23999,2021-01-02
2021-01-03,32237,26257,2021-01-03
2021-01-04,32069,27086,2021-01-04
2021-01-05,30028,42911,2021-01-05
2021-01-06,35607,38178,2021-01-06
2021-01-07,39285,37284,2021-01-07
2021-01-08,35092,36587,2021-01-08
2021-01-09,28749,25628,2021-01-09
2021-01-10,30506,33169,2021-01-10
2021-01-11,34927,31007,2021-01-11
2021-01-12,29303,33504,2021-01-12
2021-01-13,30236,30343,2021-01-13
2021-01-14,29169,31267,2021-01-14
2021-01-15,28626,25655,2021-01-15
2021-01-16,26065,21068,2021-01-16
2021-01-17,24336,30362,2021-01-17
2021-01-18,26553,27264,2021-01-18
2021-01-19,28700,28669,2021-01-19
2021-01-20,29103,27875,2021-01-20
2021-01-21,29993,31803,2021-01-21
2021-01-22,28794,30303,2021-01-22
2021-01-23,23857,22017,2021-01-23
2021-01-24,21521,21682,2021-01-24
2021-01-25,26810,27597,2021-01-25
2021-01-26,25120,24386,2021-01-26
2021-01-27,30426,30937,2021-01-27
2021-01-28,32324,27671,2021-01-28
2021-01-29,60955,52192,2021-01-29
2021-01-30,37894,41750,2021-01-30
2021-01-31,38374,35421,2021-01-31
2021-02-01,37077,40110,2021-02-01
2021-02-02,41179,39215,2021-02-02
2021-02-03,39228,35700,2021-02-03
2021-02-04,48392,49449,2021-02-04
2021-02-05,41985,42070,2021-02-05
2021-02-06,40995,41355,2021-02-06
2021-02-07,38427,32895,2021-02-07
2021-02-08,46730,50445,2021-02-08
2021-02-09,51586,50279,2021-02-09
2021-02-10,53489,47580,2021-02-10
2021-02-11,44814,45605,2021-02-11
2021-02-12,48151,49720,2021-02-12
2021-02-13,42958,41455,2021-02-13
2021-02-14,37759,41041,2021-02-14
2021-02-15,42302,39843,2021-02-15
2021-02-16,39505,41239,2021-02-16
2021-02-17,46850,41490,2021-02-17
2021-02-18,45635,45933,2021-02-18
2021-02-19,52095,49234,2021-02-19
2021-02-20,52012,49751,2021-02-20
2021-02-21,41395,39369,2021-02-21
2021-02-22,47025,42380,2021-02-22
2021-02-23,51093,60753,2021-02-23
2021-02-24,46189,47045,2021-02-24
2021-02-25,44504,37772,2021-02-25
2021-02-26,44977,48054,2021-02-26
2021-02-27,40308,32944,2021-02-27
2021-02-28,33646,36734,2021-02-28
2021-03-01,39107,37775,2021-03-01
2021-03-02,37977,34960,2021-03-02
2021-03-03,45052,45910,2021-03-03
2021-03-04,38680,34562,2021-03-04
2021-03-05,40113,34947,2021-03-05
2021-03-06,30796,26076,2021-03-06
2021-03-07,33912,34241,2021-03-07
2021-03-08,36575,37039,2021-03-08
2021-03-09,45300,45948,2021-03-09
2021-03-10,43925,40507,2021-03-10
2021-03-11,46043,46074,2021-03-11
2021-03-12,45385,42502,2021-03-12
2021-03-13,45280,43574,2021-03-13
2021-03-14,42010,36314,2021-03-14
2021-03-15,46980,42402,2021-03-15
2021-03-16,46050,41718,2021-03-16
2021-03-17,46851,38818,2021-03-17
2021-03-18,48800,54568,2021-03-18
2021-03-19,43578,38695,2021-03-19
2021-03-20,41621,34385,2021-03-20
2021-03-21,34755,30669,2021-03-21
2021-03-22,42802,35861,2021-03-22
2021-03-23,44655,41309,2021-03-23
2021-03-24,43428,44149,2021-03-24
2021-03-25,50530,45059,2021-03-25
2021-03-26,43614,39454,2021-03-26
2021-03-27,39221,30136,2021-03-27
2021-03-28,35432,35877,2021-03-28
2021-03-29,42496,40563,2021-03-29
2021-03-30,46487,43570,2021-03-30
2021-03-31,53312,48740,2021-03-31
2021-04-01,46854,40776,2021-04-01
2021-04-02,48649,46705,2021-04-02
2021-04-03,45350,41379,2021-04-03
2021-04-04,43094,37202,2021-04-04
2021-04-05,54707,50179,2021-04-05
2021-04-06,54499,48920,2021-04-06
2021-04-07,59039,50985,2021-04-07
2021-04-08,48270,40773,2021-04-08
2021-04-09,52038,52668,2021-04-09
2021-04-10,50928,43679,2021-04-10
2021-04-11,45922,34806,2021-04-11
2021-04-12,53775,52305,2021-04-12
2021-04-13,57234,51174,2021-04-13
2021-04-14,67141,61585,2021-04-14
2021-04-15,63145,66867,2021-04-15
2021-04-16,59672,51870,2021-04-16
2021-04-17,53906,40643,2021-04-17
2021-04-18,62746,82869,2021-04-18
2021-04-19,56275,38828,2021-04-19
2021-04-20,69041,59924,2021-04-20
2021-04-21,61667,49121,2021-04-21
2021-04-22,63127,98289,2021-04-22
2021-04-23,64944,73739,2021-04-23
2021-04-24,52819,47779,2021-04-24
2021-04-25,42916,45649,2021-04-25
2021-04-26,52002,53426,2021-04-26
2021-04-27,55154,59189,2021-04-27
2021-04-28,58575,52224,2021-04-28
2021-04-29,57780,57552,2021-04-29
2021-04-30,55362,52455,2021-04-30
2021-05-01,53933,45346,2021-05-01
2021-05-02,48292,40885,2021-05-02
2021-05-03,59635,57777,2021-05-03
2021-05-04,67178,58008,2021-05-04
2021-05-05,72269,64494,2021-05-05
2021-05-06,76406,64943,2021-05-06
2021-05-07,73473,75003,2021-05-07
2021-05-08,71199,67494,2021-05-08
2021-05-09,67703,53841,2021-05-09
2021-05-10,76161,76397,2021-05-10
2021-05-11,82488,66314,2021-05-11
2021-05-12,78589,71668,2021-05-12
2021-05-13,81290,80149,2021-05-13
2021-05-14,71363,69538,2021-05-14
2021-05-15,59999,61689,2021-05-15
2021-05-16,57767,49602,2021-05-16
2021-05-17,62655,72209,2021-05-17
2021-05-18,53719,40957,2021-05-18
2021-05-19,71536,71272,2021-05-19
2021-05-20,69579,84295,2021-05-20
2021-05-21,63423,70292,2021-05-21
2021-05-22,49866,48804,2021-05-22
2021-05-23,51857,49767,2021-05-23
2021-05-24,56155,51930,2021-05-24
2021-05-25,49878,48718,2021-05-25
2021-05-26,54302,50844,2021-05-26
2021-05-27,47751,51410,2021-05-27
2021-05-28,48857,54772,2021-05-28
2021-05-29,37750,35081,2021-05-29
2021-05-30,35466,31049,2021-05-30
2021-05-31,43394,39645,2021-05-31
2021-06-01,43765,38802,2021-06-01
2021-06-02,52505,50610,2021-06-02
2021-06-03,57591,52037,2021-06-03
2021-06-04,46479,45929,2021-06-04
2021-06-05,45797,42139,2021-06-05
2021-06-06,32336,26290,2021-06-06
2021-06-07,43857,48656,2021-06-07
2021-06-08,51204,49324,2021-06-08
2021-06-09,43587,28333,2021-06-09
2021-06-10,57117,66114,2021-06-10
2021-06-11,46006,45603,2021-06-11
2021-06-12,43518,37472,2021-06-12
2021-06-13,35167,32990,2021-06-13
2021-06-14,45929,45432,2021-06-14
2021-06-15,50657,45578,2021-06-15
2021-06-16,45093,40702,2021-06-16
2021-06-17,41541,40735,2021-06-17
2021-06-18,39157,42517,2021-06-18
2021-06-19,35398,31161,2021-06-19
2021-06-20,32711,32959,2021-06-20
2021-06-21,41357,46204,2021-06-21
2021-06-22,44828,38296,2021-06-22
2021-06-23,46029,52160,2021-06-23
2021-06-24,42486,37533,2021-06-24
2021-06-25,40508,39695,2021-06-25
2021-06-26,34561,31193,2021-06-26
2021-06-27,30171,27562,2021-06-27
2021-06-28,40636,42405,2021-06-28
2021-06-29,43690,36558,2021-06-29
2021-06-30,40690,41870,2021-06-30
2021-07-01,42943,41870,2021-07-01
2021-07-02,38039,37194,2021-07-02
2021-07-03,40253,33473,2021-07-03
2021-07-04,37195,33248,2021-07-04
2021-07-05,39443,34587,2021-07-05
2021-07-06,41025,36393,2021-07-06
2021-07-07,40566,37194,2021-07-07
2021-07-08,39238,36907,2021-07-08
2021-07-09,37774,33694,2021-07-09
2021-07-10,35123,26114,2021-07-10
2021-07-11,31253,27052,2021-07-11
2021-07-12,38276,35353,2021-07-12
2021-07-13,35948,34859,2021-07-13
2021-07-14,37787,31546,2021-07-14
2021-07-15,38526,34601,2021-07-15
2021-07-16,38034,30770,2021-07-16
2021-07-17,33133,24619,2021-07-17
2021-07-18,30952,25466,2021-07-18
2021-07-19,36503,37073,2021-07-19
2021-07-20,39794,45542,2021-07-20
2021-07-21,38648,39765,2021-07-21
2021-07-22,39251,34349,2021-07-22
2021-07-23,40221,35122,2021-07-23
2021-07-24,37995,33284,2021-07-24
2021-07-25,32984,29432,2021-07-25
2021-07-26,48745,43257,2021-07-26
2021-07-27,40543,40669,2021-07-27
2021-07-28,42075,42598,2021-07-28
2021-07-29,42216,38555,2021-07-29
2021-07-30,41440,37610,2021-07-30
2021-07-31,39422,37719,2021-07-31
2021-08-01,33806,15333,2021-08-01
2021-08-02,37883,39128,2021-08-02
2021-08-03,38519,33692,2021-08-03
2021-08-04,39398,34746,2021-08-04
2021-08-05,42823,36871,2021-08-05
2021-08-06,43631,35706,2021-08-06
2021-08-07,39996,35463,2021-08-07
2021-08-08,36283,36501,2021-08-08
2021-08-09,42032,39301,2021-08-09
2021-08-10,42734,37325,2021-08-10
2021-08-11,44590,40228,2021-08-11
2021-08-12,40502,35955,2021-08-12
2021-08-13,43190,39122,2021-08-13
2021-08-14,39139,33747,2021-08-14
2021-08-15,35067,26602,2021-08-15
2021-08-16,43310,47522,2021-08-16
2021-08-17,42360,34677,2021-08-17
2021-08-18,39571,37367,2021-08-18
2021-08-19,41242,37706,2021-08-19
2021-08-20,47683,38323,2021-08-20
2021-08-21,41392,33295,2021-08-21
2021-08-22,33606,27396,2021-08-22
2021-08-23,45149,44054,2021-08-23
2021-08-24,43833,38559,2021-08-24
2021-08-25,43169,38470,2021-08-25
2021-08-26,41472,36906,2021-08-26
2021-08-27,41721,34957,2021-08-27
2021-08-28,37523,30464,2021-08-28
2021-08-29,33700,23155,2021-08-29
2021-08-30,39502,29739,2021-08-30
2021-08-31,45827,38192,2021-08-31
2021-09-01,46392,52169,2021-09-01
2021-09-02,51343,45080,2021-09-02
2021-09-03,48487,47424,2021-09-03
2021-09-04,42591,31918,2021-09-04
2021-09-05,37877,35275,2021-09-05
2021-09-06,45487,38544,2021-09-06
2021-09-07,51845,52715,2021-09-07
2021-09-08,47027,39796,2021-09-08
2021-09-09,47551,36790,2021-09-09
2021-09-10,44071,44457,2021-09-10
2021-09-11,39085,31419,2021-09-11
2021-09-12,34578,26451,2021-09-12
2021-09-13,40450,40170,2021-09-13
2021-09-14,43496,30355,2021-09-14
2021-09-15,44106,38541,2021-09-15
2021-09-16,45853,39233,2021-09-16
2021-09-17,43226,44056,2021-09-17
2021-09-18,37469,32047,2021-09-18
2021-09-19,33718,27645,2021-09-19
2021-09-20,44555,46511,2021-09-20
2021-09-21,39850,43303,2021-09-21
2021-09-22,42792,39667,2021-09-22
2021-09-23,42862,36913,2021-09-23
2021-09-24,44040,39848,2021-09-24
2021-09-25,34948,29869,2021-09-25
2021-09-26,33833,32179,2021-09-26
2021-09-27,40394,40597,2021-09-27
2021-09-28,37982,30569,2021-09-28
2021-09-29,38062,40046,2021-09-29
2021-09-30,45810,41541,2021-09-30
2021-10-01,49271,37829,2021-10-01
2021-10-02,42569,38534,2021-10-02
2021-10-03,37690,29518,2021-10-03
2021-10-04,42199,24351,2021-10-04
2021-10-05,51003,52642,2021-10-05
2021-10-06,48706,36937,2021-10-06
2021-10-07,57413,65132,2021-10-07
2021-10-08,46449,37571,2021-10-08
2021-10-09,43115,31424,2021-10-09
2021-10-10,38104,28970,2021-10-10
2021-10-11,46625,42683,2021-10-11
2021-10-12,46284,40221,2021-10-12
2021-10-13,46273,41451,2021-10-13
2021-10-14,47929,43935,2021-10-14
2021-10-15,55261,53692,2021-10-15
2021-10-16,49314,42019,2021-10-16
2021-10-17,40229,34102,2021-10-17
2021-10-18,47694,41250,2021-10-18
2021-10-19,50397,43540,2021-10-19
2021-10-20,51996,41442,2021-10-20
2021-10-21,54906,50352,2021-10-21
2021-10-22,48505,41886,2021-10-22
2021-10-23,43783,31898,2021-10-23
2021-10-24,40624,31649,2021-10-24
2021-10-25,50677,43603,2021-10-25
2021-10-26,50606,44065,2021-10-26
2021-10-27,54492,46228,2021-10-27
2021-10-28,54661,51039,2021-10-28
2021-10-29,54654,45135,2021-10-29
2021-10-30,50135,38862,2021-10-30
2021-10-31,45023,34070,2021-10-31
2021-11-01,54245,46671,2021-11-01
2021-11-02,55748,49350,2021-11-02
2021-11-03,53959,42710,2021-11-03
2021-11-04,54035,46674,2021-11-04
2021-11-05,52185,37780,2021-11-05
2021-11-06,45958,34870,2021-11-06
2021-11-07,44770,35206,2021-11-07
2021-11-08,55580,38319,2021-11-08
2021-11-09,60345,58422,2021-11-09
2021-11-10,56254,44097,2021-11-10
2021-11-11,52121,44304,2021-11-11
2021-11-12,47979,38437,2021-11-12
2021-11-13,45213,31785,2021-11-13
2021-11-14,41472,26907,2021-11-14
2021-11-15,50471,43254,2021-11-15
2021-11-16,53001,43239,2021-11-16
2021-11-17,49778,38773,2021-11-17
2021-11-18,50700,39712,2021-11-18
2021-11-19,48918,32710,2021-11-19
2021-11-20,45264,31601,2021-11-20
2021-11-21,42953,30437,2021-11-21
2021-11-22,47102,19518,2021-11-22
2021-11-23,46455,385,2021-11-23
2021-11-24,51097,388,2021-11-24
2021-11-25,52459,247,2021-11-25
2021-11-26,52673,20,2021-11-26
2021-11-27,44676,3,2021-11-27
2021-11-28,41542,5,2021-11-28
2021-11-29,51333,11,2021-11-29
2021-11-30,51827,15,2021-11-30
2021-12-01,53527,99617,2021-12-01
2021-12-02,55403,61833,2021-12-02
2021-12-03,51679,8,2021-12-03
2021-12-04,53115,4,2021-12-04
2021-12-05,53012,807,2021-12-05
2021-12-06,50426,803,2021-12-06
2021-12-07,53539,1103,2021-12-07
2021-12-08,47834,54588,2021-12-08
2021-12-09,52466,126688,2021-12-09
2021-12-10,51332,899,2021-12-10
2021-12-11,44892,800,2021-12-11
2021-12-12,43576,1375,2021-12-12
2021-12-13,49106,954,2021-12-13
2021-12-14,49233,758,2021-12-14
2021-12-15,50218,257,2021-12-15
2021-12-16,49285,13,2021-12-16
2021-12-17,48104,84645,2021-12-17
2021-12-18,48514,41625,2021-12-18
2021-12-19,41900,2,2021-12-19
2021-12-20,49994,24,2021-12-20
2021-12-21,54162,8,2021-12-21
2021-12-22,52840,13,2021-12-22
2021-12-23,55755,24,2021-12-23
2021-12-24,54312,104665,2021-12-24
2021-12-25,46528,124700,2021-12-25
2021-12-26,46316,52302,2021-12-26
2021-12-27,53740,62754,2021-12-27
2021-12-28,55399,67243,2021-12-28
2021-12-29,56041,55343,2021-12-29
2021-12-30,50100,43539,2021-12-30
2021-12-31,50177,55095,2021-12-31
2022-01-01,40242,29903,2022-01-01
2022-01-02,40543,31476,2022-01-02
2022-01-03,47530,37094,2022-01-03
2022-01-04,48572,44477,2022-01-04
2022-01-05,51729,48850,2022-01-05
2022-01-06,50813,52913,2022-01-06
2022-01-07,49369,43700,2022-01-07
2022-01-08,44138,36538,2022-01-08
2022-01-09,43092,36518,2022-01-09
2022-01-10,48813,46245,2022-01-10
2022-01-11,49704,44761,2022-01-11
2022-01-12,49485,39637,2022-01-12
2022-01-13,51314,41885,2022-01-13
2022-01-14,51020,41029,2022-01-14
2022-01-15,46544,38356,2022-01-15
2022-01-16,43163,31193,2022-01-16
2022-01-17,48379,38964,2022-01-17
2022-01-18,48176,41337,2022-01-18
2022-01-19,49222,37963,2022-01-19
2022-01-20,50938,37704,2022-01-20
2022-01-21,55633,48192,2022-01-21
2022-01-22,52096,47300,2022-01-22
2022-01-23,43805,28252,2022-01-23
2022-01-24,50990,45855,2022-01-24
2022-01-25,48717,36408,2022-01-25
2022-01-26,46324,37523,2022-01-26
2022-01-27,48202,31844,2022-01-27
2022-01-28,51625,35575,2022-01-28
2022-01-29,44780,43546,2022-01-29
2022-01-30,42831,68322,2022-01-30
2022-01-31,50543,66355,2022-01-31
2022-02-01,52231,57248,2022-02-01
2022-02-02,50208,47499,2022-02-02
2022-02-03,48305,38120,2022-02-03
2022-02-04,50879,37316,2022-02-04
2022-02-05,53521,46596,2022-02-05
2022-02-06,45818,31796,2022-02-06
2022-02-07,51194,49347,2022-02-07
2022-02-08,53767,46103,2022-02-08
2022-02-09,49903,36013,2022-02-09
2022-02-10,53355,44588,2022-02-10
2022-02-11,50863,38765,2022-02-11
2022-02-12,46668,33741,2022-02-12
2022-02-13,42823,27324,2022-02-13
2022-02-14,47919,40465,2022-02-14
2022-02-15,52173,39944,2022-02-15
2022-02-16,49647,41180,2022-02-16
2022-02-17,49042,36903,2022-02-17
2022-02-18,50319,46420,2022-02-18
2022-02-19,43398,30692,2022-02-19
2022-02-20,43887,26613,2022-02-20
2022-02-21,46552,39920,2022-02-21
2022-02-22,47491,36973,2022-02-22
2022-02-23,45022,30384,2022-02-23
2022-02-24,51390,49401,2022-02-24
2022-02-25,51731,33736,2022-02-25
2022-02-26,44123,24963,2022-02-26
2022-02-27,43703,22547,2022-02-27
2022-02-28,54810,43093,2022-02-28
2022-03-01,57466,40690,2022-03-01
2022-03-02,55856,45556,2022-03-02
2022-03-03,52896,42810,2022-03-03
2022-03-04,51323,40027,2022-03-04
2022-03-05,45046,30955,2022-03-05
2022-03-06,43516,29160,2022-03-06
2022-03-07,50617,42192,2022-03-07
2022-03-08,51723,41461,2022-03-08
2022-03-09,54382,40469,2022-03-09
2022-03-10,50205,34675,2022-03-10
2022-03-11,47471,31253,2022-03-11
2022-03-12,44197,20349,2022-03-12
2022-03-13,42708,31190,2022-03-13
2022-03-14,49118,32743,2022-03-14
2022-03-15,48958,47014,2022-03-15
2022-03-16,51460,43218,2022-03-16
2022-03-17,53933,37338,2022-03-17
2022-03-18,52655,35400,2022-03-18
2022-03-19,45782,37600,2022-03-19
2022-03-20,43660,33393,2022-03-20
2022-03-21,48792,40733,2022-03-21
2022-03-22,52567,45756,2022-03-22
2022-03-23,48924,37587,2022-03-23
2022-03-24,50542,44108,2022-03-24
2022-03-25,55161,40242,2022-03-25
2022-03-26,45879,29931,2022-03-26
2022-03-27,45800,30195,2022-03-27
2022-03-28,56381,42851,2022-03-28
2022-03-29,53830,43013,2022-03-29
2022-03-30,49286,37853,2022-03-30
2022-03-31,53990,45293,2022-03-31
2022-04-01,57568,50084,2022-04-01
2022-04-02,50557,31770,2022-04-02
2022-04-03,44805,32291,2022-04-03
2022-04-04,51022,48267,2022-04-04
2022-04-05,51278,36133,2022-04-05
2022-04-06,50241,39959,2022-04-06
2022-04-07,48484,43655,2022-04-07
2022-04-08,50265,20994,2022-04-08
2022-04-09,43474,26736,2022-04-09
2022-04-10,41572,25739,2022-04-10
2022-04-11,49791,35907,2022-04-11
2022-04-12,47161,31671,2022-04-12
2022-04-13,48815,43051,2022-04-13
2022-04-14,47739,34950,2022-04-14
2022-04-15,46856,34176,2022-04-15
2022-04-16,42841,34226,2022-04-16
2022-04-17,43348,30078,2022-04-17
2022-04-18,46592,37996,2022-04-18
2022-04-19,48343,33534,2022-04-19
2022-04-20,49643,42102,2022-04-20
2022-04-21,49023,37216,2022-04-21
2022-04-22,46571,31228,2022-04-22
2022-04-23,43381,32921,2022-04-23
2022-04-24,41826,29968,2022-04-24
2022-04-25,47669,39357,2022-04-25
2022-04-26,48565,36165,2022-04-26
2022-04-27,46905,33449,2022-04-27
2022-04-28,47981,36992,2022-04-28
2022-04-29,50647,41609,2022-04-29
2022-04-30,47830,20274,2022-04-30
2022-05-01,46118,3560,2022-05-01
2022-05-02,46419,3189,2022-05-02
2022-05-03,46009,2630,2022-05-03
2022-05-04,42342,68264,2022-05-04
2022-05-05,50295,84598,2022-05-05
2022-05-06,46297,16729,2022-05-06
2022-05-07,40902,38727,2022-05-07
2022-05-08,41387,19471,2022-05-08
2022-05-09,47540,26566,2022-05-09
2022-05-10,48251,737,2022-05-10
2022-05-11,49328,70565,2022-05-11
2022-05-12,48856,98030,2022-05-12
2022-05-13,55134,149065,2022-05-13
2022-05-14,53249,92847,2022-05-14
2022-05-15,41300,36418,2022-05-15
2022-05-16,43605,140804,2022-05-16
2022-05-17,44823,72112,2022-05-17
2022-05-18,41463,32612,2022-05-18
2022-05-19,43601,38219,2022-05-19
2022-05-20,43169,35952,2022-05-20
2022-05-21,39846,31435,2022-05-21
2022-05-22,37306,31037,2022-05-22
2022-05-23,41775,36057,2022-05-23
2022-05-24,41027,33469,2022-05-24
2022-05-25,45786,37868,2022-05-25
2022-05-26,42155,34733,2022-05-26
2022-05-27,45581,38835,2022-05-27
2022-05-28,38822,26036,2022-05-28
2022-05-29,36005,26913,2022-05-29
2022-05-30,44167,39244,2022-05-30
2022-05-31,46645,35120,2022-05-31
2022-06-01,46463,34829,2022-06-01
2022-06-02,43876,34560,2022-06-02
2022-06-03,44040,34479,2022-06-03
2022-06-04,39230,27225,2022-06-04
2022-06-05,36402,25683,2022-06-05
2022-06-06,43827,35853,2022-06-06
2022-06-07,41540,33224,2022-06-07
2022-06-08,42744,33392,2022-06-08
2022-06-09,41817,30743,2022-06-09
2022-06-10,43062,32910,2022-06-10
2022-06-11,39004,30362,2022-06-11
2022-06-12,38500,29053,2022-06-12
2022-06-13,43255,36844,2022-06-13
2022-06-14,44534,55750,2022-06-14
2022-06-15,43575,57048,2022-06-15
2022-06-16,40043,35478,2022-06-16
2022-06-17,39980,34350,2022-06-17
2022-06-18,40555,39899,2022-06-18
2022-06-19,35764,26905,2022-06-19
2022-06-20,37446,33798,2022-06-20
2022-06-21,37548,35190,2022-06-21
2022-06-22,37427,33098,2022-06-22
2022-06-23,37731,32631,2022-06-23
2022-06-24,39369,34218,2022-06-24
2022-06-25,34870,27664,2022-06-25
2022-06-26,31874,29037,2022-06-26
2022-06-27,36203,29985,2022-06-27
2022-06-28,37201,36003,2022-06-28
2022-06-29,37251,34693,2022-06-29
2022-06-30,40582,36079,2022-06-30
2022-07-01,42786,37204,2022-07-01
2022-07-02,37119,32659,2022-07-02
2022-07-03,33932,27911,2022-07-03
2022-07-04,36929,34843,2022-07-04
2022-07-05,38500,34240,2022-07-05
2022-07-06,41920,37340,2022-07-06
2022-07-07,40149,37570,2022-07-07
2022-07-08,41919,35304,2022-07-08
2022-07-09,34615,29150,2022-07-09
2022-07-10,33049,26784,2022-07-10
2022-07-11,35694,30714,2022-07-11
2022-07-12,36670,35966,2022-07-12
2022-07-13,37156,15162,2022-07-13
2022-07-14,39231,45395,2022-07-14
2022-07-15,39428,36586,2022-07-15
2022-07-16,35006,30933,2022-07-16
2022-07-17,33587,25852,2022-07-17
2022-07-18,38724,37243,2022-07-18
2022-07-19,40756,37727,2022-07-19
2022-07-20,39420,34265,2022-07-20
2022-07-21,41949,35247,2022-07-21
2022-07-22,40130,34034,2022-07-22
2022-07-23,35701,31680,2022-07-23
2022-07-24,33448,30215,2022-07-24
2022-07-25,37758,33035,2022-07-25
2022-07-26,38269,36118,2022-07-26
2022-07-27,39700,35208,2022-07-27
2022-07-28,42190,36271,2022-07-28
2022-07-29,42640,39977,2022-07-29
2022-07-30,36523,30367,2022-07-30
2022-07-31,35409,27294,2022-07-31
2022-08-01,38808,37817,2022-08-01
2022-08-02,40727,36337,2022-08-02
2022-08-03,41361,35808,2022-08-03
2022-08-04,41084,37718,2022-08-04
2022-08-05,41150,34014,2022-08-05
2022-08-06,36867,30225,2022-08-06
2022-08-07,33444,28508,2022-08-07
2022-08-08,39977,37884,2022-08-08
2022-08-09,37693,32601,2022-08-09
2022-08-10,38881,36090,2022-08-10
2022-08-11,43150,35289,2022-08-11
2022-08-12,40964,38877,2022-08-12
2022-08-13,36602,28287,2022-08-13
2022-08-14,34770,32152,2022-08-14
2022-08-15,36588,31505,2022-08-15
2022-08-16,39139,20780,2022-08-16
2022-08-17,38652,43970,2022-08-17
2022-08-18,38458,35430,2022-08-18
2022-08-19,42927,37323,2022-08-19
2022-08-20,35644,30944,2022-08-20
2022-08-21,32451,26228,2022-08-21
2022-08-22,36592,34615,2022-08-22
2022-08-23,36744,33343,2022-08-23
2022-08-24,37242,32831,2022-08-24
2022-08-25,37513,32664,2022-08-25
2022-08-26,39412,33965,2022-08-26
2022-08-27,35653,30142,2022-08-27
2022-08-28,32919,24105,2022-08-28
2022-08-29,36537,33836,2022-08-29
2022-08-30,38123,33263,2022-08-30
2022-08-31,37696,35694,2022-08-31
2022-09-01,40443,36108,2022-09-01
2022-09-02,42860,38279,2022-09-02
2022-09-03,35456,31351,2022-09-03
2022-09-04,32419,26715,2022-09-04
2022-09-05,37362,35224,2022-09-05
2022-09-06,37777,33902,2022-09-06
2022-09-07,38801,33888,2022-09-07
2022-09-08,40105,36644,2022-09-08
2022-09-09,44737,38892,2022-09-09
2022-09-10,36504,33226,2022-09-10
2022-09-11,34655,30531,2022-09-11
2022-09-12,38363,34139,2022-09-12
2022-09-13,38526,34911,2022-09-13
2022-09-14,39560,34411,2022-09-14
2022-09-15,34697,31842,2022-09-15
2022-09-16,42512,32135,2022-09-16
2022-09-17,30608,34876,2022-09-17
2022-09-18,24912,21452,2022-09-18
2022-09-19,28450,25120,2022-09-19
2022-09-20,29303,28172,2022-09-20
2022-09-21,28919,25788,2022-09-21
2022-09-22,27411,24216,2022-09-22
2022-09-23,31254,27644,2022-09-23
2022-09-24,25699,21277,2022-09-24
2022-09-25,26439,21541,2022-09-25
2022-09-26,27267,27263,2022-09-26
2022-09-27,29403,27630,2022-09-27
2022-09-28,27901,24317,2022-09-28
2022-09-29,29114,25292,2022-09-29
2022-09-30,33745,28739,2022-09-30
2022-10-01,28139,23544,2022-10-01
2022-10-02,26313,22308,2022-10-02
2022-10-03,29497,26737,2022-10-03
2022-10-04,30026,26358,2022-10-04
2022-10-05,29819,25161,2022-10-05
2022-10-06,29482,30266,2022-10-06
2022-10-07,28947,25718,2022-10-07
2022-10-08,27122,22532,2022-10-08
2022-10-09,24997,21905,2022-10-09
2022-10-10,26094,23729,2022-10-10
2022-10-11,27050,24640,2022-10-11
2022-10-12,26564,23400,2022-10-12
2022-10-13,29604,27815,2022-10-13
2022-10-14,29949,25710,2022-10-14
2022-10-15,25658,21473,2022-10-15
2022-10-16,24333,22115,2022-10-16
2022-10-17,26770,24417,2022-10-17
2022-10-18,27419,24861,2022-10-18
2022-10-19,25791,23483,2022-10-19
2022-10-20,26453,24253,2022-10-20
2022-10-21,29441,25043,2022-10-21
2022-10-22,24124,19819,2022-10-22
2022-10-23,25580,21611,2022-10-23
2022-10-24,26038,26137,2022-10-24
2022-10-25,26123,22228,2022-10-25
2022-10-26,29224,27861,2022-10-26
2022-10-27,27484,23476,2022-10-27
2022-10-28,29021,25411,2022-10-28
2022-10-29,28228,23281,2022-10-29
2022-10-30,25699,21747,2022-10-30
2022-10-31,27882,28633,2022-10-31
2022-11-01,29645,24878,2022-11-01
2022-11-02,27458,23621,2022-11-02
2022-11-03,29481,27752,2022-11-03
2022-11-04,30639,27201,2022-11-04
2022-11-05,27832,24481,2022-11-05
2022-11-06,25882,22549,2022-11-06
2022-11-07,28100,27319,2022-11-07
2022-11-08,31114,29769,2022-11-08
2022-11-09,32086,28783,2022-11-09
2022-11-10,30233,28392,2022-11-10
2022-11-11,29599,27392,2022-11-11
2022-11-12,27350,22298,2022-11-12
2022-11-13,28296,26796,2022-11-13
2022-11-14,28222,40363,2022-11-14
2022-11-15,29348,95344,2022-11-15
2022-11-16,27306,100706,2022-11-16
2022-11-17,26960,93366,2022-11-17
2022-11-18,29776,87332,2022-11-18
2022-11-19,25559,54106,2022-11-19
2022-11-20,22722,38389,2022-11-20
2022-11-21,26258,28870,2022-11-21
2022-11-22,26183,24500,2022-11-22
2022-11-23,28311,26435,2022-11-23
2022-11-24,25934,23489,2022-11-24
2022-11-25,26416,25944,2022-11-25
2022-11-26,23836,23524,2022-11-26
2022-11-27,22121,20082,2022-11-27
2022-11-28,25633,27189,2022-11-28
2022-11-29,26089,24943,2022-11-29
2022-11-30,27358,26939,2022-11-30
2022-12-01,29402,27888,2022-12-01
2022-12-02,29722,21869,2022-12-02
2022-12-03,26023,29663,2022-12-03
2022-12-04,22677,21578,2022-12-04
2022-12-05,26976,26560,2022-12-05
2022-12-06,26091,25880,2022-12-06
2022-12-07,26548,26954,2022-12-07
2022-12-08,26587,25440,2022-12-08
2022-12-09,27611,60240,2022-12-09
2022-12-10,24702,105131,2022-12-10
2022-12-11,21295,20784,2022-12-11
2022-12-12,25698,25819,2022-12-12
2022-12-13,26983,26484,2022-12-13
2022-12-14,27119,26750,2022-12-14
2022-12-15,27122,25083,2022-12-15
2022-12-16,28216,27286,2022-12-16
2022-12-17,26825,25809,2022-12-17
2022-12-18,21245,13601,2022-12-18
2022-12-19,25114,29717,2022-12-19
2022-12-20,26409,24945,2022-12-20
2022-12-21,26128,25152,2022-12-21
2022-12-22,26588,25874,2022-12-22
2022-12-23,28251,27919,2022-12-23
2022-12-24,23778,19459,2022-12-24
2022-12-25,20960,19936,2022-12-25
2022-12-26,21528,20244,2022-12-26
2022-12-27,23483,23133,2022-12-27
2022-12-28,25244,26386,2022-12-28
2022-12-29,25666,23788,2022-12-29
2022-12-30,28811,27736,2022-12-30
2022-12-31,25127,23082,2022-12-31
2023-01-01,21701,19061,2023-01-01
2023-01-02,22647,23144,2023-01-02
2023-01-03,24792,24862,2023-01-03
2023-01-04,25599,23852,2023-01-04
2023-01-05,26790,26157,2023-01-05
2023-01-06,27482,25557,2023-01-06
2023-01-07,24053,22994,2023-01-07
2023-01-08,21669,18669,2023-01-08
2023-01-09,26152,77650,2023-01-09
2023-01-10,26462,83212,2023-01-10
2023-01-11,25214,78853,2023-01-11
2023-01-12,29406,48030,2023-01-12
2023-01-13,30282,30482,2023-01-13
2023-01-14,29890,29005,2023-01-14
2023-01-15,23451,4,2023-01-15
2023-01-16,26797,39385,2023-01-16
2023-01-17,26235,27203,2023-01-17
2023-01-18,26622,25321,2023-01-18
2023-01-19,26722,25627,2023-01-19
2023-01-20,28728,27684,2023-01-20
2023-01-21,27611,27109,2023-01-21
2023-01-22,23255,21716,2023-01-22
2023-01-23,24896,24505,2023-01-23
2023-01-24,26347,24759,2023-01-24
2023-01-25,26936,26301,2023-01-25
2023-01-26,26210,25720,2023-01-26
2023-01-27,27609,26096,2023-01-27
2023-01-28,25168,21948,2023-01-28
2023-01-29,23022,22931,2023-01-29
2023-01-30,25833,27318,2023-01-30
2023-01-31,27109,25073,2023-01-31
2023-02-01,29501,28059,2023-02-01
2023-02-02,29261,28953,2023-02-02
2023-02-03,29612,27812,2023-02-03
2023-02-04,26539,22994,2023-02-04
2023-02-05,23272,25455,2023-02-05
2023-02-06,25813,23479,2023-02-06
2023-02-07,26799,25904,2023-02-07
2023-02-08,26689,24699,2023-02-08
2023-02-09,28216,27844,2023-02-09
2023-02-10,28714,25485,2023-02-10
2023-02-11,24469,20898,2023-02-11
2023-02-12,22738,23933,2023-02-12
2023-02-13,25387,23891,2023-02-13
2023-02-14,25521,11744,2023-02-14
2023-02-15,27620,35437,2023-02-15
2023-02-16,31460,28852,2023-02-16
2023-02-17,28819,28905,2023-02-17
2023-02-18,25548,26524,2023-02-18
2023-02-19,22616,21190,2023-02-19
2023-02-20,24482,23337,2023-02-20
2023-02-21,25752,24721,2023-02-21
2023-02-22,25949,25259,2023-02-22
2023-02-23,26490,24572,2023-02-23
2023-02-24,27444,28081,2023-02-24
2023-02-25,23626,21326,2023-02-25
2023-02-26,21783,19906,2023-02-26
2023-02-27,24523,24005,2023-02-27
2023-02-28,27164,23866,2023-02-28
2023-03-01,29607,27949,2023-03-01
2023-03-02,27189,25815,2023-03-02
2023-03-03,29640,28586,2023-03-03
2023-03-04,25196,23264,2023-03-04
2023-03-05,21943,19172,2023-03-05
2023-03-06,25493,24912,2023-03-06
2023-03-07,27012,26720,2023-03-07
2023-03-08,25421,17922,2023-03-08
2023-03-09,27531,31410,2023-03-09
2023-03-10,28703,26806,2023-03-10
2023-03-11,25038,23409,2023-03-11
2023-03-12,22293,21003,2023-03-12
2023-03-13,29356,28567,2023-03-13
2023-03-14,30648,30373,2023-03-14
2023-03-15,28121,25275,2023-03-15
2023-03-16,26869,24841,2023-03-16
2023-03-17,31478,30532,2023-03-17
2023-03-18,26610,25707,2023-03-18
2023-03-19,23799,23531,2023-03-19
2023-03-20,27882,23956,2023-03-20
2023-03-21,27035,25542,2023-03-21
2023-03-22,27445,26565,2023-03-22
2023-03-23,26676,18850,2023-03-23
2023-03-24,26848,7186,2023-03-24
2023-03-25,24021,38671,2023-03-25
2023-03-26,21409,17507,2023-03-26
2023-03-27,25139,24444,2023-03-27
2023-03-28,24796,23825,2023-03-28
2023-03-29,26433,26857,2023-03-29
2023-03-30,26743,23112,2023-03-30
2023-03-31,27935,23829,2023-03-31
2023-04-01,26333,22927,2023-04-01
2023-04-02,22779,23423,2023-04-02
2023-04-03,25413,17621,2023-04-03
2023-04-04,29070,30985,2023-04-04
2023-04-05,27812,25502,2023-04-05
2023-04-06,26706,25985,2023-04-06
2023-04-07,26808,23783,2023-04-07
2023-04-08,23939,11802,2023-04-08
2023-04-09,20549,30365,2023-04-09
2023-04-10,25196,17083,2023-04-10
2023-04-11,29594,30532,2023-04-11
2023-04-12,26286,24750,2023-04-12
2023-04-13,26903,25148,2023-04-13
2023-04-14,29158,26933,2023-04-14
2023-04-15,24615,20403,2023-04-15
2023-04-16,21842,12643,2023-04-16
2023-04-17,26302,31582,2023-04-17
2023-04-18,26335,29205,2023-04-18
2023-04-19,26194,30276,2023-04-19
2023-04-20,26573,30045,2023-04-20
2023-04-21,26958,26159,2023-04-21
2023-04-22,23022,20772,2023-04-22
2023-04-23,20220,16831,2023-04-23
2023-04-24,23693,23445,2023-04-24
2023-04-25,25039,23876,2023-04-25
2023-04-26,26215,11184,2023-04-26
2023-04-27,25688,27243,2023-04-27
2023-04-28,28032,23970,2023-04-28
2023-04-29,23962,30584,2023-04-29
2023-04-30,22295,11249,2023-04-30
2023-05-01,25646,24986,2023-05-01
2023-05-02,24202,10146,2023-05-02
2023-05-03,27305,8456,2023-05-03
2023-05-04,26013,39122,2023-05-04
2023-05-05,26272,4319,2023-05-05
2023-05-06,24050,177,2023-05-06
2023-05-07,17782,12,2023-05-07
2023-05-08,21770,12,2023-05-08
2023-05-09,23877,30,2023-05-09
2023-05-10,25064,1149,2023-05-10
2023-05-11,24195,1257,2023-05-11
2023-05-12,25169,3526,2023-05-12
2023-05-13,21805,3332,2023-05-13
2023-05-14,19730,26426,2023-05-14
2023-05-15,22767,2957,2023-05-15
2023-05-16,23739,3128,2023-05-16
2023-05-17,24097,10326,2023-05-17
2023-05-18,22940,25752,2023-05-18
2023-05-19,25000,8911,2023-05-19
2023-05-20,21088,25180,2023-05-20
2023-05-21,19909,21444,2023-05-21
2023-05-22,22087,8239,2023-05-22
2023-05-23,23056,9415,2023-05-23
2023-05-24,23256,9405,2023-05-24
2023-05-25,23635,9096,2023-05-25
2023-05-26,25200,10060,2023-05-26
2023-05-27,22180,14290,2023-05-27
2023-05-28,19705,45006,2023-05-28
2023-05-29,21555,25126,2023-05-29
2023-05-30,22921,23132,2023-05-30
2023-05-31,23844,39065,2023-05-31
2023-06-01,26361,31571,2023-06-01
2023-06-02,26752,31721,2023-06-02
2023-06-03,23240,24973,2023-06-03
2023-06-04,20016,44775,2023-06-04
2023-06-05,22788,52874,2023-06-05
2023-06-06,23277,32697,2023-06-06
2023-06-07,25733,10781,2023-06-07
2023-06-08,24312,47389,2023-06-08
2023-06-09,24804,53835,2023-06-09
2023-06-10,23455,27797,2023-06-10
2023-06-11,18470,16548,2023-06-11
2023-06-12,21767,21894,2023-06-12
2023-06-13,23421,22741,2023-06-13
2023-06-14,22835,22146,2023-06-14
2023-06-15,23603,22990,2023-06-15
2023-06-16,25489,21528,2023-06-16
2023-06-17,21718,24245,2023-06-17
2023-06-18,18643,15522,2023-06-18
2023-06-19,20633,18854,2023-06-19
2023-06-20,23010,18012,2023-06-20
2023-06-21,26470,26144,2023-06-21
2023-06-22,26014,28434,2023-06-22
2023-06-23,25691,15898,2023-06-23
2023-06-24,22593,28484,2023-06-24
2023-06-25,19653,17390,2023-06-25
2023-06-26,23057,22894,2023-06-26
2023-06-27,23065,22926,2023-06-27
2023-06-28,22020,16132,2023-06-28
2023-06-29,24192,25517,2023-06-29
2023-06-30,27289,27262,2023-06-30
2023-07-01,23945,20508,2023-07-01
2023-07-02,19948,19004,2023-07-02
2023-07-03,24597,24305,2023-07-03
2023-07-04,23082,23252,2023-07-04
2023-07-05,23126,20495,2023-07-05
2023-07-06,24138,23214,2023-07-06
2023-07-07,24988,24200,2023-07-07
2023-07-08,21209,19711,2023-07-08
2023-07-09,18490,14724,2023-07-09
2023-07-10,22296,23492,2023-07-10
2023-07-11,22360,20762,2023-07-11
2023-07-12,23383,22673,2023-07-12
2023-07-13,23996,23788,2023-07-13
2023-07-14,26351,24437,2023-07-14
2023-07-15,21204,18392,2023-07-15
2023-07-16,19148,15326,2023-07-16
2023-07-17,21733,23463,2023-07-17
2023-07-18,22639,20534,2023-07-18
2023-07-19,22247,21192,2023-07-19
2023-07-20,23665,22233,2023-07-20
2023-07-21,24001,21996,2023-07-21
2023-07-22,20259,16679,2023-07-22
2023-07-23,18596,17233,2023-07-23
2023-07-24,21282,22235,2023-07-24
2023-07-25,22117,21241,2023-07-25
2023-07-26,22571,20586,2023-07-26
2023-07-27,23215,21841,2023-07-27
2023-07-28,23692,22276,2023-07-28
2023-07-29,20987,19410,2023-07-29
2023-07-30,19035,16722,2023-07-30
2023-07-31,22336,21964,2023-07-31
2023-08-01,25062,23777,2023-08-01
2023-08-02,23754,24003,2023-08-02
2023-08-03,24363,22271,2023-08-03
2023-08-04,23921,20518,2023-08-04
2023-08-05,22464,22809,2023-08-05
2023-08-06,18364,17180,2023-08-06
2023-08-07,21596,18302,2023-08-07
2023-08-08,22396,23757,2023-08-08
2023-08-09,22731,21350,2023-08-09
2023-08-10,22526,20944,2023-08-10
2023-08-11,23670,22647,2023-08-11
2023-08-12,20807,17300,2023-08-12
2023-08-13,17948,14451,2023-08-13
2023-08-14,21262,22316,2023-08-14
2023-08-15,22163,20162,2023-08-15
2023-08-16,23269,23041,2023-08-16
2023-08-17,23851,22561,2023-08-17
2023-08-18,24762,24525,2023-08-18
2023-08-19,20546,18618,2023-08-19
2023-08-20,17669,13728,2023-08-20
2023-08-21,20867,22026,2023-08-21
2023-08-22,21657,21067,2023-08-22
2023-08-23,21153,18777,2023-08-23
2023-08-24,21864,21271,2023-08-24
2023-08-25,23730,22477,2023-08-25
2023-08-26,20279,17439,2023-08-26
2023-08-27,17270,14019,2023-08-27
2023-08-28,20760,20966,2023-08-28
2023-08-29,22879,22638,2023-08-29
2023-08-30,22829,18461,2023-08-30
2023-08-31,36360,24774,2023-08-31
2023-09-01,26243,26495,2023-09-01
2023-09-02,22610,19554,2023-09-02
2023-09-03,18263,14659,2023-09-03
2023-09-04,20303,19003,2023-09-04
2023-09-05,21020,20536,2023-09-05
2023-09-06,21831,20530,2023-09-06
2023-09-07,21530,19816,2023-09-07
2023-09-08,23487,11446,2023-09-08
2023-09-09,20884,2235,2023-09-09
2023-09-10,17951,1153,2023-09-10
2023-09-11,21152,44052,2023-09-11
2023-09-12,21730,21815,2023-09-12
2023-09-13,21732,20061,2023-09-13
2023-09-14,22065,20675,2023-09-14
2023-09-15,24250,21159,2023-09-15
2023-09-16,20565,18043,2023-09-16
2023-09-17,17297,11954,2023-09-17
2023-09-18,19824,7445,2023-09-18
2023-09-19,22037,15959,2023-09-19
2023-09-20,36175,14353,2023-09-20
2023-09-21,26718,27377,2023-09-21
2023-09-22,23106,25303,2023-09-22
2023-09-23,20059,18443,2023-09-23
2023-09-24,18134,29607,2023-09-24
2023-09-25,21928,22158,2023-09-25
2023-09-26,21801,22654,2023-09-26
2023-09-27,21695,19376,2023-09-27
2023-09-28,22245,22475,2023-09-28
2023-09-29,24545,22081,2023-09-29
2023-09-30,21980,18737,2023-09-30
2023-10-01,19510,17856,2023-10-01
2023-10-02,23496,26711,2023-10-02
2023-10-03,22363,17756,2023-10-03
2023-10-04,22110,22166,2023-10-04
2023-10-05,22770,20379,2023-10-05
2023-10-06,23479,22997,2023-10-06
2023-10-07,20231,16799,2023-10-07
2023-10-08,17252,15101,2023-10-08
2023-10-09,19216,19567,2023-10-09
2023-10-10,20876,16397,2023-10-10
2023-10-11,20832,20225,2023-10-11
2023-10-12,20908,22860,2023-10-12
2023-10-13,22663,22339,2023-10-13
2023-10-14,19582,17070,2023-10-14
2023-10-15,17572,14536,2023-10-15
2023-10-16,21634,22880,2023-10-16
2023-10-17,21364,20927,2023-10-17
2023-10-18,20676,19663,2023-10-18
2023-10-19,21096,19780,2023-10-19
2023-10-20,24263,20976,2023-10-20
2023-10-21,20276,18503,2023-10-21
2023-10-22,17418,16211,2023-10-22
2023-10-23,21534,21724,2023-10-23
2023-10-24,24778,21629,2023-10-24
2023-10-25,22420,17200,2023-10-25
2023-10-26,22368,24454,2023-10-26
2023-10-27,22970,21328,2023-10-27
2023-10-28,19781,18105,2023-10-28
2023-10-29,17530,12915,2023-10-29
2023-10-30,20168,17922,2023-10-30
2023-10-31,21703,22036,2023-10-31
2023-11-01,23059,20392,2023-11-01
2023-11-02,24015,23016,2023-11-02
2023-11-03,23058,14756,2023-11-03
2023-11-04,21015,16609,2023-11-04
2023-11-05,18717,16462,2023-11-05
2023-11-06,20205,10361,2023-11-06
2023-11-07,22040,20757,2023-11-07
2023-11-08,21121,13886,2023-11-08
2023-11-09,22897,18249,2023-11-09
2023-11-10,24433,21204,2023-11-10
2023-11-11,19971,15801,2023-11-11
2023-11-12,16278,9415,2023-11-12
2023-11-13,19548,12913,2023-11-13
2023-11-14,20382,16578,2023-11-14
2023-11-15,19393,10207,2023-11-15
2023-11-16,20215,2035,2023-11-16
2023-11-17,22931,30263,2023-11-17
2023-11-18,18187,13839,2023-11-18
2023-11-19,16174,12686,2023-11-19
2023-11-20,18929,12598,2023-11-20
2023-11-21,20267,13590,2023-11-21
2023-11-22,20103,7698,2023-11-22
2023-11-23,19315,9893,2023-11-23
2023-11-24,21346,10783,2023-11-24
2023-11-25,17971,7680,2023-11-25
2023-11-26,15442,6695,2023-11-26
2023-11-27,17889,7726,2023-11-27
2023-11-28,20580,9959,2023-11-28
2023-11-29,20249,9350,2023-11-29
2023-11-30,20709,9998,2023-11-30
2023-12-01,24756,12719,2023-12-01
2023-12-02,19698,9515,2023-12-02
2023-12-03,18307,8072,2023-12-03
2023-12-04,22916,12073,2023-12-04
2023-12-05,20176,6908,2023-12-05
2023-12-06,22952,15588,2023-12-06
2023-12-07,21407,5683,2023-12-07
2023-12-08,22181,14089,2023-12-08
2023-12-09,19641,8975,2023-12-09
2023-12-10,16385,6888,2023-12-10
2023-12-11,19807,9723,2023-12-11
2023-12-12,21339,8056,2023-12-12
2023-12-13,19020,8999,2023-12-13
2023-12-14,18704,9663,2023-12-14
2023-12-15,21230,9939,2023-12-15
2023-12-16,17079,3142,2023-12-16
2023-12-17,16278,12213,2023-12-17
2023-12-18,19645,8279,2023-12-18
2023-12-19,18864,4612,2023-12-19
2023-12-20,19001,5419,2023-12-20
2023-12-21,19495,3951,2023-12-21
2023-12-22,22683,21321,2023-12-22
2023-12-23,19006,7243,2023-12-23
2023-12-24,16480,7318,2023-12-24
2023-12-25,14030,5846,2023-12-25
2023-12-26,16249,6248,2023-12-26
2023-12-27,16333,6905,2023-12-27
2023-12-28,18920,9544,2023-12-28
2023-12-29,19620,7278,2023-12-29
2023-12-30,16845,7523,2023-12-30
2023-12-31,14897,2689,2023-12-31
2024-01-01,15324,10059,2024-01-01
2024-01-02,18297,9500,2024-01-02
2024-01-03,18929,9305,2024-01-03
2024-01-04,18899,10238,2024-01-04
2024-01-05,19606,8371,2024-01-05
2024-01-06,16609,8053,2024-01-06
2024-01-07,14550,4885,2024-01-07
2024-01-08,17054,9954,2024-01-08
2024-01-09,18850,9281,2024-01-09
2024-01-10,18212,8056,2024-01-10
2024-01-11,18985,9182,2024-01-11
2024-01-12,18866,8150,2024-01-12
2024-01-13,14962,5033,2024-01-13
2024-01-14,13137,4160,2024-01-14
2024-01-15,15659,5451,2024-01-15
2024-01-16,14859,7117,2024-01-16
2024-01-17,16799,7426,2024-01-17
2024-01-18,16836,8629,2024-01-18
2024-01-19,17998,8888,2024-01-19
2024-01-20,15097,3677,2024-01-20
2024-01-21,13128,7523,2024-01-21
2024-01-22,15125,6236,2024-01-22
2024-01-23,16394,8541,2024-01-23
2024-01-24,16050,14324,2024-01-24
2024-01-25,16256,47209,2024-01-25
2024-01-26,17603,29869,2024-01-26
2024-01-27,15529,23011,2024-01-27
2024-01-28,12979,6823,2024-01-28
2024-01-29,15062,7332,2024-01-29
2024-01-30,16465,7018,2024-01-30
2024-01-31,17119,16601,2024-01-31
2024-02-01,18311,41216,2024-02-01
2024-02-02,19568,70264,2024-02-02
2024-02-03,14578,30301,2024-02-03
2024-02-04,13339,55438,2024-02-04
2024-02-05,15220,7293,2024-02-05
2024-02-06,16016,6576,2024-02-06
2024-02-07,15290,51121,2024-02-07
2024-02-08,16365,17457,2024-02-08
2024-02-09,18957,14804,2024-02-09
2024-02-10,15985,26744,2024-02-10
2024-02-11,13519,10666,2024-02-11
2024-02-12,16241,18361,2024-02-12
2024-02-13,16085,12056,2024-02-13
2024-02-14,17272,7749,2024-02-14
2024-02-15,17370,22543,2024-02-15
2024-02-16,17639,12423,2024-02-16
2024-02-17,14245,14311,2024-02-17
2024-02-18,12475,8826,2024-02-18
2024-02-19,13582,9613,2024-02-19
2024-02-20,14037,11558,2024-02-20
2024-02-21,14612,10534,2024-02-21
2024-02-22,15023,16567,2024-02-22
2024-02-23,14462,10033,2024-02-23
2024-02-24,11544,9109,2024-02-24
2024-02-25,10402,13070,2024-02-25
2024-02-26,12028,13513,2024-02-26
2024-02-27,14728,6412,2024-02-27
2024-02-28,18348,21025,2024-02-28
2024-02-29,13972,8341,2024-02-29
2024-03-01,12939,9748,2024-03-01
2024-03-02,9758,5658,2024-03-02
2024-03-03,8859,5858,2024-03-03
2024-03-04,11773,5381,2024-03-04
2024-03-05,14255,10172,2024-03-05
2024-03-06,10604,4973,2024-03-06
2024-03-07,10050,30879,2024-03-07
2024-03-08,9969,19088,2024-03-08
2024-03-09,8313,8744,2024-03-09
2024-03-10,8132,6187,2024-03-10
2024-03-11,10645,10512,2024-03-11
2024-03-12,9809,11258,2024-03-12
2024-03-13,9786,8054,2024-03-13
2024-03-14,9024,7166,2024-03-14
2024-03-15,9310,7434,2024-03-15
2024-03-16,7800,6525,2024-03-16
2024-03-17,6948,6162,2024-03-17
2024-03-18,6789,11808,2024-03-18
2024-03-19,8576,12745,2024-03-19
2024-03-20,7353,5465,2024-03-20
2024-03-21,6663,2054,2024-03-21
2024-03-22,6896,5839,2024-03-22
2024-03-23,5547,3423,2024-03-23
2024-03-24,5434,31619,2024-03-24
2024-03-25,6966,3134,2024-03-25
2024-03-26,7049,7795,2024-03-26
2024-03-27,6242,5811,2024-03-27
2024-03-28,6188,6542,2024-03-28
2024-03-29,6113,3151,2024-03-29
2024-03-30,5174,4089,2024-03-30
2024-03-31,4748,2695,2024-03-31
2024-04-01,5913,5360,2024-04-01
2024-04-02,5834,6686,2024-04-02
2024-04-03,7846,2202,2024-04-03
2024-04-04,5530,5304,2024-04-04
2024-04-05,5298,3490,2024-04-05
2024-04-06,4559,9454,2024-04-06
2024-04-07,4171,5229,2024-04-07
2024-04-08,5351,2467,2024-04-08
2024-04-09,5059,2156,2024-04-09
2024-04-10,4379,1418,2024-04-10
2024-04-11,4265,1293,2024-04-11
2024-04-12,5221,2873,2024-04-12
2024-04-13,5009,2223,2024-04-13
2024-04-14,4222,1977,2024-04-14
2024-04-15,4201,1647,2024-04-15
2024-04-16,4848,1396,2024-04-16
2024-04-17,4228,1252,2024-04-17
2024-04-18,4258,1656,2024-04-18
2024-04-19,4142,1660,2024-04-19
2024-04-20,2388,208,2024-04-20
2024-04-21,3087,1315,2024-04-21
2024-04-22,2924,579,2024-04-22
2024-04-23,2633,307,2024-04-23
2024-04-24,3651,2261,2024-04-24
2024-04-25,3600,1499,2024-04-25
2024-04-26,3915,983,2024-04-26
2024-04-27,3262,5555,2024-04-27
2024-04-28,2885,4691,2024-04-28
2024-04-29,3367,5272,2024-04-29
2024-04-30,3965,2920,2024-04-30
2024-05-01,4205,3549,2024-05-01
2024-05-02,3327,3320,2024-05-02
2024-05-03,3281,3026,2024-05-03
2024-05-04,2582,825,2024-05-04
2024-05-05,2344,988,2024-05-05
2024-05-06,2896,1625,2024-05-06
2024-05-07,2997,1700,2024-05-07
2024-05-08,2713,2683,2024-05-08
2024-05-09,2686,1689,2024-05-09
2024-05-10,2674,2698,2024-05-10
2024-05-11,2293,1617,2024-05-11
2024-05-12,2187,1492,2024-05-12
2024-05-13,5429,4774,2024-05-13
2024-05-14,8627,8096,2024-05-14
2024-05-15,3629,6422,2024-05-15
2024-05-16,2918,11784,2024-05-16
2024-05-17,2799,15343,2024-05-17
2024-05-18,2300,1187,2024-05-18
2024-05-19,2029,1746,2024-05-19
2024-05-20,2750,1418,2024-05-20
2024-05-21,3510,4229,2024-05-21
2024-05-22,2728,2395,2024-05-22
2024-05-23,2734,2474,2024-05-23
2024-05-24,2558,1508,2024-05-24
2024-05-25,2134,1729,2024-05-25
2024-05-26,1947,1064,2024-05-26
2024-05-27,2454,2521,2024-05-27
2024-05-28,2309,2110,2024-05-28
2024-05-29,2213,741,2024-05-29
2024-05-30,2536,2604,2024-05-30
2024-05-31,2651,1513,2024-05-31
2024-06-01,2103,562,2024-06-01
2024-06-02,1970,249,2024-06-02
2024-06-03,2703,1246,2024-06-03
2024-06-04,2707,465,2024-06-04
2024-06-05,2519,838,2024-06-05
2024-06-06,2500,1153,2024-06-06
2024-06-07,2057,444,2024-06-07
2024-06-08,2300,1487,2024-06-08
2024-06-09,2042,730,2024-06-09
2024-06-10,2383,1720,2024-06-10
2024-06-11,2611,1865,2024-06-11
2024-06-12,2110,891,2024-06-12
2024-06-13,2035,897,2024-06-13
2024-06-14,2105,380,2024-06-14
2024-06-15,1884,454,2024-06-15
2024-06-16,1588,15931,2024-06-16
2024-06-17,1945,1374,2024-06-17
2024-06-18,2346,1408,2024-06-18
2024-06-19,1802,721,2024-06-19
2024-06-20,1851,1773,2024-06-20
2024-06-21,1870,1496,2024-06-21
2024-06-22,1502,476,2024-06-22
2024-06-23,1379,741,2024-06-23
2024-06-24,2206,3625,2024-06-24
2024-06-25,1783,8846,2024-06-25
2024-06-26,1759,2272,2024-06-26
2024-06-27,1819,2031,2024-06-27
2024-06-28,1726,983,2024-06-28
2024-06-29,1425,1560,2024-06-29
2024-06-30,1334,1493,2024-06-30
2024-07-01,1889,1748,2024-07-01
2024-07-02,1928,1402,2024-07-02
2024-07-03,1928,1950,2024-07-03
2024-07-04,1881,2040,2024-07-04
2024-07-05,2265,2265,2024-07-05
2024-07-06,1485,1626,2024-07-06
2024-07-07,1275,1127,2024-07-07
2024-07-08,1660,1915,2024-07-08
2024-07-09,1551,1284,2024-07-09
2024-07-10,1519,9413,2024-07-10
2024-07-11,1608,7374,2024-07-11
2024-07-12,1533,12026,2024-07-12
2024-07-13,1306,796,2024-07-13
2024-07-14,1517,3785,2024-07-14
2024-07-15,1755,2025,2024-07-15
2024-07-16,1876,1500,2024-07-16
2024-07-17,1641,2029,2024-07-17
2024-07-18,1493,1136,2024-07-18
2024-07-19,1703,2136,2024-07-19
2024-07-20,1435,875,2024-07-20
2024-07-21,1313,1238,2024-07-21
2024-07-22,1699,2195,2024-07-22
2024-07-23,1747,730,2024-07-23
2024-07-24,1553,1720,2024-07-24
2024-07-25,1594,2007,2024-07-25
2024-07-26,1667,1240,2024-07-26
2024-07-27,1582,1619,2024-07-27
2024-07-28,1216,1312,2024-07-28
2024-07-29,1794,1291,2024-07-29
2024-07-30,1520,1855,2024-07-30
2024-07-31,1660,1641,2024-07-31
2024-08-01,1906,1114,2024-08-01
2024-08-02,1725,2379,2024-08-02
2024-08-03,1586,1469,2024-08-03
2024-08-04,1482,1292,2024-08-04
2024-08-05,2928,2752,2024-08-05
2024-08-06,1728,1826,2024-08-06
2024-08-07,1593,1440,2024-08-07
2024-08-08,1632,1769,2024-08-08
2024-08-09,1588,1257,2024-08-09
2024-08-10,1242,1528,2024-08-10
2024-08-11,1139,4,2024-08-11
2024-08-12,1463,2142,2024-08-12
2024-08-13,1535,1727,2024-08-13
2024-08-14,1528,1339,2024-08-14
2024-08-15,1459,1433,2024-08-15
2024-08-16,1621,1233,2024-08-16
2024-08-17,1256,1664,2024-08-17
2024-08-18,1194,1215,2024-08-18
2024-08-19,1415,1178,2024-08-19
2024-08-20,1563,2077,2024-08-20
2024-08-21,1505,1440,2024-08-21
2024-08-22,1495,1391,2024-08-22
2024-08-23,1705,1129,2024-08-23
2024-08-24,1474,1647,2024-08-24
2024-08-25,1299,1337,2024-08-25
2024-08-26,1566,1087,2024-08-26
2024-08-27,1650,2178,2024-08-27
2024-08-28,1507,1494,2024-08-28
2024-08-29,1602,1106,2024-08-29
2024-08-30,1913,1732,2024-08-30
2024-08-31,1469,1154,2024-08-31
2024-09-01,1503,1625,2024-09-01
2024-09-02,1652,1786,2024-09-02
2024-09-03,1726,1707,2024-09-03
2024-09-04,1631,1080,2024-09-04
2024-09-05,1633,1626,2024-09-05
2024-09-06,1711,1809,2024-09-06
2024-09-07,1328,1139,2024-09-07
2024-09-08,1195,1257,2024-09-08
2024-09-09,1552,1233,2024-09-09
2024-09-10,1693,2219,2024-09-10
2024-09-11,1474,1357,2024-09-11
2024-09-12,1518,1065,2024-09-12
2024-09-13,1592,1339,2024-09-13
2024-09-14,1290,1738,2024-09-14
2024-09-15,1250,1182,2024-09-15
2024-09-16,1537,1487,2024-09-16
2024-09-17,1643,1043,2024-09-17
2024-09-18,1500,1514,2024-09-18
2024-09-19,1808,1797,2024-09-19
2024-09-20,1690,1932,2024-09-20
2024-09-21,1318,1135,2024-09-21
2024-09-22,1160,1196,2024-09-22
2024-09-23,1577,1492,2024-09-23
2024-09-24,1513,1775,2024-09-24
2024-09-25,1751,1092,2024-09-25
2024-09-26,1800,2045,2024-09-26
2024-09-27,1733,2168,2024-09-27
2024-09-28,1304,1144,2024-09-28
2024-09-29,1260,1351,2024-09-29
2024-09-30,1732,1395,2024-09-30
2024-10-01,1747,1941,2024-10-01
2024-10-02,1450,918,2024-10-02
2024-10-03,1479,1446,2024-10-03
2024-10-04,1494,1744,2024-10-04
2024-10-05,1173,1065,2024-10-05
2024-10-06,1101,1098,2024-10-06
2024-10-07,1451,1343,2024-10-07
2024-10-08,1505,1761,2024-10-08
2024-10-09,1459,1465,2024-10-09
2024-10-10,1325,1301,2024-10-10
2024-10-11,1336,206,2024-10-11
2024-10-12,1107,569,2024-10-12
2024-10-13,1111,2346,2024-10-13
2024-10-14,1659,1066,2024-10-14
2024-10-15,1840,2366,2024-10-15
2024-10-16,1718,1067,2024-10-16
2024-10-17,1500,1540,2024-10-17
2024-10-18,1478,1771,2024-10-18
2024-10-19,1284,1538,2024-10-19
2024-10-20,1149,797,2024-10-20
2024-10-21,1424,1735,2024-10-21
2024-10-22,1298,573,2024-10-22
2024-10-23,1321,1594,2024-10-23
2024-10-24,1210,1019,2024-10-24
2024-10-25,1474,1507,2024-10-25
2024-10-26,1080,1128,2024-10-26
2024-10-27,1039,1029,2024-10-27
2024-10-28,1452,1338,2024-10-28
2024-10-29,2514,1926,2024-10-29
2024-10-30,2019,2377,2024-10-30
2024-10-31,1814,2116,2024-10-31
2024-11-01,1644,1348,2024-11-01
2024-11-02,1149,1221,2024-11-02
2024-11-03,1155,1035,2024-11-03
2024-11-04,1380,1320,2024-11-04
2024-11-05,1518,1581,2024-11-05
2024-11-06,2768,2687,2024-11-06
2024-11-07,2141,1646,2024-11-07
2024-11-08,1919,2415,2024-11-08
2024-11-09,1409,1354,2024-11-09
2024-11-10,2872,2039,2024-11-10
2024-11-11,4406,4248,2024-11-11
2024-11-12,4892,5862,2024-11-12
2024-11-13,4282,1356,2024-11-13
2024-11-14,3389,4707,2024-11-14
2024-11-15,2442,3584,2024-11-15
2024-11-16,2230,1330,2024-11-16
2024-11-17,1876,2226,2024-11-17
2024-11-18,2196,2179,2024-11-18
2024-11-19,2007,1909,2024-11-19
2024-11-20,2258,2568,2024-11-20
2024-11-21,4128,2795,2024-11-21
2024-11-22,3301,3566,2024-11-22
2024-11-23,2738,3136,2024-11-23
2024-11-24,2203,2310,2024-11-24
2024-11-25,2284,2452,2024-11-25
2024-11-26,2057,2271,2024-11-26
2024-11-27,1951,1293,2024-11-27
2024-11-28,1631,1792,2024-11-28
2024-11-29,1854,1605,2024-11-29
