start_time,date,price_usd_adj_close,price_usd_close,price_usd_high,price_usd_low,price_usd_open
2021-01-04,2021-01-04,35.08,35.08,36.6,32.9,34.09
2021-01-05,2021-01-05,39.41,39.41,39.54,34.49,34.49
2021-01-06,2021-01-06,43.93,43.93,44.0,39.75,41.42
2021-01-07,2021-01-07,44.97,44.97,48.41,40.81,47.7
2021-01-08,2021-01-08,44.42,44.42,48.65,44.36,47.85
2021-01-11,2021-01-11,37.4,37.4,39.7,35.85,37.07
2021-01-12,2021-01-12,38.92,38.92,40.0,36.2,37.46
2021-01-13,2021-01-13,38.92,38.92,40.95,37.28,40.0
2021-01-14,2021-01-14,43.53,43.53,44.5,43.45,43.9
2021-01-15,2021-01-15,39.34,39.34,41.74,38.14,41.74
2021-01-19,2021-01-19,38.055,38.055,40.98,37.85,40.85
2021-01-20,2021-01-20,35.35,35.35,37.18,33.3,37.17
2021-01-21,2021-01-21,31.935,31.935,33.01,30.75,32.59
2021-01-22,2021-01-22,34.45,34.45,34.99,32.8,32.81
2021-01-25,2021-01-25,33.05,33.05,36.04,32.85,35.75
2021-01-26,2021-01-26,31.487,31.487,32.66,31.05,31.84
2021-01-27,2021-01-27,31.361,31.361,31.37,28.44,30.18
2021-01-28,2021-01-28,33.645,33.645,33.88,31.58,31.83
2021-01-29,2021-01-29,34.69,34.69,39.15,33.38,39.09
2021-02-01,2021-02-01,33.95,33.95,34.36,32.8,34.04
2021-02-02,2021-02-02,36.8,36.8,37.06,34.65,34.97
2021-02-03,2021-02-03,38.06,38.06,38.3,37.35,37.75
2021-02-04,2021-02-04,37.96,37.96,38.63,36.15,38.54
2021-02-05,2021-02-05,37.88,37.88,39.0,37.51,38.9
2021-02-08,2021-02-08,45.69,45.69,45.73,42.85,43.76
2021-02-09,2021-02-09,47.9,47.9,49.03,46.9,46.95
2021-02-10,2021-02-10,44.95,44.95,46.78,43.16,46.26
2021-02-11,2021-02-11,48.0,48.0,49.2,47.26,48.3
2021-02-12,2021-02-12,48.91,48.91,49.0,46.97,48.45
2021-02-16,2021-02-16,50.3065,50.3065,52.15,49.05,50.19
2021-02-17,2021-02-17,54.07,54.07,54.34,51.9,52.0
2021-02-18,2021-02-18,54.07,54.07,55.08,51.51,53.59
2021-02-19,2021-02-19,56.7,56.7,58.22,54.21,54.21
2021-02-22,2021-02-22,53.5,53.5,55.19,49.18,51.76
2021-02-23,2021-02-23,45.84,45.84,49.99,42.4,48.29
2021-02-24,2021-02-24,48.4,48.4,49.45,46.43,48.29
2021-02-25,2021-02-25,48.4,48.4,50.49,45.0,49.89
2021-02-26,2021-02-26,43.2,43.2,45.6,40.8,43.7
2021-03-01,2021-03-01,45.82,45.82,47.07,45.2,46.18
2021-03-02,2021-03-02,44.12,44.12,47.25,43.9,47.15
2021-03-03,2021-03-03,46.16,46.16,47.63,45.4,47.63
2021-03-04,2021-03-04,41.4,41.4,47.12,39.82,45.39
2021-03-05,2021-03-05,43.8,43.8,43.83,37.88,43.24
2021-03-08,2021-03-08,45.4,45.4,45.93,43.8,44.55
2021-03-09,2021-03-09,49.12,49.12,49.52,46.0,47.74
2021-03-10,2021-03-10,50.42,50.42,52.05,50.15,51.14
2021-03-11,2021-03-11,52.3,52.3,52.43,50.47,51.35
2021-03-12,2021-03-12,50.0,50.0,51.95,49.26,50.69
2021-03-15,2021-03-15,51.38,51.38,51.97,49.75,50.7
2021-03-16,2021-03-16,49.86,49.86,50.75,49.33,50.62
2021-03-17,2021-03-17,51.99,51.99,52.64,47.99,49.33
2021-03-18,2021-03-18,50.81,50.81,54.0,50.78,52.12
2021-03-19,2021-03-19,52.955,52.955,53.26,51.36,52.0
2021-03-22,2021-03-22,49.5,49.5,52.95,49.34,51.97
2021-03-23,2021-03-23,46.75,46.75,49.08,45.99,49.07
2021-03-24,2021-03-24,45.0,45.0,49.35,44.51,49.15
2021-03-25,2021-03-25,44.5,44.5,44.99,40.67,41.98
2021-03-26,2021-03-26,46.43,46.43,46.53,44.75,45.09
2021-03-29,2021-03-29,49.45,49.45,49.95,48.31,49.61
2021-03-30,2021-03-30,50.82,50.82,51.44,49.49,51.0
2021-03-31,2021-03-31,50.04,50.04,50.99,49.76,50.41
2021-04-01,2021-04-01,50.865,50.865,50.87,50.15,50.15
2021-04-05,2021-04-05,52.95,52.95,53.0,50.05,50.3
2021-04-06,2021-04-06,50.62,50.62,53.5,50.28,52.74
2021-04-07,2021-04-07,47.57,47.57,49.5499,47.05,48.72
2021-04-08,2021-04-08,49.05,49.05,49.77,48.87,48.99
2021-04-09,2021-04-09,49.65,49.65,50.68,49.25,50.18
2021-04-12,2021-04-12,51.78,51.78,52.45,49.9,51.99
2021-04-13,2021-04-13,54.93,54.93,55.1,51.78,54.14
2021-04-14,2021-04-14,51.5,51.5,55.77,50.5,55.47
2021-04-15,2021-04-15,52.6,52.6,52.75,51.47,52.35
2021-04-16,2021-04-16,51.37,51.37,51.87,49.71,50.59
2021-04-19,2021-04-19,47.9499,47.9499,48.13,46.08,47.0
2021-04-20,2021-04-20,47.01,47.01,48.04,45.33,47.76
2021-04-21,2021-04-21,45.35,45.35,48.21,45.28,46.15
2021-04-22,2021-04-22,41.32,41.32,45.26,41.25,45.005
2021-04-23,2021-04-23,42.385,42.385,42.95,38.51,38.8
2021-04-26,2021-04-26,45.91,45.91,46.18,44.85,45.07
2021-04-27,2021-04-27,46.575,46.575,47.05,45.91,46.965
2021-04-28,2021-04-28,46.2,46.2,46.9,45.02,46.86
2021-04-29,2021-04-29,43.0,43.0,45.64,42.66,45.31
2021-04-30,2021-04-30,46.85,46.85,46.92,44.51,44.53
2021-05-03,2021-05-03,47.23,47.23,48.26,46.9801,48.05
2021-05-04,2021-05-04,44.35,44.35,45.54,42.72,45.53
2021-05-05,2021-05-05,46.06,46.06,47.15,44.74,45.5
2021-05-06,2021-05-06,45.205,45.205,47.0,44.28,46.2
2021-05-07,2021-05-07,46.88,46.88,48.32,46.0,46.16
2021-05-10,2021-05-10,44.22,44.22,48.08,43.99,47.09
2021-05-11,2021-05-11,44.876,44.876,45.0,42.75,43.0
2021-05-12,2021-05-12,44.876,44.876,45.37,40.95,44.08
2021-05-13,2021-05-13,37.182,37.182,40.13,34.9,38.34
2021-05-14,2021-05-14,39.43,39.43,40.5,39.01,39.01
2021-05-17,2021-05-17,35.5,35.5,36.25,33.76,35.27
2021-05-18,2021-05-18,34.38,34.38,35.2,34.0,35.02
2021-05-19,2021-05-19,32.6,32.6,33.84,28.0,28.8
2021-05-20,2021-05-20,33.0499,33.0499,35.95,32.02,35.37
2021-05-21,2021-05-21,33.0499,33.0499,34.65,29.98,34.0
2021-05-24,2021-05-24,33.115,33.115,33.51,30.97,31.33
2021-05-25,2021-05-25,31.51,31.51,35.06,31.5,31.93
2021-05-26,2021-05-26,32.05,32.05,33.25,31.96,33.21
2021-05-27,2021-05-27,32.46,32.46,33.59,32.07,33.35
2021-05-28,2021-05-28,30.22,30.22,31.5,30.1,31.05
2021-06-01,2021-06-01,29.54,29.54,31.18,29.05,30.73
2021-06-02,2021-06-02,31.1,31.1,31.48,30.55,30.85
2021-06-03,2021-06-03,32.25,32.25,32.49,31.2,32.04
2021-06-04,2021-06-04,30.9,30.9,31.46,30.27,30.85
2021-06-07,2021-06-07,29.5665,29.5665,30.83,28.5,30.83
2021-06-08,2021-06-08,27.45,27.45,27.69,25.92,27.6
2021-06-09,2021-06-09,30.1,30.1,30.59,28.7,29.14
2021-06-10,2021-06-10,30.4,30.4,31.61,30.15,30.97
2021-06-11,2021-06-11,30.78,30.78,31.1,30.17,30.94
2021-06-14,2021-06-14,33.08,33.08,34.25,32.54,33.53
2021-06-15,2021-06-15,33.2335,33.2335,34.14,32.795,33.495
2021-06-16,2021-06-16,32.05,32.05,32.74,31.0,32.655
2021-06-17,2021-06-17,32.05,32.05,32.74,31.01,32.19
2021-06-18,2021-06-18,29.8,29.8,30.85,29.63,30.85
2021-06-21,2021-06-21,27.7,27.7,28.99,27.26,27.97
2021-06-22,2021-06-22,28.01,28.01,28.69,24.0,25.97
2021-06-23,2021-06-23,27.79,27.79,29.88,27.78,29.87
2021-06-24,2021-06-24,29.61,29.61,30.0,28.5,28.6
2021-06-25,2021-06-25,27.68,27.68,28.65,27.4,28.32
2021-06-28,2021-06-28,29.25,29.25,29.8,28.77,29.1
2021-06-29,2021-06-29,31.13,31.13,31.24,30.71,30.85
2021-06-30,2021-06-30,29.81,29.81,29.88,29.05,29.72
2021-07-01,2021-07-01,28.47,28.47,29.14,28.36,29.04
2021-07-02,2021-07-02,28.58,28.58,29.05,28.41,28.85
2021-07-06,2021-07-06,28.72,28.72,29.6,28.44,29.59
2021-07-07,2021-07-07,28.75,28.75,30.0,28.52,29.08
2021-07-08,2021-07-08,27.4,27.4,27.65,26.5,27.04
2021-07-09,2021-07-09,27.65,27.65,27.98,27.47,27.48
2021-07-12,2021-07-12,26.9,26.9,27.65,26.86,27.59
2021-07-13,2021-07-13,26.4,26.4,27.1,26.32,26.79
2021-07-14,2021-07-14,26.88,26.88,27.465,26.54,26.56
2021-07-15,2021-07-15,25.52,25.52,26.45,25.01,26.24
2021-07-16,2021-07-16,26.2,26.2,26.42,25.75,25.86
2021-07-19,2021-07-19,25.25,25.25,25.35,24.7,25.025
2021-07-20,2021-07-20,24.02,24.02,24.47,24.01,24.4
2021-07-21,2021-07-21,26.03,26.03,27.15,25.41,25.48
2021-07-22,2021-07-22,27.05,27.05,27.19,26.45,26.525
2021-07-23,2021-07-23,27.19,27.19,27.47,26.92,27.21
2021-07-26,2021-07-26,33.79,33.79,34.33,31.37,31.53
2021-07-27,2021-07-27,33.0,33.0,33.22,31.86,32.6
2021-07-28,2021-07-28,35.18,35.18,35.5,33.59,34.44
2021-07-29,2021-07-29,34.15,34.15,35.16,33.95,34.89
2021-07-30,2021-07-30,34.15,34.15,34.75,33.32,33.65
2021-08-02,2021-08-02,33.55,33.55,34.74,33.55,34.54
2021-08-03,2021-08-03,31.87,31.87,33.475,31.82,33.19
2021-08-04,2021-08-04,33.14,33.14,33.45,32.9,33.045
2021-08-05,2021-08-05,33.72,33.72,34.44,31.62,31.685
2021-08-06,2021-08-06,36.01,36.01,36.26,33.79,34.15
2021-08-09,2021-08-09,38.55,38.55,38.85,37.59,37.88
2021-08-10,2021-08-10,37.8,37.8,39.53,36.74,38.64
2021-08-11,2021-08-11,38.87,38.87,39.27,38.43,38.44
2021-08-12,2021-08-12,36.87,36.87,39.86,36.33,37.4
2021-08-13,2021-08-13,38.37,38.37,38.94,38.16,38.695
2021-08-16,2021-08-16,38.37,38.37,38.88,37.75,38.71
2021-08-17,2021-08-17,36.61,36.61,38.2,36.45,38.14
2021-08-18,2021-08-18,35.33,35.33,37.0,35.27,36.5
2021-08-19,2021-08-19,37.49,37.49,37.75,34.58,34.685
2021-08-20,2021-08-20,39.58,39.58,39.68,38.2,38.205
2021-08-23,2021-08-23,39.86,39.86,41.18,39.75,40.72
2021-08-24,2021-08-24,39.09,39.09,40.88,38.45,39.65
2021-08-25,2021-08-25,39.12,39.12,39.65,38.13,38.505
2021-08-26,2021-08-26,37.82,37.82,38.11,36.95,37.795
2021-08-27,2021-08-27,39.15,39.15,39.48,37.82,37.85
2021-08-30,2021-08-30,38.9,38.9,39.18,38.33,38.47
2021-08-31,2021-08-31,37.77,37.77,38.92,37.48,38.4
2021-09-01,2021-09-01,38.24,38.24,39.0,37.74,38.08
2021-09-02,2021-09-02,39.07,39.07,40.35,38.93,39.89
2021-09-03,2021-09-03,40.73,40.73,40.93,40.0,40.45
2021-09-07,2021-09-07,37.81,37.81,41.77,35.6,41.31
2021-09-08,2021-09-08,37.52,37.52,37.89,36.63,37.5
2021-09-09,2021-09-09,37.45,37.45,39.355,37.29,37.97
2021-09-10,2021-09-10,36.8,36.8,37.34,35.8,37.19
2021-09-13,2021-09-13,35.73,35.73,37.55,34.61,36.17
2021-09-14,2021-09-14,36.81,36.81,37.51,36.71,37.215
2021-09-15,2021-09-15,38.805,38.805,38.86,37.77,37.79
2021-09-16,2021-09-16,38.0,38.0,38.76,37.63,38.76
2021-09-17,2021-09-17,37.7,37.7,38.11,37.27,37.6
2021-09-20,2021-09-20,34.555,34.555,35.18,33.77,34.35
2021-09-21,2021-09-21,33.18,33.18,34.4,32.9,34.0
2021-09-22,2021-09-22,34.88,34.88,35.27,33.36,33.43
2021-09-23,2021-09-23,35.89,35.89,36.0,34.79,34.81
2021-09-24,2021-09-24,34.23,34.23,34.42,32.9,32.98
2021-09-27,2021-09-27,34.18,34.18,35.0,33.84,34.945
2021-09-28,2021-09-28,32.73,32.73,33.61,32.44,33.54
2021-09-29,2021-09-29,32.12,32.12,33.14,32.1,32.94
2021-09-30,2021-09-30,33.85,33.85,34.44,33.29,34.05
2021-10-01,2021-10-01,37.19,37.19,37.47,36.56,37.1
2021-10-04,2021-10-04,39.13,39.13,39.15,36.0,37.0
2021-10-05,2021-10-05,40.44,40.44,40.45,39.2,39.36
2021-10-06,2021-10-06,42.78,42.78,42.92,41.77,42.6
2021-10-07,2021-10-07,41.55,41.55,42.75,41.4,42.07
2021-10-08,2021-10-08,42.34,42.34,42.75,41.98,42.54
2021-10-11,2021-10-11,44.315,44.315,44.82,43.75,43.9
2021-10-12,2021-10-12,42.45,42.45,44.37,42.3,44.37
2021-10-13,2021-10-13,44.65,44.65,44.75,42.02,42.37
2021-10-14,2021-10-14,44.9101,44.9101,45.44,44.58,44.87
2021-10-15,2021-10-15,47.41,47.41,48.22,46.33,46.78
2021-10-18,2021-10-18,45.65,45.65,48.3,44.98,47.11
2021-10-19,2021-10-19,48.82,48.82,48.85,46.05,47.0
2021-10-20,2021-10-20,51.75,51.75,52.68,48.99,49.02
2021-10-21,2021-10-21,48.97,48.97,51.83,48.7,51.35
2021-10-22,2021-10-22,48.75,48.75,49.8,46.8,49.68
2021-10-25,2021-10-25,50.89,50.89,51.49,50.4,50.52
2021-10-26,2021-10-26,49.43,49.43,51.388,49.17,50.81
2021-10-27,2021-10-27,46.7,46.7,47.72,46.17,46.67
2021-10-28,2021-10-28,48.685,48.685,49.0,46.32,48.7
2021-10-29,2021-10-29,49.69,49.69,50.0,48.23,48.56
2021-11-01,2021-11-01,49.24,49.24,49.54,48.59,49.28
2021-11-02,2021-11-02,50.46,50.46,51.0,50.06,50.63
2021-11-03,2021-11-03,50.46,50.46,50.48,48.69,49.66
2021-11-04,2021-11-04,48.87,48.87,50.0,48.4,49.5
2021-11-05,2021-11-05,48.57,48.57,49.56,48.35,49.305
2021-11-08,2021-11-08,52.3,52.3,52.85,51.56,51.98
2021-11-09,2021-11-09,53.49,53.49,54.08,52.26,53.745
2021-11-10,2021-11-10,53.49,53.49,55.05,52.93,53.99
2021-11-11,2021-11-11,52.19,52.19,53.95,52.13,52.725
2021-11-12,2021-11-12,51.47,51.47,51.702,50.28,51.69
2021-11-15,2021-11-15,51.18,51.18,53.0,50.8,52.19
2021-11-16,2021-11-16,47.07,47.07,49.48,46.88,48.82
2021-11-17,2021-11-17,48.38,48.38,48.44,46.88,47.5
2021-11-18,2021-11-18,46.48,46.48,47.45,45.0,47.26
2021-11-19,2021-11-19,47.14,47.14,47.49,46.14,46.375
2021-11-22,2021-11-22,45.15,45.15,47.4,45.05,47.4
2021-11-23,2021-11-23,46.88,46.88,47.0,45.7,45.96
2021-11-24,2021-11-24,46.42,46.42,47.71,45.15,45.63
2021-11-26,2021-11-26,44.33,44.33,44.72,43.71,44.28
2021-11-29,2021-11-29,47.18,47.18,47.79,46.0,46.485
2021-11-30,2021-11-30,46.22,46.22,48.34,45.48,47.45
2021-12-01,2021-12-01,44.87,44.87,47.9,44.77,47.05
2021-12-02,2021-12-02,45.39,45.39,45.67,44.08,44.58
2021-12-03,2021-12-03,41.85,41.85,45.18,40.51,45.055
2021-12-06,2021-12-06,38.4,38.4,39.17,36.69,38.05
2021-12-07,2021-12-07,40.1,40.1,41.6,39.76,40.4
2021-12-08,2021-12-08,40.33,40.33,41.01,39.65,39.69
2021-12-09,2021-12-09,37.1,37.1,39.3,37.01,39.16
2021-12-10,2021-12-10,37.28,37.28,38.87,36.45,38.75
2021-12-13,2021-12-13,35.41,35.41,37.06,34.61,36.93
2021-12-14,2021-12-14,36.7,36.7,36.75,35.25,35.57
2021-12-15,2021-12-15,37.66,37.66,37.93,35.37,36.53
2021-12-16,2021-12-16,36.31,36.31,37.64,35.67,37.61
2021-12-17,2021-12-17,34.42,34.42,35.75,33.92,34.85
2021-12-20,2021-12-20,34.47,34.47,37.33,33.2,33.82
2021-12-21,2021-12-21,36.53,36.53,36.6,35.7,35.8
2021-12-22,2021-12-22,37.0,37.0,37.38,36.18,36.6
2021-12-23,2021-12-23,39.135,39.135,39.33,36.45,36.74
2021-12-27,2021-12-27,39.29,39.29,39.94,39.01,39.4
2021-12-28,2021-12-28,36.326,36.326,37.69,35.81,37.6
2021-12-29,2021-12-29,35.36,35.36,36.54,35.23,35.855
2021-12-30,2021-12-30,35.39,35.39,36.0,35.21,35.39
2021-12-31,2021-12-31,34.25,34.25,36.24,34.13,36.0
2022-01-03,2022-01-03,34.25,34.25,35.39,34.1,35.29
2022-01-04,2022-01-04,34.66,34.66,35.5,34.02,34.99
2022-01-05,2022-01-05,32.49,32.49,35.0,32.42,34.7
2022-01-06,2022-01-06,31.94,31.94,32.49,31.25,31.99
2022-01-07,2022-01-07,30.735,30.735,31.41,30.1,31.25
2022-01-10,2022-01-10,30.17,30.17,30.65,28.95,29.56
2022-01-11,2022-01-11,31.15,31.15,31.49,29.84,30.17
2022-01-12,2022-01-12,31.95,31.95,32.5,31.48,31.96
2022-01-13,2022-01-13,30.5,30.5,32.59,30.107,32.205
2022-01-14,2022-01-14,30.53,30.53,31.2,30.02,30.04
2022-01-18,2022-01-18,28.57,28.57,29.4,28.25,29.27
2022-01-19,2022-01-19,28.02,28.02,29.55,28.0,28.95
2022-01-20,2022-01-20,29.02,29.02,29.68,28.65,28.78
2022-01-21,2022-01-21,25.59,25.59,26.73,25.06,26.16
2022-01-24,2022-01-24,25.8965,25.8965,26.0,22.22,22.57
2022-01-25,2022-01-25,25.43,25.43,25.95,24.58,25.55
2022-01-26,2022-01-26,25.44,25.44,27.4,25.25,26.5
2022-01-27,2022-01-27,24.11,24.11,25.81,24.07,25.455
2022-01-28,2022-01-28,25.735,25.735,25.75,24.62,25.05
2022-01-31,2022-01-31,26.24,26.24,26.49,25.17,25.65
2022-02-01,2022-02-01,26.27,26.27,26.75,25.91,26.61
2022-02-02,2022-02-02,25.55,25.55,26.14,25.01,26.14
2022-02-03,2022-02-03,24.63,24.63,25.37,24.52,24.86
2022-02-04,2022-02-04,27.96,27.96,28.24,25.51,25.51
2022-02-07,2022-02-07,30.57,30.57,31.17,29.6,29.7
2022-02-08,2022-02-08,31.35,31.35,31.36,29.68,30.34
2022-02-09,2022-02-09,32.08,32.08,32.08,30.5,31.25
2022-02-10,2022-02-10,31.0,31.0,32.7,30.67,31.165
2022-02-11,2022-02-11,29.61,29.61,31.1,29.24,30.585
2022-02-14,2022-02-14,29.45,29.45,30.05,29.04,29.58
2022-02-15,2022-02-15,31.29,31.29,31.4,30.88,31.01
2022-02-16,2022-02-16,31.12,31.12,31.5,30.4,31.1
2022-02-17,2022-02-17,28.34,28.34,29.9865,28.3,29.91
2022-02-18,2022-02-18,27.3,27.3,28.17,26.97,28.14
2022-02-22,2022-02-22,25.93,25.93,26.48,25.5,25.65
2022-02-23,2022-02-23,25.93,25.93,26.87,25.38,26.74
2022-02-24,2022-02-24,26.59,26.59,27.6,24.03,24.13
2022-02-25,2022-02-25,27.175,27.175,27.34,24.56,27.17
2022-02-28,2022-02-28,29.39,29.39,29.5,26.9,27.0
2022-03-01,2022-03-01,30.75,30.75,31.29,29.91,31.225
2022-03-02,2022-03-02,30.177,30.177,31.8,29.8,30.65
2022-03-03,2022-03-03,28.11,28.11,30.25,28.01,30.19
2022-03-04,2022-03-04,26.13,26.13,27.93,25.56,27.75
2022-03-07,2022-03-07,24.67,24.67,26.44,24.56,25.91
2022-03-08,2022-03-08,25.5,25.5,26.36,25.16,25.495
2022-03-09,2022-03-09,28.1,28.1,28.8,28.0,28.1
2022-03-10,2022-03-10,26.6,26.6,26.95,26.0,26.36
2022-03-11,2022-03-11,25.51,25.51,26.722,25.3,26.57
2022-03-14,2022-03-14,25.4,25.4,26.07,25.12,25.81
2022-03-15,2022-03-15,26.34,26.34,26.5,25.035,25.21
2022-03-16,2022-03-16,27.5,27.5,27.5,25.94,26.69
2022-03-17,2022-03-17,27.65,27.65,27.7,27.12,27.5
2022-03-18,2022-03-18,28.7,28.7,28.74,27.13,27.34
2022-03-21,2022-03-21,27.69,27.69,28.46,27.3,28.19
2022-03-22,2022-03-22,28.75,28.75,29.49,28.69,28.95
2022-03-23,2022-03-23,28.75,28.75,29.2,28.23,28.63
2022-03-24,2022-03-24,30.51,30.51,30.68,29.0,29.14
2022-03-25,2022-03-25,30.17,30.17,31.53,29.95,31.21
2022-03-28,2022-03-28,32.81,32.81,33.16,31.93,31.96
2022-03-29,2022-03-29,32.87,32.87,33.18,32.3,32.91
2022-03-30,2022-03-30,32.06,32.06,32.96,31.52,32.495
2022-03-31,2022-03-31,30.54,30.54,32.35,30.51,32.21
2022-04-01,2022-04-01,32.05,32.05,32.14,30.45,30.52
2022-04-04,2022-04-04,32.08,32.08,32.15,31.04,31.84
2022-04-05,2022-04-05,32.13,32.13,32.59,31.62,32.27
2022-04-06,2022-04-06,30.21,30.21,31.22,29.73,31.21
2022-04-07,2022-04-07,30.38,30.38,30.75,29.75,29.95
2022-04-08,2022-04-08,29.82,29.82,30.88,29.6,29.97
2022-04-11,2022-04-11,27.78,27.78,28.72,27.71,28.58
2022-04-12,2022-04-12,27.38,27.38,28.55,27.35,28.09
2022-04-13,2022-04-13,29.19,29.19,29.32,27.51,27.55
2022-04-14,2022-04-14,28.5,28.5,29.3525,28.15,29.15
2022-04-18,2022-04-18,29.5,29.5,29.69,27.89,28.095
2022-04-19,2022-04-19,30.18,30.18,30.49,29.53,29.59
2022-04-20,2022-04-20,30.07,30.07,30.7,29.75,30.48
2022-04-21,2022-04-21,30.07,30.07,31.4,29.26,30.89
2022-04-22,2022-04-22,28.04,28.04,28.87,27.58,28.73
2022-04-25,2022-04-25,28.62,28.62,28.65,26.93,27.34
2022-04-26,2022-04-26,26.9,26.9,28.45,26.75,28.37
2022-04-27,2022-04-27,26.9,26.9,27.68,26.75,27.38
2022-04-28,2022-04-28,27.83,27.83,28.04,26.79,27.26
2022-04-29,2022-04-29,26.38,26.38,27.41,26.26,27.05
2022-05-02,2022-05-02,26.17,26.17,26.5,25.5,26.35
2022-05-03,2022-05-03,25.7,25.7,26.38,25.62,26.15
2022-05-04,2022-05-04,27.76,27.76,27.89,26.32,26.44
2022-05-05,2022-05-05,25.02,25.02,27.5,24.71,27.49
2022-05-06,2022-05-06,25.02,25.02,25.18,24.08,24.675
2022-05-09,2022-05-09,20.904,20.904,22.9,20.55,22.5
2022-05-10,2022-05-10,21.23,21.23,22.04,20.8,21.685
2022-05-11,2022-05-11,19.09,19.09,21.51,18.97,20.145
2022-05-12,2022-05-12,18.31,18.31,19.48,17.48,18.38
2022-05-13,2022-05-13,19.7,19.7,20.25,18.93,19.69
2022-05-16,2022-05-16,18.75,18.75,19.61,18.56,19.425
2022-05-17,2022-05-17,19.31,19.31,19.85,18.85,19.45
2022-05-18,2022-05-18,18.55,18.55,19.04,18.12,18.975
2022-05-19,2022-05-19,19.53,19.53,19.82,18.55,18.68
2022-05-20,2022-05-20,18.74,18.74,19.99,18.27,19.83
2022-05-23,2022-05-23,18.44,18.44,20.0,18.41,19.3
2022-05-24,2022-05-24,18.62,18.62,18.87,17.95,18.44
2022-05-25,2022-05-25,19.07,19.07,19.43,18.5,18.67
2022-05-26,2022-05-26,19.04,19.04,19.45,18.02,18.12
2022-05-27,2022-05-27,18.96,18.96,19.29,18.2,18.93
2022-05-31,2022-05-31,20.54,20.54,21.1,20.11,20.71
2022-06-01,2022-06-01,19.47,19.47,20.84,19.252,20.64
2022-06-02,2022-06-02,19.95,19.95,20.11,19.08,19.12
2022-06-03,2022-06-03,19.26,19.26,19.665,19.11,19.61
2022-06-06,2022-06-06,20.14,20.14,20.75,19.91,20.5
2022-06-07,2022-06-07,20.22,20.22,20.4,18.8,19.05
2022-06-08,2022-06-08,19.53,19.53,20.13,19.45,19.66
2022-06-09,2022-06-09,19.41,19.41,20.02,19.377,19.53
2022-06-10,2022-06-10,18.68,18.68,19.21,18.45,19.07
2022-06-13,2022-06-13,14.9835,14.9835,15.94,14.46,15.23
2022-06-14,2022-06-14,14.36,14.36,15.24,14.28,14.62
2022-06-15,2022-06-15,14.06,14.06,14.53,13.17,13.88
2022-06-16,2022-06-16,12.735,12.735,13.77,12.6,13.53
2022-06-17,2022-06-17,12.47,12.47,12.92,12.0,12.53
2022-06-21,2022-06-21,13.51,13.51,14.0,12.75,12.76
2022-06-22,2022-06-22,13.51,13.51,13.66,12.731,13.16
2022-06-23,2022-06-23,13.69,13.69,13.71,13.03,13.38
2022-06-24,2022-06-24,13.85,13.85,14.23,13.4,13.885
2022-06-27,2022-06-27,13.51,13.51,13.94,13.15,13.91
2022-06-28,2022-06-28,13.25,13.25,13.85,13.18,13.6
2022-06-29,2022-06-29,13.32,13.32,13.38,12.96,13.17
2022-06-30,2022-06-30,12.06,12.06,12.6,11.95,12.59
2022-07-01,2022-07-01,12.25,12.25,12.6,12.13,12.31
2022-07-05,2022-07-05,12.93,12.93,13.04,12.1,12.25
2022-07-06,2022-07-06,12.58,12.58,12.89,12.43,12.83
2022-07-07,2022-07-07,13.75,13.75,13.79,12.55,12.66
2022-07-08,2022-07-08,13.77,13.77,14.12,13.25,13.46
2022-07-11,2022-07-11,12.85,12.85,13.19,12.76,13.05
2022-07-12,2022-07-12,12.21,12.21,12.6935,12.13,12.48
2022-07-13,2022-07-13,12.41,12.41,12.65,11.92,12.05
2022-07-14,2022-07-14,13.13,13.13,13.3,12.32,12.35
2022-07-15,2022-07-15,13.7,13.7,13.7,13.21,13.55
2022-07-18,2022-07-18,14.08,14.08,14.85,13.93,14.34
2022-07-19,2022-07-19,15.38,15.38,15.72,14.42,14.59
2022-07-20,2022-07-20,15.58,15.58,16.15,15.4,15.73
2022-07-21,2022-07-21,15.04,15.04,15.1,14.52,14.92
2022-07-22,2022-07-22,14.48,14.48,15.47,14.48,15.33
2022-07-25,2022-07-25,13.76,13.76,14.2,13.55,14.13
2022-07-26,2022-07-26,13.0,13.0,13.25,12.91,13.09
2022-07-27,2022-07-27,14.23,14.23,14.48,13.18,13.22
2022-07-28,2022-07-28,14.83,14.83,14.92,14.0,14.47
2022-07-29,2022-07-29,14.8,14.8,15.15,14.48,14.67
2022-08-01,2022-08-01,14.21,14.21,14.73,14.05,14.29
2022-08-02,2022-08-02,14.18,14.18,14.75,14.0,14.15
2022-08-03,2022-08-03,14.52,14.52,14.7,14.36,14.39
2022-08-04,2022-08-04,13.99,13.99,14.44,13.94,14.14
2022-08-05,2022-08-05,14.23,14.23,14.59,14.14,14.38
2022-08-08,2022-08-08,15.14,15.14,15.23,14.88,14.89
2022-08-09,2022-08-09,14.35,14.35,14.79,14.31,14.75
2022-08-10,2022-08-10,14.96,14.96,15.2,14.76,15.14
2022-08-11,2022-08-11,15.18,15.18,15.9235,15.14,15.625
2022-08-12,2022-08-12,15.22,15.22,15.35,14.86,14.98
2022-08-15,2022-08-15,15.06,15.06,15.3,15.0,15.185
2022-08-16,2022-08-16,14.94,14.94,15.11,14.8,15.06
2022-08-17,2022-08-17,14.37,14.37,14.82,14.32,14.765
2022-08-18,2022-08-18,14.48,14.48,14.68,14.41,14.53
2022-08-19,2022-08-19,13.24,13.24,13.53,13.19,13.45
2022-08-22,2022-08-22,12.94,12.94,13.23,12.88,13.045
2022-08-23,2022-08-23,13.53,13.53,13.59,13.13,13.16
2022-08-24,2022-08-24,13.59,13.59,13.73,13.39,13.475
2022-08-25,2022-08-25,13.4,13.4,13.7,13.33,13.54
2022-08-26,2022-08-26,12.667,12.667,13.58,12.6,13.53
2022-08-29,2022-08-29,12.59,12.59,12.74,12.21,12.255
2022-08-30,2022-08-30,12.59,12.59,12.83,12.06,12.765
2022-08-31,2022-08-31,12.54,12.54,12.75,12.32,12.54
2022-09-01,2022-09-01,12.28,12.28,12.42,12.04,12.375
2022-09-02,2022-09-02,12.38,12.38,12.75,12.18,12.635
2022-09-06,2022-09-06,11.72,11.72,12.47,11.72,12.345
2022-09-07,2022-09-07,11.72,11.72,12.24,11.67,11.685
2022-09-08,2022-09-08,12.11,12.11,12.39,12.01,12.18
2022-09-09,2022-09-09,13.45,13.45,13.48,13.1,13.16
2022-09-12,2022-09-12,14.15,14.15,14.27,13.85,14.05
2022-09-13,2022-09-13,12.65,12.65,13.54,12.48,13.455
2022-09-14,2022-09-14,12.36,12.36,12.7,12.17,12.655
2022-09-15,2022-09-15,12.1,12.1,12.53,12.06,12.39
2022-09-16,2022-09-16,11.98,11.98,12.12,11.75,12.08
2022-09-19,2022-09-19,12.09,12.09,12.14,11.5,11.565
2022-09-20,2022-09-20,11.66,11.66,11.94,11.58,11.745
2022-09-21,2022-09-21,11.66,11.66,12.21,11.6,11.86
2022-09-22,2022-09-22,11.74,11.74,11.84,11.43,11.705
2022-09-23,2022-09-23,11.195,11.195,11.57,11.03,11.5
2022-09-26,2022-09-26,11.39,11.39,11.53,11.24,11.25
2022-09-27,2022-09-27,11.36,11.36,12.14,11.15,11.98
2022-09-28,2022-09-28,11.68,11.68,11.78,11.3,11.36
2022-09-29,2022-09-29,11.33,11.33,11.71,11.17,11.54
2022-09-30,2022-09-30,11.41,11.41,12.0,11.21,11.26
2022-10-03,2022-10-03,11.66,11.66,11.84,11.29,11.365
2022-10-04,2022-10-04,12.1,12.1,12.21,11.87,11.97
2022-10-05,2022-10-05,11.99,11.99,12.11,11.71,11.89
2022-10-06,2022-10-06,11.95,11.95,12.12,11.78,12.0
2022-10-07,2022-10-07,11.35,11.35,11.78,11.29,11.78
2022-10-10,2022-10-10,11.33,11.33,11.44,11.22,11.37
2022-10-11,2022-10-11,11.16,11.16,11.33,11.07,11.285
2022-10-12,2022-10-12,11.21,11.21,11.35,11.16,11.19
2022-10-13,2022-10-13,11.25,11.25,11.45,10.68,10.765
2022-10-14,2022-10-14,11.16,11.16,11.49,11.1,11.44
2022-10-17,2022-10-17,11.46,11.46,11.58,11.34,11.42
2022-10-18,2022-10-18,11.31,11.31,11.58,11.18,11.535
2022-10-19,2022-10-19,11.25,11.25,11.35,11.15,11.275
2022-10-20,2022-10-20,11.27,11.27,11.43,11.2,11.23
2022-10-21,2022-10-21,11.42,11.42,11.485,11.14,11.18
2022-10-24,2022-10-24,11.55,11.55,11.64,11.38,11.445
2022-10-25,2022-10-25,12.22,12.22,12.38,11.56,11.58
2022-10-26,2022-10-26,12.52,12.52,12.95,12.26,12.345
2022-10-27,2022-10-27,12.15,12.15,12.6,12.12,12.545
2022-10-28,2022-10-28,12.06,12.06,12.15,11.83,12.075
2022-10-31,2022-10-31,12.0,12.0,12.13,11.79,12.005
2022-11-01,2022-11-01,12.03,12.03,12.21,12.01,12.075
2022-11-02,2022-11-02,11.79,11.79,12.33,11.74,12.115
2022-11-03,2022-11-03,11.82,11.82,11.98,11.7,11.715
2022-11-04,2022-11-04,12.2535,12.2535,12.69,12.07,12.275
2022-11-07,2022-11-07,12.06,12.06,12.2,12.01,12.145
2022-11-08,2022-11-08,10.564,10.564,12.13,10.0,11.43
2022-11-09,2022-11-09,8.765,8.765,10.27,8.67,10.115
2022-11-10,2022-11-10,9.65,9.65,9.74,8.9,9.505
2022-11-11,2022-11-11,8.87,8.87,9.13,8.43,8.94
2022-11-14,2022-11-14,8.955,8.955,9.03,8.58,8.715
2022-11-15,2022-11-15,9.68,9.68,9.73,9.28,9.42
2022-11-16,2022-11-16,9.2,9.2,9.385,8.66,9.22
2022-11-17,2022-11-17,8.75,8.75,9.09,8.67,9.005
2022-11-18,2022-11-18,8.35,8.35,8.82,8.01,8.805
2022-11-21,2022-11-21,8.28,8.28,8.43,7.46,7.945
2022-11-22,2022-11-22,8.444,8.444,9.18,8.31,8.315
2022-11-23,2022-11-23,9.23,9.23,9.25,8.75,8.75
2022-11-25,2022-11-25,9.03,9.03,9.34,8.9,9.235
2022-11-28,2022-11-28,8.84,8.84,9.0,8.51,8.755
2022-11-29,2022-11-29,8.69,8.69,8.91,8.51,8.86
2022-11-30,2022-11-30,9.05,9.05,9.19,8.71,8.875
2022-12-01,2022-12-01,8.89,8.89,9.18,8.84,8.965
2022-12-02,2022-12-02,8.98,8.98,9.0,8.79,8.825
2022-12-05,2022-12-05,8.82,8.82,9.14,8.69,9.05
2022-12-06,2022-12-06,8.76,8.76,8.88,8.6,8.85
2022-12-07,2022-12-07,8.11,8.11,8.69,8.08,8.655
2022-12-08,2022-12-08,8.19,8.19,8.28,8.11,8.115
2022-12-09,2022-12-09,8.03,8.03,8.24,7.99,8.18
2022-12-12,2022-12-12,8.1,8.1,8.14,7.83,7.835
2022-12-13,2022-12-13,8.29,8.29,8.57,8.21,8.445
2022-12-14,2022-12-14,8.4,8.4,8.75,8.3,8.405
2022-12-15,2022-12-15,8.3,8.3,8.3525,8.14,8.21
2022-12-16,2022-12-16,7.93,7.93,8.13,7.9,8.055
2022-12-19,2022-12-19,8.13,8.13,8.4,7.93,7.935
2022-12-20,2022-12-20,8.08,8.08,8.3,7.84,8.125
2022-12-21,2022-12-21,8.05,8.05,8.07,7.92,8.0
2022-12-22,2022-12-22,8.15,8.15,8.2,7.94,8.165
2022-12-23,2022-12-23,8.33,8.33,8.37,8.05,8.065
2022-12-27,2022-12-27,7.86,7.86,8.2,7.85,8.045
2022-12-28,2022-12-28,7.8,7.8,7.97,7.73,7.835
2022-12-29,2022-12-29,7.98,7.98,8.04,7.74,7.745
2022-12-30,2022-12-30,8.29,8.29,8.3,7.79,7.795
2023-01-03,2023-01-03,8.2,8.2,8.24,8.01,8.22
2023-01-04,2023-01-04,8.38,8.38,8.45,8.13,8.28
2023-01-05,2023-01-05,8.45,8.45,8.49,8.21,8.37
2023-01-06,2023-01-06,8.65,8.65,8.69,8.25,8.31
2023-01-09,2023-01-09,9.65,9.65,9.83,8.82,8.825
2023-01-10,2023-01-10,9.88,9.88,9.95,9.45,9.705
2023-01-11,2023-01-11,9.8,9.8,9.96,9.26,9.635
2023-01-12,2023-01-12,10.49,10.49,11.24,9.9,10.205
2023-01-13,2023-01-13,11.32,11.32,11.43,10.22,10.305
2023-01-17,2023-01-17,11.72,11.72,12.45,11.3,12.02
2023-01-18,2023-01-18,10.83,10.83,12.0,10.51,11.94
2023-01-19,2023-01-19,11.46,11.46,11.87,10.54,10.545
2023-01-20,2023-01-20,12.18,12.18,12.25,11.225,11.5
2023-01-23,2023-01-23,12.28,12.28,12.82,11.88,12.305
2023-01-24,2023-01-24,11.97,11.97,12.35,11.83,12.3
2023-01-25,2023-01-25,12.11,12.11,12.19,11.35,11.765
2023-01-26,2023-01-26,12.24,12.24,12.31,11.81,12.205
2023-01-27,2023-01-27,12.36,12.36,12.56,12.06,12.16
2023-01-30,2023-01-30,11.89,11.89,12.43,11.85,12.34
2023-01-31,2023-01-31,12.15,12.15,12.27,11.94,11.95
2023-02-01,2023-02-01,12.65,12.65,12.69,11.86,12.165
2023-02-02,2023-02-02,12.93,12.93,13.3,12.52,12.855
2023-02-03,2023-02-03,12.32,12.32,12.88,12.29,12.715
2023-02-06,2023-02-06,11.93,11.93,12.25,11.91,12.195
2023-02-07,2023-02-07,12.15,12.15,12.18,11.75,11.925
2023-02-08,2023-02-08,11.75,11.75,12.22,11.66,12.21
2023-02-09,2023-02-09,10.63,10.63,11.79,10.56,11.72
2023-02-10,2023-02-10,10.67,10.67,10.83,10.56,10.635
2023-02-13,2023-02-13,10.39,10.39,10.65,10.27,10.555
2023-02-14,2023-02-14,10.85,10.85,10.93,10.3,10.39
2023-02-15,2023-02-15,12.17,12.17,12.25,11.09,11.13
2023-02-16,2023-02-16,11.89,11.89,12.68,11.88,12.025
2023-02-17,2023-02-17,12.2,12.2,12.28,11.63,11.66
2023-02-21,2023-02-21,11.88,11.88,12.28,11.85,12.2
2023-02-22,2023-02-22,11.58,11.58,11.88,11.29,11.71
2023-02-23,2023-02-23,11.89,11.89,11.92,11.58,11.895
2023-02-24,2023-02-24,11.46,11.46,11.86,11.2,11.785
2023-02-27,2023-02-27,11.49,11.49,11.92,11.42,11.735
2023-02-28,2023-02-28,11.54,11.54,11.77,11.43,11.47
2023-03-01,2023-03-01,11.51,11.51,11.88,11.51,11.665
2023-03-02,2023-03-02,11.51,11.51,11.56,11.23,11.495
2023-03-03,2023-03-03,11.25,11.25,11.51,10.89,11.015
2023-03-06,2023-03-06,11.77,11.77,11.89,11.14,11.23
2023-03-07,2023-03-07,12.9,12.9,13.49,11.4,11.77
2023-03-08,2023-03-08,13.24,13.24,13.54,12.5,12.65
2023-03-09,2023-03-09,11.8,11.8,13.18,11.71,13.055
2023-03-10,2023-03-10,11.23,11.23,12.2,11.14,11.6
2023-03-13,2023-03-13,12.65,12.65,12.98,11.75,12.24
2023-03-14,2023-03-14,13.49,13.49,13.6,13.21,13.415
2023-03-15,2023-03-15,13.27,13.27,13.57,12.7,13.55
2023-03-16,2023-03-16,14.05,14.05,14.2,13.19,13.255
2023-03-17,2023-03-17,15.43,15.43,15.54,14.66,14.76
2023-03-20,2023-03-20,16.0,16.0,16.24,15.78,16.02
2023-03-21,2023-03-21,16.0,16.0,16.15,15.56,16.11
2023-03-22,2023-03-22,15.08,15.08,16.75,15.06,16.075
2023-03-23,2023-03-23,16.1,16.1,16.35,15.3,15.48
2023-03-24,2023-03-24,16.0,16.0,16.24,15.62,15.905
2023-03-27,2023-03-27,15.23,15.23,15.95,15.01,15.63
2023-03-28,2023-03-28,15.61,15.61,15.89,15.02,15.05
2023-03-29,2023-03-29,15.84,15.84,16.47,15.78,16.1
2023-03-30,2023-03-30,15.82,15.82,16.18,15.4,16.17
2023-03-31,2023-03-31,16.36,16.36,16.42,15.91,15.915
2023-04-03,2023-04-03,16.05,16.05,16.46,15.83,16.34
2023-04-04,2023-04-04,15.96,15.96,16.21,15.9,16.21
2023-04-05,2023-04-05,16.19,16.19,16.24,15.86,15.985
2023-04-06,2023-04-06,16.21,16.21,16.3,15.81,16.135
2023-04-10,2023-04-10,17.14,17.14,17.54,16.25,16.305
2023-04-11,2023-04-11,17.72,17.72,18.4,17.56,17.72
2023-04-12,2023-04-12,17.07,17.07,17.78,17.06,17.76
2023-04-13,2023-04-13,17.7,17.7,18.0,17.27,17.29
2023-04-14,2023-04-14,17.43,17.43,18.27,17.13,17.97
2023-04-17,2023-04-17,16.81,16.81,16.9,16.49,16.8
2023-04-18,2023-04-18,17.14,17.14,17.62,17.03,17.24
2023-04-19,2023-04-19,16.34,16.34,16.89,15.91,16.77
2023-04-20,2023-04-20,15.82,15.82,16.17,15.75,16.12
2023-04-21,2023-04-21,15.2,15.2,15.83,15.16,15.71
2023-04-24,2023-04-24,14.99,14.99,15.51,14.78,15.14
2023-04-25,2023-04-25,14.96,14.96,15.1,14.6,15.01
2023-04-26,2023-04-26,15.1,15.1,16.25,14.97,16.05
2023-04-27,2023-04-27,16.44,16.44,16.6,15.52,15.59
2023-04-28,2023-04-28,16.42,16.42,16.51,15.95,16.26
2023-05-01,2023-05-01,15.25,15.25,16.175,15.25,16.13
2023-05-02,2023-05-02,16.21,16.21,16.25,15.3,15.32
2023-05-03,2023-05-03,16.35,16.35,16.36,15.9,15.97
2023-05-04,2023-05-04,16.55,16.55,16.8367,16.38,16.47
2023-05-05,2023-05-05,16.81,16.81,16.95,16.55,16.58
2023-05-08,2023-05-08,15.51,15.51,16.24,15.44,16.12
2023-05-09,2023-05-09,15.66,15.66,15.94,15.54,15.59
2023-05-10,2023-05-10,15.39,15.39,16.2,15.03,15.84
2023-05-11,2023-05-11,14.66,14.66,15.32,14.46,15.31
2023-05-12,2023-05-12,14.26,14.26,14.79,13.89,14.38
2023-05-15,2023-05-15,15.0,15.0,15.09,14.42,14.64
2023-05-16,2023-05-16,14.63,14.63,14.9,14.57,14.84
2023-05-17,2023-05-17,15.02,15.02,15.06,14.38,14.51
2023-05-18,2023-05-18,14.42,14.42,14.94,14.235,14.88
2023-05-19,2023-05-19,14.39,14.39,14.55,14.26,14.48
2023-05-22,2023-05-22,14.19,14.19,14.57,14.16,14.32
2023-05-23,2023-05-23,14.33,14.33,14.65,14.28,14.33
2023-05-24,2023-05-24,13.695,13.695,14.14,13.59,14.1
2023-05-25,2023-05-25,13.76,13.76,13.89,13.62,13.82
2023-05-26,2023-05-26,13.83,13.83,14.18,13.71,13.805
2023-05-30,2023-05-30,14.35,14.35,14.5,14.06,14.31
2023-05-31,2023-05-31,13.89,13.89,14.03,13.75,13.95
2023-06-01,2023-06-01,13.89,13.89,14.08,13.71,13.74
2023-06-02,2023-06-02,14.38,14.38,14.41,14.11,14.15
2023-06-05,2023-06-05,13.6805,13.6805,14.26,13.39,14.22
2023-06-06,2023-06-06,14.47,14.47,14.54,13.39,13.5
2023-06-07,2023-06-07,13.83,13.83,14.4,13.75,14.24
2023-06-08,2023-06-08,13.85,13.85,14.05,13.72,13.77
2023-06-09,2023-06-09,13.54,13.54,13.95,13.52,13.85
2023-06-12,2023-06-12,13.12,13.12,13.5,13.02,13.5
2023-06-13,2023-06-13,13.11,13.11,13.33,13.03,13.15
2023-06-14,2023-06-14,13.26,13.26,13.45,13.03,13.05
2023-06-15,2023-06-15,13.4,13.4,13.45,12.86,13.04
2023-06-16,2023-06-16,15.12,15.12,16.1,13.45,13.69
2023-06-20,2023-06-20,16.85,16.85,17.73,15.27,15.3
2023-06-21,2023-06-21,17.72,17.72,18.64,17.52,17.55
2023-06-22,2023-06-22,18.0,18.0,18.59,17.51,18.01
2023-06-23,2023-06-23,19.19,19.19,19.54,17.7,18.05
2023-06-26,2023-06-26,18.18,18.18,19.58,17.829,18.99
2023-06-27,2023-06-27,19.47,19.47,19.55,18.38,18.47
2023-06-28,2023-06-28,18.61,18.61,19.48,18.5,19.15
2023-06-29,2023-06-29,19.55,19.55,19.6,19.0,19.0
2023-06-30,2023-06-30,19.19,19.19,19.96,17.8,19.86
2023-07-03,2023-07-03,20.45,20.45,20.85,19.23,19.3
2023-07-05,2023-07-05,20.14,20.14,20.47,19.9,20.2
2023-07-06,2023-07-06,20.08,20.08,20.33,19.26,20.25
2023-07-07,2023-07-07,19.81,19.81,20.42,19.78,19.92
2023-07-10,2023-07-10,19.99,19.99,20.03,19.67,19.8
2023-07-11,2023-07-11,19.93,19.93,20.275,19.81,19.89
2023-07-12,2023-07-12,19.7,19.7,20.36,19.62,20.0
2023-07-13,2023-07-13,21.38,21.38,21.88,19.84,19.84
2023-07-14,2023-07-14,19.75,19.75,21.46,19.41,21.13
2023-07-17,2023-07-17,19.92,19.92,20.54,19.7,19.86
2023-07-18,2023-07-18,19.71,19.71,20.3,10.875,19.87
2023-07-19,2023-07-19,20.08,20.08,20.25,19.82,19.83
2023-07-20,2023-07-20,19.59,19.59,20.35,19.48,20.25
2023-07-21,2023-07-21,19.875,19.875,19.98,19.6,19.64
2023-07-24,2023-07-24,19.2,19.2,19.55,18.75,19.41
2023-07-25,2023-07-25,19.17,19.17,19.42,19.1,19.15
2023-07-26,2023-07-26,19.26,19.26,19.4,19.12,19.2
2023-07-27,2023-07-27,18.39,18.39,19.42,18.35,19.33
2023-07-28,2023-07-28,18.725,18.725,18.96,18.45,18.55
2023-07-31,2023-07-31,19.13,19.13,19.17,18.78,18.86
2023-08-01,2023-08-01,19.04,19.04,19.12,18.3175,18.79
2023-08-02,2023-08-02,19.16,19.16,19.25,18.62,19.07
2023-08-03,2023-08-03,19.3,19.3,19.68,18.95,19.12
2023-08-04,2023-08-04,19.22,19.22,19.58,19.12,19.19
2023-08-07,2023-08-07,19.16,19.16,19.26,18.8,19.2
2023-08-08,2023-08-08,20.09,20.09,20.2401,19.2,19.44
2023-08-09,2023-08-09,19.67,19.67,20.49,19.6,20.13
2023-08-10,2023-08-10,19.8,19.8,20.24,19.75,19.8
2023-08-11,2023-08-11,19.82,19.82,20.25,19.76,19.83
2023-08-14,2023-08-14,20.12,20.12,20.44,19.75,19.82
2023-08-15,2023-08-15,19.66,19.66,20.45,19.64,20.06
2023-08-16,2023-08-16,19.46,19.46,19.76,19.26,19.65
2023-08-17,2023-08-17,18.5333,18.5333,19.6,18.25,19.15
2023-08-18,2023-08-18,17.4,17.4,18.11,17.0,17.79
2023-08-21,2023-08-21,17.21,17.21,17.48,17.04,17.42
2023-08-22,2023-08-22,17.0,17.0,17.39,17.0,17.21
2023-08-23,2023-08-23,18.19,18.19,18.2,17.03,17.03
2023-08-24,2023-08-24,17.68,17.68,18.12,17.5,18.07
2023-08-25,2023-08-25,17.35,17.35,18.07,17.27,17.86
2023-08-28,2023-08-28,17.58,17.58,17.75,17.43,17.45
2023-08-29,2023-08-29,20.56,20.56,21.21,17.63,17.66
2023-08-30,2023-08-30,19.71,19.71,20.4,19.55,20.23
2023-08-31,2023-08-31,18.71,18.71,19.98,18.5,19.74
2023-09-01,2023-09-01,18.48,18.48,18.69,18.17,18.55
2023-09-05,2023-09-05,18.55,18.55,18.75,18.4,18.43
2023-09-06,2023-09-06,18.6,18.6,18.98,18.25,18.56
2023-09-07,2023-09-07,19.3,19.3,19.34,18.4,18.51
2023-09-08,2023-09-08,19.3,19.3,19.51,19.195,19.24
2023-09-11,2023-09-11,18.65,18.65,19.34,18.55,19.2
2023-09-12,2023-09-12,19.26,19.26,19.58,19.1,19.37
2023-09-13,2023-09-13,19.21,19.21,19.75,19.12,19.38
2023-09-14,2023-09-14,19.46,19.46,19.79,19.38,19.6
2023-09-15,2023-09-15,19.26,19.26,19.44,18.94,19.3
2023-09-18,2023-09-18,19.23,19.23,19.91,19.22,19.77
2023-09-19,2023-09-19,19.84,19.84,19.88,19.31,19.53
2023-09-20,2023-09-20,19.42,19.42,19.895,19.29,19.88
2023-09-21,2023-09-21,19.0,19.0,19.22,18.8,19.09
2023-09-22,2023-09-22,18.9,18.9,19.1,18.85,19.05
2023-09-25,2023-09-25,18.45,18.45,18.775,18.39,18.77
2023-09-26,2023-09-26,18.17,18.17,18.37,18.04,18.35
2023-09-27,2023-09-27,18.13,18.13,18.6,18.1,18.57
2023-09-28,2023-09-28,19.0,19.0,19.21,18.2,18.26
2023-09-29,2023-09-29,19.19,19.19,19.23,18.91,19.02
2023-10-02,2023-10-02,19.45,19.45,20.24,19.34,20.0
2023-10-03,2023-10-03,19.64,19.64,19.684,19.19,19.31
2023-10-04,2023-10-04,20.14,20.14,20.25,19.54,19.85
2023-10-05,2023-10-05,20.15,20.15,20.65,20.15,20.34
2023-10-06,2023-10-06,20.73,20.73,20.84,20.01,20.02
2023-10-09,2023-10-09,20.5,20.5,20.86,20.25,20.3
2023-10-10,2023-10-10,20.58,20.58,20.82,20.36,20.45
2023-10-11,2023-10-11,20.07,20.07,20.49,19.82,20.37
2023-10-12,2023-10-12,20.02,20.02,20.2,19.84,20.08
2023-10-13,2023-10-13,20.24,20.24,20.45,19.955,20.18
2023-10-16,2023-10-16,21.8,21.8,23.51,21.34,22.5
2023-10-17,2023-10-17,22.16,22.16,22.49,21.72,21.85
2023-10-18,2023-10-18,22.207,22.207,22.58,21.916,22.26
2023-10-19,2023-10-19,22.207,22.207,22.96,22.01,22.21
2023-10-20,2023-10-20,23.64,23.64,23.83,22.96,23.0
2023-10-23,2023-10-23,24.705,24.705,24.73,23.92,24.28
2023-10-24,2023-10-24,26.16,26.16,27.05,25.55,26.76
2023-10-25,2023-10-25,26.79,26.79,27.415,26.2,26.47
2023-10-26,2023-10-26,25.77,25.77,26.5,25.36,26.44
2023-10-27,2023-10-27,25.07,25.07,26.4,24.85,25.86
2023-10-30,2023-10-30,26.48,26.48,26.97,25.7,25.7
2023-10-31,2023-10-31,26.76,26.76,26.83,26.13,26.5
2023-11-01,2023-11-01,26.89,26.89,27.27,26.71,27.0
2023-11-02,2023-11-02,27.1675,27.1675,27.54,26.88,27.4
2023-11-03,2023-11-03,27.05,27.05,27.83,26.55,27.02
2023-11-06,2023-11-06,26.95,26.95,27.6,26.9,27.33
2023-11-07,2023-11-07,28.1,28.1,28.25,26.58,26.75
2023-11-08,2023-11-08,27.8,27.8,27.98,27.185,27.92
2023-11-09,2023-11-09,29.09,29.09,30.05,28.52,29.28
2023-11-10,2023-11-10,29.973,29.973,30.03,29.25,29.35
2023-11-13,2023-11-13,29.06,29.06,29.94,29.0,29.89
2023-11-14,2023-11-14,27.42,27.42,29.7,27.3,29.02
2023-11-15,2023-11-15,29.76,29.76,29.78,28.0,28.0
2023-11-16,2023-11-16,28.985,28.985,29.73,28.55,29.65
2023-11-17,2023-11-17,28.99,28.99,29.25,28.33,29.13
2023-11-20,2023-11-20,29.79,29.79,30.14,29.05,29.2
2023-11-21,2023-11-21,29.2,29.2,29.99,29.09,29.44
2023-11-22,2023-11-22,30.45,30.45,30.49,29.1,29.16
2023-11-24,2023-11-24,31.21,31.21,31.48,30.37,30.38
2023-11-27,2023-11-27,30.105,30.105,30.65,29.88,30.35
2023-11-28,2023-11-28,31.51,31.51,31.65,30.35,30.48
2023-11-29,2023-11-29,31.018,31.018,31.6,31.0,31.54
2023-11-30,2023-11-30,30.245,30.245,30.889,30.01,30.72
2023-12-01,2023-12-01,31.73,31.73,31.75,30.675,30.75
2023-12-04,2023-12-04,33.636,33.636,33.75,32.19,33.38
2023-12-05,2023-12-05,35.1,35.1,36.08,33.7,33.8
2023-12-06,2023-12-06,34.92,34.92,36.23,34.85,35.43
2023-12-07,2023-12-07,34.92,34.92,35.07,33.54,34.73
2023-12-08,2023-12-08,35.51,35.51,35.52,34.3,34.35
2023-12-11,2023-12-11,32.46,32.46,33.75,31.93,33.52
2023-12-12,2023-12-12,33.42,33.42,33.59,32.81,32.94
2023-12-13,2023-12-13,35.59,35.59,35.62,33.4,33.47
2023-12-14,2023-12-14,34.9,34.9,35.33,34.418,35.21
2023-12-15,2023-12-15,34.1,34.1,34.4,33.29,34.35
2023-12-18,2023-12-18,34.54,34.54,34.555,33.39,33.4
2023-12-19,2023-12-19,34.934,34.934,35.14,34.5,34.93
2023-12-20,2023-12-20,35.83,35.83,36.56,35.66,36.0
2023-12-21,2023-12-21,36.295,36.295,36.4,35.83,36.24
2023-12-22,2023-12-22,36.91,36.91,37.06,36.08,36.1
2023-12-26,2023-12-26,35.65,35.65,36.28,35.05,36.2
2023-12-27,2023-12-27,36.25,36.25,36.55,36.06,36.08
2023-12-28,2023-12-28,34.81,34.81,36.22,34.77,35.58
2023-12-29,2023-12-29,34.62,34.62,35.8,33.95,35.0
2024-01-02,2024-01-02,36.85,36.85,37.56,36.63,37.26
2024-01-03,2024-01-03,35.55,35.55,35.87,34.65,34.68
2024-01-04,2024-01-04,37.25,37.25,37.496,35.84,36.14
2024-01-05,2024-01-05,37.1635,37.1635,37.29,36.01,37.01
2024-01-08,2024-01-08,37.1635,37.1635,39.23,36.4,37.86
2024-01-09,2024-01-09,39.0,39.0,39.89,38.835,39.0
2024-01-10,2024-01-10,40.496,40.496,41.0,37.55,38.21
2024-01-11,2024-01-11,40.69,40.69,43.5,40.14,42.25
2024-01-12,2024-01-12,38.58,38.58,40.47,37.77,40.39
2024-01-16,2024-01-16,38.32,38.32,38.4285,37.0368,37.84
2024-01-17,2024-01-17,37.94,37.94,38.1,37.42,37.66
2024-01-18,2024-01-18,36.29,36.29,38.05,36.05,37.75
2024-01-19,2024-01-19,37.01,37.01,37.495,35.8,36.45
2024-01-22,2024-01-22,35.82,35.82,36.319,35.03,36.14
2024-01-23,2024-01-23,34.88,34.88,35.275,34.31,34.52
2024-01-24,2024-01-24,35.27,35.27,35.82,35.22,35.62
2024-01-25,2024-01-25,35.44,35.44,35.74,35.235,35.62
2024-01-26,2024-01-26,37.51,37.51,37.71,36.66,36.69
2024-01-29,2024-01-29,38.51,38.51,38.67,37.315,37.45
2024-01-30,2024-01-30,38.87,38.87,39.045,38.59,38.74
2024-01-31,2024-01-31,37.99,37.99,39.075,37.92,38.11
2024-02-01,2024-02-01,38.41,38.41,38.63,37.8,37.84
2024-02-02,2024-02-02,38.34,38.34,38.795,38.11,38.15
2024-02-05,2024-02-05,37.84,37.84,38.75,37.73,38.68
2024-02-06,2024-02-06,38.47,38.47,38.735,38.245,38.29
2024-02-07,2024-02-07,39.43,39.43,39.53,38.295,38.49
2024-02-08,2024-02-08,40.68,40.68,40.74,40.0702,40.27
2024-02-09,2024-02-09,42.48,42.48,43.09,41.79,41.95
2024-02-12,2024-02-12,44.86,44.86,45.03,43.0,43.0
2024-02-13,2024-02-13,44.11,44.11,44.21,43.18,43.72
2024-02-14,2024-02-14,46.19,46.19,46.57,45.7387,46.2
2024-02-15,2024-02-15,46.18,46.18,47.26,46.095,46.84
2024-02-16,2024-02-16,46.28,46.28,46.86,46.11,46.64
2024-02-20,2024-02-20,46.41,46.41,46.76,45.32,46.69
2024-02-21,2024-02-21,45.48,45.48,45.9,45.14,45.41
2024-02-22,2024-02-22,46.44,46.44,46.5,45.53,45.59
2024-02-23,2024-02-23,45.59,45.59,45.81,45.19,45.73
2024-02-26,2024-02-26,48.63,48.63,49.06,45.8587,45.87
2024-02-27,2024-02-27,50.85,50.85,51.45,50.21,50.83
2024-02-28,2024-02-28,53.83,53.83,57.45,52.7,53.74
2024-02-29,2024-02-29,55.35,55.35,56.81,53.872,56.53
2024-03-01,2024-03-01,56.28,56.28,56.495,54.61,55.73
2024-03-04,2024-03-04,60.38,60.38,60.7,58.3901,58.45
2024-03-05,2024-03-05,55.23,55.23,61.99,53.35,60.41
2024-03-06,2024-03-06,59.8,59.8,60.35,58.3,59.64
2024-03-07,2024-03-07,60.45,60.45,60.86,59.5,60.17
2024-03-08,2024-03-08,61.9,61.9,62.84,59.07,60.83
2024-03-11,2024-03-11,64.32,64.32,65.09,63.7,64.58
2024-03-12,2024-03-12,63.67,63.67,65.34,61.27,64.54
2024-03-13,2024-03-13,65.58,65.58,65.61,63.98,64.89
2024-03-14,2024-03-14,61.8,61.8,64.9,60.98,64.83
2024-03-15,2024-03-15,61.6,61.6,63.02,60.1,60.42
2024-03-18,2024-03-18,59.58,59.58,61.135,59.31,60.59
2024-03-19,2024-03-19,57.41,57.41,58.66,55.49,56.81
2024-03-20,2024-03-20,58.75,58.75,58.9,55.35,56.52
2024-03-21,2024-03-21,58.11,58.11,60.33,57.84,60.319
2024-03-22,2024-03-22,56.98,56.98,57.37,55.84,57.23
2024-03-25,2024-03-25,63.34,63.34,63.45,59.72,59.72
2024-03-26,2024-03-26,61.93,61.93,63.3,61.79,63.16
2024-03-27,2024-03-27,61.19,61.19,64.01,60.96,63.85
2024-03-28,2024-03-28,63.17,63.17,64.01,62.87,63.38
2024-04-01,2024-04-01,62.18,62.18,62.57,60.71,62.48
2024-04-02,2024-04-02,58.7,58.7,59.115,57.52,57.86
2024-04-03,2024-04-03,58.64,58.64,59.67,58.4,58.59
2024-04-04,2024-04-04,61.04,61.04,61.84,59.82,59.96
2024-04-05,2024-04-05,59.99,59.99,61.14,59.55,59.65
2024-04-08,2024-04-08,63.96,63.96,64.35,63.445,64.3
2024-04-09,2024-04-09,61.45,61.45,63.25,60.78,62.93
2024-04-10,2024-04-10,62.47,62.47,62.47,60.09,60.27
2024-04-11,2024-04-11,62.79,62.79,63.18,61.94,63.06
2024-04-12,2024-04-12,59.55,59.55,62.64,58.04,62.49
2024-04-15,2024-04-15,56.38,56.38,59.28,55.51,58.97
2024-04-16,2024-04-16,55.88,55.88,56.45,54.95,56.31
2024-04-17,2024-04-17,54.31,54.31,56.12,53.11,55.585
2024-04-18,2024-04-18,56.58,56.58,57.19,55.12,55.68
2024-04-19,2024-04-19,57.31,57.31,58.025,56.62,57.66
2024-04-22,2024-04-22,59.26,59.26,59.58,58.51,58.86
2024-04-23,2024-04-23,59.21,59.21,59.83,58.87,58.94
2024-04-24,2024-04-24,56.9,56.9,59.07,56.71,58.77
2024-04-25,2024-04-25,57.6,57.6,57.81,55.958,56.24
2024-04-26,2024-04-26,56.74,56.74,57.68,56.34,56.73
2024-04-29,2024-04-29,56.06,56.06,56.27,54.92,55.65
2024-04-30,2024-04-30,52.51,52.51,54.72,52.43,54.44
2024-05-01,2024-05-01,50.64,50.64,52.86,50.34,51.32
2024-05-02,2024-05-02,52.86,52.86,53.08,51.83,52.27
2024-05-03,2024-05-03,55.32,55.32,55.46,54.5,54.54
2024-05-06,2024-05-06,56.24,56.24,57.19,55.82,56.57
2024-05-07,2024-05-07,56.11,56.11,57.28,55.89,56.59
2024-05-08,2024-05-08,55.3,55.3,55.92,54.96,55.16
2024-05-09,2024-05-09,55.57,55.57,55.82,54.14,54.57
2024-05-10,2024-05-10,53.99,53.99,56.18,53.52,55.87
2024-05-13,2024-05-13,56.19,56.19,56.49,55.67,55.91
2024-05-14,2024-05-14,54.78,54.78,55.42,54.35,55.14
2024-05-15,2024-05-15,58.82,58.82,59.2,56.92,57.19
2024-05-16,2024-05-16,58.02,58.02,59.16,57.48,58.78
2024-05-17,2024-05-17,59.73,59.73,60.13,58.6,59.06
2024-05-20,2024-05-20,62.4,62.4,62.49,59.4,59.64
2024-05-21,2024-05-21,61.6,61.6,63.45,61.51,63.11
2024-05-22,2024-05-22,61.95,61.95,62.92,61.57,62.05
2024-05-23,2024-05-23,59.7,59.7,61.71,59.31,61.65
2024-05-24,2024-05-24,61.53,61.53,61.75,59.53,59.97
2024-05-28,2024-05-28,60.78,60.78,60.96,59.75,60.83
2024-05-29,2024-05-29,59.71,59.71,60.43,59.64,60.27
2024-05-30,2024-05-30,61.04,61.04,61.9,60.48,60.65
2024-05-31,2024-05-31,60.09,60.09,61.14,59.16,61.04
2024-06-03,2024-06-03,61.51,61.51,62.56,60.95,62.0
2024-06-04,2024-06-04,62.62,62.62,63.258,61.55,61.77
2024-06-05,2024-06-05,63.35,63.35,63.9,62.54,63.23
2024-06-06,2024-06-06,62.63,62.63,63.73,62.57,63.25
2024-06-07,2024-06-07,61.48,61.48,63.72,60.67,63.46
2024-06-10,2024-06-10,61.73,61.73,62.38,61.45,61.54
2024-06-11,2024-06-11,59.88,59.88,60.07,58.65,59.7
2024-06-12,2024-06-12,59.95,59.95,62.289,59.73,61.55
2024-06-13,2024-06-13,59.14,59.14,60.69,58.78,60.44
2024-06-14,2024-06-14,58.18,58.18,59.85,57.74,59.81
2024-06-17,2024-06-17,59.21,59.21,59.76,57.7625,58.31
2024-06-18,2024-06-18,57.18,57.18,58.055,56.83,57.59
2024-06-20,2024-06-20,57.73,57.73,58.162,57.281,58.0
2024-06-21,2024-06-21,57.04,57.04,57.17,56.24,56.46
2024-06-24,2024-06-24,52.61,52.61,54.77,52.35,54.36
2024-06-25,2024-06-25,55.02,55.02,55.43,54.14,54.41
2024-06-26,2024-06-26,54.13,54.13,55.065,53.89,54.66
2024-06-27,2024-06-27,54.52,54.52,55.41,54.47,54.67
2024-06-28,2024-06-28,53.24,53.24,54.895,53.17,54.53
2024-07-01,2024-07-01,56.09,56.09,56.7,55.45,55.87
2024-07-02,2024-07-02,54.89,54.89,56.05,54.78,55.8
2024-07-03,2024-07-03,53.66,53.66,53.89,53.15,53.5
2024-07-05,2024-07-05,50.15,50.15,50.66,49.16,49.304
2024-07-08,2024-07-08,50.09,50.09,50.93,48.795,50.78
2024-07-09,2024-07-09,51.35,51.35,51.75,50.5197,50.77
2024-07-10,2024-07-10,50.92,50.92,51.52,50.87,51.44
2024-07-11,2024-07-11,50.9,50.9,52.34,50.73,52.23
2024-07-12,2024-07-12,51.14,51.14,51.99,51.03,51.06
2024-07-15,2024-07-15,56.29,56.29,56.77,55.45,55.75
2024-07-16,2024-07-16,57.85,57.85,57.93,56.0025,56.73
2024-07-17,2024-07-17,57.33,57.33,58.06,56.67,57.47
2024-07-18,2024-07-18,56.4,56.4,57.67,56.11,57.57
2024-07-19,2024-07-19,59.68,59.68,59.95,56.85,56.91
2024-07-22,2024-07-22,60.56,60.56,60.61,59.075,60.0
2024-07-23,2024-07-23,58.1,58.1,59.78,58.04,59.07
2024-07-24,2024-07-24,58.23,58.23,59.57,58.14,59.14
2024-07-25,2024-07-25,57.36,57.36,57.8,56.22,56.98
2024-07-26,2024-07-26,60.33,60.33,60.5,59.35,59.81
2024-07-29,2024-07-29,59.68,59.68,61.84,58.89,61.79
2024-07-30,2024-07-30,52.6,52.6,53.42,52.27,53.22
2024-07-31,2024-07-31,52.07,52.07,53.3408,51.81,53.05
2024-08-01,2024-08-01,50.53,50.53,51.7701,49.65,51.56
2024-08-02,2024-08-02,49.87,49.87,52.28,49.73,51.73
2024-08-05,2024-08-05,42.62,42.62,44.33,39.56,39.66
2024-08-06,2024-08-06,45.32,45.32,45.54,43.43,44.04
2024-08-07,2024-08-07,43.67,43.67,45.9,43.59,45.67
2024-08-08,2024-08-08,47.43,47.43,47.79,45.24,46.13
2024-08-09,2024-08-09,48.41,48.41,48.76,47.48,48.2
2024-08-12,2024-08-12,47.1,47.1,48.44,46.11,47.51
2024-08-13,2024-08-13,48.5,48.5,49.16,46.97,47.04
2024-08-14,2024-08-14,46.99,46.99,48.64,46.79,48.55
2024-08-15,2024-08-15,45.5,45.5,47.75,45.21,47.18
2024-08-16,2024-08-16,47.63,47.63,47.775,45.99,46.74
2024-08-19,2024-08-19,47.02,47.02,47.31,46.33,46.89
2024-08-20,2024-08-20,47.49,47.49,48.66,46.68,48.3
2024-08-21,2024-08-21,49.12,49.12,49.18,46.94,47.38
2024-08-22,2024-08-22,48.06,48.06,48.6,47.91,48.5
2024-08-23,2024-08-23,50.79,50.79,50.98,48.5,48.73
2024-08-26,2024-08-26,50.5,50.5,50.975,50.28,50.89
2024-08-27,2024-08-27,49.51,49.51,49.81,48.98,49.78
2024-08-28,2024-08-28,46.94,46.94,47.8599,46.11,47.74
2024-08-29,2024-08-29,47.21,47.21,48.77,46.94,48.01
2024-08-30,2024-08-30,46.75,46.75,47.7,46.0,47.45
2024-09-03,2024-09-03,46.2,46.2,47.13,45.84,47.09
2024-09-04,2024-09-04,46.25,46.25,46.645,44.72,44.99
2024-09-05,2024-09-05,44.66,44.66,45.63,44.43,45.165
2024-09-06,2024-09-06,42.6,42.6,45.34,42.37,45.22
2024-09-09,2024-09-09,45.51,45.51,45.6,43.645,44.12
2024-09-10,2024-09-10,46.19,46.19,46.26,45.025,45.34
2024-09-11,2024-09-11,45.9,45.9,46.22,44.24,45.27
2024-09-12,2024-09-12,46.53,46.53,46.68,45.67,46.0
2024-09-13,2024-09-13,47.64,47.64,47.89,45.97,46.0
2024-09-16,2024-09-16,46.14,46.14,46.66,45.79,46.62
2024-09-17,2024-09-17,47.77,47.77,48.92,46.91,47.19
2024-09-18,2024-09-18,47.79,47.79,48.87,47.12,47.71
2024-09-19,2024-09-19,50.38,50.38,50.91,49.915,50.41
2024-09-20,2024-09-20,50.03,50.03,50.61,49.69,50.13
2024-09-23,2024-09-23,50.41,50.41,50.85,50.23,50.44
2024-09-24,2024-09-24,51.23,51.23,51.3,49.95,50.52
2024-09-25,2024-09-25,50.3,50.3,50.99,50.14,50.59
2024-09-26,2024-09-26,51.54,51.54,52.48,51.1,51.29
2024-09-27,2024-09-27,52.31,52.31,53.04,52.0804,52.31
2024-09-30,2024-09-30,50.5,50.5,51.0442,50.18,50.97
2024-10-01,2024-10-01,49.12,49.12,50.53,48.57,50.47
2024-10-02,2024-10-02,47.92,47.92,49.66,47.76,48.44
2024-10-03,2024-10-03,48.58,48.58,48.595,47.67,48.17
2024-10-04,2024-10-04,49.68,49.68,49.77,48.39,48.97
2024-10-07,2024-10-07,50.44,50.44,51.35,49.95,50.22
2024-10-08,2024-10-08,49.52,49.52,50.31,49.19,49.81
2024-10-09,2024-10-09,48.52,48.52,49.64,48.35,49.26
2024-10-10,2024-10-10,47.49,47.49,48.61,46.825,48.61
2024-10-11,2024-10-11,50.27,50.27,50.54,48.8571,48.86
2024-10-14,2024-10-14,52.48,52.48,52.84,51.475,51.54
2024-10-15,2024-10-15,53.3,53.3,54.15,51.575,52.44
2024-10-16,2024-10-16,53.88,53.88,54.38,53.42,54.0
2024-10-17,2024-10-17,53.16,53.16,53.88,53.04,53.3
2024-10-18,2024-10-18,54.6,54.6,54.98,53.91,54.0
2024-10-21,2024-10-21,53.89,53.89,54.04,53.13,54.03
2024-10-22,2024-10-22,53.64,53.64,53.85,52.96,53.37
2024-10-23,2024-10-23,52.83,52.83,53.19,51.835,52.9
2024-10-24,2024-10-24,54.32,54.32,54.34,53.51,53.72
2024-10-25,2024-10-25,53.09,53.09,54.73,52.37,54.1
2024-10-28,2024-10-28,55.38,55.38,55.63,54.41,54.81
2024-10-29,2024-10-29,57.67,57.67,58.6,56.4,56.62
2024-10-30,2024-10-30,57.08,57.08,57.65,56.79,57.09
2024-10-31,2024-10-31,55.61,55.61,57.27,55.54,57.25
2024-11-01,2024-11-01,55.01,55.01,56.97,54.655,55.8
2024-11-04,2024-11-04,53.49,53.49,54.67,53.37,54.52
2024-11-05,2024-11-05,55.17,55.17,56.06,54.64,55.08
2024-11-06,2024-11-06,60.6,60.6,60.91,58.4601,59.05
2024-11-07,2024-11-07,60.88,60.88,61.215,59.295,59.6
2024-11-08,2024-11-08,61.05,61.05,61.56,60.2,60.67
2024-11-11,2024-11-11,69.22,69.22,69.68,64.94,65.08
2024-11-12,2024-11-12,71.23,71.23,71.58,67.78,68.48
2024-11-13,2024-11-13,71.31,71.31,74.36,71.04,71.53
2024-11-14,2024-11-14,69.5,69.5,73.01,69.45,72.59
2024-11-15,2024-11-15,72.81,72.81,72.835,69.76,71.0
2024-11-18,2024-11-18,72.77,72.77,73.71,71.29,71.88
2024-11-19,2024-11-19,73.58,73.58,74.87,72.48,72.82
2024-11-20,2024-11-20,74.99,74.99,75.55,74.06,75.05
2024-11-21,2024-11-21,78.05,78.05,78.81,75.96,77.37
2024-11-22,2024-11-22,78.87,78.87,79.34,77.22,77.66
2024-11-25,2024-11-25,75.42,75.42,77.4479,74.95,77.35
2024-11-26,2024-11-26,72.17,72.17,75.34,71.94,73.2
2024-11-27,2024-11-27,76.82,76.82,77.41,74.9,75.15
2024-11-29,2024-11-29,77.09,77.09,78.6199,77.09,77.37
2024-12-02,2024-12-02,76.03,76.03,77.47,74.96,76.21
2024-12-03,2024-12-03,75.95,75.95,76.61,74.33,74.82
2024-12-04,2024-12-04,78.69,78.69,78.94,75.17,76.1
2024-12-05,2024-12-05,78.69,78.69,82.44,77.72,81.7
2024-12-06,2024-12-06,80.7,80.7,81.13,78.37,78.94
2024-12-09,2024-12-09,76.33,76.33,79.82,76.2301,78.67
2024-12-10,2024-12-10,76.56,76.56,78.1,74.81,77.84
2024-12-11,2024-12-11,80.51,80.51,80.87,78.19,78.31
2024-12-12,2024-12-12,79.41,79.41,81.5001,78.82,80.53
2024-12-13,2024-12-13,80.77,80.77,81.04,79.21,79.75
2024-12-16,2024-12-16,84.02,84.02,85.7101,82.78,82.85
2024-12-17,2024-12-17,84.71,84.71,86.11,83.925,85.48
2024-12-18,2024-12-18,79.81,79.81,83.34,79.32,83.12
2024-12-19,2024-12-19,76.32,76.32,81.6,75.76,81.25
2024-12-20,2024-12-20,76.47,76.47,77.62,75.26,75.43
2024-12-23,2024-12-23,73.71,73.71,75.81,73.23,75.69
2024-12-24,2024-12-24,78.45,78.45,78.65,76.54,76.79
2024-12-26,2024-12-26,75.76,75.76,76.625,75.42,75.92
2024-12-27,2024-12-27,74.88,74.88,76.44,73.95,76.33
