start_time,date,exchange_whale_ratio
2021-01-01,2021-01-01,0.25285184
2021-01-02,2021-01-02,0.13972852
2021-01-03,2021-01-03,0.18448842
2021-01-04,2021-01-04,0.13731467
2021-01-05,2021-01-05,0.14853645
2021-01-06,2021-01-06,0.16809059
2021-01-07,2021-01-07,0.17298969
2021-01-08,2021-01-08,0.14918173
2021-01-09,2021-01-09,0.22727844
2021-01-10,2021-01-10,0.23228364
2021-01-11,2021-01-11,0.12755185
2021-01-12,2021-01-12,0.19554289
2021-01-13,2021-01-13,0.2389238
2021-01-14,2021-01-14,0.33469826
2021-01-15,2021-01-15,0.18472529
2021-01-16,2021-01-16,0.21812376
2021-01-17,2021-01-17,0.24580454
2021-01-18,2021-01-18,0.18328312
2021-01-19,2021-01-19,0.57755661
2021-01-20,2021-01-20,0.43412685
2021-01-21,2021-01-21,0.26437065
2021-01-22,2021-01-22,0.15357783
2021-01-23,2021-01-23,0.27996592
2021-01-24,2021-01-24,0.12955872
2021-01-25,2021-01-25,0.2082175
2021-01-26,2021-01-26,0.23594354
2021-01-27,2021-01-27,0.24563975
2021-01-28,2021-01-28,0.20627274
2021-01-29,2021-01-29,0.13000874
2021-01-30,2021-01-30,0.19851163
2021-01-31,2021-01-31,0.16863188
2021-02-01,2021-02-01,0.10402119
2021-02-02,2021-02-02,0.19884047
2021-02-03,2021-02-03,0.19266887
2021-02-04,2021-02-04,0.18668144
2021-02-05,2021-02-05,0.1753899
2021-02-06,2021-02-06,0.10896059
2021-02-07,2021-02-07,0.21058881
2021-02-08,2021-02-08,0.21879089
2021-02-09,2021-02-09,0.14765363
2021-02-10,2021-02-10,0.25638596
2021-02-11,2021-02-11,0.17987614
2021-02-12,2021-02-12,0.30063296
2021-02-13,2021-02-13,0.21172419
2021-02-14,2021-02-14,0.16119011
2021-02-15,2021-02-15,0.15216747
2021-02-16,2021-02-16,0.15811044
2021-02-17,2021-02-17,0.15402778
2021-02-18,2021-02-18,0.14575991
2021-02-19,2021-02-19,0.15130998
2021-02-20,2021-02-20,0.23448598
2021-02-21,2021-02-21,0.14177493
2021-02-22,2021-02-22,0.18350124
2021-02-23,2021-02-23,0.23765787
2021-02-24,2021-02-24,0.29987824
2021-02-25,2021-02-25,0.23729063
2021-02-26,2021-02-26,0.28436001
2021-02-27,2021-02-27,0.18937112
2021-02-28,2021-02-28,0.25557953
2021-03-01,2021-03-01,0.17741894
2021-03-02,2021-03-02,0.26885835
2021-03-03,2021-03-03,0.21252831
2021-03-04,2021-03-04,0.27854276
2021-03-05,2021-03-05,0.41682851
2021-03-06,2021-03-06,0.43103325
2021-03-07,2021-03-07,0.28790238
2021-03-08,2021-03-08,0.27850367
2021-03-09,2021-03-09,0.26616067
2021-03-10,2021-03-10,0.16958515
2021-03-11,2021-03-11,0.21507325
2021-03-12,2021-03-12,0.21426322
2021-03-13,2021-03-13,0.18167154
2021-03-14,2021-03-14,0.29008971
2021-03-15,2021-03-15,0.32782509
2021-03-16,2021-03-16,0.25166602
2021-03-17,2021-03-17,0.48344952
2021-03-18,2021-03-18,0.24285788
2021-03-19,2021-03-19,0.35179405
2021-03-20,2021-03-20,0.27586089
2021-03-21,2021-03-21,0.12850545
2021-03-22,2021-03-22,0.37159378
2021-03-23,2021-03-23,0.22752393
2021-03-24,2021-03-24,0.27857548
2021-03-25,2021-03-25,0.15373785
2021-03-26,2021-03-26,0.32358816
2021-03-27,2021-03-27,0.18061579
2021-03-28,2021-03-28,0.25671353
2021-03-29,2021-03-29,0.29758892
2021-03-30,2021-03-30,0.21347588
2021-03-31,2021-03-31,0.25107109
2021-04-01,2021-04-01,0.26481136
2021-04-02,2021-04-02,0.21383081
2021-04-03,2021-04-03,0.12431778
2021-04-04,2021-04-04,0.2488004
2021-04-05,2021-04-05,0.1227192
2021-04-06,2021-04-06,0.13954993
2021-04-07,2021-04-07,0.07674463
2021-04-08,2021-04-08,0.22148115
2021-04-09,2021-04-09,0.23702535
2021-04-10,2021-04-10,0.21390893
2021-04-11,2021-04-11,0.17865923
2021-04-12,2021-04-12,0.2427499
2021-04-13,2021-04-13,0.21958652
2021-04-14,2021-04-14,0.17152571
2021-04-15,2021-04-15,0.2487781
2021-04-16,2021-04-16,0.20841773
2021-04-17,2021-04-17,0.20598451
2021-04-18,2021-04-18,0.26302097
2021-04-19,2021-04-19,0.24614389
2021-04-20,2021-04-20,0.22273672
2021-04-21,2021-04-21,0.17934986
2021-04-22,2021-04-22,0.32002012
2021-04-23,2021-04-23,0.16091855
2021-04-24,2021-04-24,0.22011293
2021-04-25,2021-04-25,0.18313435
2021-04-26,2021-04-26,0.21277425
2021-04-27,2021-04-27,0.24951167
2021-04-28,2021-04-28,0.19921605
2021-04-29,2021-04-29,0.19022441
2021-04-30,2021-04-30,0.19228754
2021-05-01,2021-05-01,0.13627011
2021-05-02,2021-05-02,0.15061041
2021-05-03,2021-05-03,0.17031132
2021-05-04,2021-05-04,0.12958301
2021-05-05,2021-05-05,0.21011053
2021-05-06,2021-05-06,0.18054024
2021-05-07,2021-05-07,0.2001585
2021-05-08,2021-05-08,0.17455754
2021-05-09,2021-05-09,0.19770679
2021-05-10,2021-05-10,0.14346862
2021-05-11,2021-05-11,0.13967836
2021-05-12,2021-05-12,0.25770363
2021-05-13,2021-05-13,0.16338672
2021-05-14,2021-05-14,0.32505495
2021-05-15,2021-05-15,0.18747724
2021-05-16,2021-05-16,0.20596954
2021-05-17,2021-05-17,0.21921636
2021-05-18,2021-05-18,0.30156669
2021-05-19,2021-05-19,0.22138302
2021-05-20,2021-05-20,0.17221118
2021-05-21,2021-05-21,0.19576715
2021-05-22,2021-05-22,0.21080027
2021-05-23,2021-05-23,0.10729246
2021-05-24,2021-05-24,0.24972326
2021-05-25,2021-05-25,0.29107236
2021-05-26,2021-05-26,0.22162371
2021-05-27,2021-05-27,0.23199763
2021-05-28,2021-05-28,0.24989693
2021-05-29,2021-05-29,0.26657113
2021-05-30,2021-05-30,0.2441611
2021-05-31,2021-05-31,0.21911404
2021-06-01,2021-06-01,0.15117543
2021-06-02,2021-06-02,0.33019275
2021-06-03,2021-06-03,0.17787775
2021-06-04,2021-06-04,0.28103798
2021-06-05,2021-06-05,0.21541037
2021-06-06,2021-06-06,0.29192122
2021-06-07,2021-06-07,0.20442275
2021-06-08,2021-06-08,0.13894795
2021-06-09,2021-06-09,0.22184434
2021-06-10,2021-06-10,0.21335746
2021-06-11,2021-06-11,0.21694834
2021-06-12,2021-06-12,0.21089618
2021-06-13,2021-06-13,0.28054331
2021-06-14,2021-06-14,0.15525666
2021-06-15,2021-06-15,0.36488121
2021-06-16,2021-06-16,0.34049563
2021-06-17,2021-06-17,0.32300957
2021-06-18,2021-06-18,0.63181507
2021-06-19,2021-06-19,0.3390378
2021-06-20,2021-06-20,0.2339409
2021-06-21,2021-06-21,0.15854799
2021-06-22,2021-06-22,0.2051578
2021-06-23,2021-06-23,0.22360033
2021-06-24,2021-06-24,0.17922088
2021-06-25,2021-06-25,0.2141216
2021-06-26,2021-06-26,0.42410939
2021-06-27,2021-06-27,0.2453542
2021-06-28,2021-06-28,0.23050454
2021-06-29,2021-06-29,0.25458188
2021-06-30,2021-06-30,0.2333793
2021-07-01,2021-07-01,0.18841918
2021-07-02,2021-07-02,0.25612533
2021-07-03,2021-07-03,0.23267521
2021-07-04,2021-07-04,0.29074037
2021-07-05,2021-07-05,0.18438958
2021-07-06,2021-07-06,0.19157175
2021-07-07,2021-07-07,0.21960281
2021-07-08,2021-07-08,0.16420704
2021-07-09,2021-07-09,0.45856137
2021-07-10,2021-07-10,0.15769621
2021-07-11,2021-07-11,0.28427545
2021-07-12,2021-07-12,0.26614081
2021-07-13,2021-07-13,0.22179754
2021-07-14,2021-07-14,0.26962336
2021-07-15,2021-07-15,0.16992133
2021-07-16,2021-07-16,0.34830877
2021-07-17,2021-07-17,0.17843257
2021-07-18,2021-07-18,0.17231506
2021-07-19,2021-07-19,0.31880016
2021-07-20,2021-07-20,0.20756919
2021-07-21,2021-07-21,0.18281846
2021-07-22,2021-07-22,0.23908877
2021-07-23,2021-07-23,0.23643647
2021-07-24,2021-07-24,0.12666026
2021-07-25,2021-07-25,0.267636
2021-07-26,2021-07-26,0.23990137
2021-07-27,2021-07-27,0.31024333
2021-07-28,2021-07-28,0.63275847
2021-07-29,2021-07-29,0.33820216
2021-07-30,2021-07-30,0.37236011
2021-07-31,2021-07-31,0.18045157
2021-08-01,2021-08-01,0.30278174
2021-08-02,2021-08-02,0.24451653
2021-08-03,2021-08-03,0.59481712
2021-08-04,2021-08-04,0.18392793
2021-08-05,2021-08-05,0.20935514
2021-08-06,2021-08-06,0.48507551
2021-08-07,2021-08-07,0.2558331
2021-08-08,2021-08-08,0.28074681
2021-08-09,2021-08-09,0.50770298
2021-08-10,2021-08-10,0.50159792
2021-08-11,2021-08-11,0.26797162
2021-08-12,2021-08-12,0.2377392
2021-08-13,2021-08-13,0.36196629
2021-08-14,2021-08-14,0.27252613
2021-08-15,2021-08-15,0.26673873
2021-08-16,2021-08-16,0.2188411
2021-08-17,2021-08-17,0.23937901
2021-08-18,2021-08-18,0.37253076
2021-08-19,2021-08-19,0.2106514
2021-08-20,2021-08-20,0.38822757
2021-08-21,2021-08-21,0.31202608
2021-08-22,2021-08-22,0.19979181
2021-08-23,2021-08-23,0.16785244
2021-08-24,2021-08-24,0.14198802
2021-08-25,2021-08-25,0.22094047
2021-08-26,2021-08-26,0.2589021
2021-08-27,2021-08-27,0.24705825
2021-08-28,2021-08-28,0.30015706
2021-08-29,2021-08-29,0.16601916
2021-08-30,2021-08-30,0.28793209
2021-08-31,2021-08-31,0.27656326
2021-09-01,2021-09-01,0.44490032
2021-09-02,2021-09-02,0.17469844
2021-09-03,2021-09-03,0.25200159
2021-09-04,2021-09-04,0.32152038
2021-09-05,2021-09-05,0.15625992
2021-09-06,2021-09-06,0.18644164
2021-09-07,2021-09-07,0.24320684
2021-09-08,2021-09-08,0.24078603
2021-09-09,2021-09-09,0.22210532
2021-09-10,2021-09-10,0.26537728
2021-09-11,2021-09-11,0.32562321
2021-09-12,2021-09-12,0.26006251
2021-09-13,2021-09-13,0.23563061
2021-09-14,2021-09-14,0.22667271
2021-09-15,2021-09-15,0.21433132
2021-09-16,2021-09-16,0.27144234
2021-09-17,2021-09-17,0.24308323
2021-09-18,2021-09-18,0.32165346
2021-09-19,2021-09-19,0.23835593
2021-09-20,2021-09-20,0.14397206
2021-09-21,2021-09-21,0.23420335
2021-09-22,2021-09-22,0.23253462
2021-09-23,2021-09-23,0.26009483
2021-09-24,2021-09-24,0.21452215
2021-09-25,2021-09-25,0.26788499
2021-09-26,2021-09-26,0.21984797
2021-09-27,2021-09-27,0.3025859
2021-09-28,2021-09-28,0.24477536
2021-09-29,2021-09-29,0.50401917
2021-09-30,2021-09-30,0.27691218
2021-10-01,2021-10-01,0.17150286
2021-10-02,2021-10-02,0.22937882
2021-10-03,2021-10-03,0.33344258
2021-10-04,2021-10-04,0.22608087
2021-10-05,2021-10-05,0.23081445
2021-10-06,2021-10-06,0.23876138
2021-10-07,2021-10-07,0.17158
2021-10-08,2021-10-08,0.19646872
2021-10-09,2021-10-09,0.27817279
2021-10-10,2021-10-10,0.14928072
2021-10-11,2021-10-11,0.19569973
2021-10-12,2021-10-12,0.19969162
2021-10-13,2021-10-13,0.25274029
2021-10-14,2021-10-14,0.33206274
2021-10-15,2021-10-15,0.22100939
2021-10-16,2021-10-16,0.27200599
2021-10-17,2021-10-17,0.26884886
2021-10-18,2021-10-18,0.16844253
2021-10-19,2021-10-19,0.59339994
2021-10-20,2021-10-20,0.24535484
2021-10-21,2021-10-21,0.34313135
2021-10-22,2021-10-22,0.27286971
2021-10-23,2021-10-23,0.33750636
2021-10-24,2021-10-24,0.40698177
2021-10-25,2021-10-25,0.24840475
2021-10-26,2021-10-26,0.31239274
2021-10-27,2021-10-27,0.23216946
2021-10-28,2021-10-28,0.32244741
2021-10-29,2021-10-29,0.25964527
2021-10-30,2021-10-30,0.28890699
2021-10-31,2021-10-31,0.23237624
2021-11-01,2021-11-01,0.28637517
2021-11-02,2021-11-02,0.4346556
2021-11-03,2021-11-03,0.26144292
2021-11-04,2021-11-04,0.24693655
2021-11-05,2021-11-05,0.25648213
2021-11-06,2021-11-06,0.29279673
2021-11-07,2021-11-07,0.26926105
2021-11-08,2021-11-08,0.20206216
2021-11-09,2021-11-09,0.2123339
2021-11-10,2021-11-10,0.16900125
2021-11-11,2021-11-11,0.26085951
2021-11-12,2021-11-12,0.35019423
2021-11-13,2021-11-13,0.19232702
2021-11-14,2021-11-14,0.38609266
2021-11-15,2021-11-15,0.34534648
2021-11-16,2021-11-16,0.29447265
2021-11-17,2021-11-17,0.53751279
2021-11-18,2021-11-18,0.60898441
2021-11-19,2021-11-19,0.38513203
2021-11-20,2021-11-20,0.42325547
2021-11-21,2021-11-21,0.42969928
2021-11-22,2021-11-22,0.28610123
2021-11-23,2021-11-23,0.39559204
2021-11-24,2021-11-24,0.30240629
2021-11-25,2021-11-25,0.38289558
2021-11-26,2021-11-26,0.59838767
2021-11-27,2021-11-27,0.45414603
2021-11-28,2021-11-28,0.31534873
2021-11-29,2021-11-29,0.2672956
2021-11-30,2021-11-30,0.3364868
2021-12-01,2021-12-01,0.32056533
2021-12-02,2021-12-02,0.23055986
2021-12-03,2021-12-03,0.2507136
2021-12-04,2021-12-04,0.13392288
2021-12-05,2021-12-05,0.27977425
2021-12-06,2021-12-06,0.23495288
2021-12-07,2021-12-07,0.21410466
2021-12-08,2021-12-08,0.22300648
2021-12-09,2021-12-09,0.22137519
2021-12-10,2021-12-10,0.21940028
2021-12-11,2021-12-11,0.70113607
2021-12-12,2021-12-12,0.18996074
2021-12-13,2021-12-13,0.28916037
2021-12-14,2021-12-14,0.30691159
2021-12-15,2021-12-15,0.29524248
2021-12-16,2021-12-16,0.30338138
2021-12-17,2021-12-17,0.22836577
2021-12-18,2021-12-18,0.63049628
2021-12-19,2021-12-19,0.19040548
2021-12-20,2021-12-20,0.1956515
2021-12-21,2021-12-21,0.29437298
2021-12-22,2021-12-22,0.23984094
2021-12-23,2021-12-23,0.27473391
2021-12-24,2021-12-24,0.23549973
2021-12-25,2021-12-25,0.23616893
2021-12-26,2021-12-26,0.34407576
2021-12-27,2021-12-27,0.32915468
2021-12-28,2021-12-28,0.40954006
2021-12-29,2021-12-29,0.23719025
2021-12-30,2021-12-30,0.27637765
2021-12-31,2021-12-31,0.33597552
2022-01-01,2022-01-01,0.43514592
2022-01-02,2022-01-02,0.39788422
2022-01-03,2022-01-03,0.2691876
2022-01-04,2022-01-04,0.45833009
2022-01-05,2022-01-05,0.15579266
2022-01-06,2022-01-06,0.29474896
2022-01-07,2022-01-07,0.1950216
2022-01-08,2022-01-08,0.19382159
2022-01-09,2022-01-09,0.26547713
2022-01-10,2022-01-10,0.28048738
2022-01-11,2022-01-11,0.30113577
2022-01-12,2022-01-12,0.25652877
2022-01-13,2022-01-13,0.30416967
2022-01-14,2022-01-14,0.22225173
2022-01-15,2022-01-15,0.22155364
2022-01-16,2022-01-16,0.22085518
2022-01-17,2022-01-17,0.33452605
2022-01-18,2022-01-18,0.33548267
2022-01-19,2022-01-19,0.27210938
2022-01-20,2022-01-20,0.21315865
2022-01-21,2022-01-21,0.23476278
2022-01-22,2022-01-22,0.13970485
2022-01-23,2022-01-23,0.22261892
2022-01-24,2022-01-24,0.20829907
2022-01-25,2022-01-25,0.19082131
2022-01-26,2022-01-26,0.22793131
2022-01-27,2022-01-27,0.30370382
2022-01-28,2022-01-28,0.43637479
2022-01-29,2022-01-29,0.45579629
2022-01-30,2022-01-30,0.15308949
2022-01-31,2022-01-31,0.30486581
2022-02-01,2022-02-01,0.24819538
2022-02-02,2022-02-02,0.27355929
2022-02-03,2022-02-03,0.40316898
2022-02-04,2022-02-04,0.27911168
2022-02-05,2022-02-05,0.18679353
2022-02-06,2022-02-06,0.42984881
2022-02-07,2022-02-07,0.21352458
2022-02-08,2022-02-08,0.29446418
2022-02-09,2022-02-09,0.26066143
2022-02-10,2022-02-10,0.24672479
2022-02-11,2022-02-11,0.24023541
2022-02-12,2022-02-12,0.39658977
2022-02-13,2022-02-13,0.35071438
2022-02-14,2022-02-14,0.24584143
2022-02-15,2022-02-15,0.32105228
2022-02-16,2022-02-16,0.26061673
2022-02-17,2022-02-17,0.30015272
2022-02-18,2022-02-18,0.24486905
2022-02-19,2022-02-19,0.35559958
2022-02-20,2022-02-20,0.17044294
2022-02-21,2022-02-21,0.25359364
2022-02-22,2022-02-22,0.32740696
2022-02-23,2022-02-23,0.20681957
2022-02-24,2022-02-24,0.29717684
2022-02-25,2022-02-25,0.42841888
2022-02-26,2022-02-26,0.37053349
2022-02-27,2022-02-27,0.42095642
2022-02-28,2022-02-28,0.31444687
2022-03-01,2022-03-01,0.29250594
2022-03-02,2022-03-02,0.31351278
2022-03-03,2022-03-03,0.32556228
2022-03-04,2022-03-04,0.18667771
2022-03-05,2022-03-05,0.23885348
2022-03-06,2022-03-06,0.16638469
2022-03-07,2022-03-07,0.26612331
2022-03-08,2022-03-08,0.26365716
2022-03-09,2022-03-09,0.14945361
2022-03-10,2022-03-10,0.31635778
2022-03-11,2022-03-11,0.22085444
2022-03-12,2022-03-12,0.3036779
2022-03-13,2022-03-13,0.25891789
2022-03-14,2022-03-14,0.34071679
2022-03-15,2022-03-15,0.27377729
2022-03-16,2022-03-16,0.24748155
2022-03-17,2022-03-17,0.36257045
2022-03-18,2022-03-18,0.41789419
2022-03-19,2022-03-19,0.32908329
2022-03-20,2022-03-20,0.3235068
2022-03-21,2022-03-21,0.22984306
2022-03-22,2022-03-22,0.26770576
2022-03-23,2022-03-23,0.23677902
2022-03-24,2022-03-24,0.2990998
2022-03-25,2022-03-25,0.28351381
2022-03-26,2022-03-26,0.35577034
2022-03-27,2022-03-27,0.24612893
2022-03-28,2022-03-28,0.20433592
2022-03-29,2022-03-29,0.25579407
2022-03-30,2022-03-30,0.31740322
2022-03-31,2022-03-31,0.39804807
2022-04-01,2022-04-01,0.25571602
2022-04-02,2022-04-02,0.23988862
2022-04-03,2022-04-03,0.22227671
2022-04-04,2022-04-04,0.26142577
2022-04-05,2022-04-05,0.26911542
2022-04-06,2022-04-06,0.29862033
2022-04-07,2022-04-07,0.42829558
2022-04-08,2022-04-08,0.26638091
2022-04-09,2022-04-09,0.24005657
2022-04-10,2022-04-10,0.43008232
2022-04-11,2022-04-11,0.25570386
2022-04-12,2022-04-12,0.16790847
2022-04-13,2022-04-13,0.26852631
2022-04-14,2022-04-14,0.23987588
2022-04-15,2022-04-15,0.201345
2022-04-16,2022-04-16,0.3501007
2022-04-17,2022-04-17,0.19408574
2022-04-18,2022-04-18,0.31593561
2022-04-19,2022-04-19,0.41416008
2022-04-20,2022-04-20,0.30447061
2022-04-21,2022-04-21,0.23981583
2022-04-22,2022-04-22,0.23906183
2022-04-23,2022-04-23,0.3924277
2022-04-24,2022-04-24,0.25382052
2022-04-25,2022-04-25,0.12467698
2022-04-26,2022-04-26,0.28079149
2022-04-27,2022-04-27,0.43080555
2022-04-28,2022-04-28,0.22930588
2022-04-29,2022-04-29,0.30397648
2022-04-30,2022-04-30,0.25943544
2022-05-01,2022-05-01,0.29745339
2022-05-02,2022-05-02,0.26979533
2022-05-03,2022-05-03,0.36489491
2022-05-04,2022-05-04,0.20514468
2022-05-05,2022-05-05,0.25712852
2022-05-06,2022-05-06,0.35453348
2022-05-07,2022-05-07,0.33806109
2022-05-08,2022-05-08,0.60910563
2022-05-09,2022-05-09,0.63774099
2022-05-10,2022-05-10,0.75344082
2022-05-11,2022-05-11,0.43051484
2022-05-12,2022-05-12,0.17438104
2022-05-13,2022-05-13,0.2426923
2022-05-14,2022-05-14,0.20717939
2022-05-15,2022-05-15,0.27624958
2022-05-16,2022-05-16,0.41621168
2022-05-17,2022-05-17,0.28155847
2022-05-18,2022-05-18,0.31941642
2022-05-19,2022-05-19,0.27034386
2022-05-20,2022-05-20,0.2763365
2022-05-21,2022-05-21,0.25345786
2022-05-22,2022-05-22,0.2444549
2022-05-23,2022-05-23,0.27332321
2022-05-24,2022-05-24,0.30404277
2022-05-25,2022-05-25,0.39849248
2022-05-26,2022-05-26,0.3167648
2022-05-27,2022-05-27,0.23000938
2022-05-28,2022-05-28,0.24317944
2022-05-29,2022-05-29,0.28436933
2022-05-30,2022-05-30,0.46813919
2022-05-31,2022-05-31,0.32713342
2022-06-01,2022-06-01,0.3678525
2022-06-02,2022-06-02,0.34334694
2022-06-03,2022-06-03,0.27997771
2022-06-04,2022-06-04,0.85407818
2022-06-05,2022-06-05,0.27756929
2022-06-06,2022-06-06,0.37599323
2022-06-07,2022-06-07,0.33656636
2022-06-08,2022-06-08,0.39244701
2022-06-09,2022-06-09,0.34140962
2022-06-10,2022-06-10,0.22321657
2022-06-11,2022-06-11,0.14101709
2022-06-12,2022-06-12,0.21355818
2022-06-13,2022-06-13,0.46826213
2022-06-14,2022-06-14,0.25879718
2022-06-15,2022-06-15,0.16956905
2022-06-16,2022-06-16,0.38442831
2022-06-17,2022-06-17,0.23093281
2022-06-18,2022-06-18,0.21520639
2022-06-19,2022-06-19,0.25111356
2022-06-20,2022-06-20,0.34420072
2022-06-21,2022-06-21,0.26715589
2022-06-22,2022-06-22,0.46731891
2022-06-23,2022-06-23,0.27820303
2022-06-24,2022-06-24,0.37547617
2022-06-25,2022-06-25,0.16432685
2022-06-26,2022-06-26,0.39464007
2022-06-27,2022-06-27,0.29726765
2022-06-28,2022-06-28,0.31688474
2022-06-29,2022-06-29,0.26362005
2022-06-30,2022-06-30,0.22503604
2022-07-01,2022-07-01,0.41626507
2022-07-02,2022-07-02,0.22544492
2022-07-03,2022-07-03,0.35988169
2022-07-04,2022-07-04,0.29794854
2022-07-05,2022-07-05,0.37403032
2022-07-06,2022-07-06,0.27271413
2022-07-07,2022-07-07,0.2473512
2022-07-08,2022-07-08,0.29417651
2022-07-09,2022-07-09,0.26440445
2022-07-10,2022-07-10,0.42336204
2022-07-11,2022-07-11,0.41224767
2022-07-12,2022-07-12,0.2612489
2022-07-13,2022-07-13,0.32154579
2022-07-14,2022-07-14,0.35668347
2022-07-15,2022-07-15,0.25949958
2022-07-16,2022-07-16,0.26730766
2022-07-17,2022-07-17,0.83226126
2022-07-18,2022-07-18,0.28451521
2022-07-19,2022-07-19,0.20038058
2022-07-20,2022-07-20,0.39240419
2022-07-21,2022-07-21,0.29213211
2022-07-22,2022-07-22,0.27886457
2022-07-23,2022-07-23,0.33934079
2022-07-24,2022-07-24,0.34596477
2022-07-25,2022-07-25,0.3001989
2022-07-26,2022-07-26,0.2599936
2022-07-27,2022-07-27,0.21942676
2022-07-28,2022-07-28,0.30617974
2022-07-29,2022-07-29,0.42095616
2022-07-30,2022-07-30,0.20695367
2022-07-31,2022-07-31,0.28952623
2022-08-01,2022-08-01,0.30815856
2022-08-02,2022-08-02,0.23414445
2022-08-03,2022-08-03,0.24958
2022-08-04,2022-08-04,0.28708846
2022-08-05,2022-08-05,0.25623617
2022-08-06,2022-08-06,0.2748684
2022-08-07,2022-08-07,0.36433774
2022-08-08,2022-08-08,0.24185891
2022-08-09,2022-08-09,0.31614627
2022-08-10,2022-08-10,0.42999591
2022-08-11,2022-08-11,0.27114685
2022-08-12,2022-08-12,0.22854843
2022-08-13,2022-08-13,0.26399849
2022-08-14,2022-08-14,0.18548283
2022-08-15,2022-08-15,0.21192816
2022-08-16,2022-08-16,0.44691148
2022-08-17,2022-08-17,0.30919581
2022-08-18,2022-08-18,0.40348844
2022-08-19,2022-08-19,0.33296414
2022-08-20,2022-08-20,0.22403499
2022-08-21,2022-08-21,0.3498872
2022-08-22,2022-08-22,0.35771664
2022-08-23,2022-08-23,0.1897752
2022-08-24,2022-08-24,0.25901258
2022-08-25,2022-08-25,0.35444131
2022-08-26,2022-08-26,0.29649532
2022-08-27,2022-08-27,0.35265807
2022-08-28,2022-08-28,0.5446535
2022-08-29,2022-08-29,0.34022019
2022-08-30,2022-08-30,0.33018984
2022-08-31,2022-08-31,0.378614
2022-09-01,2022-09-01,0.2830655
2022-09-02,2022-09-02,0.46245684
2022-09-03,2022-09-03,0.34882383
2022-09-04,2022-09-04,0.51597517
2022-09-05,2022-09-05,0.52529743
2022-09-06,2022-09-06,0.29875762
2022-09-07,2022-09-07,0.22058253
2022-09-08,2022-09-08,0.46700854
2022-09-09,2022-09-09,0.35428922
2022-09-10,2022-09-10,0.44287322
2022-09-11,2022-09-11,0.48135092
2022-09-12,2022-09-12,0.29429492
2022-09-13,2022-09-13,0.32535839
2022-09-14,2022-09-14,0.27391771
2022-09-15,2022-09-15,0.25810533
2022-09-16,2022-09-16,0.20361427
2022-09-17,2022-09-17,0.50940507
2022-09-18,2022-09-18,0.33949368
2022-09-19,2022-09-19,0.32568333
2022-09-20,2022-09-20,0.25852287
2022-09-21,2022-09-21,0.41730918
2022-09-22,2022-09-22,0.23224952
2022-09-23,2022-09-23,0.36534849
2022-09-24,2022-09-24,0.35180987
2022-09-25,2022-09-25,0.4808373
2022-09-26,2022-09-26,0.25188182
2022-09-27,2022-09-27,0.20486286
2022-09-28,2022-09-28,0.57462556
2022-09-29,2022-09-29,0.45775822
2022-09-30,2022-09-30,0.30099822
2022-10-01,2022-10-01,0.4106994
2022-10-02,2022-10-02,0.2259558
2022-10-03,2022-10-03,0.27279643
2022-10-04,2022-10-04,0.25746058
2022-10-05,2022-10-05,0.28297397
2022-10-06,2022-10-06,0.24318412
2022-10-07,2022-10-07,0.32276641
2022-10-08,2022-10-08,0.51089189
2022-10-09,2022-10-09,0.31879362
2022-10-10,2022-10-10,0.23205181
2022-10-11,2022-10-11,0.20544733
2022-10-12,2022-10-12,0.23776947
2022-10-13,2022-10-13,0.22558648
2022-10-14,2022-10-14,0.27365352
2022-10-15,2022-10-15,0.3647225
2022-10-16,2022-10-16,0.22426717
2022-10-17,2022-10-17,0.25988491
2022-10-18,2022-10-18,0.2450255
2022-10-19,2022-10-19,0.32952559
2022-10-20,2022-10-20,0.26030828
2022-10-21,2022-10-21,0.19603728
2022-10-22,2022-10-22,0.33552999
2022-10-23,2022-10-23,0.18795003
2022-10-24,2022-10-24,0.36247612
2022-10-25,2022-10-25,0.20567404
2022-10-26,2022-10-26,0.19333716
2022-10-27,2022-10-27,0.28471188
2022-10-28,2022-10-28,0.270566
2022-10-29,2022-10-29,0.29044936
2022-10-30,2022-10-30,0.15247627
2022-10-31,2022-10-31,0.27765452
2022-11-01,2022-11-01,0.23760693
2022-11-02,2022-11-02,0.27429592
2022-11-03,2022-11-03,0.26395639
2022-11-04,2022-11-04,0.29855013
2022-11-05,2022-11-05,0.26297119
2022-11-06,2022-11-06,0.31343396
2022-11-07,2022-11-07,0.18950774
2022-11-08,2022-11-08,0.14128521
2022-11-09,2022-11-09,0.14337708
2022-11-10,2022-11-10,0.15416959
2022-11-11,2022-11-11,0.19170614
2022-11-12,2022-11-12,0.16640958
2022-11-13,2022-11-13,0.23956808
2022-11-14,2022-11-14,0.34466726
2022-11-15,2022-11-15,0.17491664
2022-11-16,2022-11-16,0.23990843
2022-11-17,2022-11-17,0.18330495
2022-11-18,2022-11-18,0.88339976
2022-11-19,2022-11-19,0.18954382
2022-11-20,2022-11-20,0.2330068
2022-11-21,2022-11-21,0.16909357
2022-11-22,2022-11-22,0.16689748
2022-11-23,2022-11-23,0.19536011
2022-11-24,2022-11-24,0.18123098
2022-11-25,2022-11-25,0.23644824
2022-11-26,2022-11-26,0.37784307
2022-11-27,2022-11-27,0.4991409
2022-11-28,2022-11-28,0.16817896
2022-11-29,2022-11-29,0.21050105
2022-11-30,2022-11-30,0.29289236
2022-12-01,2022-12-01,0.22263836
2022-12-02,2022-12-02,0.19958497
2022-12-03,2022-12-03,0.21242959
2022-12-04,2022-12-04,0.20490166
2022-12-05,2022-12-05,0.22459975
2022-12-06,2022-12-06,0.17212071
2022-12-07,2022-12-07,0.1656951
2022-12-08,2022-12-08,0.14457383
2022-12-09,2022-12-09,0.19996423
2022-12-10,2022-12-10,0.2123761
2022-12-11,2022-12-11,0.2471516
2022-12-12,2022-12-12,0.1624215
2022-12-13,2022-12-13,0.1609554
2022-12-14,2022-12-14,0.16293681
2022-12-15,2022-12-15,0.14480845
2022-12-16,2022-12-16,0.21124465
2022-12-17,2022-12-17,0.28413936
2022-12-18,2022-12-18,0.49724949
2022-12-19,2022-12-19,0.21489658
2022-12-20,2022-12-20,0.20081137
2022-12-21,2022-12-21,0.1947951
2022-12-22,2022-12-22,0.1836193
2022-12-23,2022-12-23,0.21182421
2022-12-24,2022-12-24,0.32245117
2022-12-25,2022-12-25,0.16577452
2022-12-26,2022-12-26,0.20982104
2022-12-27,2022-12-27,0.35577055
2022-12-28,2022-12-28,0.14991616
2022-12-29,2022-12-29,0.19846665
2022-12-30,2022-12-30,0.24445885
2022-12-31,2022-12-31,0.33872949
2023-01-01,2023-01-01,0.35961605
2023-01-02,2023-01-02,0.15924527
2023-01-03,2023-01-03,0.20786481
2023-01-04,2023-01-04,0.56178236
2023-01-05,2023-01-05,0.25533624
2023-01-06,2023-01-06,0.22741888
2023-01-07,2023-01-07,0.32499055
2023-01-08,2023-01-08,0.21001995
2023-01-09,2023-01-09,0.14508092
2023-01-10,2023-01-10,0.12868308
2023-01-11,2023-01-11,0.14998624
2023-01-12,2023-01-12,0.1574575
2023-01-13,2023-01-13,0.12494887
2023-01-14,2023-01-14,0.17291854
2023-01-15,2023-01-15,0.26012495
2023-01-16,2023-01-16,0.14386921
2023-01-17,2023-01-17,0.11254177
2023-01-18,2023-01-18,0.1811753
2023-01-19,2023-01-19,0.54564312
2023-01-20,2023-01-20,0.15140412
2023-01-21,2023-01-21,0.25116817
2023-01-22,2023-01-22,0.21710494
2023-01-23,2023-01-23,0.23459887
2023-01-24,2023-01-24,0.15285882
2023-01-25,2023-01-25,0.16433153
2023-01-26,2023-01-26,0.16388803
2023-01-27,2023-01-27,0.20161339
2023-01-28,2023-01-28,0.36619598
2023-01-29,2023-01-29,0.19875258
2023-01-30,2023-01-30,0.48028248
2023-01-31,2023-01-31,0.16160489
2023-02-01,2023-02-01,0.19462647
2023-02-02,2023-02-02,0.14286188
2023-02-03,2023-02-03,0.21812976
2023-02-04,2023-02-04,0.29100702
2023-02-05,2023-02-05,0.22287903
2023-02-06,2023-02-06,0.14880044
2023-02-07,2023-02-07,0.27079188
2023-02-08,2023-02-08,0.18724435
2023-02-09,2023-02-09,0.243371
2023-02-10,2023-02-10,0.13514137
2023-02-11,2023-02-11,0.18250839
2023-02-12,2023-02-12,0.23820944
2023-02-13,2023-02-13,0.20711169
2023-02-14,2023-02-14,0.16938245
2023-02-15,2023-02-15,0.16992337
2023-02-16,2023-02-16,0.15793628
2023-02-17,2023-02-17,0.11728461
2023-02-18,2023-02-18,0.23804987
2023-02-19,2023-02-19,0.16282816
2023-02-20,2023-02-20,0.12242215
2023-02-21,2023-02-21,0.14887447
2023-02-22,2023-02-22,0.15254428
2023-02-23,2023-02-23,0.14648855
2023-02-24,2023-02-24,0.16929129
2023-02-25,2023-02-25,0.17085904
2023-02-26,2023-02-26,0.16654531
2023-02-27,2023-02-27,0.14316219
2023-02-28,2023-02-28,0.24798443
2023-03-01,2023-03-01,0.24508704
2023-03-02,2023-03-02,0.11926894
2023-03-03,2023-03-03,0.17270248
2023-03-04,2023-03-04,0.29255621
2023-03-05,2023-03-05,0.29747691
2023-03-06,2023-03-06,0.19025607
2023-03-07,2023-03-07,0.11515178
2023-03-08,2023-03-08,0.14599875
2023-03-09,2023-03-09,0.2104959
2023-03-10,2023-03-10,0.16739368
2023-03-11,2023-03-11,0.25398302
2023-03-12,2023-03-12,0.20078632
2023-03-13,2023-03-13,0.43630177
2023-03-14,2023-03-14,0.22222789
2023-03-15,2023-03-15,0.25814829
2023-03-16,2023-03-16,0.14811297
2023-03-17,2023-03-17,0.13514372
2023-03-18,2023-03-18,0.20814278
2023-03-19,2023-03-19,0.14609486
2023-03-20,2023-03-20,0.18214599
2023-03-21,2023-03-21,0.16901235
2023-03-22,2023-03-22,0.16578423
2023-03-23,2023-03-23,0.16227342
2023-03-24,2023-03-24,0.17869006
2023-03-25,2023-03-25,0.16864041
2023-03-26,2023-03-26,0.16076161
2023-03-27,2023-03-27,0.11542683
2023-03-28,2023-03-28,0.3524547
2023-03-29,2023-03-29,0.12485092
2023-03-30,2023-03-30,0.33770809
2023-03-31,2023-03-31,0.22755786
2023-04-01,2023-04-01,0.19713066
2023-04-02,2023-04-02,0.18113497
2023-04-03,2023-04-03,0.16480112
2023-04-04,2023-04-04,0.1289578
2023-04-05,2023-04-05,0.15837792
2023-04-06,2023-04-06,0.20953769
2023-04-07,2023-04-07,0.22776439
2023-04-08,2023-04-08,0.25207216
2023-04-09,2023-04-09,0.18418752
2023-04-10,2023-04-10,0.16351472
2023-04-11,2023-04-11,0.2180122
2023-04-12,2023-04-12,0.15553065
2023-04-13,2023-04-13,0.16558685
2023-04-14,2023-04-14,0.14824146
2023-04-15,2023-04-15,0.17556294
2023-04-16,2023-04-16,0.43894583
2023-04-17,2023-04-17,0.17349297
2023-04-18,2023-04-18,0.12291062
2023-04-19,2023-04-19,0.20763715
2023-04-20,2023-04-20,0.2516709
2023-04-21,2023-04-21,0.39160251
2023-04-22,2023-04-22,0.25338994
2023-04-23,2023-04-23,0.1618571
2023-04-24,2023-04-24,0.14326309
2023-04-25,2023-04-25,0.15112054
2023-04-26,2023-04-26,0.11765615
2023-04-27,2023-04-27,0.19702979
2023-04-28,2023-04-28,0.140941
2023-04-29,2023-04-29,0.14460357
2023-04-30,2023-04-30,0.29897689
2023-05-01,2023-05-01,0.21452085
2023-05-02,2023-05-02,0.17383108
2023-05-03,2023-05-03,0.12834189
2023-05-04,2023-05-04,0.13797852
2023-05-05,2023-05-05,0.16763368
2023-05-06,2023-05-06,0.19209798
2023-05-07,2023-05-07,0.30007539
2023-05-08,2023-05-08,0.18226387
2023-05-09,2023-05-09,0.14810838
2023-05-10,2023-05-10,0.161684
2023-05-11,2023-05-11,0.3533879
2023-05-12,2023-05-12,0.1530071
2023-05-13,2023-05-13,0.21235124
2023-05-14,2023-05-14,0.16643685
2023-05-15,2023-05-15,0.14958492
2023-05-16,2023-05-16,0.16682317
2023-05-17,2023-05-17,0.14106015
2023-05-18,2023-05-18,0.32146727
2023-05-19,2023-05-19,0.22067089
2023-05-20,2023-05-20,0.15512536
2023-05-21,2023-05-21,0.20888426
2023-05-22,2023-05-22,0.2241206
2023-05-23,2023-05-23,0.20494756
2023-05-24,2023-05-24,0.129405
2023-05-25,2023-05-25,0.13454196
2023-05-26,2023-05-26,0.19784181
2023-05-27,2023-05-27,0.13512556
2023-05-28,2023-05-28,0.11939626
2023-05-29,2023-05-29,0.13689849
2023-05-30,2023-05-30,0.13559565
2023-05-31,2023-05-31,0.27154188
2023-06-01,2023-06-01,0.13583151
2023-06-02,2023-06-02,0.10925916
2023-06-03,2023-06-03,0.34892418
2023-06-04,2023-06-04,0.20195785
2023-06-05,2023-06-05,0.16653376
2023-06-06,2023-06-06,0.15624221
2023-06-07,2023-06-07,0.12108134
2023-06-08,2023-06-08,0.20689363
2023-06-09,2023-06-09,0.16842172
2023-06-10,2023-06-10,0.16150552
2023-06-11,2023-06-11,0.22370166
2023-06-12,2023-06-12,0.2707955
2023-06-13,2023-06-13,0.1465021
2023-06-14,2023-06-14,0.25466789
2023-06-15,2023-06-15,0.11496211
2023-06-16,2023-06-16,0.10718524
2023-06-17,2023-06-17,0.12872872
2023-06-18,2023-06-18,0.14576663
2023-06-19,2023-06-19,0.14801267
2023-06-20,2023-06-20,0.20722949
2023-06-21,2023-06-21,0.08517517
2023-06-22,2023-06-22,0.10252786
2023-06-23,2023-06-23,0.11339903
2023-06-24,2023-06-24,0.13843639
2023-06-25,2023-06-25,0.11835767
2023-06-26,2023-06-26,0.09770521
2023-06-27,2023-06-27,0.12413022
2023-06-28,2023-06-28,0.11759987
2023-06-29,2023-06-29,0.07834128
2023-06-30,2023-06-30,0.09867808
2023-07-01,2023-07-01,0.09840451
2023-07-02,2023-07-02,0.11403944
2023-07-03,2023-07-03,0.19885661
2023-07-04,2023-07-04,0.13263644
2023-07-05,2023-07-05,0.17854112
2023-07-06,2023-07-06,0.11921718
2023-07-07,2023-07-07,0.09284554
2023-07-08,2023-07-08,0.14355027
2023-07-09,2023-07-09,0.11439151
2023-07-10,2023-07-10,0.16638282
2023-07-11,2023-07-11,0.14188715
2023-07-12,2023-07-12,0.09923522
2023-07-13,2023-07-13,0.1556272
2023-07-14,2023-07-14,0.14069103
2023-07-15,2023-07-15,0.1716513
2023-07-16,2023-07-16,0.19754702
2023-07-17,2023-07-17,0.12032525
2023-07-18,2023-07-18,0.14463925
2023-07-19,2023-07-19,0.31467735
2023-07-20,2023-07-20,0.11971135
2023-07-21,2023-07-21,0.14060925
2023-07-22,2023-07-22,0.16527716
2023-07-23,2023-07-23,0.17624162
2023-07-24,2023-07-24,0.228789
2023-07-25,2023-07-25,0.24047902
2023-07-26,2023-07-26,0.16439714
2023-07-27,2023-07-27,0.33553387
2023-07-28,2023-07-28,0.15760639
2023-07-29,2023-07-29,0.16446605
2023-07-30,2023-07-30,0.2389509
2023-07-31,2023-07-31,0.21449039
2023-08-01,2023-08-01,0.17431254
2023-08-02,2023-08-02,0.17186232
2023-08-03,2023-08-03,0.17798284
2023-08-04,2023-08-04,0.21461888
2023-08-05,2023-08-05,0.25471599
2023-08-06,2023-08-06,0.28465471
2023-08-07,2023-08-07,0.25033302
2023-08-08,2023-08-08,0.15729185
2023-08-09,2023-08-09,0.18754927
2023-08-10,2023-08-10,0.20996998
2023-08-11,2023-08-11,0.2194769
2023-08-12,2023-08-12,0.26188021
2023-08-13,2023-08-13,0.27021031
2023-08-14,2023-08-14,0.23354146
2023-08-15,2023-08-15,0.20970856
2023-08-16,2023-08-16,0.20590311
2023-08-17,2023-08-17,0.23445522
2023-08-18,2023-08-18,0.17699026
2023-08-19,2023-08-19,0.22687494
2023-08-20,2023-08-20,0.21541722
2023-08-21,2023-08-21,0.15415573
2023-08-22,2023-08-22,0.19730419
2023-08-23,2023-08-23,0.4631288
2023-08-24,2023-08-24,0.21330942
2023-08-25,2023-08-25,0.18383183
2023-08-26,2023-08-26,0.21718901
2023-08-27,2023-08-27,0.34877508
2023-08-28,2023-08-28,0.16590048
2023-08-29,2023-08-29,0.24210136
2023-08-30,2023-08-30,0.15863318
2023-08-31,2023-08-31,0.23053554
2023-09-01,2023-09-01,0.26855261
2023-09-02,2023-09-02,0.20068808
2023-09-03,2023-09-03,0.22851711
2023-09-04,2023-09-04,0.18725925
2023-09-05,2023-09-05,0.18989454
2023-09-06,2023-09-06,0.1804079
2023-09-07,2023-09-07,0.19329498
2023-09-08,2023-09-08,0.20666879
2023-09-09,2023-09-09,0.28695556
2023-09-10,2023-09-10,0.25823765
2023-09-11,2023-09-11,0.17755382
2023-09-12,2023-09-12,0.1617309
2023-09-13,2023-09-13,0.16507655
2023-09-14,2023-09-14,0.17710082
2023-09-15,2023-09-15,0.1869462
2023-09-16,2023-09-16,0.20662448
2023-09-17,2023-09-17,0.23466402
2023-09-18,2023-09-18,0.1514861
2023-09-19,2023-09-19,0.24338263
2023-09-20,2023-09-20,0.24184723
2023-09-21,2023-09-21,0.22272064
2023-09-22,2023-09-22,0.41515902
2023-09-23,2023-09-23,0.19673927
2023-09-24,2023-09-24,0.24269016
2023-09-25,2023-09-25,0.17858201
2023-09-26,2023-09-26,0.18365915
2023-09-27,2023-09-27,0.16380849
2023-09-28,2023-09-28,0.35007492
2023-09-29,2023-09-29,0.18862991
2023-09-30,2023-09-30,0.17742001
2023-10-01,2023-10-01,0.29701245
2023-10-02,2023-10-02,0.16726001
2023-10-03,2023-10-03,0.15659622
2023-10-04,2023-10-04,0.18760803
2023-10-05,2023-10-05,0.13272564
2023-10-06,2023-10-06,0.19708901
2023-10-07,2023-10-07,0.16977483
2023-10-08,2023-10-08,0.25285065
2023-10-09,2023-10-09,0.18593094
2023-10-10,2023-10-10,0.17834623
2023-10-11,2023-10-11,0.28166018
2023-10-12,2023-10-12,0.22739475
2023-10-13,2023-10-13,0.15482016
2023-10-14,2023-10-14,0.17623211
2023-10-15,2023-10-15,0.26148225
2023-10-16,2023-10-16,0.20287059
2023-10-17,2023-10-17,0.12964147
2023-10-18,2023-10-18,0.29966143
2023-10-19,2023-10-19,0.19146486
2023-10-20,2023-10-20,0.1423116
2023-10-21,2023-10-21,0.16839401
2023-10-22,2023-10-22,0.17857402
2023-10-23,2023-10-23,0.1571582
2023-10-24,2023-10-24,0.1814098
2023-10-25,2023-10-25,0.18822458
2023-10-26,2023-10-26,0.14404867
2023-10-27,2023-10-27,0.25219557
2023-10-28,2023-10-28,0.20004311
2023-10-29,2023-10-29,0.17263331
2023-10-30,2023-10-30,0.1851125
2023-10-31,2023-10-31,0.12919673
2023-11-01,2023-11-01,0.26795189
2023-11-02,2023-11-02,0.32152356
2023-11-03,2023-11-03,0.1700319
2023-11-04,2023-11-04,0.21547349
2023-11-05,2023-11-05,0.21437665
2023-11-06,2023-11-06,0.19710407
2023-11-07,2023-11-07,0.35076314
2023-11-08,2023-11-08,0.42504317
2023-11-09,2023-11-09,0.30207708
2023-11-10,2023-11-10,0.18774472
2023-11-11,2023-11-11,0.24654648
2023-11-12,2023-11-12,0.25852896
2023-11-13,2023-11-13,0.21736623
2023-11-14,2023-11-14,0.24200037
2023-11-15,2023-11-15,0.26192924
2023-11-16,2023-11-16,0.23214394
2023-11-17,2023-11-17,0.32606412
2023-11-18,2023-11-18,0.41055601
2023-11-19,2023-11-19,0.35809725
2023-11-20,2023-11-20,0.18629938
2023-11-21,2023-11-21,0.32593761
2023-11-22,2023-11-22,0.31750622
2023-11-23,2023-11-23,0.2094681
2023-11-24,2023-11-24,0.22466845
2023-11-25,2023-11-25,0.30823157
2023-11-26,2023-11-26,0.3055111
2023-11-27,2023-11-27,0.31120447
2023-11-28,2023-11-28,0.22598283
2023-11-29,2023-11-29,0.25627076
2023-11-30,2023-11-30,0.25040207
2023-12-01,2023-12-01,0.18504952
2023-12-02,2023-12-02,0.26843584
2023-12-03,2023-12-03,0.24677733
2023-12-04,2023-12-04,0.21627875
2023-12-05,2023-12-05,0.23821354
2023-12-06,2023-12-06,0.16810286
2023-12-07,2023-12-07,0.44624313
2023-12-08,2023-12-08,0.29685539
2023-12-09,2023-12-09,0.33514536
2023-12-10,2023-12-10,0.33054945
2023-12-11,2023-12-11,0.3131065
2023-12-12,2023-12-12,0.31477964
2023-12-13,2023-12-13,0.30197266
2023-12-14,2023-12-14,0.29112839
2023-12-15,2023-12-15,0.23494404
2023-12-16,2023-12-16,0.54037793
2023-12-17,2023-12-17,0.30114445
2023-12-18,2023-12-18,0.24090391
2023-12-19,2023-12-19,0.39985473
2023-12-20,2023-12-20,0.2443821
2023-12-21,2023-12-21,0.27003483
2023-12-22,2023-12-22,0.25931581
2023-12-23,2023-12-23,0.32671891
2023-12-24,2023-12-24,0.43662917
2023-12-25,2023-12-25,0.13430422
2023-12-26,2023-12-26,0.35330015
2023-12-27,2023-12-27,0.46107748
2023-12-28,2023-12-28,0.33083452
2023-12-29,2023-12-29,0.34570318
2023-12-30,2023-12-30,0.14735164
2023-12-31,2023-12-31,0.39570062
2024-01-01,2024-01-01,0.38706884
2024-01-02,2024-01-02,0.16809071
2024-01-03,2024-01-03,0.36202348
2024-01-04,2024-01-04,0.20731259
2024-01-05,2024-01-05,0.25599494
2024-01-06,2024-01-06,0.41445355
2024-01-07,2024-01-07,0.34397211
2024-01-08,2024-01-08,0.2808669
2024-01-09,2024-01-09,0.19152788
2024-01-10,2024-01-10,0.21875633
2024-01-11,2024-01-11,0.31670177
2024-01-12,2024-01-12,0.26140768
2024-01-13,2024-01-13,0.30211137
2024-01-14,2024-01-14,0.3400731
2024-01-15,2024-01-15,0.29749716
2024-01-16,2024-01-16,0.26529242
2024-01-17,2024-01-17,0.25096205
2024-01-18,2024-01-18,0.25391476
2024-01-19,2024-01-19,0.21976416
2024-01-20,2024-01-20,0.30370669
2024-01-21,2024-01-21,0.38517459
2024-01-22,2024-01-22,0.27704687
2024-01-23,2024-01-23,0.20402498
2024-01-24,2024-01-24,0.26798357
2024-01-25,2024-01-25,0.22730656
2024-01-26,2024-01-26,0.31259389
2024-01-27,2024-01-27,0.3405648
2024-01-28,2024-01-28,0.35808766
2024-01-29,2024-01-29,0.34245886
2024-01-30,2024-01-30,0.37669578
2024-01-31,2024-01-31,0.22480989
2024-02-01,2024-02-01,0.2930094
2024-02-02,2024-02-02,0.25947352
2024-02-03,2024-02-03,0.32887981
2024-02-04,2024-02-04,0.33416161
2024-02-05,2024-02-05,0.3169647
2024-02-06,2024-02-06,0.23294263
2024-02-07,2024-02-07,0.24135451
2024-02-08,2024-02-08,0.26327972
2024-02-09,2024-02-09,0.23109243
2024-02-10,2024-02-10,0.28083625
2024-02-11,2024-02-11,0.47179074
2024-02-12,2024-02-12,0.21566214
2024-02-13,2024-02-13,0.21376629
2024-02-14,2024-02-14,0.3861657
2024-02-15,2024-02-15,0.20402841
2024-02-16,2024-02-16,0.21446118
2024-02-17,2024-02-17,0.35882114
2024-02-18,2024-02-18,0.4239475
2024-02-19,2024-02-19,0.28620037
2024-02-20,2024-02-20,0.36261715
2024-02-21,2024-02-21,0.43716833
2024-02-22,2024-02-22,0.33419276
2024-02-23,2024-02-23,0.32926542
2024-02-24,2024-02-24,0.28203243
2024-02-25,2024-02-25,0.26199916
2024-02-26,2024-02-26,0.25054428
2024-02-27,2024-02-27,0.20679813
2024-02-28,2024-02-28,0.16599162
2024-02-29,2024-02-29,0.23966751
2024-03-01,2024-03-01,0.25168935
2024-03-02,2024-03-02,0.31962263
2024-03-03,2024-03-03,0.2987345
2024-03-04,2024-03-04,0.21601819
2024-03-05,2024-03-05,0.20249709
2024-03-06,2024-03-06,0.194108
2024-03-07,2024-03-07,0.30760265
2024-03-08,2024-03-08,0.30547598
2024-03-09,2024-03-09,0.31187107
2024-03-10,2024-03-10,0.40753513
2024-03-11,2024-03-11,0.27835333
2024-03-12,2024-03-12,0.28373439
2024-03-13,2024-03-13,0.25346446
2024-03-14,2024-03-14,0.35744021
2024-03-15,2024-03-15,0.36265929
2024-03-16,2024-03-16,0.27043878
2024-03-17,2024-03-17,0.2977303
2024-03-18,2024-03-18,0.32179617
2024-03-19,2024-03-19,0.3309164
2024-03-20,2024-03-20,0.27279242
2024-03-21,2024-03-21,0.38055222
2024-03-22,2024-03-22,0.35231775
2024-03-23,2024-03-23,0.42822171
2024-03-24,2024-03-24,0.39005445
2024-03-25,2024-03-25,0.31542654
2024-03-26,2024-03-26,0.30203959
2024-03-27,2024-03-27,0.29777244
2024-03-28,2024-03-28,0.30838534
2024-03-29,2024-03-29,0.30382758
2024-03-30,2024-03-30,0.25913126
2024-03-31,2024-03-31,0.35393526
2024-04-01,2024-04-01,0.35538231
2024-04-02,2024-04-02,0.35892759
2024-04-03,2024-04-03,0.4141504
2024-04-04,2024-04-04,0.27058449
2024-04-05,2024-04-05,0.54309531
2024-04-06,2024-04-06,0.34724992
2024-04-07,2024-04-07,0.32929965
2024-04-08,2024-04-08,0.29439362
2024-04-09,2024-04-09,0.47239348
2024-04-10,2024-04-10,0.46446024
2024-04-11,2024-04-11,0.42842433
2024-04-12,2024-04-12,0.29164307
2024-04-13,2024-04-13,0.33067767
2024-04-14,2024-04-14,0.35943019
2024-04-15,2024-04-15,0.40707763
2024-04-16,2024-04-16,0.38663336
2024-04-17,2024-04-17,0.42140234
2024-04-18,2024-04-18,0.77156837
2024-04-19,2024-04-19,0.34072898
2024-04-20,2024-04-20,0.50198943
2024-04-21,2024-04-21,0.48753725
2024-04-22,2024-04-22,0.43023861
2024-04-23,2024-04-23,0.61998111
2024-04-24,2024-04-24,0.30125076
2024-04-25,2024-04-25,0.33497924
2024-04-26,2024-04-26,0.35561505
2024-04-27,2024-04-27,0.34750824
2024-04-28,2024-04-28,0.26442768
2024-04-29,2024-04-29,0.39481491
2024-04-30,2024-04-30,0.41507365
2024-05-01,2024-05-01,0.3081825
2024-05-02,2024-05-02,0.29404421
2024-05-03,2024-05-03,0.3073547
2024-05-04,2024-05-04,0.41150768
2024-05-05,2024-05-05,0.42285143
2024-05-06,2024-05-06,0.38570375
2024-05-07,2024-05-07,0.35057906
2024-05-08,2024-05-08,0.3981025
2024-05-09,2024-05-09,0.38695988
2024-05-10,2024-05-10,0.3662371
2024-05-11,2024-05-11,0.44691836
2024-05-12,2024-05-12,0.52364813
2024-05-13,2024-05-13,0.38052894
2024-05-14,2024-05-14,0.36146782
2024-05-15,2024-05-15,0.31051935
2024-05-16,2024-05-16,0.3467746
2024-05-17,2024-05-17,0.39040835
2024-05-18,2024-05-18,0.34474366
2024-05-19,2024-05-19,0.46967709
2024-05-20,2024-05-20,0.32000693
2024-05-21,2024-05-21,0.28615858
2024-05-22,2024-05-22,0.30156122
2024-05-23,2024-05-23,0.37513574
2024-05-24,2024-05-24,0.40296624
2024-05-25,2024-05-25,0.4314222
2024-05-26,2024-05-26,0.46752754
2024-05-27,2024-05-27,0.46132873
2024-05-28,2024-05-28,0.45645594
2024-05-29,2024-05-29,0.56317644
2024-05-30,2024-05-30,0.39409877
2024-05-31,2024-05-31,0.38286231
2024-06-01,2024-06-01,0.41552324
2024-06-02,2024-06-02,0.53508604
2024-06-03,2024-06-03,0.34185307
2024-06-04,2024-06-04,0.32944969
2024-06-05,2024-06-05,0.28063104
2024-06-06,2024-06-06,0.37110154
2024-06-07,2024-06-07,0.57730367
2024-06-08,2024-06-08,0.41743654
2024-06-09,2024-06-09,0.39838088
2024-06-10,2024-06-10,0.31621347
2024-06-11,2024-06-11,0.44016821
2024-06-12,2024-06-12,0.43618095
2024-06-13,2024-06-13,0.45697011
2024-06-14,2024-06-14,0.36023837
2024-06-15,2024-06-15,0.42216951
2024-06-16,2024-06-16,0.47278231
2024-06-17,2024-06-17,0.45786124
2024-06-18,2024-06-18,0.36291676
2024-06-19,2024-06-19,0.39803248
2024-06-20,2024-06-20,0.44111401
2024-06-21,2024-06-21,0.50708866
2024-06-22,2024-06-22,0.40405431
2024-06-23,2024-06-23,0.47355533
2024-06-24,2024-06-24,0.40416257
2024-06-25,2024-06-25,0.43132997
2024-06-26,2024-06-26,0.45968666
2024-06-27,2024-06-27,0.50748324
2024-06-28,2024-06-28,0.38754244
2024-06-29,2024-06-29,0.36397904
2024-06-30,2024-06-30,0.40962451
2024-07-01,2024-07-01,0.4527992
2024-07-02,2024-07-02,0.41715532
2024-07-03,2024-07-03,0.42427769
2024-07-04,2024-07-04,0.47194394
2024-07-05,2024-07-05,0.3620939
2024-07-06,2024-07-06,0.44320389
2024-07-07,2024-07-07,0.56260427
2024-07-08,2024-07-08,0.43847348
2024-07-09,2024-07-09,0.46104811
2024-07-10,2024-07-10,0.39691455
2024-07-11,2024-07-11,0.3712704
2024-07-12,2024-07-12,0.48754135
2024-07-13,2024-07-13,0.50790009
2024-07-14,2024-07-14,0.41134625
2024-07-15,2024-07-15,0.34518899
2024-07-16,2024-07-16,0.3130147
2024-07-17,2024-07-17,0.37252822
2024-07-18,2024-07-18,0.42899131
2024-07-19,2024-07-19,0.3297871
2024-07-20,2024-07-20,0.40101963
2024-07-21,2024-07-21,0.52612922
2024-07-22,2024-07-22,0.38584787
2024-07-23,2024-07-23,0.44466436
2024-07-24,2024-07-24,0.44582563
2024-07-25,2024-07-25,0.50795875
2024-07-26,2024-07-26,0.35528409
2024-07-27,2024-07-27,0.4285537
2024-07-28,2024-07-28,0.40594822
2024-07-29,2024-07-29,0.40214806
2024-07-30,2024-07-30,0.35795021
2024-07-31,2024-07-31,0.41351721
2024-08-01,2024-08-01,0.4334186
2024-08-02,2024-08-02,0.37607408
2024-08-03,2024-08-03,0.40359485
2024-08-04,2024-08-04,0.398222
2024-08-05,2024-08-05,0.18234676
2024-08-06,2024-08-06,0.33983069
2024-08-07,2024-08-07,0.47354077
2024-08-08,2024-08-08,0.37304556
2024-08-09,2024-08-09,0.43757124
2024-08-10,2024-08-10,0.46540828
2024-08-11,2024-08-11,0.59378404
2024-08-12,2024-08-12,0.38540087
2024-08-13,2024-08-13,0.40618686
2024-08-14,2024-08-14,0.37272495
2024-08-15,2024-08-15,0.37976769
2024-08-16,2024-08-16,0.43123571
2024-08-17,2024-08-17,0.40731235
2024-08-18,2024-08-18,0.47349646
2024-08-19,2024-08-19,0.35763724
2024-08-20,2024-08-20,0.36859454
2024-08-21,2024-08-21,0.34290884
2024-08-22,2024-08-22,0.33170752
2024-08-23,2024-08-23,0.30017241
2024-08-24,2024-08-24,0.37265453
2024-08-25,2024-08-25,0.43957025
2024-08-26,2024-08-26,0.39763355
2024-08-27,2024-08-27,0.3892814
2024-08-28,2024-08-28,0.36960329
2024-08-29,2024-08-29,0.364834
2024-08-30,2024-08-30,0.34287504
2024-08-31,2024-08-31,0.59094385
2024-09-01,2024-09-01,0.45081527
2024-09-02,2024-09-02,0.57488389
2024-09-03,2024-09-03,0.5030372
2024-09-04,2024-09-04,0.38111157
2024-09-05,2024-09-05,0.42585741
2024-09-06,2024-09-06,0.40538778
2024-09-07,2024-09-07,0.41063829
2024-09-08,2024-09-08,0.4380148
2024-09-09,2024-09-09,0.44563265
2024-09-10,2024-09-10,0.33749452
2024-09-11,2024-09-11,0.40627184
2024-09-12,2024-09-12,0.411959
2024-09-13,2024-09-13,0.53697944
2024-09-14,2024-09-14,0.43571067
2024-09-15,2024-09-15,0.52439132
2024-09-16,2024-09-16,0.38073354
2024-09-17,2024-09-17,0.36589442
2024-09-18,2024-09-18,0.47424233
2024-09-19,2024-09-19,0.35972069
2024-09-20,2024-09-20,0.31755035
2024-09-21,2024-09-21,0.41751975
2024-09-22,2024-09-22,0.51422711
2024-09-23,2024-09-23,0.36223544
2024-09-24,2024-09-24,0.49457889
2024-09-25,2024-09-25,0.45164993
2024-09-26,2024-09-26,0.40007914
2024-09-27,2024-09-27,0.37834643
2024-09-28,2024-09-28,0.39428867
2024-09-29,2024-09-29,0.5208514
2024-09-30,2024-09-30,0.32065156
2024-10-01,2024-10-01,0.41207503
2024-10-02,2024-10-02,0.53284627
2024-10-03,2024-10-03,0.38933325
2024-10-04,2024-10-04,0.43876842
2024-10-05,2024-10-05,0.44609239
2024-10-06,2024-10-06,0.49572857
2024-10-07,2024-10-07,0.40315911
2024-10-08,2024-10-08,0.31444919
2024-10-09,2024-10-09,0.42865779
2024-10-10,2024-10-10,0.49536216
2024-10-11,2024-10-11,0.47908185
2024-10-12,2024-10-12,0.40118316
2024-10-13,2024-10-13,0.43919481
2024-10-14,2024-10-14,0.30512574
2024-10-15,2024-10-15,0.2832643
2024-10-16,2024-10-16,0.4535619
2024-10-17,2024-10-17,0.31592485
2024-10-18,2024-10-18,0.40792188
2024-10-19,2024-10-19,0.36095875
2024-10-20,2024-10-20,0.44914292
2024-10-21,2024-10-21,0.29305601
2024-10-22,2024-10-22,0.50536838
2024-10-23,2024-10-23,0.45217246
2024-10-24,2024-10-24,0.48333625
2024-10-25,2024-10-25,0.41756825
2024-10-26,2024-10-26,0.39593168
2024-10-27,2024-10-27,0.65703742
2024-10-28,2024-10-28,0.35061797
2024-10-29,2024-10-29,0.29940432
2024-10-30,2024-10-30,0.32836502
2024-10-31,2024-10-31,0.43687225
2024-11-01,2024-11-01,0.4791195
2024-11-02,2024-11-02,0.43784426
2024-11-03,2024-11-03,0.47982156
2024-11-04,2024-11-04,0.36740548
2024-11-05,2024-11-05,0.34267328
2024-11-06,2024-11-06,0.1670362
2024-11-07,2024-11-07,0.21100569
2024-11-08,2024-11-08,0.31295432
2024-11-09,2024-11-09,0.33284589
2024-11-10,2024-11-10,0.25767235
2024-11-11,2024-11-11,0.20788329
2024-11-12,2024-11-12,0.28061078
2024-11-13,2024-11-13,0.284795
2024-11-14,2024-11-14,0.27538514
2024-11-15,2024-11-15,0.31980743
2024-11-16,2024-11-16,0.36563139
2024-11-17,2024-11-17,0.30243057
2024-11-18,2024-11-18,0.37859519
2024-11-19,2024-11-19,0.41283496
2024-11-20,2024-11-20,0.27403222
2024-11-21,2024-11-21,0.2228616
2024-11-22,2024-11-22,0.23897826
2024-11-23,2024-11-23,0.34163418
2024-11-24,2024-11-24,0.35021865
2024-11-25,2024-11-25,0.38007635
2024-11-26,2024-11-26,0.37453436
2024-11-27,2024-11-27,0.51165063
2024-11-28,2024-11-28,0.36696204
2024-11-29,2024-11-29,0.38629391
2024-11-30,2024-11-30,0.46600199
2024-12-01,2024-12-01,0.50475602
2024-12-02,2024-12-02,0.32137505
2024-12-03,2024-12-03,0.38695214
2024-12-04,2024-12-04,0.24628163
2024-12-05,2024-12-05,0.21988559
2024-12-06,2024-12-06,0.37520219
2024-12-07,2024-12-07,0.4863419
2024-12-08,2024-12-08,0.3845061
2024-12-09,2024-12-09,0.37402575
2024-12-10,2024-12-10,0.38241205
2024-12-11,2024-12-11,0.41176006
2024-12-12,2024-12-12,0.29656399
2024-12-13,2024-12-13,0.36555566
2024-12-14,2024-12-14,0.37758748
2024-12-15,2024-12-15,0.43344639
2024-12-16,2024-12-16,0.32335246
2024-12-17,2024-12-17,0.32017021
2024-12-18,2024-12-18,0.392196
2024-12-19,2024-12-19,0.4522428
2024-12-20,2024-12-20,0.32791375
2024-12-21,2024-12-21,0.3938144
2024-12-22,2024-12-22,0.43116781
2024-12-23,2024-12-23,0.4321105
2024-12-24,2024-12-24,0.42533836
2024-12-25,2024-12-25,0.43368374
2024-12-26,2024-12-26,0.41945535
2024-12-27,2024-12-27,0.42188435
2024-12-28,2024-12-28,0.51267042
2024-12-29,2024-12-29,0.44649882
