start_time,date,fund_flow_ratio
2021-01-01,2021-01-01,0.0182066
2021-01-02,2021-01-02,0.01746625
2021-01-03,2021-01-03,0.01798829
2021-01-04,2021-01-04,0.02665036
2021-01-05,2021-01-05,0.0151394
2021-01-06,2021-01-06,0.02715763
2021-01-07,2021-01-07,0.02093728
2021-01-08,2021-01-08,0.01653292
2021-01-09,2021-01-09,0.01423501
2021-01-10,2021-01-10,0.01837537
2021-01-11,2021-01-11,0.02317155
2021-01-12,2021-01-12,0.02041544
2021-01-13,2021-01-13,0.02072043
2021-01-14,2021-01-14,0.0271746
2021-01-15,2021-01-15,0.01721651
2021-01-16,2021-01-16,0.01225427
2021-01-17,2021-01-17,0.01535014
2021-01-18,2021-01-18,0.01317728
2021-01-19,2021-01-19,0.02962838
2021-01-20,2021-01-20,0.02307306
2021-01-21,2021-01-21,0.0240668
2021-01-22,2021-01-22,0.02404611
2021-01-23,2021-01-23,0.01170749
2021-01-24,2021-01-24,0.010296
2021-01-25,2021-01-25,0.01393312
2021-01-26,2021-01-26,0.01776825
2021-01-27,2021-01-27,0.01961639
2021-01-28,2021-01-28,0.02269272
2021-01-29,2021-01-29,0.03226889
2021-01-30,2021-01-30,0.01241209
2021-01-31,2021-01-31,0.01084975
2021-02-01,2021-02-01,0.01598819
2021-02-02,2021-02-02,0.01971496
2021-02-03,2021-02-03,0.02041086
2021-02-04,2021-02-04,0.02053507
2021-02-05,2021-02-05,0.01687635
2021-02-06,2021-02-06,0.01354529
2021-02-07,2021-02-07,0.0132986
2021-02-08,2021-02-08,0.02347215
2021-02-09,2021-02-09,0.0154972
2021-02-10,2021-02-10,0.02117616
2021-02-11,2021-02-11,0.0147717
2021-02-12,2021-02-12,0.01560503
2021-02-13,2021-02-13,0.01497524
2021-02-14,2021-02-14,0.01224548
2021-02-15,2021-02-15,0.01260794
2021-02-16,2021-02-16,0.01182654
2021-02-17,2021-02-17,0.01545034
2021-02-18,2021-02-18,0.01404779
2021-02-19,2021-02-19,0.01727111
2021-02-20,2021-02-20,0.02077701
2021-02-21,2021-02-21,0.01235926
2021-02-22,2021-02-22,0.02418453
2021-02-23,2021-02-23,0.02955691
2021-02-24,2021-02-24,0.01943136
2021-02-25,2021-02-25,0.01413756
2021-02-26,2021-02-26,0.0207707
2021-02-27,2021-02-27,0.01277887
2021-02-28,2021-02-28,0.01455093
2021-03-01,2021-03-01,0.01990377
2021-03-02,2021-03-02,0.0153823
2021-03-03,2021-03-03,0.02017803
2021-03-04,2021-03-04,0.02212949
2021-03-05,2021-03-05,0.02044965
2021-03-06,2021-03-06,0.01122479
2021-03-07,2021-03-07,0.01018071
2021-03-08,2021-03-08,0.01755412
2021-03-09,2021-03-09,0.01879392
2021-03-10,2021-03-10,0.01814643
2021-03-11,2021-03-11,0.01827591
2021-03-12,2021-03-12,0.01919523
2021-03-13,2021-03-13,0.02161732
2021-03-14,2021-03-14,0.01513825
2021-03-15,2021-03-15,0.03191222
2021-03-16,2021-03-16,0.02350597
2021-03-17,2021-03-17,0.02890867
2021-03-18,2021-03-18,0.0199055
2021-03-19,2021-03-19,0.02563678
2021-03-20,2021-03-20,0.01866514
2021-03-21,2021-03-21,0.01069892
2021-03-22,2021-03-22,0.02385391
2021-03-23,2021-03-23,0.01580754
2021-03-24,2021-03-24,0.02316338
2021-03-25,2021-03-25,0.01977303
2021-03-26,2021-03-26,0.02825376
2021-03-27,2021-03-27,0.01289474
2021-03-28,2021-03-28,0.01473643
2021-03-29,2021-03-29,0.02093912
2021-03-30,2021-03-30,0.01651784
2021-03-31,2021-03-31,0.02224103
2021-04-01,2021-04-01,0.02150136
2021-04-02,2021-04-02,0.01803491
2021-04-03,2021-04-03,0.0130823
2021-04-04,2021-04-04,0.01587491
2021-04-05,2021-04-05,0.01579903
2021-04-06,2021-04-06,0.02562263
2021-04-07,2021-04-07,0.01606708
2021-04-08,2021-04-08,0.02175909
2021-04-09,2021-04-09,0.01749907
2021-04-10,2021-04-10,0.01727831
2021-04-11,2021-04-11,0.0121693
2021-04-12,2021-04-12,0.01732877
2021-04-13,2021-04-13,0.02360829
2021-04-14,2021-04-14,0.02271964
2021-04-15,2021-04-15,0.01852341
2021-04-16,2021-04-16,0.0268824
2021-04-17,2021-04-17,0.01793433
2021-04-18,2021-04-18,0.03956203
2021-04-19,2021-04-19,0.03850125
2021-04-20,2021-04-20,0.02037015
2021-04-21,2021-04-21,0.01933862
2021-04-22,2021-04-22,0.02026465
2021-04-23,2021-04-23,0.03143255
2021-04-24,2021-04-24,0.01584201
2021-04-25,2021-04-25,0.01133956
2021-04-26,2021-04-26,0.01915601
2021-04-27,2021-04-27,0.01790355
2021-04-28,2021-04-28,0.01459405
2021-04-29,2021-04-29,0.01332282
2021-04-30,2021-04-30,0.01418152
2021-05-01,2021-05-01,0.0112571
2021-05-02,2021-05-02,0.00872495
2021-05-03,2021-05-03,0.01219184
2021-05-04,2021-05-04,0.01301583
2021-05-05,2021-05-05,0.02251951
2021-05-06,2021-05-06,0.02351485
2021-05-07,2021-05-07,0.01944375
2021-05-08,2021-05-08,0.01964175
2021-05-09,2021-05-09,0.02917299
2021-05-10,2021-05-10,0.02744831
2021-05-11,2021-05-11,0.03097114
2021-05-12,2021-05-12,0.03682623
2021-05-13,2021-05-13,0.03026529
2021-05-14,2021-05-14,0.02812771
2021-05-15,2021-05-15,0.01429028
2021-05-16,2021-05-16,0.01950747
2021-05-17,2021-05-17,0.03037137
2021-05-18,2021-05-18,0.03072712
2021-05-19,2021-05-19,0.04584939
2021-05-20,2021-05-20,0.03223988
2021-05-21,2021-05-21,0.03363726
2021-05-22,2021-05-22,0.01799796
2021-05-23,2021-05-23,0.02260114
2021-05-24,2021-05-24,0.02666766
2021-05-25,2021-05-25,0.02729814
2021-05-26,2021-05-26,0.01684294
2021-05-27,2021-05-27,0.01451608
2021-05-28,2021-05-28,0.01834587
2021-05-29,2021-05-29,0.01406674
2021-05-30,2021-05-30,0.02028061
2021-05-31,2021-05-31,0.02325073
2021-06-01,2021-06-01,0.01554802
2021-06-02,2021-06-02,0.03377955
2021-06-03,2021-06-03,0.02071233
2021-06-04,2021-06-04,0.03366624
2021-06-05,2021-06-05,0.02362936
2021-06-06,2021-06-06,0.00887941
2021-06-07,2021-06-07,0.01374532
2021-06-08,2021-06-08,0.01442781
2021-06-09,2021-06-09,0.02650349
2021-06-10,2021-06-10,0.02535153
2021-06-11,2021-06-11,0.01519172
2021-06-12,2021-06-12,0.01907362
2021-06-13,2021-06-13,0.01612637
2021-06-14,2021-06-14,0.01740413
2021-06-15,2021-06-15,0.01973054
2021-06-16,2021-06-16,0.02016476
2021-06-17,2021-06-17,0.02058472
2021-06-18,2021-06-18,0.03733247
2021-06-19,2021-06-19,0.01468697
2021-06-20,2021-06-20,0.01610624
2021-06-21,2021-06-21,0.02201858
2021-06-22,2021-06-22,0.02706121
2021-06-23,2021-06-23,0.02231649
2021-06-24,2021-06-24,0.01382687
2021-06-25,2021-06-25,0.01895721
2021-06-26,2021-06-26,0.01687984
2021-06-27,2021-06-27,0.01450465
2021-06-28,2021-06-28,0.01677574
2021-06-29,2021-06-29,0.01882403
2021-06-30,2021-06-30,0.02003799
2021-07-01,2021-07-01,0.01108376
2021-07-02,2021-07-02,0.01170316
2021-07-03,2021-07-03,0.01060357
2021-07-04,2021-07-04,0.00794468
2021-07-05,2021-07-05,0.01115316
2021-07-06,2021-07-06,0.01530885
2021-07-07,2021-07-07,0.0211604
2021-07-08,2021-07-08,0.00656474
2021-07-09,2021-07-09,0.00707038
2021-07-10,2021-07-10,0.00522962
2021-07-11,2021-07-11,0.0058286
2021-07-12,2021-07-12,0.01435761
2021-07-13,2021-07-13,0.01187045
2021-07-14,2021-07-14,0.01241541
2021-07-15,2021-07-15,0.0163374
2021-07-16,2021-07-16,0.01346167
2021-07-17,2021-07-17,0.00752995
2021-07-18,2021-07-18,0.01022074
2021-07-19,2021-07-19,0.01476681
2021-07-20,2021-07-20,0.01454268
2021-07-21,2021-07-21,0.01370907
2021-07-22,2021-07-22,0.0133568
2021-07-23,2021-07-23,0.00974282
2021-07-24,2021-07-24,0.00979061
2021-07-25,2021-07-25,0.01205683
2021-07-26,2021-07-26,0.0220637
2021-07-27,2021-07-27,0.00510203
2021-07-28,2021-07-28,0.02292909
2021-07-29,2021-07-29,0.01950819
2021-07-30,2021-07-30,0.01912913
2021-07-31,2021-07-31,0.00629437
2021-08-01,2021-08-01,0.00422077
2021-08-02,2021-08-02,0.00709585
2021-08-03,2021-08-03,0.01610893
2021-08-04,2021-08-04,0.00787827
2021-08-05,2021-08-05,0.01640672
2021-08-06,2021-08-06,0.02300442
2021-08-07,2021-08-07,0.01206377
2021-08-08,2021-08-08,0.01317341
2021-08-09,2021-08-09,0.02290228
2021-08-10,2021-08-10,0.0171624
2021-08-11,2021-08-11,0.01662139
2021-08-12,2021-08-12,0.00992462
2021-08-13,2021-08-13,0.01191952
2021-08-14,2021-08-14,0.00820237
2021-08-15,2021-08-15,0.00766764
2021-08-16,2021-08-16,0.01001386
2021-08-17,2021-08-17,0.00786294
2021-08-18,2021-08-18,0.01052405
2021-08-19,2021-08-19,0.00749261
2021-08-20,2021-08-20,0.01594962
2021-08-21,2021-08-21,0.02323066
2021-08-22,2021-08-22,0.00606325
2021-08-23,2021-08-23,0.006763
2021-08-24,2021-08-24,0.00211058
2021-08-25,2021-08-25,0.00609911
2021-08-26,2021-08-26,0.00580637
2021-08-27,2021-08-27,0.00509495
2021-08-28,2021-08-28,0.00355968
2021-08-29,2021-08-29,0.00302025
2021-08-30,2021-08-30,0.00536864
2021-08-31,2021-08-31,0.00665573
2021-09-01,2021-09-01,0.00772261
2021-09-02,2021-09-02,0.00541661
2021-09-03,2021-09-03,0.0076729
2021-09-04,2021-09-04,0.00514426
2021-09-05,2021-09-05,0.00476356
2021-09-06,2021-09-06,0.00648072
2021-09-07,2021-09-07,0.01041418
2021-09-08,2021-09-08,0.00968135
2021-09-09,2021-09-09,0.00783297
2021-09-10,2021-09-10,0.00296485
2021-09-11,2021-09-11,0.0030353
2021-09-12,2021-09-12,0.00265479
2021-09-13,2021-09-13,0.00316498
2021-09-14,2021-09-14,0.00215243
2021-09-15,2021-09-15,0.00497537
2021-09-16,2021-09-16,0.00470124
2021-09-17,2021-09-17,0.00472991
2021-09-18,2021-09-18,0.00411885
2021-09-19,2021-09-19,0.00387414
2021-09-20,2021-09-20,0.0045345
2021-09-21,2021-09-21,0.00214468
2021-09-22,2021-09-22,0.00459997
2021-09-23,2021-09-23,0.00516175
2021-09-24,2021-09-24,0.00705114
2021-09-25,2021-09-25,0.00221944
2021-09-26,2021-09-26,0.00548927
2021-09-27,2021-09-27,0.00412206
2021-09-28,2021-09-28,0.00581081
2021-09-29,2021-09-29,0.00564005
2021-09-30,2021-09-30,0.00492804
2021-10-01,2021-10-01,0.00451629
2021-10-02,2021-10-02,0.00454724
2021-10-03,2021-10-03,0.0044439
2021-10-04,2021-10-04,0.00440818
2021-10-05,2021-10-05,0.00558631
2021-10-06,2021-10-06,0.00600736
2021-10-07,2021-10-07,0.00545467
2021-10-08,2021-10-08,0.00520754
2021-10-09,2021-10-09,0.00443336
2021-10-10,2021-10-10,0.00414805
2021-10-11,2021-10-11,0.00475989
2021-10-12,2021-10-12,0.00573119
2021-10-13,2021-10-13,0.00691182
2021-10-14,2021-10-14,0.00733915
2021-10-15,2021-10-15,0.00923029
2021-10-16,2021-10-16,0.00764302
2021-10-17,2021-10-17,0.00387317
2021-10-18,2021-10-18,0.0049642
2021-10-19,2021-10-19,0.00510332
2021-10-20,2021-10-20,0.00525497
2021-10-21,2021-10-21,0.00972975
2021-10-22,2021-10-22,0.00630541
2021-10-23,2021-10-23,0.00466025
2021-10-24,2021-10-24,0.00443234
2021-10-25,2021-10-25,0.00441872
2021-10-26,2021-10-26,0.00609078
2021-10-27,2021-10-27,0.00985374
2021-10-28,2021-10-28,0.01208612
2021-10-29,2021-10-29,0.00813829
2021-10-30,2021-10-30,0.00536436
2021-10-31,2021-10-31,0.00520817
2021-11-01,2021-11-01,0.00596298
2021-11-02,2021-11-02,0.01003308
2021-11-03,2021-11-03,0.00705454
2021-11-04,2021-11-04,0.00536548
2021-11-05,2021-11-05,0.00404543
2021-11-06,2021-11-06,0.00250644
2021-11-07,2021-11-07,0.0029756
2021-11-08,2021-11-08,0.00449704
2021-11-09,2021-11-09,0.00458269
2021-11-10,2021-11-10,0.00442196
2021-11-11,2021-11-11,0.00485047
2021-11-12,2021-11-12,0.00413195
2021-11-13,2021-11-13,0.00204049
2021-11-14,2021-11-14,0.00340675
2021-11-15,2021-11-15,0.00428276
2021-11-16,2021-11-16,0.00290783
2021-11-17,2021-11-17,0.00421937
2021-11-18,2021-11-18,0.01030435
2021-11-19,2021-11-19,0.00816951
2021-11-20,2021-11-20,0.00586948
2021-11-21,2021-11-21,0.0053141
2021-11-22,2021-11-22,0.005787
2021-11-23,2021-11-23,0.0047441
2021-11-24,2021-11-24,0.00380603
2021-11-25,2021-11-25,0.00449779
2021-11-26,2021-11-26,0.00974415
2021-11-27,2021-11-27,0.00447931
2021-11-28,2021-11-28,0.00326438
2021-11-29,2021-11-29,0.00539832
2021-11-30,2021-11-30,0.00501663
2021-12-01,2021-12-01,0.00586582
2021-12-02,2021-12-02,0.00541694
2021-12-03,2021-12-03,0.00604785
2021-12-04,2021-12-04,0.00898032
2021-12-05,2021-12-05,0.00964906
2021-12-06,2021-12-06,0.00708061
2021-12-07,2021-12-07,0.00705685
2021-12-08,2021-12-08,0.00375077
2021-12-09,2021-12-09,0.00565135
2021-12-10,2021-12-10,0.00575628
2021-12-11,2021-12-11,0.00743596
2021-12-12,2021-12-12,0.0033495
2021-12-13,2021-12-13,0.00569254
2021-12-14,2021-12-14,0.00222997
2021-12-15,2021-12-15,0.00418238
2021-12-16,2021-12-16,0.00384455
2021-12-17,2021-12-17,0.00631162
2021-12-18,2021-12-18,0.01166738
2021-12-19,2021-12-19,0.00307547
2021-12-20,2021-12-20,0.00395972
2021-12-21,2021-12-21,0.00644978
2021-12-22,2021-12-22,0.00790874
2021-12-23,2021-12-23,0.00490859
2021-12-24,2021-12-24,0.00478081
2021-12-25,2021-12-25,0.01263162
2021-12-26,2021-12-26,0.00340718
2021-12-27,2021-12-27,0.00740814
2021-12-28,2021-12-28,0.0079576
2021-12-29,2021-12-29,0.00498644
2021-12-30,2021-12-30,0.00503947
2021-12-31,2021-12-31,0.00635806
2022-01-01,2022-01-01,0.00393528
2022-01-02,2022-01-02,0.00334086
2022-01-03,2022-01-03,0.00284772
2022-01-04,2022-01-04,0.02179304
2022-01-05,2022-01-05,0.00420198
2022-01-06,2022-01-06,0.0075829
2022-01-07,2022-01-07,0.005522
2022-01-08,2022-01-08,0.00392069
2022-01-09,2022-01-09,0.00363126
2022-01-10,2022-01-10,0.00641367
2022-01-11,2022-01-11,0.00340989
2022-01-12,2022-01-12,0.00360592
2022-01-13,2022-01-13,0.00445046
2022-01-14,2022-01-14,0.00371342
2022-01-15,2022-01-15,0.00199798
2022-01-16,2022-01-16,0.00190103
2022-01-17,2022-01-17,0.00417394
2022-01-18,2022-01-18,0.00382377
2022-01-19,2022-01-19,0.00513941
2022-01-20,2022-01-20,0.00513143
2022-01-21,2022-01-21,0.0077504
2022-01-22,2022-01-22,0.00518013
2022-01-23,2022-01-23,0.00320031
2022-01-24,2022-01-24,0.00514676
2022-01-25,2022-01-25,0.00399142
2022-01-26,2022-01-26,0.00654021
2022-01-27,2022-01-27,0.0071427
2022-01-28,2022-01-28,0.00585201
2022-01-29,2022-01-29,0.00654103
2022-01-30,2022-01-30,0.00744018
2022-01-31,2022-01-31,0.00568261
2022-02-01,2022-02-01,0.00356132
2022-02-02,2022-02-02,0.00440181
2022-02-03,2022-02-03,0.00680242
2022-02-04,2022-02-04,0.00490098
2022-02-05,2022-02-05,0.00308137
2022-02-06,2022-02-06,0.00462405
2022-02-07,2022-02-07,0.00386515
2022-02-08,2022-02-08,0.00209746
2022-02-09,2022-02-09,0.00247675
2022-02-10,2022-02-10,0.00378615
2022-02-11,2022-02-11,0.00431552
2022-02-12,2022-02-12,0.00435642
2022-02-13,2022-02-13,0.00223802
2022-02-14,2022-02-14,0.00256692
2022-02-15,2022-02-15,0.00521465
2022-02-16,2022-02-16,0.00347542
2022-02-17,2022-02-17,0.00397584
2022-02-18,2022-02-18,0.00325473
2022-02-19,2022-02-19,0.00274069
2022-02-20,2022-02-20,0.00253342
2022-02-21,2022-02-21,0.00285284
2022-02-22,2022-02-22,0.00363143
2022-02-23,2022-02-23,0.00347348
2022-02-24,2022-02-24,0.0085742
2022-02-25,2022-02-25,0.0059219
2022-02-26,2022-02-26,0.00345161
2022-02-27,2022-02-27,0.00611136
2022-02-28,2022-02-28,0.00570993
2022-03-01,2022-03-01,0.00667906
2022-03-02,2022-03-02,0.00738397
2022-03-03,2022-03-03,0.00622523
2022-03-04,2022-03-04,0.00438057
2022-03-05,2022-03-05,0.00345074
2022-03-06,2022-03-06,0.00275228
2022-03-07,2022-03-07,0.00480782
2022-03-08,2022-03-08,0.00164176
2022-03-09,2022-03-09,0.00234339
2022-03-10,2022-03-10,0.00433298
2022-03-11,2022-03-11,0.00295069
2022-03-12,2022-03-12,0.0020254
2022-03-13,2022-03-13,0.00188676
2022-03-14,2022-03-14,0.00362708
2022-03-15,2022-03-15,0.0048261
2022-03-16,2022-03-16,0.00413893
2022-03-17,2022-03-17,0.00555712
2022-03-18,2022-03-18,0.00828653
2022-03-19,2022-03-19,0.00369182
2022-03-20,2022-03-20,0.00331531
2022-03-21,2022-03-21,0.00327152
2022-03-22,2022-03-22,0.00933307
2022-03-23,2022-03-23,0.00532299
2022-03-24,2022-03-24,0.00721839
2022-03-25,2022-03-25,0.00548167
2022-03-26,2022-03-26,0.00405122
2022-03-27,2022-03-27,0.00288074
2022-03-28,2022-03-28,0.00489334
2022-03-29,2022-03-29,0.00548623
2022-03-30,2022-03-30,0.00585306
2022-03-31,2022-03-31,0.00555682
2022-04-01,2022-04-01,0.00577317
2022-04-02,2022-04-02,0.00225144
2022-04-03,2022-04-03,0.00163129
2022-04-04,2022-04-04,0.00296724
2022-04-05,2022-04-05,0.00173328
2022-04-06,2022-04-06,0.00451694
2022-04-07,2022-04-07,0.00331004
2022-04-08,2022-04-08,0.00343654
2022-04-09,2022-04-09,0.00181945
2022-04-10,2022-04-10,0.00316393
2022-04-11,2022-04-11,0.00320832
2022-04-12,2022-04-12,0.00313717
2022-04-13,2022-04-13,0.00249635
2022-04-14,2022-04-14,0.00165595
2022-04-15,2022-04-15,0.00230926
2022-04-16,2022-04-16,0.00237894
2022-04-17,2022-04-17,0.00151504
2022-04-18,2022-04-18,0.00299271
2022-04-19,2022-04-19,0.00303723
2022-04-20,2022-04-20,0.00550443
2022-04-21,2022-04-21,0.00264781
2022-04-22,2022-04-22,0.00246552
2022-04-23,2022-04-23,0.00142955
2022-04-24,2022-04-24,0.00125015
2022-04-25,2022-04-25,0.00255438
2022-04-26,2022-04-26,0.00195029
2022-04-27,2022-04-27,0.00257381
2022-04-28,2022-04-28,0.00235972
2022-04-29,2022-04-29,0.00358846
2022-04-30,2022-04-30,0.00255414
2022-05-01,2022-05-01,0.00227277
2022-05-02,2022-05-02,0.00256105
2022-05-03,2022-05-03,0.00185641
2022-05-04,2022-05-04,0.00257118
2022-05-05,2022-05-05,0.00268918
2022-05-06,2022-05-06,0.00372937
2022-05-07,2022-05-07,0.00314941
2022-05-08,2022-05-08,0.006011
2022-05-09,2022-05-09,0.01076233
2022-05-10,2022-05-10,0.00958617
2022-05-11,2022-05-11,0.00988859
2022-05-12,2022-05-12,0.00698141
2022-05-13,2022-05-13,0.00440981
2022-05-14,2022-05-14,0.00322866
2022-05-15,2022-05-15,0.003869
2022-05-16,2022-05-16,0.00543461
2022-05-17,2022-05-17,0.00517731
2022-05-18,2022-05-18,0.0078795
2022-05-19,2022-05-19,0.00753914
2022-05-20,2022-05-20,0.00861665
2022-05-21,2022-05-21,0.00649932
2022-05-22,2022-05-22,0.00672028
2022-05-23,2022-05-23,0.00886844
2022-05-24,2022-05-24,0.00597757
2022-05-25,2022-05-25,0.00998669
2022-05-26,2022-05-26,0.00935856
2022-05-27,2022-05-27,0.00763374
2022-05-28,2022-05-28,0.00702851
2022-05-29,2022-05-29,0.00666665
2022-05-30,2022-05-30,0.01327201
2022-05-31,2022-05-31,0.00621298
2022-06-01,2022-06-01,0.00738847
2022-06-02,2022-06-02,0.0087645
2022-06-03,2022-06-03,0.00905043
2022-06-04,2022-06-04,0.0241372
2022-06-05,2022-06-05,0.00536258
2022-06-06,2022-06-06,0.01154678
2022-06-07,2022-06-07,0.00974337
2022-06-08,2022-06-08,0.0089315
2022-06-09,2022-06-09,0.00853115
2022-06-10,2022-06-10,0.00654249
2022-06-11,2022-06-11,0.00642943
2022-06-12,2022-06-12,0.00543422
2022-06-13,2022-06-13,0.01174015
2022-06-14,2022-06-14,0.0036673
2022-06-15,2022-06-15,0.00337794
2022-06-16,2022-06-16,0.003117
2022-06-17,2022-06-17,0.00287901
2022-06-18,2022-06-18,0.00447514
2022-06-19,2022-06-19,0.00517747
2022-06-20,2022-06-20,0.00580415
2022-06-21,2022-06-21,0.00678003
2022-06-22,2022-06-22,0.00901829
2022-06-23,2022-06-23,0.00840702
2022-06-24,2022-06-24,0.00793326
2022-06-25,2022-06-25,0.00500568
2022-06-26,2022-06-26,0.0087404
2022-06-27,2022-06-27,0.00533303
2022-06-28,2022-06-28,0.00486434
2022-06-29,2022-06-29,0.00439016
2022-06-30,2022-06-30,0.00524739
2022-07-01,2022-07-01,0.00622016
2022-07-02,2022-07-02,0.00306083
2022-07-03,2022-07-03,0.00309584
2022-07-04,2022-07-04,0.00490382
2022-07-05,2022-07-05,0.00670502
2022-07-06,2022-07-06,0.00497602
2022-07-07,2022-07-07,0.00829595
2022-07-08,2022-07-08,0.00858213
2022-07-09,2022-07-09,0.00422021
2022-07-10,2022-07-10,0.00708716
2022-07-11,2022-07-11,0.00437958
2022-07-12,2022-07-12,0.00388401
2022-07-13,2022-07-13,0.00351561
2022-07-14,2022-07-14,0.00733978
2022-07-15,2022-07-15,0.00506595
2022-07-16,2022-07-16,0.00382653
2022-07-17,2022-07-17,0.0153766
2022-07-18,2022-07-18,0.00818842
2022-07-19,2022-07-19,0.00827669
2022-07-20,2022-07-20,0.01320752
2022-07-21,2022-07-21,0.00527513
2022-07-22,2022-07-22,0.00649841
2022-07-23,2022-07-23,0.00469388
2022-07-24,2022-07-24,0.00575038
2022-07-25,2022-07-25,0.00589247
2022-07-26,2022-07-26,0.00392436
2022-07-27,2022-07-27,0.00624233
2022-07-28,2022-07-28,0.008432
2022-07-29,2022-07-29,0.0092657
2022-07-30,2022-07-30,0.00619633
2022-07-31,2022-07-31,0.00561154
2022-08-01,2022-08-01,0.00530781
2022-08-02,2022-08-02,0.00428363
2022-08-03,2022-08-03,0.0041018
2022-08-04,2022-08-04,0.00478425
2022-08-05,2022-08-05,0.004658
2022-08-06,2022-08-06,0.00316461
2022-08-07,2022-08-07,0.00598279
2022-08-08,2022-08-08,0.00337676
2022-08-09,2022-08-09,0.00477952
2022-08-10,2022-08-10,0.00642444
2022-08-11,2022-08-11,0.00595667
2022-08-12,2022-08-12,0.00709935
2022-08-13,2022-08-13,0.00762948
2022-08-14,2022-08-14,0.0104685
2022-08-15,2022-08-15,0.005313
2022-08-16,2022-08-16,0.00553882
2022-08-17,2022-08-17,0.00489023
2022-08-18,2022-08-18,0.00856865
2022-08-19,2022-08-19,0.00850757
2022-08-20,2022-08-20,0.00252326
2022-08-21,2022-08-21,0.00438198
2022-08-22,2022-08-22,0.00362837
2022-08-23,2022-08-23,0.00255056
2022-08-24,2022-08-24,0.00574592
2022-08-25,2022-08-25,0.00446746
2022-08-26,2022-08-26,0.00685429
2022-08-27,2022-08-27,0.00599738
2022-08-28,2022-08-28,0.00732328
2022-08-29,2022-08-29,0.00567946
2022-08-30,2022-08-30,0.00625817
2022-08-31,2022-08-31,0.00610285
2022-09-01,2022-09-01,0.0046996
2022-09-02,2022-09-02,0.00772337
2022-09-03,2022-09-03,0.00586827
2022-09-04,2022-09-04,0.00836878
2022-09-05,2022-09-05,0.00547047
2022-09-06,2022-09-06,0.0048726
2022-09-07,2022-09-07,0.00428601
2022-09-08,2022-09-08,0.00615971
2022-09-09,2022-09-09,0.00661975
2022-09-10,2022-09-10,0.00639735
2022-09-11,2022-09-11,0.00915369
2022-09-12,2022-09-12,0.00946238
2022-09-13,2022-09-13,0.01064002
2022-09-14,2022-09-14,0.00471345
2022-09-15,2022-09-15,0.00565515
2022-09-16,2022-09-16,0.00604258
2022-09-17,2022-09-17,0.00849993
2022-09-18,2022-09-18,0.00497747
2022-09-19,2022-09-19,0.00595559
2022-09-20,2022-09-20,0.00459879
2022-09-21,2022-09-21,0.0059411
2022-09-22,2022-09-22,0.00558217
2022-09-23,2022-09-23,0.00878805
2022-09-24,2022-09-24,0.00553946
2022-09-25,2022-09-25,0.00509574
2022-09-26,2022-09-26,0.00594218
2022-09-27,2022-09-27,0.01135332
2022-09-28,2022-09-28,0.0100248
2022-09-29,2022-09-29,0.00919314
2022-09-30,2022-09-30,0.01197276
2022-10-01,2022-10-01,0.01223495
2022-10-02,2022-10-02,0.00785636
2022-10-03,2022-10-03,0.00748591
2022-10-04,2022-10-04,0.0100056
2022-10-05,2022-10-05,0.00975798
2022-10-06,2022-10-06,0.01351306
2022-10-07,2022-10-07,0.01261552
2022-10-08,2022-10-08,0.00938236
2022-10-09,2022-10-09,0.00569227
2022-10-10,2022-10-10,0.00568962
2022-10-11,2022-10-11,0.00684931
2022-10-12,2022-10-12,0.00666582
2022-10-13,2022-10-13,0.01110266
2022-10-14,2022-10-14,0.01226406
2022-10-15,2022-10-15,0.0104838
2022-10-16,2022-10-16,0.00959516
2022-10-17,2022-10-17,0.01141778
2022-10-18,2022-10-18,0.00943566
2022-10-19,2022-10-19,0.00678928
2022-10-20,2022-10-20,0.01095551
2022-10-21,2022-10-21,0.00991352
2022-10-22,2022-10-22,0.00831293
2022-10-23,2022-10-23,0.00778726
2022-10-24,2022-10-24,0.00976064
2022-10-25,2022-10-25,0.01496086
2022-10-26,2022-10-26,0.01392902
2022-10-27,2022-10-27,0.00961146
2022-10-28,2022-10-28,0.01239006
2022-10-29,2022-10-29,0.0101401
2022-10-30,2022-10-30,0.00889536
2022-10-31,2022-10-31,0.01057044
2022-11-01,2022-11-01,0.01282495
2022-11-02,2022-11-02,0.00952789
2022-11-03,2022-11-03,0.00645281
2022-11-04,2022-11-04,0.00796816
2022-11-05,2022-11-05,0.00861247
2022-11-06,2022-11-06,0.00366353
2022-11-07,2022-11-07,0.00878653
2022-11-08,2022-11-08,0.03175639
2022-11-09,2022-11-09,0.02511042
2022-11-10,2022-11-10,0.02148177
2022-11-11,2022-11-11,0.01485369
2022-11-12,2022-11-12,0.01561299
2022-11-13,2022-11-13,0.01032121
2022-11-14,2022-11-14,0.01753043
2022-11-15,2022-11-15,0.01354895
2022-11-16,2022-11-16,0.01682925
2022-11-17,2022-11-17,0.01982015
2022-11-18,2022-11-18,0.13708331
2022-11-19,2022-11-19,0.01206198
2022-11-20,2022-11-20,0.01169618
2022-11-21,2022-11-21,0.02063627
2022-11-22,2022-11-22,0.02301578
2022-11-23,2022-11-23,0.02874838
2022-11-24,2022-11-24,0.02516865
2022-11-25,2022-11-25,0.01805688
2022-11-26,2022-11-26,0.02440178
2022-11-27,2022-11-27,0.02626135
2022-11-28,2022-11-28,0.02508586
2022-11-29,2022-11-29,0.03060118
2022-11-30,2022-11-30,0.04339681
2022-12-01,2022-12-01,0.03534699
2022-12-02,2022-12-02,0.03040305
2022-12-03,2022-12-03,0.02065325
2022-12-04,2022-12-04,0.02219995
2022-12-05,2022-12-05,0.03227235
2022-12-06,2022-12-06,0.02761492
2022-12-07,2022-12-07,0.02543026
2022-12-08,2022-12-08,0.02759841
2022-12-09,2022-12-09,0.03001359
2022-12-10,2022-12-10,0.0208958
2022-12-11,2022-12-11,0.01934852
2022-12-12,2022-12-12,0.03611369
2022-12-13,2022-12-13,0.05874415
2022-12-14,2022-12-14,0.02850659
2022-12-15,2022-12-15,0.02733346
2022-12-16,2022-12-16,0.03038116
2022-12-17,2022-12-17,0.04001343
2022-12-18,2022-12-18,0.0258339
2022-12-19,2022-12-19,0.02407253
2022-12-20,2022-12-20,0.02781145
2022-12-21,2022-12-21,0.022676
2022-12-22,2022-12-22,0.02554443
2022-12-23,2022-12-23,0.02501104
2022-12-24,2022-12-24,0.02500977
2022-12-25,2022-12-25,0.01444579
2022-12-26,2022-12-26,0.01687623
2022-12-27,2022-12-27,0.02979893
2022-12-28,2022-12-28,0.02239979
2022-12-29,2022-12-29,0.02409121
2022-12-30,2022-12-30,0.02959599
2022-12-31,2022-12-31,0.02677536
2023-01-01,2023-01-01,0.02523691
2023-01-02,2023-01-02,0.02263748
2023-01-03,2023-01-03,0.02422163
2023-01-04,2023-01-04,0.04285734
2023-01-05,2023-01-05,0.02452722
2023-01-06,2023-01-06,0.02425239
2023-01-07,2023-01-07,0.01699558
2023-01-08,2023-01-08,0.01457092
2023-01-09,2023-01-09,0.02616606
2023-01-10,2023-01-10,0.02581797
2023-01-11,2023-01-11,0.02924967
2023-01-12,2023-01-12,0.03385394
2023-01-13,2023-01-13,0.03475822
2023-01-14,2023-01-14,0.04385846
2023-01-15,2023-01-15,0.02769651
2023-01-16,2023-01-16,0.02699947
2023-01-17,2023-01-17,0.02006685
2023-01-18,2023-01-18,0.0296024
2023-01-19,2023-01-19,0.04114479
2023-01-20,2023-01-20,0.04719367
2023-01-21,2023-01-21,0.02737792
2023-01-22,2023-01-22,0.02629925
2023-01-23,2023-01-23,0.02469668
2023-01-24,2023-01-24,0.02990765
2023-01-25,2023-01-25,0.02963019
2023-01-26,2023-01-26,0.02682181
2023-01-27,2023-01-27,0.0315588
2023-01-28,2023-01-28,0.0285284
2023-01-29,2023-01-29,0.02571898
2023-01-30,2023-01-30,0.0302129
2023-01-31,2023-01-31,0.02156196
2023-02-01,2023-02-01,0.02434263
2023-02-02,2023-02-02,0.04100755
2023-02-03,2023-02-03,0.02834774
2023-02-04,2023-02-04,0.02776847
2023-02-05,2023-02-05,0.02148218
2023-02-06,2023-02-06,0.03051734
2023-02-07,2023-02-07,0.02928028
2023-02-08,2023-02-08,0.0241188
2023-02-09,2023-02-09,0.02921501
2023-02-10,2023-02-10,0.02013338
2023-02-11,2023-02-11,0.01247009
2023-02-12,2023-02-12,0.01806186
2023-02-13,2023-02-13,0.03132059
2023-02-14,2023-02-14,0.02983545
2023-02-15,2023-02-15,0.03666668
2023-02-16,2023-02-16,0.03203164
2023-02-17,2023-02-17,0.03057701
2023-02-18,2023-02-18,0.02283909
2023-02-19,2023-02-19,0.02820319
2023-02-20,2023-02-20,0.02712756
2023-02-21,2023-02-21,0.02638451
2023-02-22,2023-02-22,0.02500991
2023-02-23,2023-02-23,0.02986686
2023-02-24,2023-02-24,0.0293438
2023-02-25,2023-02-25,0.02504519
2023-02-26,2023-02-26,0.01840896
2023-02-27,2023-02-27,0.02809494
2023-02-28,2023-02-28,0.02545245
2023-03-01,2023-03-01,0.03128763
2023-03-02,2023-03-02,0.02097973
2023-03-03,2023-03-03,0.03580983
2023-03-04,2023-03-04,0.02522537
2023-03-05,2023-03-05,0.02785963
2023-03-06,2023-03-06,0.02663374
2023-03-07,2023-03-07,0.025458
2023-03-08,2023-03-08,0.03505616
2023-03-09,2023-03-09,0.03832583
2023-03-10,2023-03-10,0.04623062
2023-03-11,2023-03-11,0.05464947
2023-03-12,2023-03-12,0.04622287
2023-03-13,2023-03-13,0.05762122
2023-03-14,2023-03-14,0.0459137
2023-03-15,2023-03-15,0.03482984
2023-03-16,2023-03-16,0.03498069
2023-03-17,2023-03-17,0.04166544
2023-03-18,2023-03-18,0.03304832
2023-03-19,2023-03-19,0.02425608
2023-03-20,2023-03-20,0.02602826
2023-03-21,2023-03-21,0.02604637
2023-03-22,2023-03-22,0.03244773
2023-03-23,2023-03-23,0.02803015
2023-03-24,2023-03-24,0.02112019
2023-03-25,2023-03-25,0.01741473
2023-03-26,2023-03-26,0.01158634
2023-03-27,2023-03-27,0.01912238
2023-03-28,2023-03-28,0.02319765
2023-03-29,2023-03-29,0.0203934
2023-03-30,2023-03-30,0.02032688
2023-03-31,2023-03-31,0.02177382
2023-04-01,2023-04-01,0.01584435
2023-04-02,2023-04-02,0.01170876
2023-04-03,2023-04-03,0.01571724
2023-04-04,2023-04-04,0.01524476
2023-04-05,2023-04-05,0.01958914
2023-04-06,2023-04-06,0.01413072
2023-04-07,2023-04-07,0.01520621
2023-04-08,2023-04-08,0.0153407
2023-04-09,2023-04-09,0.01248238
2023-04-10,2023-04-10,0.01994535
2023-04-11,2023-04-11,0.0279477
2023-04-12,2023-04-12,0.01525336
2023-04-13,2023-04-13,0.02726776
2023-04-14,2023-04-14,0.02048887
2023-04-15,2023-04-15,0.01225608
2023-04-16,2023-04-16,0.01664889
2023-04-17,2023-04-17,0.01560894
2023-04-18,2023-04-18,0.0191687
2023-04-19,2023-04-19,0.02502847
2023-04-20,2023-04-20,0.02490878
2023-04-21,2023-04-21,0.03936024
2023-04-22,2023-04-22,0.01675915
2023-04-23,2023-04-23,0.01821437
2023-04-24,2023-04-24,0.01793249
2023-04-25,2023-04-25,0.02360503
2023-04-26,2023-04-26,0.02643872
2023-04-27,2023-04-27,0.02412342
2023-04-28,2023-04-28,0.02152017
2023-04-29,2023-04-29,0.01504933
2023-04-30,2023-04-30,0.01950583
2023-05-01,2023-05-01,0.0238782
2023-05-02,2023-05-02,0.02367732
2023-05-03,2023-05-03,0.0196674
2023-05-04,2023-05-04,0.02167875
2023-05-05,2023-05-05,0.02779752
2023-05-06,2023-05-06,0.01600045
2023-05-07,2023-05-07,0.00621316
2023-05-08,2023-05-08,0.02440459
2023-05-09,2023-05-09,0.02613144
2023-05-10,2023-05-10,0.02349111
2023-05-11,2023-05-11,0.02543601
2023-05-12,2023-05-12,0.02588837
2023-05-13,2023-05-13,0.02033478
2023-05-14,2023-05-14,0.0176976
2023-05-15,2023-05-15,0.02439627
2023-05-16,2023-05-16,0.01891924
2023-05-17,2023-05-17,0.0232514
2023-05-18,2023-05-18,0.0213366
2023-05-19,2023-05-19,0.02127734
2023-05-20,2023-05-20,0.01815256
2023-05-21,2023-05-21,0.01571852
2023-05-22,2023-05-22,0.01810339
2023-05-23,2023-05-23,0.02082883
2023-05-24,2023-05-24,0.01973926
2023-05-25,2023-05-25,0.03145089
2023-05-26,2023-05-26,0.02771466
2023-05-27,2023-05-27,0.02269494
2023-05-28,2023-05-28,0.02403671
2023-05-29,2023-05-29,0.02329875
2023-05-30,2023-05-30,0.02069861
2023-05-31,2023-05-31,0.01839801
2023-06-01,2023-06-01,0.01895131
2023-06-02,2023-06-02,0.0203297
2023-06-03,2023-06-03,0.02913503
2023-06-04,2023-06-04,0.01975699
2023-06-05,2023-06-05,0.02583283
2023-06-06,2023-06-06,0.0284492
2023-06-07,2023-06-07,0.04410197
2023-06-08,2023-06-08,0.03367218
2023-06-09,2023-06-09,0.02648388
2023-06-10,2023-06-10,0.04175991
2023-06-11,2023-06-11,0.0274567
2023-06-12,2023-06-12,0.03066357
2023-06-13,2023-06-13,0.03304029
2023-06-14,2023-06-14,0.03554138
2023-06-15,2023-06-15,0.05098714
2023-06-16,2023-06-16,0.0481198
2023-06-17,2023-06-17,0.04465214
2023-06-18,2023-06-18,0.04307188
2023-06-19,2023-06-19,0.03225435
2023-06-20,2023-06-20,0.04151299
2023-06-21,2023-06-21,0.04659918
2023-06-22,2023-06-22,0.03891276
2023-06-23,2023-06-23,0.04536578
2023-06-24,2023-06-24,0.05414635
2023-06-25,2023-06-25,0.04820064
2023-06-26,2023-06-26,0.0346916
2023-06-27,2023-06-27,0.03725397
2023-06-28,2023-06-28,0.03827376
2023-06-29,2023-06-29,0.03632701
2023-06-30,2023-06-30,0.04310337
2023-07-01,2023-07-01,0.04132348
2023-07-02,2023-07-02,0.04609273
2023-07-03,2023-07-03,0.03877312
2023-07-04,2023-07-04,0.04550152
2023-07-05,2023-07-05,0.04666677
2023-07-06,2023-07-06,0.04373083
2023-07-07,2023-07-07,0.041889
2023-07-08,2023-07-08,0.04029489
2023-07-09,2023-07-09,0.04007561
2023-07-10,2023-07-10,0.04138418
2023-07-11,2023-07-11,0.04482366
2023-07-12,2023-07-12,0.04128999
2023-07-13,2023-07-13,0.04800797
2023-07-14,2023-07-14,0.04435875
2023-07-15,2023-07-15,0.03273914
2023-07-16,2023-07-16,0.03070096
2023-07-17,2023-07-17,0.03039807
2023-07-18,2023-07-18,0.0271137
2023-07-19,2023-07-19,0.04141153
2023-07-20,2023-07-20,0.03277278
2023-07-21,2023-07-21,0.02963076
2023-07-22,2023-07-22,0.02704922
2023-07-23,2023-07-23,0.03368711
2023-07-24,2023-07-24,0.03938143
2023-07-25,2023-07-25,0.04288903
2023-07-26,2023-07-26,0.05250315
2023-07-27,2023-07-27,0.05737968
2023-07-28,2023-07-28,0.04549984
2023-07-29,2023-07-29,0.05602644
2023-07-30,2023-07-30,0.0390544
2023-07-31,2023-07-31,0.03521845
2023-08-01,2023-08-01,0.040159
2023-08-02,2023-08-02,0.05033296
2023-08-03,2023-08-03,0.0399885
2023-08-04,2023-08-04,0.03434957
2023-08-05,2023-08-05,0.03891376
2023-08-06,2023-08-06,0.03966504
2023-08-07,2023-08-07,0.03771839
2023-08-08,2023-08-08,0.03259321
2023-08-09,2023-08-09,0.03044238
2023-08-10,2023-08-10,0.02414541
2023-08-11,2023-08-11,0.02777071
2023-08-12,2023-08-12,0.02816091
2023-08-13,2023-08-13,0.02820999
2023-08-14,2023-08-14,0.02990946
2023-08-15,2023-08-15,0.03560891
2023-08-16,2023-08-16,0.03035867
2023-08-17,2023-08-17,0.03369791
2023-08-18,2023-08-18,0.03677396
2023-08-19,2023-08-19,0.0310788
2023-08-20,2023-08-20,0.03018875
2023-08-21,2023-08-21,0.02730762
2023-08-22,2023-08-22,0.02654695
2023-08-23,2023-08-23,0.03955154
2023-08-24,2023-08-24,0.0289887
2023-08-25,2023-08-25,0.02797366
2023-08-26,2023-08-26,0.02768734
2023-08-27,2023-08-27,0.01912157
2023-08-28,2023-08-28,0.01804558
2023-08-29,2023-08-29,0.03547765
2023-08-30,2023-08-30,0.024349
2023-08-31,2023-08-31,0.03015496
2023-09-01,2023-09-01,0.0337763
2023-09-02,2023-09-02,0.02832528
2023-09-03,2023-09-03,0.03397316
2023-09-04,2023-09-04,0.02601674
2023-09-05,2023-09-05,0.0253243
2023-09-06,2023-09-06,0.02848314
2023-09-07,2023-09-07,0.02994368
2023-09-08,2023-09-08,0.03472409
2023-09-09,2023-09-09,0.02420265
2023-09-10,2023-09-10,0.02283511
2023-09-11,2023-09-11,0.02982613
2023-09-12,2023-09-12,0.0319098
2023-09-13,2023-09-13,0.02794496
2023-09-14,2023-09-14,0.03040976
2023-09-15,2023-09-15,0.02434728
2023-09-16,2023-09-16,0.02316435
2023-09-17,2023-09-17,0.01963491
2023-09-18,2023-09-18,0.02910278
2023-09-19,2023-09-19,0.02747589
2023-09-20,2023-09-20,0.0241348
2023-09-21,2023-09-21,0.03023046
2023-09-22,2023-09-22,0.02856776
2023-09-23,2023-09-23,0.02291891
2023-09-24,2023-09-24,0.03100583
2023-09-25,2023-09-25,0.02847381
2023-09-26,2023-09-26,0.03066734
2023-09-27,2023-09-27,0.03115121
2023-09-28,2023-09-28,0.04106984
2023-09-29,2023-09-29,0.02288705
2023-09-30,2023-09-30,0.02042097
2023-10-01,2023-10-01,0.02679564
2023-10-02,2023-10-02,0.02961644
2023-10-03,2023-10-03,0.02323717
2023-10-04,2023-10-04,0.02116592
2023-10-05,2023-10-05,0.02182909
2023-10-06,2023-10-06,0.02146582
2023-10-07,2023-10-07,0.01668055
2023-10-08,2023-10-08,0.01746396
2023-10-09,2023-10-09,0.02706477
2023-10-10,2023-10-10,0.02220771
2023-10-11,2023-10-11,0.02510963
2023-10-12,2023-10-12,0.02981996
2023-10-13,2023-10-13,0.03047306
2023-10-14,2023-10-14,0.01803261
2023-10-15,2023-10-15,0.02815106
2023-10-16,2023-10-16,0.03850279
2023-10-17,2023-10-17,0.03146863
2023-10-18,2023-10-18,0.02533441
2023-10-19,2023-10-19,0.03017541
2023-10-20,2023-10-20,0.03580885
2023-10-21,2023-10-21,0.03029619
2023-10-22,2023-10-22,0.02564304
2023-10-23,2023-10-23,0.03044055
2023-10-24,2023-10-24,0.03040813
2023-10-25,2023-10-25,0.02879067
2023-10-26,2023-10-26,0.02686312
2023-10-27,2023-10-27,0.03318049
2023-10-28,2023-10-28,0.02577831
2023-10-29,2023-10-29,0.0216279
2023-10-30,2023-10-30,0.02576122
2023-10-31,2023-10-31,0.02826954
2023-11-01,2023-11-01,0.03537972
2023-11-02,2023-11-02,0.03746127
2023-11-03,2023-11-03,0.02881281
2023-11-04,2023-11-04,0.02139753
2023-11-05,2023-11-05,0.02423388
2023-11-06,2023-11-06,0.02353797
2023-11-07,2023-11-07,0.02381564
2023-11-08,2023-11-08,0.01980103
2023-11-09,2023-11-09,0.02882501
2023-11-10,2023-11-10,0.06021026
2023-11-11,2023-11-11,0.02460759
2023-11-12,2023-11-12,0.027905
2023-11-13,2023-11-13,0.02474216
2023-11-14,2023-11-14,0.02440606
2023-11-15,2023-11-15,0.03122978
2023-11-16,2023-11-16,0.01766259
2023-11-17,2023-11-17,0.02485362
2023-11-18,2023-11-18,0.02021912
2023-11-19,2023-11-19,0.02169396
2023-11-20,2023-11-20,0.02509249
2023-11-21,2023-11-21,0.02622283
2023-11-22,2023-11-22,0.03009076
2023-11-23,2023-11-23,0.03477011
2023-11-24,2023-11-24,0.02844713
2023-11-25,2023-11-25,0.0206247
2023-11-26,2023-11-26,0.02159149
2023-11-27,2023-11-27,0.02356725
2023-11-28,2023-11-28,0.03394132
2023-11-29,2023-11-29,0.02573961
2023-11-30,2023-11-30,0.02257427
2023-12-01,2023-12-01,0.0270331
2023-12-02,2023-12-02,0.02606304
2023-12-03,2023-12-03,0.01886958
2023-12-04,2023-12-04,0.02906548
2023-12-05,2023-12-05,0.02228801
2023-12-06,2023-12-06,0.03039422
2023-12-07,2023-12-07,0.03039282
2023-12-08,2023-12-08,0.02445032
2023-12-09,2023-12-09,0.02868214
2023-12-10,2023-12-10,0.02193192
2023-12-11,2023-12-11,0.02987937
2023-12-12,2023-12-12,0.0245321
2023-12-13,2023-12-13,0.03208117
2023-12-14,2023-12-14,0.0178392
2023-12-15,2023-12-15,0.02028535
2023-12-16,2023-12-16,0.01229303
2023-12-17,2023-12-17,0.02797023
2023-12-18,2023-12-18,0.03541092
2023-12-19,2023-12-19,0.02419136
2023-12-20,2023-12-20,0.0304742
2023-12-21,2023-12-21,0.02242281
2023-12-22,2023-12-22,0.01896716
2023-12-23,2023-12-23,0.01725014
2023-12-24,2023-12-24,0.02101254
2023-12-25,2023-12-25,0.05051379
2023-12-26,2023-12-26,0.01769911
2023-12-27,2023-12-27,0.02086802
2023-12-28,2023-12-28,0.019297
2023-12-29,2023-12-29,0.01772664
2023-12-30,2023-12-30,0.04251232
2023-12-31,2023-12-31,0.03246653
2024-01-01,2024-01-01,0.02349981
2024-01-02,2024-01-02,0.0396773
2024-01-03,2024-01-03,0.03220816
2024-01-04,2024-01-04,0.02414337
2024-01-05,2024-01-05,0.03035138
2024-01-06,2024-01-06,0.02776258
2024-01-07,2024-01-07,0.02153107
2024-01-08,2024-01-08,0.03453481
2024-01-09,2024-01-09,0.02299378
2024-01-10,2024-01-10,0.02260673
2024-01-11,2024-01-11,0.03440551
2024-01-12,2024-01-12,0.02406758
2024-01-13,2024-01-13,0.02271866
2024-01-14,2024-01-14,0.02632812
2024-01-15,2024-01-15,0.03007738
2024-01-16,2024-01-16,0.01961135
2024-01-17,2024-01-17,0.01513355
2024-01-18,2024-01-18,0.01754881
2024-01-19,2024-01-19,0.02487777
2024-01-20,2024-01-20,0.0253134
2024-01-21,2024-01-21,0.01873666
2024-01-22,2024-01-22,0.0212345
2024-01-23,2024-01-23,0.02351541
2024-01-24,2024-01-24,0.01676736
2024-01-25,2024-01-25,0.02149927
2024-01-26,2024-01-26,0.02436914
2024-01-27,2024-01-27,0.02020548
2024-01-28,2024-01-28,0.02854221
2024-01-29,2024-01-29,0.02255448
2024-01-30,2024-01-30,0.0248548
2024-01-31,2024-01-31,0.01507329
2024-02-01,2024-02-01,0.02431433
2024-02-02,2024-02-02,0.02562326
2024-02-03,2024-02-03,0.01825685
2024-02-04,2024-02-04,0.02040627
2024-02-05,2024-02-05,0.02070488
2024-02-06,2024-02-06,0.01953109
2024-02-07,2024-02-07,0.02664252
2024-02-08,2024-02-08,0.03085263
2024-02-09,2024-02-09,0.03011237
2024-02-10,2024-02-10,0.02350645
2024-02-11,2024-02-11,0.02441318
2024-02-12,2024-02-12,0.0246848
2024-02-13,2024-02-13,0.02180585
2024-02-14,2024-02-14,0.0214568
2024-02-15,2024-02-15,0.02618806
2024-02-16,2024-02-16,0.0209173
2024-02-17,2024-02-17,0.02687763
2024-02-18,2024-02-18,0.02204971
2024-02-19,2024-02-19,0.01930082
2024-02-20,2024-02-20,0.02157135
2024-02-21,2024-02-21,0.02149312
2024-02-22,2024-02-22,0.0224479
2024-02-23,2024-02-23,0.02376793
2024-02-24,2024-02-24,0.02172208
2024-02-25,2024-02-25,0.02167688
2024-02-26,2024-02-26,0.02388547
2024-02-27,2024-02-27,0.02587599
2024-02-28,2024-02-28,0.02652851
2024-02-29,2024-02-29,0.02465174
2024-03-01,2024-03-01,0.02330437
2024-03-02,2024-03-02,0.02582885
2024-03-03,2024-03-03,0.02177328
2024-03-04,2024-03-04,0.02219368
2024-03-05,2024-03-05,0.02594246
2024-03-06,2024-03-06,0.01877521
2024-03-07,2024-03-07,0.01894799
2024-03-08,2024-03-08,0.02435739
2024-03-09,2024-03-09,0.02597135
2024-03-10,2024-03-10,0.03174336
2024-03-11,2024-03-11,0.02488289
2024-03-12,2024-03-12,0.01785907
2024-03-13,2024-03-13,0.01683612
2024-03-14,2024-03-14,0.02536942
2024-03-15,2024-03-15,0.02766804
2024-03-16,2024-03-16,0.03147005
2024-03-17,2024-03-17,0.02331773
2024-03-18,2024-03-18,0.01981203
2024-03-19,2024-03-19,0.03555386
2024-03-20,2024-03-20,0.02451085
2024-03-21,2024-03-21,0.02997559
2024-03-22,2024-03-22,0.02570416
2024-03-23,2024-03-23,0.01707632
2024-03-24,2024-03-24,0.02260142
2024-03-25,2024-03-25,0.01928264
2024-03-26,2024-03-26,0.01893522
2024-03-27,2024-03-27,0.02306875
2024-03-28,2024-03-28,0.02510181
2024-03-29,2024-03-29,0.01830175
2024-03-30,2024-03-30,0.0221206
2024-03-31,2024-03-31,0.02111023
2024-04-01,2024-04-01,0.01552065
2024-04-02,2024-04-02,0.02584645
2024-04-03,2024-04-03,0.0160066
2024-04-04,2024-04-04,0.02560671
2024-04-05,2024-04-05,0.02646913
2024-04-06,2024-04-06,0.01595726
2024-04-07,2024-04-07,0.01745392
2024-04-08,2024-04-08,0.02142662
2024-04-09,2024-04-09,0.0247044
2024-04-10,2024-04-10,0.0221881
2024-04-11,2024-04-11,0.01495438
2024-04-12,2024-04-12,0.02674149
2024-04-13,2024-04-13,0.03103007
2024-04-14,2024-04-14,0.02800259
2024-04-15,2024-04-15,0.01762149
2024-04-16,2024-04-16,0.01870762
2024-04-17,2024-04-17,0.02021919
2024-04-18,2024-04-18,0.05300206
2024-04-19,2024-04-19,0.02118082
2024-04-20,2024-04-20,0.01482314
2024-04-21,2024-04-21,0.01539342
2024-04-22,2024-04-22,0.01941485
2024-04-23,2024-04-23,0.01234867
2024-04-24,2024-04-24,0.02338609
2024-04-25,2024-04-25,0.02410003
2024-04-26,2024-04-26,0.01609694
2024-04-27,2024-04-27,0.01453046
2024-04-28,2024-04-28,0.01865175
2024-04-29,2024-04-29,0.01821657
2024-04-30,2024-04-30,0.02253767
2024-05-01,2024-05-01,0.02489622
2024-05-02,2024-05-02,0.02627841
2024-05-03,2024-05-03,0.02602344
2024-05-04,2024-05-04,0.02380805
2024-05-05,2024-05-05,0.01643142
2024-05-06,2024-05-06,0.02048683
2024-05-07,2024-05-07,0.01622117
2024-05-08,2024-05-08,0.02160055
2024-05-09,2024-05-09,0.02217118
2024-05-10,2024-05-10,0.0205594
2024-05-11,2024-05-11,0.0197552
2024-05-12,2024-05-12,0.01842404
2024-05-13,2024-05-13,0.02366391
2024-05-14,2024-05-14,0.0181402
2024-05-15,2024-05-15,0.02804276
2024-05-16,2024-05-16,0.01990523
2024-05-17,2024-05-17,0.01881083
2024-05-18,2024-05-18,0.0195206
2024-05-19,2024-05-19,0.01629617
2024-05-20,2024-05-20,0.02291963
2024-05-21,2024-05-21,0.02767219
2024-05-22,2024-05-22,0.02496768
2024-05-23,2024-05-23,0.02800432
2024-05-24,2024-05-24,0.02578257
2024-05-25,2024-05-25,0.02267168
2024-05-26,2024-05-26,0.01717915
2024-05-27,2024-05-27,0.02542279
2024-05-28,2024-05-28,0.01380752
2024-05-29,2024-05-29,0.01718046
2024-05-30,2024-05-30,0.01969162
2024-05-31,2024-05-31,0.02010439
2024-06-01,2024-06-01,0.01355115
2024-06-02,2024-06-02,0.01140133
2024-06-03,2024-06-03,0.02046046
2024-06-04,2024-06-04,0.01755466
2024-06-05,2024-06-05,0.02120689
2024-06-06,2024-06-06,0.02017756
2024-06-07,2024-06-07,0.01085882
2024-06-08,2024-06-08,0.02505858
2024-06-09,2024-06-09,0.01320886
2024-06-10,2024-06-10,0.01193304
2024-06-11,2024-06-11,0.02392278
2024-06-12,2024-06-12,0.0254614
2024-06-13,2024-06-13,0.03156311
2024-06-14,2024-06-14,0.02140092
2024-06-15,2024-06-15,0.01623767
2024-06-16,2024-06-16,0.01445891
2024-06-17,2024-06-17,0.02290095
2024-06-18,2024-06-18,0.02275593
2024-06-19,2024-06-19,0.02484363
2024-06-20,2024-06-20,0.02128633
2024-06-21,2024-06-21,0.01803132
2024-06-22,2024-06-22,0.02117904
2024-06-23,2024-06-23,0.01762044
2024-06-24,2024-06-24,0.02119552
2024-06-25,2024-06-25,0.02965342
2024-06-26,2024-06-26,0.02340422
2024-06-27,2024-06-27,0.01184168
2024-06-28,2024-06-28,0.022333
2024-06-29,2024-06-29,0.01784301
2024-06-30,2024-06-30,0.02103273
2024-07-01,2024-07-01,0.02621857
2024-07-02,2024-07-02,0.02261945
2024-07-03,2024-07-03,0.01884511
2024-07-04,2024-07-04,0.02504766
2024-07-05,2024-07-05,0.03064442
2024-07-06,2024-07-06,0.0245711
2024-07-07,2024-07-07,0.02028063
2024-07-08,2024-07-08,0.01953756
2024-07-09,2024-07-09,0.0187402
2024-07-10,2024-07-10,0.01589516
2024-07-11,2024-07-11,0.01763093
2024-07-12,2024-07-12,0.01742094
2024-07-13,2024-07-13,0.01618962
2024-07-14,2024-07-14,0.01922261
2024-07-15,2024-07-15,0.02306452
2024-07-16,2024-07-16,0.01691303
2024-07-17,2024-07-17,0.02044887
2024-07-18,2024-07-18,0.02870592
2024-07-19,2024-07-19,0.02870053
2024-07-20,2024-07-20,0.01799915
2024-07-21,2024-07-21,0.02002599
2024-07-22,2024-07-22,0.01958558
2024-07-23,2024-07-23,0.01730872
2024-07-24,2024-07-24,0.01591578
2024-07-25,2024-07-25,0.02847585
2024-07-26,2024-07-26,0.02814955
2024-07-27,2024-07-27,0.01937069
2024-07-28,2024-07-28,0.02312298
2024-07-29,2024-07-29,0.02572833
2024-07-30,2024-07-30,0.0200306
2024-07-31,2024-07-31,0.01318795
2024-08-01,2024-08-01,0.02225975
2024-08-02,2024-08-02,0.01750002
2024-08-03,2024-08-03,0.02731417
2024-08-04,2024-08-04,0.02465264
2024-08-05,2024-08-05,0.03568385
2024-08-06,2024-08-06,0.02363778
2024-08-07,2024-08-07,0.02632724
2024-08-08,2024-08-08,0.02613237
2024-08-09,2024-08-09,0.01948682
2024-08-10,2024-08-10,0.01391775
2024-08-11,2024-08-11,0.01347826
2024-08-12,2024-08-12,0.01996353
2024-08-13,2024-08-13,0.01586953
2024-08-14,2024-08-14,0.01972323
2024-08-15,2024-08-15,0.03005747
2024-08-16,2024-08-16,0.03273256
2024-08-17,2024-08-17,0.01629982
2024-08-18,2024-08-18,0.01601396
2024-08-19,2024-08-19,0.01658042
2024-08-20,2024-08-20,0.02108047
2024-08-21,2024-08-21,0.02266466
2024-08-22,2024-08-22,0.02038194
2024-08-23,2024-08-23,0.0257731
2024-08-24,2024-08-24,0.02264492
2024-08-25,2024-08-25,0.01804555
2024-08-26,2024-08-26,0.01996621
2024-08-27,2024-08-27,0.01458315
2024-08-28,2024-08-28,0.02245499
2024-08-29,2024-08-29,0.02487242
2024-08-30,2024-08-30,0.02542294
2024-08-31,2024-08-31,0.02424927
2024-09-01,2024-09-01,0.00976044
2024-09-02,2024-09-02,0.02323209
2024-09-03,2024-09-03,0.01458022
2024-09-04,2024-09-04,0.01574392
2024-09-05,2024-09-05,0.0164727
2024-09-06,2024-09-06,0.0235285
2024-09-07,2024-09-07,0.02217437
2024-09-08,2024-09-08,0.01041742
2024-09-09,2024-09-09,0.02092714
2024-09-10,2024-09-10,0.01020248
2024-09-11,2024-09-11,0.01431783
2024-09-12,2024-09-12,0.015427
2024-09-13,2024-09-13,0.02215361
2024-09-14,2024-09-14,0.01732623
2024-09-15,2024-09-15,0.01512538
2024-09-16,2024-09-16,0.01661331
2024-09-17,2024-09-17,0.01865381
2024-09-18,2024-09-18,0.01783391
2024-09-19,2024-09-19,0.02755418
2024-09-20,2024-09-20,0.01995797
2024-09-21,2024-09-21,0.01912423
2024-09-22,2024-09-22,0.01921296
2024-09-23,2024-09-23,0.01638889
2024-09-24,2024-09-24,0.02359805
2024-09-25,2024-09-25,0.01645791
2024-09-26,2024-09-26,0.02061033
2024-09-27,2024-09-27,0.02345844
2024-09-28,2024-09-28,0.01186363
2024-09-29,2024-09-29,0.01065713
2024-09-30,2024-09-30,0.01958385
2024-10-01,2024-10-01,0.02820716
2024-10-02,2024-10-02,0.02188389
2024-10-03,2024-10-03,0.01595032
2024-10-04,2024-10-04,0.01506065
2024-10-05,2024-10-05,0.01262851
2024-10-06,2024-10-06,0.01508831
2024-10-07,2024-10-07,0.02071456
2024-10-08,2024-10-08,0.01608526
2024-10-09,2024-10-09,0.01729868
2024-10-10,2024-10-10,0.02508544
2024-10-11,2024-10-11,0.02813953
2024-10-12,2024-10-12,0.02273122
2024-10-13,2024-10-13,0.01669206
2024-10-14,2024-10-14,0.03742729
2024-10-15,2024-10-15,0.02958096
2024-10-16,2024-10-16,0.03145195
2024-10-17,2024-10-17,0.02839486
2024-10-18,2024-10-18,0.0336099
2024-10-19,2024-10-19,0.02222659
2024-10-20,2024-10-20,0.01834351
2024-10-21,2024-10-21,0.03089858
2024-10-22,2024-10-22,0.02453814
2024-10-23,2024-10-23,0.03128157
2024-10-24,2024-10-24,0.02027783
2024-10-25,2024-10-25,0.03695977
2024-10-26,2024-10-26,0.02603617
2024-10-27,2024-10-27,0.02645134
2024-10-28,2024-10-28,0.0329413
2024-10-29,2024-10-29,0.03189604
2024-10-30,2024-10-30,0.02648716
2024-10-31,2024-10-31,0.02604088
2024-11-01,2024-11-01,0.03174208
2024-11-02,2024-11-02,0.02336163
2024-11-03,2024-11-03,0.03196854
2024-11-04,2024-11-04,0.03310875
2024-11-05,2024-11-05,0.02508835
2024-11-06,2024-11-06,0.03864452
2024-11-07,2024-11-07,0.03978672
2024-11-08,2024-11-08,0.03199113
2024-11-09,2024-11-09,0.01949432
2024-11-10,2024-11-10,0.03116059
2024-11-11,2024-11-11,0.0287653
2024-11-12,2024-11-12,0.04187819
2024-11-13,2024-11-13,0.03481044
2024-11-14,2024-11-14,0.0297949
2024-11-15,2024-11-15,0.03312272
2024-11-16,2024-11-16,0.03531051
2024-11-17,2024-11-17,0.02515773
2024-11-18,2024-11-18,0.03122022
2024-11-19,2024-11-19,0.03019274
2024-11-20,2024-11-20,0.02808014
2024-11-21,2024-11-21,0.02410688
2024-11-22,2024-11-22,0.02886592
2024-11-23,2024-11-23,0.03468523
2024-11-24,2024-11-24,0.0257539
2024-11-25,2024-11-25,0.02673876
2024-11-26,2024-11-26,0.03516601
2024-11-27,2024-11-27,0.03594923
2024-11-28,2024-11-28,0.0243421
2024-11-29,2024-11-29,0.02717954
