start_time,date,stablecoin_supply_ratio
2021-01-01,2021-01-01,26.91078963
2021-01-02,2021-01-02,29.24375307
2021-01-03,2021-01-03,29.73304968
2021-01-04,2021-01-04,28.51287246
2021-01-05,2021-01-05,30.09073195
2021-01-06,2021-01-06,32.19085248
2021-01-07,2021-01-07,33.87819157
2021-01-08,2021-01-08,34.46487856
2021-01-09,2021-01-09,33.82853326
2021-01-10,2021-01-10,31.99050842
2021-01-11,2021-01-11,29.65955979
2021-01-12,2021-01-12,28.33266717
2021-01-13,2021-01-13,30.99181255
2021-01-14,2021-01-14,32.18302206
2021-01-15,2021-01-15,30.21763605
2021-01-16,2021-01-16,29.30696577
2021-01-17,2021-01-17,28.98734044
2021-01-18,2021-01-18,29.55711685
2021-01-19,2021-01-19,28.85245135
2021-01-20,2021-01-20,28.29040489
2021-01-21,2021-01-21,24.68210424
2021-01-22,2021-01-22,26.16890848
2021-01-23,2021-01-23,25.3700913
2021-01-24,2021-01-24,25.42430378
2021-01-25,2021-01-25,25.26914387
2021-01-26,2021-01-26,25.39267694
2021-01-27,2021-01-27,23.48977136
2021-01-28,2021-01-28,25.69369104
2021-01-29,2021-01-29,25.7234487
2021-01-30,2021-01-30,25.46442958
2021-01-31,2021-01-31,24.52083489
2021-02-01,2021-02-01,24.82612449
2021-02-02,2021-02-02,26.02794724
2021-02-03,2021-02-03,25.135259
2021-02-04,2021-02-04,24.39408739
2021-02-05,2021-02-05,24.80515875
2021-02-06,2021-02-06,25.29320308
2021-02-07,2021-02-07,24.74883736
2021-02-08,2021-02-08,29.3470897
2021-02-09,2021-02-09,29.13772489
2021-02-10,2021-02-10,27.89081213
2021-02-11,2021-02-11,29.71040219
2021-02-12,2021-02-12,29.08256637
2021-02-13,2021-02-13,28.75907753
2021-02-14,2021-02-14,29.40454225
2021-02-15,2021-02-15,28.89799784
2021-02-16,2021-02-16,29.43876636
2021-02-17,2021-02-17,31.16273404
2021-02-18,2021-02-18,30.67033119
2021-02-19,2021-02-19,32.94846475
2021-02-20,2021-02-20,32.60362681
2021-02-21,2021-02-21,33.28054121
2021-02-22,2021-02-22,31.23808201
2021-02-23,2021-02-23,28.11412769
2021-02-24,2021-02-24,28.30298616
2021-02-25,2021-02-25,26.6653466
2021-02-26,2021-02-26,25.99369234
2021-02-27,2021-02-27,25.86459433
2021-02-28,2021-02-28,25.17354114
2021-03-01,2021-03-01,27.40904536
2021-03-02,2021-03-02,26.76231584
2021-03-03,2021-03-03,27.87911813
2021-03-04,2021-03-04,26.80652843
2021-03-05,2021-03-05,26.97129723
2021-03-06,2021-03-06,26.92449613
2021-03-07,2021-03-07,27.97800365
2021-03-08,2021-03-08,28.77371638
2021-03-09,2021-03-09,30.05470254
2021-03-10,2021-03-10,30.38040562
2021-03-11,2021-03-11,31.16618807
2021-03-12,2021-03-12,30.78675958
2021-03-13,2021-03-13,32.76056874
2021-03-14,2021-03-14,31.51925811
2021-03-15,2021-03-15,29.41665005
2021-03-16,2021-03-16,29.87041942
2021-03-17,2021-03-17,30.76104601
2021-03-18,2021-03-18,29.94409519
2021-03-19,2021-03-19,29.88969449
2021-03-20,2021-03-20,29.75350235
2021-03-21,2021-03-21,29.2780354
2021-03-22,2021-03-22,27.54749351
2021-03-23,2021-03-23,27.54183161
2021-03-24,2021-03-24,26.35276939
2021-03-25,2021-03-25,25.75330512
2021-03-26,2021-03-26,27.36866373
2021-03-27,2021-03-27,27.6634115
2021-03-28,2021-03-28,27.53799297
2021-03-29,2021-03-29,28.5277943
2021-03-30,2021-03-30,28.99820902
2021-03-31,2021-03-31,28.99798231
2021-04-01,2021-04-01,28.78971218
2021-04-02,2021-04-02,28.80193096
2021-04-03,2021-04-03,27.87332368
2021-04-04,2021-04-04,28.2594707
2021-04-05,2021-04-05,28.6936132
2021-04-06,2021-04-06,28.18335583
2021-04-07,2021-04-07,26.88119817
2021-04-08,2021-04-08,27.79383576
2021-04-09,2021-04-09,27.56032836
2021-04-10,2021-04-10,28.29518457
2021-04-11,2021-04-11,28.30091315
2021-04-12,2021-04-12,28.32491229
2021-04-13,2021-04-13,30.03699104
2021-04-14,2021-04-14,29.23315737
2021-04-15,2021-04-15,29.15893209
2021-04-16,2021-04-16,27.6624412
2021-04-17,2021-04-17,26.7252723
2021-04-18,2021-04-18,24.89455279
2021-04-19,2021-04-19,24.68706159
2021-04-20,2021-04-20,24.75952806
2021-04-21,2021-04-21,23.39270755
2021-04-22,2021-04-22,22.52197761
2021-04-23,2021-04-23,22.15893932
2021-04-24,2021-04-24,21.50800104
2021-04-25,2021-04-25,21.03846012
2021-04-26,2021-04-26,22.92479079
2021-04-27,2021-04-27,23.24682769
2021-04-28,2021-04-28,23.06599624
2021-04-29,2021-04-29,22.25300433
2021-04-30,2021-04-30,23.73966219
2021-05-01,2021-05-01,23.70285014
2021-05-02,2021-05-02,23.05457244
2021-05-03,2021-05-03,23.15504113
2021-05-04,2021-05-04,21.33112274
2021-05-05,2021-05-05,22.76376718
2021-05-06,2021-05-06,22.09808996
2021-05-07,2021-05-07,22.3761013
2021-05-08,2021-05-08,22.82964186
2021-05-09,2021-05-09,22.40920899
2021-05-10,2021-05-10,21.14277243
2021-05-11,2021-05-11,21.36472246
2021-05-12,2021-05-12,18.62194763
2021-05-13,2021-05-13,18.67655872
2021-05-14,2021-05-14,18.58486563
2021-05-15,2021-05-15,17.36536751
2021-05-16,2021-05-16,17.25801305
2021-05-17,2021-05-17,15.82403196
2021-05-18,2021-05-18,15.53043846
2021-05-19,2021-05-19,13.09187374
2021-05-20,2021-05-20,14.29746594
2021-05-21,2021-05-21,12.88967564
2021-05-22,2021-05-22,12.86842869
2021-05-23,2021-05-23,11.9259988
2021-05-24,2021-05-24,13.27961054
2021-05-25,2021-05-25,13.04477973
2021-05-26,2021-05-26,13.23076183
2021-05-27,2021-05-27,12.9015843
2021-05-28,2021-05-28,11.8839926
2021-05-29,2021-05-29,11.49301619
2021-05-30,2021-05-30,11.80990276
2021-05-31,2021-05-31,11.84544367
2021-06-01,2021-06-01,11.46775757
2021-06-02,2021-06-02,11.76150278
2021-06-03,2021-06-03,12.27340714
2021-06-04,2021-06-04,11.52009607
2021-06-05,2021-06-05,11.08182268
2021-06-06,2021-06-06,11.15670863
2021-06-07,2021-06-07,10.39382837
2021-06-08,2021-06-08,10.33237199
2021-06-09,2021-06-09,11.54600186
2021-06-10,2021-06-10,11.33563398
2021-06-11,2021-06-11,11.49246624
2021-06-12,2021-06-12,10.92742425
2021-06-13,2021-06-13,11.97193098
2021-06-14,2021-06-14,12.38171515
2021-06-15,2021-06-15,12.24329224
2021-06-16,2021-06-16,11.69043618
2021-06-17,2021-06-17,11.65740741
2021-06-18,2021-06-18,10.95756774
2021-06-19,2021-06-19,10.82518929
2021-06-20,2021-06-20,10.84928576
2021-06-21,2021-06-21,9.56506565
2021-06-22,2021-06-22,9.8286231
2021-06-23,2021-06-23,10.11902731
2021-06-24,2021-06-24,10.35966232
2021-06-25,2021-06-25,9.43079917
2021-06-26,2021-06-26,9.6312874
2021-06-27,2021-06-27,10.33183184
2021-06-28,2021-06-28,10.38587412
2021-06-29,2021-06-29,10.81030981
2021-06-30,2021-06-30,10.54362822
2021-07-01,2021-07-01,10.06540397
2021-07-02,2021-07-02,10.13133337
2021-07-03,2021-07-03,10.38527706
2021-07-04,2021-07-04,10.55941393
2021-07-05,2021-07-05,10.08482117
2021-07-06,2021-07-06,10.21068424
2021-07-07,2021-07-07,10.08924201
2021-07-08,2021-07-08,9.7873908
2021-07-09,2021-07-09,10.03553002
2021-07-10,2021-07-10,9.95430224
2021-07-11,2021-07-11,10.17184148
2021-07-12,2021-07-12,9.78566862
2021-07-13,2021-07-13,9.69540161
2021-07-14,2021-07-14,9.69290225
2021-07-15,2021-07-15,9.49346703
2021-07-16,2021-07-16,9.34083714
2021-07-17,2021-07-17,9.36030554
2021-07-18,2021-07-18,9.430063
2021-07-19,2021-07-19,9.14555897
2021-07-20,2021-07-20,8.82981714
2021-07-21,2021-07-21,9.50644061
2021-07-22,2021-07-22,9.54958715
2021-07-23,2021-07-23,9.95105995
2021-07-24,2021-07-24,10.12665273
2021-07-25,2021-07-25,10.45489538
2021-07-26,2021-07-26,11.00629278
2021-07-27,2021-07-27,11.65866993
2021-07-28,2021-07-28,11.81001007
2021-07-29,2021-07-29,11.78327126
2021-07-30,2021-07-30,12.41100663
2021-07-31,2021-07-31,12.19003839
2021-08-01,2021-08-01,11.70274069
2021-08-02,2021-08-02,11.49395089
2021-08-03,2021-08-03,11.19952822
2021-08-04,2021-08-04,11.63671818
2021-08-05,2021-08-05,11.77127235
2021-08-06,2021-08-06,12.34731543
2021-08-07,2021-08-07,12.82700227
2021-08-08,2021-08-08,12.57596407
2021-08-09,2021-08-09,13.31149479
2021-08-10,2021-08-10,13.11713983
2021-08-11,2021-08-11,13.08316553
2021-08-12,2021-08-12,12.771965
2021-08-13,2021-08-13,13.76802838
2021-08-14,2021-08-14,13.55559455
2021-08-15,2021-08-15,13.52086546
2021-08-16,2021-08-16,13.20133563
2021-08-17,2021-08-17,12.84846487
2021-08-18,2021-08-18,12.8299797
2021-08-19,2021-08-19,13.44357449
2021-08-20,2021-08-20,14.18912804
2021-08-21,2021-08-21,14.05634008
2021-08-22,2021-08-22,14.18075415
2021-08-23,2021-08-23,14.25925648
2021-08-24,2021-08-24,13.26092234
2021-08-25,2021-08-25,13.59705578
2021-08-26,2021-08-26,13.01293353
2021-08-27,2021-08-27,13.59385067
2021-08-28,2021-08-28,13.5514097
2021-08-29,2021-08-29,13.50550214
2021-08-30,2021-08-30,13.01874097
2021-08-31,2021-08-31,13.03524399
2021-09-01,2021-09-01,13.4887477
2021-09-02,2021-09-02,13.51709167
2021-09-03,2021-09-03,13.72542452
2021-09-04,2021-09-04,13.69616159
2021-09-05,2021-09-05,14.18104017
2021-09-06,2021-09-06,14.43272565
2021-09-07,2021-09-07,12.80493177
2021-09-08,2021-09-08,12.52656417
2021-09-09,2021-09-09,12.5963726
2021-09-10,2021-09-10,12.16366724
2021-09-11,2021-09-11,12.23070708
2021-09-12,2021-09-12,12.48536056
2021-09-13,2021-09-13,12.20156961
2021-09-14,2021-09-14,12.80169118
2021-09-15,2021-09-15,13.07148795
2021-09-16,2021-09-16,12.96697351
2021-09-17,2021-09-17,12.81647726
2021-09-18,2021-09-18,13.07243593
2021-09-19,2021-09-19,12.77854474
2021-09-20,2021-09-20,11.61295351
2021-09-21,2021-09-21,11.00370772
2021-09-22,2021-09-22,11.71633066
2021-09-23,2021-09-23,12.02323232
2021-09-24,2021-09-24,11.42607697
2021-09-25,2021-09-25,11.38067754
2021-09-26,2021-09-26,11.4756444
2021-09-27,2021-09-27,11.1832653
2021-09-28,2021-09-28,10.94127194
2021-09-29,2021-09-29,11.07485726
2021-09-30,2021-09-30,11.7495915
2021-10-01,2021-10-01,12.8665475
2021-10-02,2021-10-02,12.69694115
2021-10-03,2021-10-03,12.82604452
2021-10-04,2021-10-04,13.09479175
2021-10-05,2021-10-05,13.68760211
2021-10-06,2021-10-06,14.67838224
2021-10-07,2021-10-07,14.2100094
2021-10-08,2021-10-08,14.18119845
2021-10-09,2021-10-09,14.44147384
2021-10-10,2021-10-10,14.35220521
2021-10-11,2021-10-11,14.99894041
2021-10-12,2021-10-12,14.62250106
2021-10-13,2021-10-13,14.9882851
2021-10-14,2021-10-14,14.9834343
2021-10-15,2021-10-15,16.0705341
2021-10-16,2021-10-16,15.84437934
2021-10-17,2021-10-17,16.00086349
2021-10-18,2021-10-18,16.23111688
2021-10-19,2021-10-19,16.86234638
2021-10-20,2021-10-20,17.25399157
2021-10-21,2021-10-21,16.13817873
2021-10-22,2021-10-22,15.73935166
2021-10-23,2021-10-23,15.88569045
2021-10-24,2021-10-24,15.7769353
2021-10-25,2021-10-25,16.32695132
2021-10-26,2021-10-26,15.6296386
2021-10-27,2021-10-27,15.05253738
2021-10-28,2021-10-28,15.60031958
2021-10-29,2021-10-29,15.91481145
2021-10-30,2021-10-30,15.79120226
2021-10-31,2021-10-31,15.64766017
2021-11-01,2021-11-01,15.50584994
2021-11-02,2021-11-02,16.05447345
2021-11-03,2021-11-03,15.90955524
2021-11-04,2021-11-04,15.33569303
2021-11-05,2021-11-05,15.10812387
2021-11-06,2021-11-06,15.1701482
2021-11-07,2021-11-07,15.5898257
2021-11-08,2021-11-08,16.56473885
2021-11-09,2021-11-09,15.86180073
2021-11-10,2021-11-10,15.41962739
2021-11-11,2021-11-11,15.40229829
2021-11-12,2021-11-12,15.28510308
2021-11-13,2021-11-13,15.34600934
2021-11-14,2021-11-14,15.6144961
2021-11-15,2021-11-15,15.20037667
2021-11-16,2021-11-16,14.26467342
2021-11-17,2021-11-17,14.33671763
2021-11-18,2021-11-18,13.59553614
2021-11-19,2021-11-19,13.82172539
2021-11-20,2021-11-20,14.14415621
2021-11-21,2021-11-21,13.86111073
2021-11-22,2021-11-22,13.35930465
2021-11-23,2021-11-23,13.6022701
2021-11-24,2021-11-24,13.42999199
2021-11-25,2021-11-25,13.80340272
2021-11-26,2021-11-26,12.54718989
2021-11-27,2021-11-27,12.74854198
2021-11-28,2021-11-28,13.32657571
2021-11-29,2021-11-29,13.42747517
2021-11-30,2021-11-30,13.04984178
2021-12-01,2021-12-01,12.99539308
2021-12-02,2021-12-02,12.83593112
2021-12-03,2021-12-03,12.18022536
2021-12-04,2021-12-04,11.10283135
2021-12-05,2021-12-05,11.05650215
2021-12-06,2021-12-06,11.36536733
2021-12-07,2021-12-07,11.40384827
2021-12-08,2021-12-08,11.37940575
2021-12-09,2021-12-09,10.48474347
2021-12-10,2021-12-10,10.3652825
2021-12-11,2021-12-11,10.82651935
2021-12-12,2021-12-12,10.97037573
2021-12-13,2021-12-13,10.25346202
2021-12-14,2021-12-14,10.59151442
2021-12-15,2021-12-15,10.71252768
2021-12-16,2021-12-16,10.49161881
2021-12-17,2021-12-17,10.14518738
2021-12-18,2021-12-18,10.28264495
2021-12-19,2021-12-19,10.24651169
2021-12-20,2021-12-20,10.3099352
2021-12-21,2021-12-21,10.72394254
2021-12-22,2021-12-22,10.65463801
2021-12-23,2021-12-23,10.99363505
2021-12-24,2021-12-24,10.99143547
2021-12-25,2021-12-25,10.89990576
2021-12-26,2021-12-26,10.97779474
2021-12-27,2021-12-27,10.97592704
2021-12-28,2021-12-28,10.29134767
2021-12-29,2021-12-29,10.1227153
2021-12-30,2021-12-30,10.30351642
2021-12-31,2021-12-31,10.12555489
2022-01-01,2022-01-01,10.41878833
2022-01-02,2022-01-02,10.30668106
2022-01-03,2022-01-03,10.12463832
2022-01-04,2022-01-04,9.98692275
2022-01-05,2022-01-05,9.48194009
2022-01-06,2022-01-06,9.37900142
2022-01-07,2022-01-07,8.98953226
2022-01-08,2022-01-08,8.99230116
2022-01-09,2022-01-09,9.04909413
2022-01-10,2022-01-10,9.00646452
2022-01-11,2022-01-11,9.1787076
2022-01-12,2022-01-12,9.39178662
2022-01-13,2022-01-13,9.06448408
2022-01-14,2022-01-14,9.14590377
2022-01-15,2022-01-15,9.13798696
2022-01-16,2022-01-16,9.11811379
2022-01-17,2022-01-17,8.92295232
2022-01-18,2022-01-18,8.93326694
2022-01-19,2022-01-19,8.76051741
2022-01-20,2022-01-20,8.53366413
2022-01-21,2022-01-21,7.60957689
2022-01-22,2022-01-22,7.13572127
2022-01-23,2022-01-23,7.34021435
2022-01-24,2022-01-24,7.40113329
2022-01-25,2022-01-25,7.42913786
2022-01-26,2022-01-26,7.35487823
2022-01-27,2022-01-27,7.40725266
2022-01-28,2022-01-28,7.51620803
2022-01-29,2022-01-29,7.59565568
2022-01-30,2022-01-30,7.53252546
2022-01-31,2022-01-31,7.64651259
2022-02-01,2022-02-01,7.67566062
2022-02-02,2022-02-02,7.29726327
2022-02-03,2022-02-03,7.35630695
2022-02-04,2022-02-04,8.19018462
2022-02-05,2022-02-05,8.13437181
2022-02-06,2022-02-06,8.3276233
2022-02-07,2022-02-07,8.57568947
2022-02-08,2022-02-08,8.57736986
2022-02-09,2022-02-09,8.62552852
2022-02-10,2022-02-10,8.44001351
2022-02-11,2022-02-11,8.20336227
2022-02-12,2022-02-12,8.17416338
2022-02-13,2022-02-13,8.13962782
2022-02-14,2022-02-14,8.22834078
2022-02-15,2022-02-15,8.60075912
2022-02-16,2022-02-16,8.46935499
2022-02-17,2022-02-17,7.83977464
2022-02-18,2022-02-18,7.72813048
2022-02-19,2022-02-19,7.74213826
2022-02-20,2022-02-20,7.41331324
2022-02-21,2022-02-21,7.15803515
2022-02-22,2022-02-22,7.3909117
2022-02-23,2022-02-23,7.19465919
2022-02-24,2022-02-24,7.40449854
2022-02-25,2022-02-25,7.57536022
2022-02-26,2022-02-26,7.55122735
2022-02-27,2022-02-27,7.27502214
2022-02-28,2022-02-28,8.3329839
2022-03-01,2022-03-01,8.59063176
2022-03-02,2022-03-02,8.50059077
2022-03-03,2022-03-03,8.26184333
2022-03-04,2022-03-04,7.63104486
2022-03-05,2022-03-05,7.67957945
2022-03-06,2022-03-06,7.48476307
2022-03-07,2022-03-07,7.41842744
2022-03-08,2022-03-08,7.55686067
2022-03-09,2022-03-09,8.19738913
2022-03-10,2022-03-10,7.69658369
2022-03-11,2022-03-11,7.56572065
2022-03-12,2022-03-12,7.58060745
2022-03-13,2022-03-13,7.38275855
2022-03-14,2022-03-14,7.75190583
2022-03-15,2022-03-15,7.68798423
2022-03-16,2022-03-16,8.04500701
2022-03-17,2022-03-17,7.98467483
2022-03-18,2022-03-18,8.13967388
2022-03-19,2022-03-19,8.22412311
2022-03-20,2022-03-20,8.03493079
2022-03-21,2022-03-21,7.99811662
2022-03-22,2022-03-22,8.29723555
2022-03-23,2022-03-23,8.42913131
2022-03-24,2022-03-24,8.66389195
2022-03-25,2022-03-25,8.77895184
2022-03-26,2022-03-26,8.82031209
2022-03-27,2022-03-27,9.27431027
2022-03-28,2022-03-28,9.34595199
2022-03-29,2022-03-29,9.41932788
2022-03-30,2022-03-30,9.35969312
2022-03-31,2022-03-31,9.07135705
2022-04-01,2022-04-01,9.20858216
2022-04-02,2022-04-02,9.13267944
2022-04-03,2022-04-03,9.251985
2022-04-04,2022-04-04,9.31381602
2022-04-05,2022-04-05,9.11015693
2022-04-06,2022-04-06,8.68094057
2022-04-07,2022-04-07,8.73789427
2022-04-08,2022-04-08,8.49676702
2022-04-09,2022-04-09,8.60122851
2022-04-10,2022-04-10,8.48279394
2022-04-11,2022-04-11,7.98832248
2022-04-12,2022-04-12,8.10463301
2022-04-13,2022-04-13,8.34302098
2022-04-14,2022-04-14,8.11265305
2022-04-15,2022-04-15,8.24338556
2022-04-16,2022-04-16,8.21233985
2022-04-17,2022-04-17,8.08898056
2022-04-18,2022-04-18,8.33845395
2022-04-19,2022-04-19,8.47904547
2022-04-20,2022-04-20,8.45624448
2022-04-21,2022-04-21,8.28457011
2022-04-22,2022-04-22,8.12308542
2022-04-23,2022-04-23,8.07020339
2022-04-24,2022-04-24,8.07648009
2022-04-25,2022-04-25,8.2866659
2022-04-26,2022-04-26,7.82590256
2022-04-27,2022-04-27,8.06478725
2022-04-28,2022-04-28,8.17222665
2022-04-29,2022-04-29,7.95359903
2022-04-30,2022-04-30,7.76864507
2022-05-01,2022-05-01,7.9412045
2022-05-02,2022-05-02,7.97030921
2022-05-03,2022-05-03,7.83777529
2022-05-04,2022-05-04,8.27602262
2022-05-05,2022-05-05,7.62694569
2022-05-06,2022-05-06,7.52839
2022-05-07,2022-05-07,7.43431322
2022-05-08,2022-05-08,7.16757633
2022-05-09,2022-05-09,6.38498518
2022-05-10,2022-05-10,6.60923196
2022-05-11,2022-05-11,6.22456185
2022-05-12,2022-05-12,6.17212776
2022-05-13,2022-05-13,6.32603107
2022-05-14,2022-05-14,6.51496874
2022-05-15,2022-05-15,6.7825307
2022-05-16,2022-05-16,6.46070792
2022-05-17,2022-05-17,6.64362619
2022-05-18,2022-05-18,6.24173725
2022-05-19,2022-05-19,6.5696793
2022-05-20,2022-05-20,6.34607854
2022-05-21,2022-05-21,6.39354598
2022-05-22,2022-05-22,6.57426935
2022-05-23,2022-05-23,6.30347397
2022-05-24,2022-05-24,6.40953041
2022-05-25,2022-05-25,6.39087993
2022-05-26,2022-05-26,6.32906612
2022-05-27,2022-05-27,6.19578038
2022-05-28,2022-05-28,6.2731888
2022-05-29,2022-05-29,6.36880652
2022-05-30,2022-05-30,6.85193877
2022-05-31,2022-05-31,6.84821208
2022-06-01,2022-06-01,6.41314889
2022-06-02,2022-06-02,6.5618375
2022-06-03,2022-06-03,6.39795053
2022-06-04,2022-06-04,6.43293216
2022-06-05,2022-06-05,6.4555657
2022-06-06,2022-06-06,6.799988
2022-06-07,2022-06-07,6.73748583
2022-06-08,2022-06-08,6.53817022
2022-06-09,2022-06-09,6.50308736
2022-06-10,2022-06-10,6.26920086
2022-06-11,2022-06-11,6.1233359
2022-06-12,2022-06-12,5.72306121
2022-06-13,2022-06-13,4.88305859
2022-06-14,2022-06-14,4.8369554
2022-06-15,2022-06-15,4.93586306
2022-06-16,2022-06-16,4.45471494
2022-06-17,2022-06-17,4.47572814
2022-06-18,2022-06-18,4.14056806
2022-06-19,2022-06-19,4.47474302
2022-06-20,2022-06-20,4.4843291
2022-06-21,2022-06-21,4.51828736
2022-06-22,2022-06-22,4.36587093
2022-06-23,2022-06-23,4.62536824
2022-06-24,2022-06-24,4.65370923
2022-06-25,2022-06-25,4.70236445
2022-06-26,2022-06-26,4.60376369
2022-06-27,2022-06-27,4.54973661
2022-06-28,2022-06-28,4.45733392
2022-06-29,2022-06-29,4.4223692
2022-06-30,2022-06-30,4.39172476
2022-07-01,2022-07-01,4.23549183
2022-07-02,2022-07-02,4.22664828
2022-07-03,2022-07-03,4.24481746
2022-07-04,2022-07-04,4.43659252
2022-07-05,2022-07-05,4.42942439
2022-07-06,2022-07-06,4.52846256
2022-07-07,2022-07-07,4.77526492
2022-07-08,2022-07-08,4.78733026
2022-07-09,2022-07-09,4.78672296
2022-07-10,2022-07-10,4.62703767
2022-07-11,2022-07-11,4.4241905
2022-07-12,2022-07-12,4.29132705
2022-07-13,2022-07-13,4.49238036
2022-07-14,2022-07-14,4.57650064
2022-07-15,2022-07-15,4.65193706
2022-07-16,2022-07-16,4.73170252
2022-07-17,2022-07-17,4.63775625
2022-07-18,2022-07-18,5.00367879
2022-07-19,2022-07-19,5.22588634
2022-07-20,2022-07-20,5.18034253
2022-07-21,2022-07-21,5.16240792
2022-07-22,2022-07-22,5.05827676
2022-07-23,2022-07-23,4.99720692
2022-07-24,2022-07-24,5.03078945
2022-07-25,2022-07-25,4.7553832
2022-07-26,2022-07-26,4.7464125
2022-07-27,2022-07-27,5.12489682
2022-07-28,2022-07-28,5.32273285
2022-07-29,2022-07-29,5.30710778
2022-07-30,2022-07-30,5.28437149
2022-07-31,2022-07-31,5.20908381
2022-08-01,2022-08-01,5.21196902
2022-08-02,2022-08-02,5.15308594
2022-08-03,2022-08-03,5.11826522
2022-08-04,2022-08-04,5.08014131
2022-08-05,2022-08-05,5.22483726
2022-08-06,2022-08-06,5.14143261
2022-08-07,2022-08-07,5.19622265
2022-08-08,2022-08-08,5.3402066
2022-08-09,2022-08-09,5.19328854
2022-08-10,2022-08-10,5.36681372
2022-08-11,2022-08-11,5.37510003
2022-08-12,2022-08-12,5.49129847
2022-08-13,2022-08-13,5.50227622
2022-08-14,2022-08-14,5.48367058
2022-08-15,2022-08-15,5.4412761
2022-08-16,2022-08-16,5.38879581
2022-08-17,2022-08-17,5.29652937
2022-08-18,2022-08-18,5.28942281
2022-08-19,2022-08-19,4.77426535
2022-08-20,2022-08-20,4.84690138
2022-08-21,2022-08-21,4.95660507
2022-08-22,2022-08-22,4.94833836
2022-08-23,2022-08-23,4.97550846
2022-08-24,2022-08-24,4.94085582
2022-08-25,2022-08-25,4.99019344
2022-08-26,2022-08-26,4.67791969
2022-08-27,2022-08-27,4.62590298
2022-08-28,2022-08-28,4.51699397
2022-08-29,2022-08-29,4.68055361
2022-08-30,2022-08-30,4.56120555
2022-08-31,2022-08-31,4.61843749
2022-09-01,2022-09-01,4.64817492
2022-09-02,2022-09-02,4.6125001
2022-09-03,2022-09-03,4.58206269
2022-09-04,2022-09-04,4.62524589
2022-09-05,2022-09-05,4.579952
2022-09-06,2022-09-06,4.35806843
2022-09-07,2022-09-07,4.46813079
2022-09-08,2022-09-08,4.47575087
2022-09-09,2022-09-09,4.94642828
2022-09-10,2022-09-10,5.01376173
2022-09-11,2022-09-11,5.0597994
2022-09-12,2022-09-12,5.20253828
2022-09-13,2022-09-13,4.68978491
2022-09-14,2022-09-14,4.72505537
2022-09-15,2022-09-15,4.62056306
2022-09-16,2022-09-16,4.6502685
2022-09-17,2022-09-17,4.72399181
2022-09-18,2022-09-18,4.55861859
2022-09-19,2022-09-19,4.59520489
2022-09-20,2022-09-20,4.42092627
2022-09-21,2022-09-21,4.33531869
2022-09-22,2022-09-22,4.56078028
2022-09-23,2022-09-23,4.54593415
2022-09-24,2022-09-24,4.45367717
2022-09-25,2022-09-25,4.43988206
2022-09-26,2022-09-26,4.55229794
2022-09-27,2022-09-27,4.52395815
2022-09-28,2022-09-28,4.63711064
2022-09-29,2022-09-29,4.70091665
2022-09-30,2022-09-30,4.67142866
2022-10-01,2022-10-01,4.64580837
2022-10-02,2022-10-02,4.58139633
2022-10-03,2022-10-03,4.73664628
2022-10-04,2022-10-04,4.91271774
2022-10-05,2022-10-05,4.86947325
2022-10-06,2022-10-06,4.82698524
2022-10-07,2022-10-07,4.70947775
2022-10-08,2022-10-08,4.68710834
2022-10-09,2022-10-09,4.69333512
2022-10-10,2022-10-10,4.6269985
2022-10-11,2022-10-11,4.61413927
2022-10-12,2022-10-12,4.64522861
2022-10-13,2022-10-13,4.72017956
2022-10-14,2022-10-14,4.68147812
2022-10-15,2022-10-15,4.65617849
2022-10-16,2022-10-16,4.70329149
2022-10-17,2022-10-17,4.7783758
2022-10-18,2022-10-18,4.73329712
2022-10-19,2022-10-19,4.70321251
2022-10-20,2022-10-20,4.71571921
2022-10-21,2022-10-21,4.75261405
2022-10-22,2022-10-22,4.75870544
2022-10-23,2022-10-23,4.84812208
2022-10-24,2022-10-24,4.79741669
2022-10-25,2022-10-25,4.98049097
2022-10-26,2022-10-26,5.16031604
2022-10-27,2022-10-27,5.03241323
2022-10-28,2022-10-28,5.11419343
2022-10-29,2022-10-29,5.17139101
2022-10-30,2022-10-30,5.12539657
2022-10-31,2022-10-31,5.11904548
2022-11-01,2022-11-01,5.14942182
2022-11-02,2022-11-02,5.10331823
2022-11-03,2022-11-03,5.14623568
2022-11-04,2022-11-04,5.38182494
2022-11-05,2022-11-05,5.44712312
2022-11-06,2022-11-06,5.32977914
2022-11-07,2022-11-07,5.20078884
2022-11-08,2022-11-08,4.70231255
2022-11-09,2022-11-09,4.04042677
2022-11-10,2022-11-10,4.48758702
2022-11-11,2022-11-11,4.32208128
2022-11-12,2022-11-12,4.26355772
2022-11-13,2022-11-13,4.15463017
2022-11-14,2022-11-14,4.22510401
2022-11-15,2022-11-15,4.2753644
2022-11-16,2022-11-16,4.22578321
2022-11-17,2022-11-17,4.24543913
2022-11-18,2022-11-18,4.18455205
2022-11-19,2022-11-19,4.19369073
2022-11-20,2022-11-20,4.08542849
2022-11-21,2022-11-21,3.98620391
2022-11-22,2022-11-22,4.0955336
2022-11-23,2022-11-23,4.21531028
2022-11-24,2022-11-24,4.2140608
2022-11-25,2022-11-25,4.1982126
2022-11-26,2022-11-26,4.17700525
2022-11-27,2022-11-27,4.16769654
2022-11-28,2022-11-28,4.15276301
2022-11-29,2022-11-29,4.24097892
2022-11-30,2022-11-30,4.43259476
2022-12-01,2022-12-01,4.39253398
2022-12-02,2022-12-02,4.41434997
2022-12-03,2022-12-03,4.35523094
2022-12-04,2022-12-04,4.40683249
2022-12-05,2022-12-05,4.39051614
2022-12-06,2022-12-06,4.44094144
2022-12-07,2022-12-07,4.38766168
2022-12-08,2022-12-08,4.49423752
2022-12-09,2022-12-09,4.47330811
2022-12-10,2022-12-10,4.47760933
2022-12-11,2022-12-11,4.46660309
2022-12-12,2022-12-12,4.51474643
2022-12-13,2022-12-13,4.32555496
2022-12-14,2022-12-14,4.33806668
2022-12-15,2022-12-15,4.23732589
2022-12-16,2022-12-16,4.07429464
2022-12-17,2022-12-17,4.1092158
2022-12-18,2022-12-18,4.09904897
2022-12-19,2022-12-19,4.04066019
2022-12-20,2022-12-20,4.15467486
2022-12-21,2022-12-21,4.14629973
2022-12-22,2022-12-22,4.1499055
2022-12-23,2022-12-23,4.14139305
2022-12-24,2022-12-24,4.14748028
2022-12-25,2022-12-25,4.14545883
2022-12-26,2022-12-26,4.16614262
2022-12-27,2022-12-27,4.12752166
2022-12-28,2022-12-28,4.08027132
2022-12-29,2022-12-29,4.09966008
2022-12-30,2022-12-30,4.08798
2022-12-31,2022-12-31,4.06657707
2023-01-01,2023-01-01,4.08515944
2023-01-02,2023-01-02,4.0943432
2023-01-03,2023-01-03,4.12441534
2023-01-04,2023-01-04,4.17441006
2023-01-05,2023-01-05,4.19406816
2023-01-06,2023-01-06,4.23146123
2023-01-07,2023-01-07,4.22019519
2023-01-08,2023-01-08,4.25727164
2023-01-09,2023-01-09,4.29678861
2023-01-10,2023-01-10,4.34480558
2023-01-11,2023-01-11,4.45400619
2023-01-12,2023-01-12,4.66709421
2023-01-13,2023-01-13,4.98811376
2023-01-14,2023-01-14,5.22730537
2023-01-15,2023-01-15,5.18894615
2023-01-16,2023-01-16,5.26873601
2023-01-17,2023-01-17,5.2766934
2023-01-18,2023-01-18,5.20193549
2023-01-19,2023-01-19,5.30604357
2023-01-20,2023-01-20,5.69852556
2023-01-21,2023-01-21,5.71378949
2023-01-22,2023-01-22,5.70591005
2023-01-23,2023-01-23,5.76369354
2023-01-24,2023-01-24,5.68707423
2023-01-25,2023-01-25,5.8147771
2023-01-26,2023-01-26,5.81617354
2023-01-27,2023-01-27,5.84893079
2023-01-28,2023-01-28,5.83409146
2023-01-29,2023-01-29,6.02588079
2023-01-30,2023-01-30,5.82906816
2023-01-31,2023-01-31,5.9351776
2023-02-01,2023-02-01,6.08685772
2023-02-02,2023-02-02,6.02215634
2023-02-03,2023-02-03,6.02856746
2023-02-04,2023-02-04,6.00184588
2023-02-05,2023-02-05,5.89720086
2023-02-06,2023-02-06,5.88846289
2023-02-07,2023-02-07,6.0185174
2023-02-08,2023-02-08,5.96389404
2023-02-09,2023-02-09,5.69019645
2023-02-10,2023-02-10,5.6439973
2023-02-11,2023-02-11,5.70753632
2023-02-12,2023-02-12,5.69507962
2023-02-13,2023-02-13,5.70930502
2023-02-14,2023-02-14,5.81142021
2023-02-15,2023-02-15,6.32459785
2023-02-16,2023-02-16,6.08941803
2023-02-17,2023-02-17,6.3415194
2023-02-18,2023-02-18,6.35446045
2023-02-19,2023-02-19,6.25679205
2023-02-20,2023-02-20,6.39411748
2023-02-21,2023-02-21,6.29371683
2023-02-22,2023-02-22,6.22926249
2023-02-23,2023-02-23,6.14794254
2023-02-24,2023-02-24,5.92718935
2023-02-25,2023-02-25,5.91506892
2023-02-26,2023-02-26,6.01082282
2023-02-27,2023-02-27,5.99246248
2023-02-28,2023-02-28,5.90449939
2023-03-01,2023-03-01,6.01939062
2023-03-02,2023-03-02,5.92734084
2023-03-03,2023-03-03,5.59577208
2023-03-04,2023-03-04,5.46080007
2023-03-05,2023-03-05,5.46145089
2023-03-06,2023-03-06,5.47053874
2023-03-07,2023-03-07,5.43530705
2023-03-08,2023-03-08,5.30213965
2023-03-09,2023-03-09,4.97336317
2023-03-10,2023-03-10,4.94791859
2023-03-11,2023-03-11,5.03012921
2023-03-12,2023-03-12,5.38048825
2023-03-13,2023-03-13,6.03635553
2023-03-14,2023-03-14,6.22531831
2023-03-15,2023-03-15,6.1745061
2023-03-16,2023-03-16,6.40178831
2023-03-17,2023-03-17,7.07756409
2023-03-18,2023-03-18,6.95013384
2023-03-19,2023-03-19,7.22333743
2023-03-20,2023-03-20,7.21351805
2023-03-21,2023-03-21,7.33150261
2023-03-22,2023-03-22,7.14885772
2023-03-23,2023-03-23,7.44290664
2023-03-24,2023-03-24,7.24997842
2023-03-25,2023-03-25,7.24856367
2023-03-26,2023-03-26,7.39116293
2023-03-27,2023-03-27,7.199647
2023-03-28,2023-03-28,7.26169614
2023-03-29,2023-03-29,7.55845715
2023-03-30,2023-03-30,7.50059016
2023-03-31,2023-03-31,7.64863712
2023-04-01,2023-04-01,7.6496903
2023-04-02,2023-04-02,7.57327729
2023-04-03,2023-04-03,7.45654339
2023-04-04,2023-04-04,7.55311564
2023-04-05,2023-04-05,7.55046095
2023-04-06,2023-04-06,7.49545062
2023-04-07,2023-04-07,7.46593625
2023-04-08,2023-04-08,7.46985254
2023-04-09,2023-04-09,7.57334073
2023-04-10,2023-04-10,7.92027608
2023-04-11,2023-04-11,8.06154814
2023-04-12,2023-04-12,8.00260908
2023-04-13,2023-04-13,8.14445427
2023-04-14,2023-04-14,8.17682917
2023-04-15,2023-04-15,8.11903146
2023-04-16,2023-04-16,8.12772447
2023-04-17,2023-04-17,7.92597239
2023-04-18,2023-04-18,8.21360588
2023-04-19,2023-04-19,7.80182898
2023-04-20,2023-04-20,7.65574508
2023-04-21,2023-04-21,7.41390996
2023-04-22,2023-04-22,7.5734603
2023-04-23,2023-04-23,7.51061854
2023-04-24,2023-04-24,7.49565645
2023-04-25,2023-04-25,7.72175031
2023-04-26,2023-04-26,7.74857679
2023-04-27,2023-04-27,8.08107003
2023-04-28,2023-04-28,8.04879799
2023-04-29,2023-04-29,8.00823246
2023-04-30,2023-04-30,8.00553293
2023-05-01,2023-05-01,7.69614205
2023-05-02,2023-05-02,7.86481119
2023-05-03,2023-05-03,7.97898067
2023-05-04,2023-05-04,7.94540083
2023-05-05,2023-05-05,8.09679244
2023-05-06,2023-05-06,7.86922937
2023-05-07,2023-05-07,7.77289351
2023-05-08,2023-05-08,7.60268622
2023-05-09,2023-05-09,7.61019079
2023-05-10,2023-05-10,7.59764198
2023-05-11,2023-05-11,7.45996622
2023-05-12,2023-05-12,7.41045495
2023-05-13,2023-05-13,7.40596403
2023-05-14,2023-05-14,7.44860701
2023-05-15,2023-05-15,7.53502278
2023-05-16,2023-05-16,7.50739444
2023-05-17,2023-05-17,7.6335433
2023-05-18,2023-05-18,7.45800334
2023-05-19,2023-05-19,7.4888708
2023-05-20,2023-05-20,7.55032404
2023-05-21,2023-05-21,7.43962484
2023-05-22,2023-05-22,7.4762942
2023-05-23,2023-05-23,7.59802055
2023-05-24,2023-05-24,7.35952068
2023-05-25,2023-05-25,7.39603196
2023-05-26,2023-05-26,7.45306513
2023-05-27,2023-05-27,7.49837894
2023-05-28,2023-05-28,7.83990521
2023-05-29,2023-05-29,7.74176037
2023-05-30,2023-05-30,7.73717701
2023-05-31,2023-05-31,7.6226355
2023-06-01,2023-06-01,7.50771295
2023-06-02,2023-06-02,7.62435458
2023-06-03,2023-06-03,7.57676015
2023-06-04,2023-06-04,7.59314099
2023-06-05,2023-06-05,7.20894882
2023-06-06,2023-06-06,7.65480315
2023-06-07,2023-06-07,7.54596016
2023-06-08,2023-06-08,7.48298667
2023-06-09,2023-06-09,7.48699523
2023-06-10,2023-06-10,7.30657262
2023-06-11,2023-06-11,7.32864943
2023-06-12,2023-06-12,7.28066629
2023-06-13,2023-06-13,7.25842775
2023-06-14,2023-06-14,7.04369172
2023-06-15,2023-06-15,7.14486968
2023-06-16,2023-06-16,7.21183636
2023-06-17,2023-06-17,7.26750648
2023-06-18,2023-06-18,7.21321179
2023-06-19,2023-06-19,7.3295253
2023-06-20,2023-06-20,7.70199602
2023-06-21,2023-06-21,8.18850449
2023-06-22,2023-06-22,8.19036534
2023-06-23,2023-06-23,8.4053917
2023-06-24,2023-06-24,8.35719327
2023-06-25,2023-06-25,8.51708404
2023-06-26,2023-06-26,8.29541489
2023-06-27,2023-06-27,8.45374895
2023-06-28,2023-06-28,8.43553658
2023-06-29,2023-06-29,8.42122046
2023-06-30,2023-06-30,8.53153004
2023-07-01,2023-07-01,8.54990129
2023-07-02,2023-07-02,8.7950596
2023-07-03,2023-07-03,8.76134631
2023-07-04,2023-07-04,8.56719833
2023-07-05,2023-07-05,8.4993604
2023-07-06,2023-07-06,8.36216259
2023-07-07,2023-07-07,8.34861042
2023-07-08,2023-07-08,8.48642486
2023-07-09,2023-07-09,8.086
2023-07-10,2023-07-10,8.53451878
2023-07-11,2023-07-11,8.57202424
2023-07-12,2023-07-12,8.28073609
2023-07-13,2023-07-13,8.55486134
2023-07-14,2023-07-14,8.54247133
2023-07-15,2023-07-15,8.50651672
2023-07-16,2023-07-16,8.48123361
2023-07-17,2023-07-17,8.52327735
2023-07-18,2023-07-18,8.43270163
2023-07-19,2023-07-19,8.48787081
2023-07-20,2023-07-20,8.39228237
2023-07-21,2023-07-21,8.48978046
2023-07-22,2023-07-22,8.4709359
2023-07-23,2023-07-23,8.57006876
2023-07-24,2023-07-24,8.3070906
2023-07-25,2023-07-25,8.33084341
2023-07-26,2023-07-26,8.37816064
2023-07-27,2023-07-27,8.34054716
2023-07-28,2023-07-28,8.37516555
2023-07-29,2023-07-29,8.38727675
2023-07-30,2023-07-30,8.35706234
2023-07-31,2023-07-31,8.34365343
2023-08-01,2023-08-01,8.51583352
2023-08-02,2023-08-02,8.37912245
2023-08-03,2023-08-03,8.38193564
2023-08-04,2023-08-04,8.37892718
2023-08-05,2023-08-05,8.37296098
2023-08-06,2023-08-06,8.36030273
2023-08-07,2023-08-07,8.42071183
2023-08-08,2023-08-08,8.5681497
2023-08-09,2023-08-09,8.51388487
2023-08-10,2023-08-10,8.49460446
2023-08-11,2023-08-11,8.49517648
2023-08-12,2023-08-12,8.47033183
2023-08-13,2023-08-13,8.44843825
2023-08-14,2023-08-14,8.51504741
2023-08-15,2023-08-15,8.44315744
2023-08-16,2023-08-16,8.31080332
2023-08-17,2023-08-17,7.74194525
2023-08-18,2023-08-18,7.60581528
2023-08-19,2023-08-19,7.59327817
2023-08-20,2023-08-20,7.61440017
2023-08-21,2023-08-21,7.59587103
2023-08-22,2023-08-22,7.57283011
2023-08-23,2023-08-23,7.67927079
2023-08-24,2023-08-24,7.62652973
2023-08-25,2023-08-25,7.58208055
2023-08-26,2023-08-26,7.55756074
2023-08-27,2023-08-27,7.57513555
2023-08-28,2023-08-28,7.57320123
2023-08-29,2023-08-29,8.02223958
2023-08-30,2023-08-30,7.91191666
2023-08-31,2023-08-31,7.50863325
2023-09-01,2023-09-01,7.47725911
2023-09-02,2023-09-02,7.49633152
2023-09-03,2023-09-03,7.52360047
2023-09-04,2023-09-04,7.49671751
2023-09-05,2023-09-05,7.50409216
2023-09-06,2023-09-06,7.50050204
2023-09-07,2023-09-07,7.66767729
2023-09-08,2023-09-08,7.55382783
2023-09-09,2023-09-09,7.54714607
2023-09-10,2023-09-10,7.52006311
2023-09-11,2023-09-11,7.32955568
2023-09-12,2023-09-12,7.52911813
2023-09-13,2023-09-13,7.63653166
2023-09-14,2023-09-14,7.72911686
2023-09-15,2023-09-15,7.76595165
2023-09-16,2023-09-16,7.75191577
2023-09-17,2023-09-17,7.74017978
2023-09-18,2023-09-18,7.81737935
2023-09-19,2023-09-19,7.96192474
2023-09-20,2023-09-20,7.94572512
2023-09-21,2023-09-21,7.8113151
2023-09-22,2023-09-22,7.81804279
2023-09-23,2023-09-23,7.81455409
2023-09-24,2023-09-24,7.72252703
2023-09-25,2023-09-25,7.75494823
2023-09-26,2023-09-26,7.73518293
2023-09-27,2023-09-27,7.79336574
2023-09-28,2023-09-28,7.97238178
2023-09-29,2023-09-29,7.97750951
2023-09-30,2023-09-30,7.98584693
2023-10-01,2023-10-01,8.29006163
2023-10-02,2023-10-02,8.12563809
2023-10-03,2023-10-03,8.12921137
2023-10-04,2023-10-04,8.23765334
2023-10-05,2023-10-05,8.12955023
2023-10-06,2023-10-06,8.26541614
2023-10-07,2023-10-07,8.27022657
2023-10-08,2023-10-08,8.25673926
2023-10-09,2023-10-09,8.16636873
2023-10-10,2023-10-10,8.12053413
2023-10-11,2023-10-11,7.99343413
2023-10-12,2023-10-12,7.96803953
2023-10-13,2023-10-13,8.00833696
2023-10-14,2023-10-14,8.00164225
2023-10-15,2023-10-15,8.08710808
2023-10-16,2023-10-16,8.47995494
2023-10-17,2023-10-17,8.44920394
2023-10-18,2023-10-18,8.4321422
2023-10-19,2023-10-19,8.54030492
2023-10-20,2023-10-20,8.80666294
2023-10-21,2023-10-21,8.87461286
2023-10-22,2023-10-22,8.89362056
2023-10-23,2023-10-23,9.80304466
2023-10-24,2023-10-24,10.11613693
2023-10-25,2023-10-25,10.27001388
2023-10-26,2023-10-26,10.169797
2023-10-27,2023-10-27,10.1146681
2023-10-28,2023-10-28,10.16710499
2023-10-29,2023-10-29,10.29481182
2023-10-30,2023-10-30,10.30051508
2023-10-31,2023-10-31,10.38716145
2023-11-01,2023-11-01,10.61625457
2023-11-02,2023-11-02,10.50604087
2023-11-03,2023-11-03,10.42956146
2023-11-04,2023-11-04,10.509267
2023-11-05,2023-11-05,10.49336382
2023-11-06,2023-11-06,10.51345572
2023-11-07,2023-11-07,10.62784208
2023-11-08,2023-11-08,10.70450564
2023-11-09,2023-11-09,11.02392764
2023-11-10,2023-11-10,11.18807623
2023-11-11,2023-11-11,11.12128467
2023-11-12,2023-11-12,11.10047961
2023-11-13,2023-11-13,10.94083114
2023-11-14,2023-11-14,10.69958563
2023-11-15,2023-11-15,11.36413903
2023-11-16,2023-11-16,10.81800653
2023-11-17,2023-11-17,10.91372348
2023-11-18,2023-11-18,10.90147272
2023-11-19,2023-11-19,11.12745627
2023-11-20,2023-11-20,11.12795209
2023-11-21,2023-11-21,10.60282936
2023-11-22,2023-11-22,11.01164234
2023-11-23,2023-11-23,11.03153416
2023-11-24,2023-11-24,11.11582029
2023-11-25,2023-11-25,11.13050334
2023-11-26,2023-11-26,11.04189869
2023-11-27,2023-11-27,11.00201127
2023-11-28,2023-11-28,11.14094258
2023-11-29,2023-11-29,11.15514391
2023-11-30,2023-11-30,11.11146043
2023-12-01,2023-12-01,11.37473563
2023-12-02,2023-12-02,11.61115636
2023-12-03,2023-12-03,11.73847867
2023-12-04,2023-12-04,12.3401246
2023-12-05,2023-12-05,12.9448257
2023-12-06,2023-12-06,12.85745526
2023-12-07,2023-12-07,12.70261901
2023-12-08,2023-12-08,12.92683731
2023-12-09,2023-12-09,12.78321555
2023-12-10,2023-12-10,12.81969353
2023-12-11,2023-12-11,12.15250727
2023-12-12,2023-12-12,12.25506798
2023-12-13,2023-12-13,12.63183592
2023-12-14,2023-12-14,12.64871216
2023-12-15,2023-12-15,12.31846688
2023-12-16,2023-12-16,12.40118279
2023-12-17,2023-12-17,12.14713891
2023-12-18,2023-12-18,12.51044574
2023-12-19,2023-12-19,12.38143016
2023-12-20,2023-12-20,12.75956998
2023-12-21,2023-12-21,12.84632189
2023-12-22,2023-12-22,12.83113142
2023-12-23,2023-12-23,12.73225329
2023-12-24,2023-12-24,12.51163679
2023-12-25,2023-12-25,12.67226511
2023-12-26,2023-12-26,12.42037226
2023-12-27,2023-12-27,12.65652367
2023-12-28,2023-12-28,12.38354632
2023-12-29,2023-12-29,12.23818674
2023-12-30,2023-12-30,12.27090972
2023-12-31,2023-12-31,12.34240627
2024-01-01,2024-01-01,12.88517247
2024-01-02,2024-01-02,13.02392873
2024-01-03,2024-01-03,12.36314097
2024-01-04,2024-01-04,12.68254797
2024-01-05,2024-01-05,12.580828
2024-01-06,2024-01-06,12.52123432
2024-01-07,2024-01-07,12.47349387
2024-01-08,2024-01-08,13.29073251
2024-01-09,2024-01-09,13.04836266
2024-01-10,2024-01-10,13.16321593
2024-01-11,2024-01-11,13.05133851
2024-01-12,2024-01-12,12.03668715
2024-01-13,2024-01-13,12.03905461
2024-01-14,2024-01-14,11.72602306
2024-01-15,2024-01-15,11.95028437
2024-01-16,2024-01-16,12.13441202
2024-01-17,2024-01-17,11.97033095
2024-01-18,2024-01-18,11.59476273
2024-01-19,2024-01-19,11.68868612
2024-01-20,2024-01-20,11.71143079
2024-01-21,2024-01-21,11.69191661
2024-01-22,2024-01-22,11.15208069
2024-01-23,2024-01-23,11.25539451
2024-01-24,2024-01-24,11.29618893
2024-01-25,2024-01-25,11.2317974
2024-01-26,2024-01-26,11.71523591
2024-01-27,2024-01-27,11.79401897
2024-01-28,2024-01-28,11.76646738
2024-01-29,2024-01-29,12.10892488
2024-01-30,2024-01-30,11.94945527
2024-01-31,2024-01-31,11.85282428
2024-02-01,2024-02-01,12.02799456
2024-02-02,2024-02-02,12.0409944
2024-02-03,2024-02-03,11.98168648
2024-02-04,2024-02-04,11.85589815
2024-02-05,2024-02-05,11.88000727
2024-02-06,2024-02-06,11.9595514
2024-02-07,2024-02-07,12.2730579
2024-02-08,2024-02-08,12.49387196
2024-02-09,2024-02-09,12.96976127
2024-02-10,2024-02-10,13.12226879
2024-02-11,2024-02-11,13.26946723
2024-02-12,2024-02-12,13.74181964
2024-02-13,2024-02-13,13.69508739
2024-02-14,2024-02-14,14.22493834
2024-02-15,2024-02-15,14.2006079
2024-02-16,2024-02-16,14.24298656
2024-02-17,2024-02-17,14.08685662
2024-02-18,2024-02-18,14.22336693
2024-02-19,2024-02-19,14.11633085
2024-02-20,2024-02-20,14.22421359
2024-02-21,2024-02-21,14.10053117
2024-02-22,2024-02-22,13.94379518
2024-02-23,2024-02-23,13.78542897
2024-02-24,2024-02-24,13.99651039
2024-02-25,2024-02-25,14.03535149
2024-02-26,2024-02-26,14.75697293
2024-02-27,2024-02-27,15.42310152
2024-02-28,2024-02-28,16.82389083
2024-02-29,2024-02-29,16.42275988
2024-03-01,2024-03-01,16.71259313
2024-03-02,2024-03-02,16.59548714
2024-03-03,2024-03-03,16.85823204
2024-03-04,2024-03-04,18.16728481
2024-03-05,2024-03-05,16.98064241
2024-03-06,2024-03-06,17.43965474
2024-03-07,2024-03-07,17.58778299
2024-03-08,2024-03-08,17.77758214
2024-03-09,2024-03-09,17.65573218
2024-03-10,2024-03-10,17.73928104
2024-03-11,2024-03-11,18.41848013
2024-03-12,2024-03-12,18.25332904
2024-03-13,2024-03-13,18.56042491
2024-03-14,2024-03-14,18.14796068
2024-03-15,2024-03-15,17.60607365
2024-03-16,2024-03-16,16.49771938
2024-03-17,2024-03-17,17.30755143
2024-03-18,2024-03-18,17.05693564
2024-03-19,2024-03-19,15.65395812
2024-03-20,2024-03-20,17.11683177
2024-03-21,2024-03-21,16.42035746
2024-03-22,2024-03-22,15.97616762
2024-03-23,2024-03-23,16.0132074
2024-03-24,2024-03-24,16.82026899
2024-03-25,2024-03-25,17.46960499
2024-03-26,2024-03-26,17.495896
2024-03-27,2024-03-27,17.47209081
2024-03-28,2024-03-28,17.75062279
2024-03-29,2024-03-29,17.48719655
2024-03-30,2024-03-30,17.41045342
2024-03-31,2024-03-31,17.84276444
2024-04-01,2024-04-01,17.43137397
2024-04-02,2024-04-02,16.37602084
2024-04-03,2024-04-03,16.4616196
2024-04-04,2024-04-04,17.05394613
2024-04-05,2024-04-05,16.89793604
2024-04-06,2024-04-06,17.14357505
2024-04-07,2024-04-07,17.23505754
2024-04-08,2024-04-08,17.88842169
2024-04-09,2024-04-09,17.33525059
2024-04-10,2024-04-10,17.74791333
2024-04-11,2024-04-11,17.57702072
2024-04-12,2024-04-12,16.94015798
2024-04-13,2024-04-13,16.07929107
2024-04-14,2024-04-14,16.49826548
2024-04-15,2024-04-15,15.88494062
2024-04-16,2024-04-16,15.90435313
2024-04-17,2024-04-17,15.25052296
2024-04-18,2024-04-18,15.73277129
2024-04-19,2024-04-19,15.62057956
2024-04-20,2024-04-20,15.90600538
2024-04-21,2024-04-21,15.89906769
2024-04-22,2024-04-22,16.30686812
2024-04-23,2024-04-23,16.19664655
2024-04-24,2024-04-24,15.73451155
2024-04-25,2024-04-25,15.81317561
2024-04-26,2024-04-26,15.60382554
2024-04-27,2024-04-27,15.53141937
2024-04-28,2024-04-28,15.45798224
2024-04-29,2024-04-29,15.67336257
2024-04-30,2024-04-30,14.94428482
2024-05-01,2024-05-01,14.41862126
2024-05-02,2024-05-02,14.60433713
2024-05-03,2024-05-03,15.48285363
2024-05-04,2024-05-04,15.72869305
2024-05-05,2024-05-05,15.74857517
2024-05-06,2024-05-06,15.59898819
2024-05-07,2024-05-07,15.39486473
2024-05-08,2024-05-08,15.1476194
2024-05-09,2024-05-09,15.63867165
2024-05-10,2024-05-10,15.09725924
2024-05-11,2024-05-11,15.09782241
2024-05-12,2024-05-12,15.26477278
2024-05-13,2024-05-13,15.65243393
2024-05-14,2024-05-14,15.34488044
2024-05-15,2024-05-15,16.45167743
2024-05-16,2024-05-16,16.16234372
2024-05-17,2024-05-17,16.54075366
2024-05-18,2024-05-18,16.48390716
2024-05-19,2024-05-19,16.33190114
2024-05-20,2024-05-20,17.62493808
2024-05-21,2024-05-21,17.34446194
2024-05-22,2024-05-22,17.09924872
2024-05-23,2024-05-23,16.88775342
2024-05-24,2024-05-24,17.04433501
2024-05-25,2024-05-25,17.25202812
2024-05-26,2024-05-26,17.10240111
2024-05-27,2024-05-27,17.33676773
2024-05-28,2024-05-28,17.13573068
2024-05-29,2024-05-29,16.93074699
2024-05-30,2024-05-30,17.05714236
2024-05-31,2024-05-31,16.82418168
2024-06-01,2024-06-01,16.89467746
2024-06-02,2024-06-02,16.90095226
2024-06-03,2024-06-03,17.18570297
2024-06-04,2024-06-04,17.61117078
2024-06-05,2024-06-05,17.71791544
2024-06-06,2024-06-06,17.65796314
2024-06-07,2024-06-07,17.33994176
2024-06-08,2024-06-08,17.36186959
2024-06-09,2024-06-09,17.46220126
2024-06-10,2024-06-10,17.47206404
2024-06-11,2024-06-11,16.90826717
2024-06-12,2024-06-12,17.10294826
2024-06-13,2024-06-13,16.7259638
2024-06-14,2024-06-14,16.59267428
2024-06-15,2024-06-15,16.64237494
2024-06-16,2024-06-16,16.7530126
2024-06-17,2024-06-17,16.7146208
2024-06-18,2024-06-18,16.31579363
2024-06-19,2024-06-19,16.2649665
2024-06-20,2024-06-20,16.28814341
2024-06-21,2024-06-21,16.06799268
2024-06-22,2024-06-22,16.10407677
2024-06-23,2024-06-23,15.84595706
2024-06-24,2024-06-24,15.12214956
2024-06-25,2024-06-25,15.47412167
2024-06-26,2024-06-26,15.22821604
2024-06-27,2024-06-27,15.48211573
2024-06-28,2024-06-28,15.21839538
2024-06-29,2024-06-29,15.34345844
2024-06-30,2024-06-30,15.84524657
2024-07-01,2024-07-01,15.84271686
2024-07-02,2024-07-02,15.67626148
2024-07-03,2024-07-03,15.1820915
2024-07-04,2024-07-04,14.38821616
2024-07-05,2024-07-05,14.18027307
2024-07-06,2024-07-06,14.55800789
2024-07-07,2024-07-07,13.96075182
2024-07-08,2024-07-08,14.17305281
2024-07-09,2024-07-09,14.49663298
2024-07-10,2024-07-10,14.40227995
2024-07-11,2024-07-11,14.35609237
2024-07-12,2024-07-12,14.52064146
2024-07-13,2024-07-13,14.8376075
2024-07-14,2024-07-14,15.23781002
2024-07-15,2024-07-15,16.2169347
2024-07-16,2024-07-16,16.23798515
2024-07-17,2024-07-17,15.99554655
2024-07-18,2024-07-18,15.97518239
2024-07-19,2024-07-19,16.58805608
2024-07-20,2024-07-20,16.66570064
2024-07-21,2024-07-21,16.91366208
2024-07-22,2024-07-22,16.75303166
2024-07-23,2024-07-23,16.32941987
2024-07-24,2024-07-24,16.20128385
2024-07-25,2024-07-25,16.34525583
2024-07-26,2024-07-26,16.80185505
2024-07-27,2024-07-27,16.79622995
2024-07-28,2024-07-28,16.88602722
2024-07-29,2024-07-29,16.60501848
2024-07-30,2024-07-30,16.51283805
2024-07-31,2024-07-31,16.14852821
2024-08-01,2024-08-01,16.41376651
2024-08-02,2024-08-02,15.43088475
2024-08-03,2024-08-03,15.22525352
2024-08-04,2024-08-04,14.55692541
2024-08-05,2024-08-05,13.47783343
2024-08-06,2024-08-06,13.86882288
2024-08-07,2024-08-07,13.56274976
2024-08-08,2024-08-08,15.10725878
2024-08-09,2024-08-09,14.87747282
2024-08-10,2024-08-10,14.90196479
2024-08-11,2024-08-11,14.37307301
2024-08-12,2024-08-12,14.48778586
2024-08-13,2024-08-13,14.73581328
2024-08-14,2024-08-14,14.21404697
2024-08-15,2024-08-15,13.90514054
2024-08-16,2024-08-16,14.17342395
2024-08-17,2024-08-17,14.29788111
2024-08-18,2024-08-18,14.0502653
2024-08-19,2024-08-19,14.2841194
2024-08-20,2024-08-20,14.14675622
2024-08-21,2024-08-21,14.63754845
2024-08-22,2024-08-22,14.44261377
2024-08-23,2024-08-23,15.28883836
2024-08-24,2024-08-24,15.31442846
2024-08-25,2024-08-25,15.31741537
2024-08-26,2024-08-26,14.9766737
2024-08-27,2024-08-27,14.20572941
2024-08-28,2024-08-28,14.06977462
2024-08-29,2024-08-29,14.10406596
2024-08-30,2024-08-30,14.03363258
2024-08-31,2024-08-31,14.00561518
2024-09-01,2024-09-01,13.61396968
2024-09-02,2024-09-02,14.04862492
2024-09-03,2024-09-03,13.67253366
2024-09-04,2024-09-04,13.7691214
2024-09-05,2024-09-05,13.35004898
2024-09-06,2024-09-06,12.82685171
2024-09-07,2024-09-07,12.84009956
2024-09-08,2024-09-08,13.00404766
2024-09-09,2024-09-09,13.49212939
2024-09-10,2024-09-10,13.52776694
2024-09-11,2024-09-11,13.45495283
2024-09-12,2024-09-12,13.65496353
2024-09-13,2024-09-13,14.18171483
2024-09-14,2024-09-14,14.04988411
2024-09-15,2024-09-15,13.84564803
2024-09-16,2024-09-16,13.6277796
2024-09-17,2024-09-17,14.0953756
2024-09-18,2024-09-18,14.43397657
2024-09-19,2024-09-19,14.73805082
2024-09-20,2024-09-20,14.77652857
2024-09-21,2024-09-21,14.79397907
2024-09-22,2024-09-22,14.82894849
2024-09-23,2024-09-23,14.77182103
2024-09-24,2024-09-24,14.96668173
2024-09-25,2024-09-25,14.69996025
2024-09-26,2024-09-26,15.13003199
2024-09-27,2024-09-27,15.27627501
2024-09-28,2024-09-28,15.3008009
2024-09-29,2024-09-29,15.2390269
2024-09-30,2024-09-30,14.83178895
2024-10-01,2024-10-01,14.26850875
2024-10-02,2024-10-02,14.17151716
2024-10-03,2024-10-03,14.20808625
2024-10-04,2024-10-04,14.52056572
2024-10-05,2024-10-05,14.5072249
2024-10-06,2024-10-06,14.68158108
2024-10-07,2024-10-07,14.53055632
2024-10-08,2024-10-08,14.55584706
2024-10-09,2024-10-09,14.23899639
2024-10-10,2024-10-10,14.19205934
2024-10-11,2024-10-11,14.70007349
2024-10-12,2024-10-12,14.84998517
2024-10-13,2024-10-13,14.77093834
2024-10-14,2024-10-14,15.56488082
2024-10-15,2024-10-15,15.78700829
2024-10-16,2024-10-16,15.88754538
2024-10-17,2024-10-17,15.80794777
2024-10-18,2024-10-18,16.00065288
2024-10-19,2024-10-19,15.98168141
2024-10-20,2024-10-20,16.13730253
2024-10-21,2024-10-21,15.79392182
2024-10-22,2024-10-22,15.83024169
2024-10-23,2024-10-23,15.72854085
2024-10-24,2024-10-24,16.08206473
2024-10-25,2024-10-25,15.68153977
2024-10-26,2024-10-26,15.77881534
2024-10-27,2024-10-27,16.0058205
2024-10-28,2024-10-28,16.46373941
2024-10-29,2024-10-29,17.13246333
2024-10-30,2024-10-30,17.00256745
2024-10-31,2024-10-31,16.57599003
2024-11-01,2024-11-01,16.30902858
2024-11-02,2024-11-02,16.27989793
2024-11-03,2024-11-03,16.14249797
2024-11-04,2024-11-04,15.86640463
2024-11-05,2024-11-05,16.13718417
2024-11-06,2024-11-06,16.98899004
2024-11-07,2024-11-07,16.94928326
2024-11-08,2024-11-08,16.86295352
2024-11-09,2024-11-09,16.87362833
2024-11-10,2024-11-10,17.64937565
2024-11-11,2024-11-11,19.06095917
2024-11-12,2024-11-12,18.84228176
2024-11-13,2024-11-13,19.10878689
2024-11-14,2024-11-14,18.30823086
2024-11-15,2024-11-15,19.05916483
2024-11-16,2024-11-16,18.90160121
2024-11-17,2024-11-17,18.73512412
2024-11-18,2024-11-18,18.47600807
2024-11-19,2024-11-19,18.81556011
2024-11-20,2024-11-20,18.87472822
2024-11-21,2024-11-21,19.57376897
2024-11-22,2024-11-22,19.32213562
2024-11-23,2024-11-23,19.01429047
2024-11-24,2024-11-24,18.99368831
2024-11-25,2024-11-25,18.02297272
2024-11-26,2024-11-26,17.88264122
2024-11-27,2024-11-27,18.39720605
2024-11-28,2024-11-28,18.24157967
2024-11-29,2024-11-29,18.46887841
2024-11-30,2024-11-30,18.25040198
2024-12-01,2024-12-01,18.35649256
2024-12-02,2024-12-02,18.01801291
2024-12-03,2024-12-03,17.93200557
2024-12-04,2024-12-04,18.29893072
2024-12-05,2024-12-05,17.9212731
2024-12-06,2024-12-06,18.18078065
2024-12-07,2024-12-07,18.08812079
2024-12-08,2024-12-08,18.31167699
2024-12-09,2024-12-09,17.62924386
2024-12-10,2024-12-10,17.42906498
2024-12-11,2024-12-11,17.98424231
2024-12-12,2024-12-12,17.74669766
2024-12-13,2024-12-13,17.89066341
2024-12-14,2024-12-14,17.86953705
2024-12-15,2024-12-15,18.39196271
2024-12-16,2024-12-16,18.66527881
2024-12-17,2024-12-17,18.69297239
2024-12-18,2024-12-18,17.6680812
2024-12-19,2024-12-19,17.18902381
2024-12-20,2024-12-20,17.28563115
2024-12-21,2024-12-21,17.16206088
2024-12-22,2024-12-22,16.77936345
2024-12-23,2024-12-23,16.79856844
2024-12-24,2024-12-24,17.49603515
2024-12-25,2024-12-25,17.62226743
2024-12-26,2024-12-26,16.92263122
2024-12-27,2024-12-27,16.64933718
2024-12-28,2024-12-28,16.8618055
2024-12-29,2024-12-29,16.56683727
