start_time,date,utxo_count
2021-01-01,2021-01-01,68389406
2021-01-02,2021-01-02,68282829
2021-01-03,2021-01-03,68319564
2021-01-04,2021-01-04,68308253
2021-01-05,2021-01-05,68409963
2021-01-06,2021-01-06,68472002
2021-01-07,2021-01-07,68651799
2021-01-08,2021-01-08,68859847
2021-01-09,2021-01-09,68983008
2021-01-10,2021-01-10,68933165
2021-01-11,2021-01-11,68987821
2021-01-12,2021-01-12,69059640
2021-01-13,2021-01-13,69078632
2021-01-14,2021-01-14,69180964
2021-01-15,2021-01-15,69242269
2021-01-16,2021-01-16,69258352
2021-01-17,2021-01-17,69207826
2021-01-18,2021-01-18,69202888
2021-01-19,2021-01-19,69246166
2021-01-20,2021-01-20,69348435
2021-01-21,2021-01-21,69474790
2021-01-22,2021-01-22,69604797
2021-01-23,2021-01-23,69528232
2021-01-24,2021-01-24,69394157
2021-01-25,2021-01-25,69419362
2021-01-26,2021-01-26,69359950
2021-01-27,2021-01-27,69483924
2021-01-28,2021-01-28,69546700
2021-01-29,2021-01-29,69745238
2021-01-30,2021-01-30,69861715
2021-01-31,2021-01-31,69828802
2021-02-01,2021-02-01,70006714
2021-02-02,2021-02-02,70187107
2021-02-03,2021-02-03,70318836
2021-02-04,2021-02-04,70479862
2021-02-05,2021-02-05,70517972
2021-02-06,2021-02-06,70526049
2021-02-07,2021-02-07,70409047
2021-02-08,2021-02-08,70418228
2021-02-09,2021-02-09,70703192
2021-02-10,2021-02-10,70923649
2021-02-11,2021-02-11,71175130
2021-02-12,2021-02-12,71424272
2021-02-13,2021-02-13,71414889
2021-02-14,2021-02-14,71311785
2021-02-15,2021-02-15,71333909
2021-02-16,2021-02-16,71545444
2021-02-17,2021-02-17,71743737
2021-02-18,2021-02-18,71938081
2021-02-19,2021-02-19,72116589
2021-02-20,2021-02-20,72250740
2021-02-21,2021-02-21,72205021
2021-02-22,2021-02-22,72317134
2021-02-23,2021-02-23,72552349
2021-02-24,2021-02-24,72701055
2021-02-25,2021-02-25,72783643
2021-02-26,2021-02-26,72985034
2021-02-27,2021-02-27,72974111
2021-02-28,2021-02-28,72891958
2021-03-01,2021-03-01,73021058
2021-03-02,2021-03-02,73172265
2021-03-03,2021-03-03,73291494
2021-03-04,2021-03-04,73469306
2021-03-05,2021-03-05,73579210
2021-03-06,2021-03-06,73459165
2021-03-07,2021-03-07,73314031
2021-03-08,2021-03-08,73212351
2021-03-09,2021-03-09,73350459
2021-03-10,2021-03-10,73492569
2021-03-11,2021-03-11,73661414
2021-03-12,2021-03-12,73784829
2021-03-13,2021-03-13,73823668
2021-03-14,2021-03-14,73740307
2021-03-15,2021-03-15,73782447
2021-03-16,2021-03-16,73919672
2021-03-17,2021-03-17,74116505
2021-03-18,2021-03-18,74340339
2021-03-19,2021-03-19,74494979
2021-03-20,2021-03-20,74458210
2021-03-21,2021-03-21,74081023
2021-03-22,2021-03-22,74111020
2021-03-23,2021-03-23,74102467
2021-03-24,2021-03-24,74108048
2021-03-25,2021-03-25,74230367
2021-03-26,2021-03-26,74407989
2021-03-27,2021-03-27,74303904
2021-03-28,2021-03-28,74040695
2021-03-29,2021-03-29,74086954
2021-03-30,2021-03-30,74240478
2021-03-31,2021-03-31,74410959
2021-04-01,2021-04-01,74547030
2021-04-02,2021-04-02,74705735
2021-04-03,2021-04-03,74786825
2021-04-04,2021-04-04,74610223
2021-04-05,2021-04-05,74519055
2021-04-06,2021-04-06,74710748
2021-04-07,2021-04-07,74830465
2021-04-08,2021-04-08,74967111
2021-04-09,2021-04-09,75108947
2021-04-10,2021-04-10,75082516
2021-04-11,2021-04-11,74927353
2021-04-12,2021-04-12,74980668
2021-04-13,2021-04-13,75165377
2021-04-14,2021-04-14,75420109
2021-04-15,2021-04-15,75537624
2021-04-16,2021-04-16,75850255
2021-04-17,2021-04-17,76039912
2021-04-18,2021-04-18,76219335
2021-04-19,2021-04-19,76482462
2021-04-20,2021-04-20,76730557
2021-04-21,2021-04-21,77016871
2021-04-22,2021-04-22,77062366
2021-04-23,2021-04-23,77207216
2021-04-24,2021-04-24,77160017
2021-04-25,2021-04-25,76943809
2021-04-26,2021-04-26,77074112
2021-04-27,2021-04-27,77104378
2021-04-28,2021-04-28,77101880
2021-04-29,2021-04-29,77211083
2021-04-30,2021-04-30,77203417
2021-05-01,2021-05-01,77144143
2021-05-02,2021-05-02,76524176
2021-05-03,2021-05-03,76216498
2021-05-04,2021-05-04,75960651
2021-05-05,2021-05-05,75941899
2021-05-06,2021-05-06,75904058
2021-05-07,2021-05-07,75844985
2021-05-08,2021-05-08,75688756
2021-05-09,2021-05-09,75303966
2021-05-10,2021-05-10,75125270
2021-05-11,2021-05-11,75097308
2021-05-12,2021-05-12,75056482
2021-05-13,2021-05-13,75039043
2021-05-14,2021-05-14,75151250
2021-05-15,2021-05-15,75165910
2021-05-16,2021-05-16,75043154
2021-05-17,2021-05-17,75134346
2021-05-18,2021-05-18,75283761
2021-05-19,2021-05-19,75436820
2021-05-20,2021-05-20,75625579
2021-05-21,2021-05-21,75827882
2021-05-22,2021-05-22,75853627
2021-05-23,2021-05-23,75740312
2021-05-24,2021-05-24,75713858
2021-05-25,2021-05-25,75711944
2021-05-26,2021-05-26,75740658
2021-05-27,2021-05-27,75776173
2021-05-28,2021-05-28,75779121
2021-05-29,2021-05-29,75701916
2021-05-30,2021-05-30,75288150
2021-05-31,2021-05-31,75108573
2021-06-01,2021-06-01,75026617
2021-06-02,2021-06-02,74824126
2021-06-03,2021-06-03,74781186
2021-06-04,2021-06-04,74781589
2021-06-05,2021-06-05,74805757
2021-06-06,2021-06-06,74725347
2021-06-07,2021-06-07,74706765
2021-06-08,2021-06-08,74646946
2021-06-09,2021-06-09,74776346
2021-06-10,2021-06-10,74888661
2021-06-11,2021-06-11,74994542
2021-06-12,2021-06-12,74825707
2021-06-13,2021-06-13,74721048
2021-06-14,2021-06-14,74704815
2021-06-15,2021-06-15,74750178
2021-06-16,2021-06-16,74777585
2021-06-17,2021-06-17,74810943
2021-06-18,2021-06-18,74841474
2021-06-19,2021-06-19,74864360
2021-06-20,2021-06-20,74728469
2021-06-21,2021-06-21,74713727
2021-06-22,2021-06-22,74805681
2021-06-23,2021-06-23,74892719
2021-06-24,2021-06-24,74944996
2021-06-25,2021-06-25,74909502
2021-06-26,2021-06-26,74916723
2021-06-27,2021-06-27,75002003
2021-06-28,2021-06-28,75174405
2021-06-29,2021-06-29,75300522
2021-06-30,2021-06-30,75439356
2021-07-01,2021-07-01,75592028
2021-07-02,2021-07-02,75662335
2021-07-03,2021-07-03,75484510
2021-07-04,2021-07-04,75231018
2021-07-05,2021-07-05,75055598
2021-07-06,2021-07-06,75023390
2021-07-07,2021-07-07,75045880
2021-07-08,2021-07-08,75114351
2021-07-09,2021-07-09,75086361
2021-07-10,2021-07-10,75101422
2021-07-11,2021-07-11,74955506
2021-07-12,2021-07-12,74965311
2021-07-13,2021-07-13,74897926
2021-07-14,2021-07-14,74918402
2021-07-15,2021-07-15,74892878
2021-07-16,2021-07-16,74945460
2021-07-17,2021-07-17,75001583
2021-07-18,2021-07-18,74961246
2021-07-19,2021-07-19,74905128
2021-07-20,2021-07-20,74897654
2021-07-21,2021-07-21,74854585
2021-07-22,2021-07-22,74904060
2021-07-23,2021-07-23,74983050
2021-07-24,2021-07-24,74988235
2021-07-25,2021-07-25,74951271
2021-07-26,2021-07-26,74924257
2021-07-27,2021-07-27,74837514
2021-07-28,2021-07-28,74869903
2021-07-29,2021-07-29,74921753
2021-07-30,2021-07-30,75024180
2021-07-31,2021-07-31,75084916
2021-08-01,2021-08-01,75112176
2021-08-02,2021-08-02,74985477
2021-08-03,2021-08-03,75019326
2021-08-04,2021-08-04,75008092
2021-08-05,2021-08-05,75068179
2021-08-06,2021-08-06,75101197
2021-08-07,2021-08-07,75147544
2021-08-08,2021-08-08,75135024
2021-08-09,2021-08-09,75089014
2021-08-10,2021-08-10,75114747
2021-08-11,2021-08-11,75164207
2021-08-12,2021-08-12,75202552
2021-08-13,2021-08-13,75172870
2021-08-14,2021-08-14,75256154
2021-08-15,2021-08-15,75115949
2021-08-16,2021-08-16,75049465
2021-08-17,2021-08-17,74907227
2021-08-18,2021-08-18,74884043
2021-08-19,2021-08-19,74854884
2021-08-20,2021-08-20,74845349
2021-08-21,2021-08-21,74863160
2021-08-22,2021-08-22,74798815
2021-08-23,2021-08-23,74737763
2021-08-24,2021-08-24,74710271
2021-08-25,2021-08-25,74798786
2021-08-26,2021-08-26,74904306
2021-08-27,2021-08-27,74996457
2021-08-28,2021-08-28,74893278
2021-08-29,2021-08-29,74843365
2021-08-30,2021-08-30,74841327
2021-08-31,2021-08-31,74914499
2021-09-01,2021-09-01,74954393
2021-09-02,2021-09-02,74954706
2021-09-03,2021-09-03,74924640
2021-09-04,2021-09-04,75008927
2021-09-05,2021-09-05,74998065
2021-09-06,2021-09-06,74882554
2021-09-07,2021-09-07,74906429
2021-09-08,2021-09-08,74992750
2021-09-09,2021-09-09,75119426
2021-09-10,2021-09-10,75167824
2021-09-11,2021-09-11,75091444
2021-09-12,2021-09-12,75121820
2021-09-13,2021-09-13,75079384
2021-09-14,2021-09-14,75082726
2021-09-15,2021-09-15,75054270
2021-09-16,2021-09-16,74973626
2021-09-17,2021-09-17,74952774
2021-09-18,2021-09-18,74966121
2021-09-19,2021-09-19,75019604
2021-09-20,2021-09-20,74872712
2021-09-21,2021-09-21,74920594
2021-09-22,2021-09-22,74970753
2021-09-23,2021-09-23,75029872
2021-09-24,2021-09-24,75062352
2021-09-25,2021-09-25,75180493
2021-09-26,2021-09-26,75190074
2021-09-27,2021-09-27,75194027
2021-09-28,2021-09-28,75142458
2021-09-29,2021-09-29,75192365
2021-09-30,2021-09-30,75035064
2021-10-01,2021-10-01,75127762
2021-10-02,2021-10-02,75070406
2021-10-03,2021-10-03,75103917
2021-10-04,2021-10-04,75031273
2021-10-05,2021-10-05,74951158
2021-10-06,2021-10-06,75043466
2021-10-07,2021-10-07,75061553
2021-10-08,2021-10-08,75110490
2021-10-09,2021-10-09,74972053
2021-10-10,2021-10-10,74939129
2021-10-11,2021-10-11,74897176
2021-10-12,2021-10-12,74959645
2021-10-13,2021-10-13,74939984
2021-10-14,2021-10-14,74940300
2021-10-15,2021-10-15,75021454
2021-10-16,2021-10-16,75036983
2021-10-17,2021-10-17,75045967
2021-10-18,2021-10-18,75078218
2021-10-19,2021-10-19,75063293
2021-10-20,2021-10-20,75145571
2021-10-21,2021-10-21,75043156
2021-10-22,2021-10-22,75059587
2021-10-23,2021-10-23,75082146
2021-10-24,2021-10-24,75175549
2021-10-25,2021-10-25,75095066
2021-10-26,2021-10-26,75148689
2021-10-27,2021-10-27,75231518
2021-10-28,2021-10-28,75258947
2021-10-29,2021-10-29,75375088
2021-10-30,2021-10-30,75499210
2021-10-31,2021-10-31,75456395
2021-11-01,2021-11-01,75445886
2021-11-02,2021-11-02,75401978
2021-11-03,2021-11-03,75421669
2021-11-04,2021-11-04,75452308
2021-11-05,2021-11-05,75461293
2021-11-06,2021-11-06,75584033
2021-11-07,2021-11-07,75587713
2021-11-08,2021-11-08,75671501
2021-11-09,2021-11-09,75592297
2021-11-10,2021-11-10,75581831
2021-11-11,2021-11-11,75567973
2021-11-12,2021-11-12,75595302
2021-11-13,2021-11-13,75693726
2021-11-14,2021-11-14,75780410
2021-11-15,2021-11-15,75685175
2021-11-16,2021-11-16,75729151
2021-11-17,2021-11-17,75631241
2021-11-18,2021-11-18,75706470
2021-11-19,2021-11-19,75795422
2021-11-20,2021-11-20,75898804
2021-11-21,2021-11-21,75930396
2021-11-22,2021-11-22,75978171
2021-11-23,2021-11-23,76150581
2021-11-24,2021-11-24,76196386
2021-11-25,2021-11-25,76380393
2021-11-26,2021-11-26,76512586
2021-11-27,2021-11-27,76703707
2021-11-28,2021-11-28,76775620
2021-11-29,2021-11-29,76884193
2021-11-30,2021-11-30,77063698
2021-12-01,2021-12-01,77043522
2021-12-02,2021-12-02,76894782
2021-12-03,2021-12-03,76994380
2021-12-04,2021-12-04,77095014
2021-12-05,2021-12-05,76824548
2021-12-06,2021-12-06,76809516
2021-12-07,2021-12-07,76852903
2021-12-08,2021-12-08,76936558
2021-12-09,2021-12-09,76746875
2021-12-10,2021-12-10,76948982
2021-12-11,2021-12-11,77094410
2021-12-12,2021-12-12,77260805
2021-12-13,2021-12-13,77349263
2021-12-14,2021-12-14,77444752
2021-12-15,2021-12-15,77395716
2021-12-16,2021-12-16,77574391
2021-12-17,2021-12-17,77513929
2021-12-18,2021-12-18,77574863
2021-12-19,2021-12-19,77736427
2021-12-20,2021-12-20,77742029
2021-12-21,2021-12-21,77874113
2021-12-22,2021-12-22,77903300
2021-12-23,2021-12-23,78114062
2021-12-24,2021-12-24,78053276
2021-12-25,2021-12-25,77903623
2021-12-26,2021-12-26,77983062
2021-12-27,2021-12-27,77960674
2021-12-28,2021-12-28,77919478
2021-12-29,2021-12-29,77873096
2021-12-30,2021-12-30,77900799
2021-12-31,2021-12-31,77768232
2022-01-01,2022-01-01,77850487
2022-01-02,2022-01-02,77933725
2022-01-03,2022-01-03,77934312
2022-01-04,2022-01-04,77965855
2022-01-05,2022-01-05,77991413
2022-01-06,2022-01-06,78048313
2022-01-07,2022-01-07,78054915
2022-01-08,2022-01-08,78115279
2022-01-09,2022-01-09,78233809
2022-01-10,2022-01-10,78209522
2022-01-11,2022-01-11,78267035
2022-01-12,2022-01-12,78288002
2022-01-13,2022-01-13,78376362
2022-01-14,2022-01-14,78407995
2022-01-15,2022-01-15,78539857
2022-01-16,2022-01-16,78634880
2022-01-17,2022-01-17,78589211
2022-01-18,2022-01-18,78666920
2022-01-19,2022-01-19,78710652
2022-01-20,2022-01-20,78782930
2022-01-21,2022-01-21,78833792
2022-01-22,2022-01-22,78776334
2022-01-23,2022-01-23,78851456
2022-01-24,2022-01-24,78844659
2022-01-25,2022-01-25,78927808
2022-01-26,2022-01-26,79017412
2022-01-27,2022-01-27,79065641
2022-01-28,2022-01-28,79090711
2022-01-29,2022-01-29,79109491
2022-01-30,2022-01-30,79034985
2022-01-31,2022-01-31,78903134
2022-02-01,2022-02-01,78778718
2022-02-02,2022-02-02,78776141
2022-02-03,2022-02-03,78824260
2022-02-04,2022-02-04,78935666
2022-02-05,2022-02-05,78974601
2022-02-06,2022-02-06,78872863
2022-02-07,2022-02-07,78942389
2022-02-08,2022-02-08,78895128
2022-02-09,2022-02-09,78809643
2022-02-10,2022-02-10,78660126
2022-02-11,2022-02-11,78532451
2022-02-12,2022-02-12,78065599
2022-02-13,2022-02-13,78132110
2022-02-14,2022-02-14,78171907
2022-02-15,2022-02-15,78108505
2022-02-16,2022-02-16,78195649
2022-02-17,2022-02-17,78252684
2022-02-18,2022-02-18,78306947
2022-02-19,2022-02-19,78300178
2022-02-20,2022-02-20,78395378
2022-02-21,2022-02-21,78427421
2022-02-22,2022-02-22,78490203
2022-02-23,2022-02-23,78564414
2022-02-24,2022-02-24,78598947
2022-02-25,2022-02-25,78675949
2022-02-26,2022-02-26,78740332
2022-02-27,2022-02-27,78848901
2022-02-28,2022-02-28,78887009
2022-03-01,2022-03-01,78807429
2022-03-02,2022-03-02,78738787
2022-03-03,2022-03-03,78755812
2022-03-04,2022-03-04,78786585
2022-03-05,2022-03-05,78887270
2022-03-06,2022-03-06,78927151
2022-03-07,2022-03-07,78948342
2022-03-08,2022-03-08,78946094
2022-03-09,2022-03-09,79034417
2022-03-10,2022-03-10,79048308
2022-03-11,2022-03-11,79139311
2022-03-12,2022-03-12,79203578
2022-03-13,2022-03-13,79276803
2022-03-14,2022-03-14,79303000
2022-03-15,2022-03-15,79350808
2022-03-16,2022-03-16,79394997
2022-03-17,2022-03-17,79461893
2022-03-18,2022-03-18,79501455
2022-03-19,2022-03-19,79562304
2022-03-20,2022-03-20,79637017
2022-03-21,2022-03-21,79685778
2022-03-22,2022-03-22,79771477
2022-03-23,2022-03-23,79773827
2022-03-24,2022-03-24,79834423
2022-03-25,2022-03-25,79874958
2022-03-26,2022-03-26,79960666
2022-03-27,2022-03-27,80040322
2022-03-28,2022-03-28,80017098
2022-03-29,2022-03-29,80097352
2022-03-30,2022-03-30,80140169
2022-03-31,2022-03-31,80231675
2022-04-01,2022-04-01,80284677
2022-04-02,2022-04-02,80293160
2022-04-03,2022-04-03,80363940
2022-04-04,2022-04-04,80409144
2022-04-05,2022-04-05,80496423
2022-04-06,2022-04-06,80556224
2022-04-07,2022-04-07,80594358
2022-04-08,2022-04-08,80711755
2022-04-09,2022-04-09,80799481
2022-04-10,2022-04-10,80859168
2022-04-11,2022-04-11,80923147
2022-04-12,2022-04-12,80925083
2022-04-13,2022-04-13,80983255
2022-04-14,2022-04-14,81067494
2022-04-15,2022-04-15,81187169
2022-04-16,2022-04-16,81312568
2022-04-17,2022-04-17,81386372
2022-04-18,2022-04-18,81382659
2022-04-19,2022-04-19,81482646
2022-04-20,2022-04-20,81542806
2022-04-21,2022-04-21,81572598
2022-04-22,2022-04-22,81651540
2022-04-23,2022-04-23,81710729
2022-04-24,2022-04-24,81768070
2022-04-25,2022-04-25,81719895
2022-04-26,2022-04-26,81786969
2022-04-27,2022-04-27,81858233
2022-04-28,2022-04-28,81906650
2022-04-29,2022-04-29,81933288
2022-04-30,2022-04-30,81938956
2022-05-01,2022-05-01,82059059
2022-05-02,2022-05-02,82103444
2022-05-03,2022-05-03,82223805
2022-05-04,2022-05-04,82243931
2022-05-05,2022-05-05,82155958
2022-05-06,2022-05-06,82110560
2022-05-07,2022-05-07,82164288
2022-05-08,2022-05-08,82198196
2022-05-09,2022-05-09,82196195
2022-05-10,2022-05-10,82309292
2022-05-11,2022-05-11,82337081
2022-05-12,2022-05-12,82348784
2022-05-13,2022-05-13,82302315
2022-05-14,2022-05-14,82264695
2022-05-15,2022-05-15,82103105
2022-05-16,2022-05-16,81796523
2022-05-17,2022-05-17,81649310
2022-05-18,2022-05-18,81716587
2022-05-19,2022-05-19,81795674
2022-05-20,2022-05-20,81785780
2022-05-21,2022-05-21,81857996
2022-05-22,2022-05-22,81869067
2022-05-23,2022-05-23,81835318
2022-05-24,2022-05-24,81920738
2022-05-25,2022-05-25,81907429
2022-05-26,2022-05-26,81961499
2022-05-27,2022-05-27,82040218
2022-05-28,2022-05-28,82088766
2022-05-29,2022-05-29,82073749
2022-05-30,2022-05-30,81979305
2022-05-31,2022-05-31,81978306
2022-06-01,2022-06-01,82029339
2022-06-02,2022-06-02,82040258
2022-06-03,2022-06-03,82089712
2022-06-04,2022-06-04,82152629
2022-06-05,2022-06-05,82211752
2022-06-06,2022-06-06,82163778
2022-06-07,2022-06-07,82109503
2022-06-08,2022-06-08,82125082
2022-06-09,2022-06-09,82168886
2022-06-10,2022-06-10,82252061
2022-06-11,2022-06-11,82268549
2022-06-12,2022-06-12,82339800
2022-06-13,2022-06-13,82353831
2022-06-14,2022-06-14,82245738
2022-06-15,2022-06-15,82194566
2022-06-16,2022-06-16,82275455
2022-06-17,2022-06-17,82411591
2022-06-18,2022-06-18,82380308
2022-06-19,2022-06-19,82439479
2022-06-20,2022-06-20,82509590
2022-06-21,2022-06-21,82534252
2022-06-22,2022-06-22,82578734
2022-06-23,2022-06-23,82638342
2022-06-24,2022-06-24,82699392
2022-06-25,2022-06-25,82592312
2022-06-26,2022-06-26,82319375
2022-06-27,2022-06-27,82119184
2022-06-28,2022-06-28,82104335
2022-06-29,2022-06-29,82096817
2022-06-30,2022-06-30,82134293
2022-07-01,2022-07-01,82281003
2022-07-02,2022-07-02,82333762
2022-07-03,2022-07-03,82414115
2022-07-04,2022-07-04,82444820
2022-07-05,2022-07-05,82519496
2022-07-06,2022-07-06,82575860
2022-07-07,2022-07-07,82521112
2022-07-08,2022-07-08,82561461
2022-07-09,2022-07-09,82631967
2022-07-10,2022-07-10,82684604
2022-07-11,2022-07-11,82742834
2022-07-12,2022-07-12,82724074
2022-07-13,2022-07-13,82832779
2022-07-14,2022-07-14,82842308
2022-07-15,2022-07-15,82821617
2022-07-16,2022-07-16,82869064
2022-07-17,2022-07-17,82884939
2022-07-18,2022-07-18,82923646
2022-07-19,2022-07-19,82880185
2022-07-20,2022-07-20,82897670
2022-07-21,2022-07-21,82904837
2022-07-22,2022-07-22,83027610
2022-07-23,2022-07-23,83081861
2022-07-24,2022-07-24,83122408
2022-07-25,2022-07-25,83107632
2022-07-26,2022-07-26,83082654
2022-07-27,2022-07-27,83121450
2022-07-28,2022-07-28,83109281
2022-07-29,2022-07-29,83181781
2022-07-30,2022-07-30,83270533
2022-07-31,2022-07-31,83320273
2022-08-01,2022-08-01,83306101
2022-08-02,2022-08-02,83327465
2022-08-03,2022-08-03,83337682
2022-08-04,2022-08-04,83404251
2022-08-05,2022-08-05,83501557
2022-08-06,2022-08-06,83511690
2022-08-07,2022-08-07,83554604
2022-08-08,2022-08-08,83594317
2022-08-09,2022-08-09,83563222
2022-08-10,2022-08-10,83496667
2022-08-11,2022-08-11,83550411
2022-08-12,2022-08-12,83602898
2022-08-13,2022-08-13,83684372
2022-08-14,2022-08-14,83649623
2022-08-15,2022-08-15,83635589
2022-08-16,2022-08-16,83580529
2022-08-17,2022-08-17,83605328
2022-08-18,2022-08-18,83546728
2022-08-19,2022-08-19,83608910
2022-08-20,2022-08-20,83656726
2022-08-21,2022-08-21,83691799
2022-08-22,2022-08-22,83711883
2022-08-23,2022-08-23,83682271
2022-08-24,2022-08-24,83712791
2022-08-25,2022-08-25,83731300
2022-08-26,2022-08-26,83792684
2022-08-27,2022-08-27,83821405
2022-08-28,2022-08-28,83831565
2022-08-29,2022-08-29,83782068
2022-08-30,2022-08-30,83758415
2022-08-31,2022-08-31,83740383
2022-09-01,2022-09-01,83793197
2022-09-02,2022-09-02,83902732
2022-09-03,2022-09-03,83874428
2022-09-04,2022-09-04,83865289
2022-09-05,2022-09-05,83791496
2022-09-06,2022-09-06,83811502
2022-09-07,2022-09-07,83796103
2022-09-08,2022-09-08,83849439
2022-09-09,2022-09-09,83892199
2022-09-10,2022-09-10,83920441
2022-09-11,2022-09-11,83917085
2022-09-12,2022-09-12,83845826
2022-09-13,2022-09-13,83856678
2022-09-14,2022-09-14,83876701
2022-09-15,2022-09-15,83922522
2022-09-16,2022-09-16,84073569
2022-09-17,2022-09-17,84064337
2022-09-18,2022-09-18,84087169
2022-09-19,2022-09-19,84109072
2022-09-20,2022-09-20,84062618
2022-09-21,2022-09-21,84066894
2022-09-22,2022-09-22,84119115
2022-09-23,2022-09-23,84137647
2022-09-24,2022-09-24,84183265
2022-09-25,2022-09-25,84249877
2022-09-26,2022-09-26,84185220
2022-09-27,2022-09-27,84145573
2022-09-28,2022-09-28,84169175
2022-09-29,2022-09-29,84208052
2022-09-30,2022-09-30,84247031
2022-10-01,2022-10-01,84259907
2022-10-02,2022-10-02,84252348
2022-10-03,2022-10-03,84177049
2022-10-04,2022-10-04,84155953
2022-10-05,2022-10-05,84178956
2022-10-06,2022-10-06,84200248
2022-10-07,2022-10-07,84129165
2022-10-08,2022-10-08,84209946
2022-10-09,2022-10-09,84258908
2022-10-10,2022-10-10,84224349
2022-10-11,2022-10-11,84219462
2022-10-12,2022-10-12,84271804
2022-10-13,2022-10-13,84228225
2022-10-14,2022-10-14,84143417
2022-10-15,2022-10-15,84153374
2022-10-16,2022-10-16,84211505
2022-10-17,2022-10-17,84190447
2022-10-18,2022-10-18,84103872
2022-10-19,2022-10-19,83891546
2022-10-20,2022-10-20,83882418
2022-10-21,2022-10-21,83918626
2022-10-22,2022-10-22,83959089
2022-10-23,2022-10-23,84021873
2022-10-24,2022-10-24,83991446
2022-10-25,2022-10-25,84071794
2022-10-26,2022-10-26,83913331
2022-10-27,2022-10-27,83931937
2022-10-28,2022-10-28,83958237
2022-10-29,2022-10-29,84052971
2022-10-30,2022-10-30,84090945
2022-10-31,2022-10-31,84034559
2022-11-01,2022-11-01,84009681
2022-11-02,2022-11-02,84087342
2022-11-03,2022-11-03,84097381
2022-11-04,2022-11-04,84188821
2022-11-05,2022-11-05,84163763
2022-11-06,2022-11-06,84193568
2022-11-07,2022-11-07,84193942
2022-11-08,2022-11-08,84170080
2022-11-09,2022-11-09,84220454
2022-11-10,2022-11-10,84284856
2022-11-11,2022-11-11,84431403
2022-11-12,2022-11-12,84444518
2022-11-13,2022-11-13,84548815
2022-11-14,2022-11-14,84630504
2022-11-15,2022-11-15,84480432
2022-11-16,2022-11-16,84328719
2022-11-17,2022-11-17,84238998
2022-11-18,2022-11-18,84214897
2022-11-19,2022-11-19,83931714
2022-11-20,2022-11-20,83646866
2022-11-21,2022-11-21,83603410
2022-11-22,2022-11-22,83586848
2022-11-23,2022-11-23,83462367
2022-11-24,2022-11-24,83274371
2022-11-25,2022-11-25,83230660
2022-11-26,2022-11-26,83186254
2022-11-27,2022-11-27,83135927
2022-11-28,2022-11-28,83064651
2022-11-29,2022-11-29,83061438
2022-11-30,2022-11-30,83092721
2022-12-01,2022-12-01,83066743
2022-12-02,2022-12-02,83141378
2022-12-03,2022-12-03,83149276
2022-12-04,2022-12-04,83122872
2022-12-05,2022-12-05,83080980
2022-12-06,2022-12-06,83070503
2022-12-07,2022-12-07,83051542
2022-12-08,2022-12-08,83075768
2022-12-09,2022-12-09,83062838
2022-12-10,2022-12-10,82809538
2022-12-11,2022-12-11,82852566
2022-12-12,2022-12-12,82853639
2022-12-13,2022-12-13,82888896
2022-12-14,2022-12-14,82892487
2022-12-15,2022-12-15,82970566
2022-12-16,2022-12-16,83125686
2022-12-17,2022-12-17,83127680
2022-12-18,2022-12-18,83150981
2022-12-19,2022-12-19,83069134
2022-12-20,2022-12-20,83069315
2022-12-21,2022-12-21,83075842
2022-12-22,2022-12-22,83132330
2022-12-23,2022-12-23,83251063
2022-12-24,2022-12-24,83365072
2022-12-25,2022-12-25,83352997
2022-12-26,2022-12-26,83350232
2022-12-27,2022-12-27,83372197
2022-12-28,2022-12-28,83395111
2022-12-29,2022-12-29,83400221
2022-12-30,2022-12-30,83299647
2022-12-31,2022-12-31,83311420
2023-01-01,2023-01-01,83323372
2023-01-02,2023-01-02,83274897
2023-01-03,2023-01-03,83216302
2023-01-04,2023-01-04,83207076
2023-01-05,2023-01-05,83216847
2023-01-06,2023-01-06,83173591
2023-01-07,2023-01-07,83249891
2023-01-08,2023-01-08,83308033
2023-01-09,2023-01-09,83223075
2023-01-10,2023-01-10,82920681
2023-01-11,2023-01-11,82827164
2023-01-12,2023-01-12,82758575
2023-01-13,2023-01-13,82737337
2023-01-14,2023-01-14,82759233
2023-01-15,2023-01-15,82854805
2023-01-16,2023-01-16,82819925
2023-01-17,2023-01-17,82767587
2023-01-18,2023-01-18,82761995
2023-01-19,2023-01-19,82781809
2023-01-20,2023-01-20,82899771
2023-01-21,2023-01-21,82987446
2023-01-22,2023-01-22,82960714
2023-01-23,2023-01-23,82957132
2023-01-24,2023-01-24,82996546
2023-01-25,2023-01-25,83054075
2023-01-26,2023-01-26,83102901
2023-01-27,2023-01-27,83203771
2023-01-28,2023-01-28,83264209
2023-01-29,2023-01-29,83302125
2023-01-30,2023-01-30,83290923
2023-01-31,2023-01-31,83396292
2023-02-01,2023-02-01,83380327
2023-02-02,2023-02-02,83459235
2023-02-03,2023-02-03,83571437
2023-02-04,2023-02-04,83586089
2023-02-05,2023-02-05,83649355
2023-02-06,2023-02-06,83716739
2023-02-07,2023-02-07,83857504
2023-02-08,2023-02-08,83974809
2023-02-09,2023-02-09,84107031
2023-02-10,2023-02-10,84263185
2023-02-11,2023-02-11,84383679
2023-02-12,2023-02-12,84478000
2023-02-13,2023-02-13,84524175
2023-02-14,2023-02-14,84668242
2023-02-15,2023-02-15,84750873
2023-02-16,2023-02-16,84728831
2023-02-17,2023-02-17,84697825
2023-02-18,2023-02-18,84494858
2023-02-19,2023-02-19,84336163
2023-02-20,2023-02-20,84303431
2023-02-21,2023-02-21,84108160
2023-02-22,2023-02-22,84090729
2023-02-23,2023-02-23,83878714
2023-02-24,2023-02-24,83945937
2023-02-25,2023-02-25,84112602
2023-02-26,2023-02-26,84076159
2023-02-27,2023-02-27,84069803
2023-02-28,2023-02-28,84219640
2023-03-01,2023-03-01,84397878
2023-03-02,2023-03-02,84602792
2023-03-03,2023-03-03,84712446
2023-03-04,2023-03-04,84843132
2023-03-05,2023-03-05,84716160
2023-03-06,2023-03-06,84834825
2023-03-07,2023-03-07,84911216
2023-03-08,2023-03-08,85019316
2023-03-09,2023-03-09,85194172
2023-03-10,2023-03-10,85375007
2023-03-11,2023-03-11,85480891
2023-03-12,2023-03-12,85486778
2023-03-13,2023-03-13,85557668
2023-03-14,2023-03-14,85596781
2023-03-15,2023-03-15,85737838
2023-03-16,2023-03-16,85915610
2023-03-17,2023-03-17,86018450
2023-03-18,2023-03-18,86074258
2023-03-19,2023-03-19,86161968
2023-03-20,2023-03-20,86226838
2023-03-21,2023-03-21,86316061
2023-03-22,2023-03-22,86410696
2023-03-23,2023-03-23,86557823
2023-03-24,2023-03-24,86767163
2023-03-25,2023-03-25,86834286
2023-03-26,2023-03-26,86844204
2023-03-27,2023-03-27,86738271
2023-03-28,2023-03-28,86791008
2023-03-29,2023-03-29,86891562
2023-03-30,2023-03-30,86955187
2023-03-31,2023-03-31,87024445
2023-04-01,2023-04-01,87074864
2023-04-02,2023-04-02,87055139
2023-04-03,2023-04-03,87126794
2023-04-04,2023-04-04,87264022
2023-04-05,2023-04-05,87448551
2023-04-06,2023-04-06,87567923
2023-04-07,2023-04-07,87764115
2023-04-08,2023-04-08,87924221
2023-04-09,2023-04-09,87750960
2023-04-10,2023-04-10,87726010
2023-04-11,2023-04-11,87673116
2023-04-12,2023-04-12,87606101
2023-04-13,2023-04-13,87612262
2023-04-14,2023-04-14,87648962
2023-04-15,2023-04-15,87390079
2023-04-16,2023-04-16,87267390
2023-04-17,2023-04-17,87106581
2023-04-18,2023-04-18,86788064
2023-04-19,2023-04-19,86764008
2023-04-20,2023-04-20,86791726
2023-04-21,2023-04-21,86914936
2023-04-22,2023-04-22,87038393
2023-04-23,2023-04-23,87277046
2023-04-24,2023-04-24,87264906
2023-04-25,2023-04-25,87444274
2023-04-26,2023-04-26,87756752
2023-04-27,2023-04-27,88029919
2023-04-28,2023-04-28,88385898
2023-04-29,2023-04-29,88777493
2023-04-30,2023-04-30,89270190
2023-05-01,2023-05-01,89773784
2023-05-02,2023-05-02,90184212
2023-05-03,2023-05-03,90526439
2023-05-04,2023-05-04,90858798
2023-05-05,2023-05-05,91253980
2023-05-06,2023-05-06,91859450
2023-05-07,2023-05-07,92548407
2023-05-08,2023-05-08,93139506
2023-05-09,2023-05-09,93673686
2023-05-10,2023-05-10,94253940
2023-05-11,2023-05-11,94692831
2023-05-12,2023-05-12,95102850
2023-05-13,2023-05-13,95635876
2023-05-14,2023-05-14,96023776
2023-05-15,2023-05-15,96393577
2023-05-16,2023-05-16,96850145
2023-05-17,2023-05-17,97287351
2023-05-18,2023-05-18,97626351
2023-05-19,2023-05-19,98034155
2023-05-20,2023-05-20,98341950
2023-05-21,2023-05-21,98655545
2023-05-22,2023-05-22,99018084
2023-05-23,2023-05-23,99370858
2023-05-24,2023-05-24,99569991
2023-05-25,2023-05-25,99875088
2023-05-26,2023-05-26,100238954
2023-05-27,2023-05-27,100512879
2023-05-28,2023-05-28,100755083
2023-05-29,2023-05-29,101118637
2023-05-30,2023-05-30,101454040
2023-05-31,2023-05-31,101697051
2023-06-01,2023-06-01,101861960
2023-06-02,2023-06-02,102188445
2023-06-03,2023-06-03,102390195
2023-06-04,2023-06-04,102449082
2023-06-05,2023-06-05,102553137
2023-06-06,2023-06-06,102821225
2023-06-07,2023-06-07,103027655
2023-06-08,2023-06-08,103161620
2023-06-09,2023-06-09,103153494
2023-06-10,2023-06-10,103198674
2023-06-11,2023-06-11,103258706
2023-06-12,2023-06-12,103237245
2023-06-13,2023-06-13,103429068
2023-06-14,2023-06-14,103619563
2023-06-15,2023-06-15,103897897
2023-06-16,2023-06-16,104298112
2023-06-17,2023-06-17,104611670
2023-06-18,2023-06-18,104862778
2023-06-19,2023-06-19,104961721
2023-06-20,2023-06-20,105265308
2023-06-21,2023-06-21,105443697
2023-06-22,2023-06-22,105554656
2023-06-23,2023-06-23,105769987
2023-06-24,2023-06-24,105778511
2023-06-25,2023-06-25,105826253
2023-06-26,2023-06-26,105894129
2023-06-27,2023-06-27,106109446
2023-06-28,2023-06-28,106324658
2023-06-29,2023-06-29,106541560
2023-06-30,2023-06-30,106629703
2023-07-01,2023-07-01,106604963
2023-07-02,2023-07-02,106086302
2023-07-03,2023-07-03,106104682
2023-07-04,2023-07-04,106098751
2023-07-05,2023-07-05,106369256
2023-07-06,2023-07-06,106535147
2023-07-07,2023-07-07,106845270
2023-07-08,2023-07-08,107107369
2023-07-09,2023-07-09,107462050
2023-07-10,2023-07-10,107800426
2023-07-11,2023-07-11,108024445
2023-07-12,2023-07-12,108351411
2023-07-13,2023-07-13,108607818
2023-07-14,2023-07-14,108851631
2023-07-15,2023-07-15,109233317
2023-07-16,2023-07-16,109694502
2023-07-17,2023-07-17,109984864
2023-07-18,2023-07-18,110366496
2023-07-19,2023-07-19,110719628
2023-07-20,2023-07-20,110989042
2023-07-21,2023-07-21,111201850
2023-07-22,2023-07-22,110963768
2023-07-23,2023-07-23,111377304
2023-07-24,2023-07-24,111675713
2023-07-25,2023-07-25,112015740
2023-07-26,2023-07-26,112232816
2023-07-27,2023-07-27,112471234
2023-07-28,2023-07-28,112758789
2023-07-29,2023-07-29,113079462
2023-07-30,2023-07-30,113528245
2023-07-31,2023-07-31,113764021
2023-08-01,2023-08-01,113959290
2023-08-02,2023-08-02,114011824
2023-08-03,2023-08-03,114206765
2023-08-04,2023-08-04,114365427
2023-08-05,2023-08-05,114672410
2023-08-06,2023-08-06,115230519
2023-08-07,2023-08-07,115462562
2023-08-08,2023-08-08,115562182
2023-08-09,2023-08-09,115755425
2023-08-10,2023-08-10,116006546
2023-08-11,2023-08-11,116292456
2023-08-12,2023-08-12,116530578
2023-08-13,2023-08-13,116850841
2023-08-14,2023-08-14,117145114
2023-08-15,2023-08-15,117486195
2023-08-16,2023-08-16,117773292
2023-08-17,2023-08-17,118030603
2023-08-18,2023-08-18,118347571
2023-08-19,2023-08-19,118678362
2023-08-20,2023-08-20,119105810
2023-08-21,2023-08-21,119480786
2023-08-22,2023-08-22,119542990
2023-08-23,2023-08-23,119659898
2023-08-24,2023-08-24,119790524
2023-08-25,2023-08-25,120052276
2023-08-26,2023-08-26,120470187
2023-08-27,2023-08-27,120741240
2023-08-28,2023-08-28,120891655
2023-08-29,2023-08-29,121164668
2023-08-30,2023-08-30,121454953
2023-08-31,2023-08-31,121732895
2023-09-01,2023-09-01,121975619
2023-09-02,2023-09-02,122423300
2023-09-03,2023-09-03,122973796
2023-09-04,2023-09-04,123469983
2023-09-05,2023-09-05,123883540
2023-09-06,2023-09-06,124195510
2023-09-07,2023-09-07,124571698
2023-09-08,2023-09-08,124817928
2023-09-09,2023-09-09,125362931
2023-09-10,2023-09-10,125854220
2023-09-11,2023-09-11,125897159
2023-09-12,2023-09-12,126151457
2023-09-13,2023-09-13,126413958
2023-09-14,2023-09-14,126817707
2023-09-15,2023-09-15,127372244
2023-09-16,2023-09-16,127869642
2023-09-17,2023-09-17,128402081
2023-09-18,2023-09-18,128802246
2023-09-19,2023-09-19,129070931
2023-09-20,2023-09-20,129425466
2023-09-21,2023-09-21,129600072
2023-09-22,2023-09-22,129903357
2023-09-23,2023-09-23,130381632
2023-09-24,2023-09-24,130415807
2023-09-25,2023-09-25,130118181
2023-09-26,2023-09-26,129958420
2023-09-27,2023-09-27,129603802
2023-09-28,2023-09-28,129518617
2023-09-29,2023-09-29,129450749
2023-09-30,2023-09-30,129284495
2023-10-01,2023-10-01,129200463
2023-10-02,2023-10-02,129071217
2023-10-03,2023-10-03,128643244
2023-10-04,2023-10-04,128537137
2023-10-05,2023-10-05,128545444
2023-10-06,2023-10-06,128427889
2023-10-07,2023-10-07,127900308
2023-10-08,2023-10-08,127282147
2023-10-09,2023-10-09,126686131
2023-10-10,2023-10-10,126021526
2023-10-11,2023-10-11,125752632
2023-10-12,2023-10-12,125644824
2023-10-13,2023-10-13,125663530
2023-10-14,2023-10-14,125244884
2023-10-15,2023-10-15,124290816
2023-10-16,2023-10-16,123969286
2023-10-17,2023-10-17,123573357
2023-10-18,2023-10-18,123359937
2023-10-19,2023-10-19,123172158
2023-10-20,2023-10-20,123230488
2023-10-21,2023-10-21,123107466
2023-10-22,2023-10-22,122947258
2023-10-23,2023-10-23,122614838
2023-10-24,2023-10-24,122768647
2023-10-25,2023-10-25,123018206
2023-10-26,2023-10-26,123155779
2023-10-27,2023-10-27,123281555
2023-10-28,2023-10-28,123681211
2023-10-29,2023-10-29,123879843
2023-10-30,2023-10-30,123999881
2023-10-31,2023-10-31,124125972
2023-11-01,2023-11-01,124416520
2023-11-02,2023-11-02,124640440
2023-11-03,2023-11-03,125069129
2023-11-04,2023-11-04,125798938
2023-11-05,2023-11-05,126352252
2023-11-06,2023-11-06,126653321
2023-11-07,2023-11-07,127005514
2023-11-08,2023-11-08,127588193
2023-11-09,2023-11-09,128162121
2023-11-10,2023-11-10,128522254
2023-11-11,2023-11-11,129086215
2023-11-12,2023-11-12,129843456
2023-11-13,2023-11-13,130083729
2023-11-14,2023-11-14,130485735
2023-11-15,2023-11-15,130998789
2023-11-16,2023-11-16,131705390
2023-11-17,2023-11-17,132109067
2023-11-18,2023-11-18,132774291
2023-11-19,2023-11-19,133456979
2023-11-20,2023-11-20,133919191
2023-11-21,2023-11-21,134348062
2023-11-22,2023-11-22,134837665
2023-11-23,2023-11-23,135258157
2023-11-24,2023-11-24,135773311
2023-11-25,2023-11-25,136349729
2023-11-26,2023-11-26,136884472
2023-11-27,2023-11-27,137250748
2023-11-28,2023-11-28,137469664
2023-11-29,2023-11-29,137538457
2023-11-30,2023-11-30,137743648
2023-12-01,2023-12-01,138056056
2023-12-02,2023-12-02,138464797
2023-12-03,2023-12-03,139187175
2023-12-04,2023-12-04,139568772
2023-12-05,2023-12-05,140150206
2023-12-06,2023-12-06,140624743
2023-12-07,2023-12-07,140877451
2023-12-08,2023-12-08,141133967
2023-12-09,2023-12-09,141638638
2023-12-10,2023-12-10,142048338
2023-12-11,2023-12-11,142239380
2023-12-12,2023-12-12,142641565
2023-12-13,2023-12-13,143403882
2023-12-14,2023-12-14,144220921
2023-12-15,2023-12-15,144834412
2023-12-16,2023-12-16,145545260
2023-12-17,2023-12-17,146111830
2023-12-18,2023-12-18,146584172
2023-12-19,2023-12-19,147222360
2023-12-20,2023-12-20,147799323
2023-12-21,2023-12-21,148396397
2023-12-22,2023-12-22,148838691
2023-12-23,2023-12-23,149291743
2023-12-24,2023-12-24,149944131
2023-12-25,2023-12-25,150396604
2023-12-26,2023-12-26,150854529
2023-12-27,2023-12-27,151430803
2023-12-28,2023-12-28,151667153
2023-12-29,2023-12-29,152114357
2023-12-30,2023-12-30,152462929
2023-12-31,2023-12-31,153172052
2024-01-01,2024-01-01,153544839
2024-01-02,2024-01-02,153564183
2024-01-03,2024-01-03,153839756
2024-01-04,2024-01-04,153935998
2024-01-05,2024-01-05,154340244
2024-01-06,2024-01-06,154502981
2024-01-07,2024-01-07,154731383
2024-01-08,2024-01-08,155027088
2024-01-09,2024-01-09,155221767
2024-01-10,2024-01-10,155381236
2024-01-11,2024-01-11,155461624
2024-01-12,2024-01-12,155334573
2024-01-13,2024-01-13,156009978
2024-01-14,2024-01-14,156643636
2024-01-15,2024-01-15,156963784
2024-01-16,2024-01-16,157352386
2024-01-17,2024-01-17,157704976
2024-01-18,2024-01-18,158057575
2024-01-19,2024-01-19,158366525
2024-01-20,2024-01-20,158770533
2024-01-21,2024-01-21,159184505
2024-01-22,2024-01-22,159300645
2024-01-23,2024-01-23,159362885
2024-01-24,2024-01-24,159354894
2024-01-25,2024-01-25,158916864
2024-01-26,2024-01-26,159251753
2024-01-27,2024-01-27,159662236
2024-01-28,2024-01-28,160276072
2024-01-29,2024-01-29,160676775
2024-01-30,2024-01-30,161006619
2024-01-31,2024-01-31,161224434
2024-02-01,2024-02-01,161406916
2024-02-02,2024-02-02,161504813
2024-02-03,2024-02-03,162148081
2024-02-04,2024-02-04,162177099
2024-02-05,2024-02-05,161896615
2024-02-06,2024-02-06,161497631
2024-02-07,2024-02-07,161669942
2024-02-08,2024-02-08,161617680
2024-02-09,2024-02-09,161519435
2024-02-10,2024-02-10,161464689
2024-02-11,2024-02-11,161426643
2024-02-12,2024-02-12,161353378
2024-02-13,2024-02-13,161356831
2024-02-14,2024-02-14,161593803
2024-02-15,2024-02-15,161619803
2024-02-16,2024-02-16,161747155
2024-02-17,2024-02-17,161660816
2024-02-18,2024-02-18,161855453
2024-02-19,2024-02-19,161980130
2024-02-20,2024-02-20,162358481
2024-02-21,2024-02-21,162668358
2024-02-22,2024-02-22,162888872
2024-02-23,2024-02-23,163031798
2024-02-24,2024-02-24,163138647
2024-02-25,2024-02-25,163256112
2024-02-26,2024-02-26,163459305
2024-02-27,2024-02-27,163736184
2024-02-28,2024-02-28,163982709
2024-02-29,2024-02-29,164318824
2024-03-01,2024-03-01,164622367
2024-03-02,2024-03-02,164893095
2024-03-03,2024-03-03,165195719
2024-03-04,2024-03-04,165530012
2024-03-05,2024-03-05,165692249
2024-03-06,2024-03-06,165940356
2024-03-07,2024-03-07,166069853
2024-03-08,2024-03-08,166426397
2024-03-09,2024-03-09,166509639
2024-03-10,2024-03-10,166723513
2024-03-11,2024-03-11,166590460
2024-03-12,2024-03-12,166547189
2024-03-13,2024-03-13,166563430
2024-03-14,2024-03-14,166579724
2024-03-15,2024-03-15,166935514
2024-03-16,2024-03-16,166999099
2024-03-17,2024-03-17,167019246
2024-03-18,2024-03-18,167304294
2024-03-19,2024-03-19,167602378
2024-03-20,2024-03-20,167645514
2024-03-21,2024-03-21,167925321
2024-03-22,2024-03-22,168206874
2024-03-23,2024-03-23,168117894
2024-03-24,2024-03-24,167905965
2024-03-25,2024-03-25,168022648
2024-03-26,2024-03-26,168236363
2024-03-27,2024-03-27,168472412
2024-03-28,2024-03-28,168689448
2024-03-29,2024-03-29,169052068
2024-03-30,2024-03-30,169366860
2024-03-31,2024-03-31,169659748
2024-04-01,2024-04-01,169805994
2024-04-02,2024-04-02,169931870
2024-04-03,2024-04-03,170157419
2024-04-04,2024-04-04,170163309
2024-04-05,2024-04-05,170167435
2024-04-06,2024-04-06,170398534
2024-04-07,2024-04-07,170811853
2024-04-08,2024-04-08,171168920
2024-04-09,2024-04-09,171566097
2024-04-10,2024-04-10,172151806
2024-04-11,2024-04-11,172718396
2024-04-12,2024-04-12,173220212
2024-04-13,2024-04-13,173739231
2024-04-14,2024-04-14,174243404
2024-04-15,2024-04-15,174865795
2024-04-16,2024-04-16,175289006
2024-04-17,2024-04-17,175796063
2024-04-18,2024-04-18,176312787
2024-04-19,2024-04-19,176838524
2024-04-20,2024-04-20,177377329
2024-04-21,2024-04-21,177904648
2024-04-22,2024-04-22,178416841
2024-04-23,2024-04-23,178991915
2024-04-24,2024-04-24,179393699
2024-04-25,2024-04-25,179728506
2024-04-26,2024-04-26,180178519
2024-04-27,2024-04-27,180523272
2024-04-28,2024-04-28,180660964
2024-04-29,2024-04-29,180836032
2024-04-30,2024-04-30,181027548
2024-05-01,2024-05-01,181133060
2024-05-02,2024-05-02,181156769
2024-05-03,2024-05-03,181257742
2024-05-04,2024-05-04,181489114
2024-05-05,2024-05-05,181647539
2024-05-06,2024-05-06,181775063
2024-05-07,2024-05-07,181831415
2024-05-08,2024-05-08,181942263
2024-05-09,2024-05-09,182109700
2024-05-10,2024-05-10,182342962
2024-05-11,2024-05-11,182352610
2024-05-12,2024-05-12,182346553
2024-05-13,2024-05-13,182180470
2024-05-14,2024-05-14,182028484
2024-05-15,2024-05-15,181990157
2024-05-16,2024-05-16,181868385
2024-05-17,2024-05-17,181856596
2024-05-18,2024-05-18,181804406
2024-05-19,2024-05-19,181716251
2024-05-20,2024-05-20,181696121
2024-05-21,2024-05-21,181725679
2024-05-22,2024-05-22,181734803
2024-05-23,2024-05-23,181846179
2024-05-24,2024-05-24,181970080
2024-05-25,2024-05-25,182124034
2024-05-26,2024-05-26,182245716
2024-05-27,2024-05-27,182325942
2024-05-28,2024-05-28,182387565
2024-05-29,2024-05-29,182657620
2024-05-30,2024-05-30,182869264
2024-05-31,2024-05-31,183152934
2024-06-01,2024-06-01,183379445
2024-06-02,2024-06-02,183568307
2024-06-03,2024-06-03,183778989
2024-06-04,2024-06-04,184026536
2024-06-05,2024-06-05,184266719
2024-06-06,2024-06-06,184484028
2024-06-07,2024-06-07,184498352
2024-06-08,2024-06-08,184633555
2024-06-09,2024-06-09,184871231
2024-06-10,2024-06-10,184994899
2024-06-11,2024-06-11,185085278
2024-06-12,2024-06-12,185203338
2024-06-13,2024-06-13,185422247
2024-06-14,2024-06-14,185676148
2024-06-15,2024-06-15,185656921
2024-06-16,2024-06-16,185343047
2024-06-17,2024-06-17,185185492
2024-06-18,2024-06-18,185196147
2024-06-19,2024-06-19,185349538
2024-06-20,2024-06-20,185437294
2024-06-21,2024-06-21,185537645
2024-06-22,2024-06-22,185568583
2024-06-23,2024-06-23,185599088
2024-06-24,2024-06-24,185473101
2024-06-25,2024-06-25,185496703
2024-06-26,2024-06-26,185520459
2024-06-27,2024-06-27,185303200
2024-06-28,2024-06-28,185478672
2024-06-29,2024-06-29,185488456
2024-06-30,2024-06-30,185548146
2024-07-01,2024-07-01,185756183
2024-07-02,2024-07-02,185762710
2024-07-03,2024-07-03,185690733
2024-07-04,2024-07-04,185658623
2024-07-05,2024-07-05,185725006
2024-07-06,2024-07-06,185660473
2024-07-07,2024-07-07,185712906
2024-07-08,2024-07-08,185606320
2024-07-09,2024-07-09,185682669
2024-07-10,2024-07-10,185751791
2024-07-11,2024-07-11,185822817
2024-07-12,2024-07-12,185825478
2024-07-13,2024-07-13,185840040
2024-07-14,2024-07-14,185541467
2024-07-15,2024-07-15,185337084
2024-07-16,2024-07-16,185250995
2024-07-17,2024-07-17,185162202
2024-07-18,2024-07-18,185065704
2024-07-19,2024-07-19,185051202
2024-07-20,2024-07-20,184956298
2024-07-21,2024-07-21,185054197
2024-07-22,2024-07-22,185072144
2024-07-23,2024-07-23,185182284
2024-07-24,2024-07-24,185256651
2024-07-25,2024-07-25,185296951
2024-07-26,2024-07-26,184805440
2024-07-27,2024-07-27,184361322
2024-07-28,2024-07-28,184422430
2024-07-29,2024-07-29,184357321
2024-07-30,2024-07-30,184425023
2024-07-31,2024-07-31,184538167
2024-08-01,2024-08-01,184551887
2024-08-02,2024-08-02,184529831
2024-08-03,2024-08-03,184520381
2024-08-04,2024-08-04,184408487
2024-08-05,2024-08-05,184232431
2024-08-06,2024-08-06,184096085
2024-08-07,2024-08-07,183987838
2024-08-08,2024-08-08,184165466
2024-08-09,2024-08-09,184223633
2024-08-10,2024-08-10,184306730
2024-08-11,2024-08-11,184178725
2024-08-12,2024-08-12,183994841
2024-08-13,2024-08-13,183955379
2024-08-14,2024-08-14,184082613
2024-08-15,2024-08-15,184083050
2024-08-16,2024-08-16,184182968
2024-08-17,2024-08-17,184340725
2024-08-18,2024-08-18,184448692
2024-08-19,2024-08-19,184481013
2024-08-20,2024-08-20,184614353
2024-08-21,2024-08-21,184720214
2024-08-22,2024-08-22,184817401
2024-08-23,2024-08-23,184910108
2024-08-24,2024-08-24,185042430
2024-08-25,2024-08-25,185155425
2024-08-26,2024-08-26,185173308
2024-08-27,2024-08-27,185242809
2024-08-28,2024-08-28,185221357
2024-08-29,2024-08-29,185296503
2024-08-30,2024-08-30,185338362
2024-08-31,2024-08-31,185445372
2024-09-01,2024-09-01,185552256
2024-09-02,2024-09-02,185631716
2024-09-03,2024-09-03,185897831
2024-09-04,2024-09-04,186000069
2024-09-05,2024-09-05,186105229
2024-09-06,2024-09-06,186204967
2024-09-07,2024-09-07,186185088
2024-09-08,2024-09-08,186264003
2024-09-09,2024-09-09,186142640
2024-09-10,2024-09-10,186099359
2024-09-11,2024-09-11,186163122
2024-09-12,2024-09-12,186111017
2024-09-13,2024-09-13,186107519
2024-09-14,2024-09-14,186180361
2024-09-15,2024-09-15,186140892
2024-09-16,2024-09-16,186193833
2024-09-17,2024-09-17,186156686
2024-09-18,2024-09-18,186128167
2024-09-19,2024-09-19,186149226
2024-09-20,2024-09-20,186097118
2024-09-21,2024-09-21,186065928
2024-09-22,2024-09-22,186063345
2024-09-23,2024-09-23,185971543
2024-09-24,2024-09-24,185834928
2024-09-25,2024-09-25,185612765
2024-09-26,2024-09-26,185579996
2024-09-27,2024-09-27,185613568
2024-09-28,2024-09-28,185732253
2024-09-29,2024-09-29,185623944
2024-09-30,2024-09-30,185651643
2024-10-01,2024-10-01,185651084
2024-10-02,2024-10-02,185445408
2024-10-03,2024-10-03,185234737
2024-10-04,2024-10-04,184883052
2024-10-05,2024-10-05,185001623
2024-10-06,2024-10-06,185097921
2024-10-07,2024-10-07,185128454
2024-10-08,2024-10-08,185127029
2024-10-09,2024-10-09,185221553
2024-10-10,2024-10-10,185328032
2024-10-11,2024-10-11,185417209
2024-10-12,2024-10-12,185595330
2024-10-13,2024-10-13,185655510
2024-10-14,2024-10-14,185674437
2024-10-15,2024-10-15,185622115
2024-10-16,2024-10-16,185763190
2024-10-17,2024-10-17,185853148
2024-10-18,2024-10-18,185890253
2024-10-19,2024-10-19,185960294
2024-10-20,2024-10-20,185965956
2024-10-21,2024-10-21,186000885
2024-10-22,2024-10-22,186198321
2024-10-23,2024-10-23,186209205
2024-10-24,2024-10-24,186238705
2024-10-25,2024-10-25,186272185
2024-10-26,2024-10-26,186268593
2024-10-27,2024-10-27,186219106
2024-10-28,2024-10-28,186118262
2024-10-29,2024-10-29,186099521
2024-10-30,2024-10-30,186084902
2024-10-31,2024-10-31,185995089
2024-11-01,2024-11-01,185905528
2024-11-02,2024-11-02,185948030
2024-11-03,2024-11-03,185803369
2024-11-04,2024-11-04,185532264
2024-11-05,2024-11-05,185418919
2024-11-06,2024-11-06,185284048
2024-11-07,2024-11-07,185140610
2024-11-08,2024-11-08,185173170
2024-11-09,2024-11-09,185230076
2024-11-10,2024-11-10,185270403
2024-11-11,2024-11-11,185273438
2024-11-12,2024-11-12,185320889
2024-11-13,2024-11-13,185498201
2024-11-14,2024-11-14,185610802
2024-11-15,2024-11-15,185671502
2024-11-16,2024-11-16,185778159
2024-11-17,2024-11-17,185882198
2024-11-18,2024-11-18,186014656
2024-11-19,2024-11-19,186131379
2024-11-20,2024-11-20,186251256
2024-11-21,2024-11-21,186262298
2024-11-22,2024-11-22,186350207
2024-11-23,2024-11-23,186328031
2024-11-24,2024-11-24,186288787
2024-11-25,2024-11-25,186236014
2024-11-26,2024-11-26,186316365
2024-11-27,2024-11-27,186514350
2024-11-28,2024-11-28,186846750
2024-11-29,2024-11-29,186918629
