start_time,date,reserve,reserve_usd
2021-01-01,2021-01-01,316668.64644877,9307657664.668552
2021-01-02,2021-01-02,317590.16414192,10218723463.85713
2021-01-03,2021-01-03,323239.41883449,10790257025.735884
2021-01-04,2021-01-04,320708.49028395,10243478401.19706
2021-01-05,2021-01-05,317528.98753744,10812011843.450024
2021-01-06,2021-01-06,312196.53739163,11364384841.323008
2021-01-07,2021-01-07,313237.39011064,12337282815.904837
2021-01-08,2021-01-08,317879.19231274,12943110545.813553
2021-01-09,2021-01-09,319304.30089121,12906262045.626236
2021-01-10,2021-01-10,326624.98614305,12566038552.12949
2021-01-11,2021-01-11,325514.40567821,11526095659.316929
2021-01-12,2021-01-12,328845.77348798,11124635650.966278
2021-01-13,2021-01-13,327487.11635534,12207143474.212984
2021-01-14,2021-01-14,324551.23389523,12745309181.314331
2021-01-15,2021-01-15,326392.38754278,11908977362.711111
2021-01-16,2021-01-16,324562.2727727,11806908784.874617
2021-01-17,2021-01-17,325240.98121244,11629366708.372252
2021-01-18,2021-01-18,326483.35489387,12015009272.906206
2021-01-19,2021-01-19,323135.66505777,11731549909.353851
2021-01-20,2021-01-20,327859.33498572,11662730810.710072
2021-01-21,2021-01-21,327347.90946562,10209010580.768242
2021-01-22,2021-01-22,327741.08314955,10801449274.153484
2021-01-23,2021-01-23,326532.72658398,10468946116.04432
2021-01-24,2021-01-24,326315.89553461,10547115035.44325
2021-01-25,2021-01-25,326828.07000405,10607103226.307608
2021-01-26,2021-01-26,328402.99059815,10699997615.45015
2021-01-27,2021-01-27,325981.37881873,9921293226.29481
2021-01-28,2021-01-28,329475.02666052,11029511334.025658
2021-01-29,2021-01-29,335695.85876965,11535789247.036814
2021-01-30,2021-01-30,334649.05935964,11501134478.498678
2021-01-31,2021-01-31,332188.53247946,11012534486.227991
2021-02-01,2021-02-01,329720.06771391,11071383883.829016
2021-02-02,2021-02-02,329064.07937372,11704450287.028423
2021-02-03,2021-02-03,327781.88119643,12318302828.61004
2021-02-04,2021-02-04,324114.95471724,11992855084.31659
2021-02-05,2021-02-05,321825.02963835,12188710201.018805
2021-02-06,2021-02-06,331206.49806678,13026740993.18736
2021-02-07,2021-02-07,330809.41897628,12879828954.58298
2021-02-08,2021-02-08,338753.65280265,15712860076.24438
2021-02-09,2021-02-09,336713.0460199,15677151390.342728
2021-02-10,2021-02-10,338255.83895733,15257418187.92054
2021-02-11,2021-02-11,340778.27908369,16368241204.029058
2021-02-12,2021-02-12,339936.96804926,16186398630.30794
2021-02-13,2021-02-13,340733.93409351,16048219307.311272
2021-02-14,2021-02-14,343420.51715599,16862809293.719145
2021-02-15,2021-02-15,341044.06021297,16361506297.8121
2021-02-16,2021-02-16,345572.9815478,16992478727.566496
2021-02-17,2021-02-17,347649.91171228,18149112999.40492
2021-02-18,2021-02-18,344189.37335429,17743690982.786278
2021-02-19,2021-02-19,348399.75363634,19439892473.058254
2021-02-20,2021-02-20,351992.70415856,19716696676.86904
2021-02-21,2021-02-21,355883.94456367,20430544223.999084
2021-02-22,2021-02-22,351887.0037286,18797367047.33277
2021-02-23,2021-02-23,345168.18891841,16830531381.656733
2021-02-24,2021-02-24,345231.1986514,17162466475.020504
2021-02-25,2021-02-25,347464.5723323,16372470615.485228
2021-02-26,2021-02-26,349743.83369587,16161276153.9857
2021-02-27,2021-02-27,351390.27947425,16254293515.116098
2021-02-28,2021-02-28,353592.02485189,15913107458.790497
2021-03-01,2021-03-01,349532.09136387,17350868679.27188
2021-03-02,2021-03-02,349298.22293716,16890497154.491182
2021-03-03,2021-03-03,355808.18495278,17976514632.573345
2021-03-04,2021-03-04,358762.61346392,17412244976.636402
2021-03-05,2021-03-05,360438.66675285,17633098078.022186
2021-03-06,2021-03-06,363086.10583201,17746206097.84741
2021-03-07,2021-03-07,361994.28235263,18556757327.82807
2021-03-08,2021-03-08,360799.5327908,18870716924.3891
2021-03-09,2021-03-09,363638.84795516,19859851340.750317
2021-03-10,2021-03-10,364366.79361323,20438085603.18853
2021-03-11,2021-03-11,365522.67322124,21194598496.48552
2021-03-12,2021-03-12,365334.60384292,20959712141.167
2021-03-13,2021-03-13,369317.90490218,22652689849.523037
2021-03-14,2021-03-14,373964.56905683,22264592934.61811
2021-03-15,2021-03-15,372287.44208792,20758951767.360653
2021-03-16,2021-03-16,370407.00331071,20863519091.396385
2021-03-17,2021-03-17,373071.77909464,21909384450.45917
2021-03-18,2021-03-18,373661.54950698,21647876547.913963
2021-03-19,2021-03-19,372694.70369503,21662873983.907692
2021-03-20,2021-03-20,369981.46814798,21482233440.75573
2021-03-21,2021-03-21,372014.33870619,21379657350.864426
2021-03-22,2021-03-22,374600.28317203,20470409488.712368
2021-03-23,2021-03-23,375708.55432377,20536426561.209545
2021-03-24,2021-03-24,379060.22700555,19890590921.30305
2021-03-25,2021-03-25,374087.18052642,19242741088.54764
2021-03-26,2021-03-26,379179.70340157,20831380068.584263
2021-03-27,2021-03-27,379851.74428109,21215050372.18261
2021-03-28,2021-03-28,380882.71386359,21245407242.567947
2021-03-29,2021-03-29,384964.06378419,22244861154.0669
2021-03-30,2021-03-30,386621.2476205,22717686253.25431
2021-03-31,2021-03-31,388908.27696845,22833311303.870647
2021-04-01,2021-04-01,389215.30517823,22868500667.059616
2021-04-02,2021-04-02,391040.13337677,23086023214.553455
2021-04-03,2021-04-03,391833.96413965,22385173837.178955
2021-04-04,2021-04-04,389668.96388879,22687204526.72
2021-04-05,2021-04-05,390058.86189594,23010180964.789005
2021-04-06,2021-04-06,364869.79143376,21178669320.113827
2021-04-07,2021-04-07,364657.10358044,20452500544.853783
2021-04-08,2021-04-08,361179.92426948,20936302964.453613
2021-04-09,2021-04-09,366944.68381825,21331078037.26975
2021-04-10,2021-04-10,374305.9856233,22365077588.026375
2021-04-11,2021-04-11,374740.38617353,22477722508.145237
2021-04-12,2021-04-12,381642.673724,22864769867.15745
2021-04-13,2021-04-13,389303.32736874,24667894521.193813
2021-04-14,2021-04-14,392184.30256948,24588999534.044823
2021-04-15,2021-04-15,394096.62089059,24911798878.97104
2021-04-16,2021-04-16,384168.75442375,23651561414.450108
2021-04-17,2021-04-17,384862.72501336,23164856500.322327
2021-04-18,2021-04-18,377017.27318179,21283358007.7718
2021-04-19,2021-04-19,366342.33293702,20457763620.14758
2021-04-20,2021-04-20,369943.64110306,20894995095.676476
2021-04-21,2021-04-21,373199.50221948,20192147066.994686
2021-04-22,2021-04-22,382442.92575998,19854609512.813797
2021-04-23,2021-04-23,382669.04497833,19562331526.219387
2021-04-24,2021-04-24,383560.54305614,19203675543.791622
2021-04-25,2021-04-25,380539.57981905,18637205892.72756
2021-04-26,2021-04-26,380691.83536433,20571295894.33679
2021-04-27,2021-04-27,384625.91535384,21166852223.01421
2021-04-28,2021-04-28,388091.41651548,21259334962.793648
2021-04-29,2021-04-29,389951.90982494,20893824458.95499
2021-04-30,2021-04-30,395120.020799,22843535038.856705
2021-05-01,2021-05-01,395171.09185625,22848846239.11204
2021-05-02,2021-05-02,395361.70143629,22386194379.478127
2021-05-03,2021-05-03,399010.73364768,22831065558.086086
2021-05-04,2021-05-04,402753.11303735,21481718018.035458
2021-05-05,2021-05-05,402095.57859957,23071838295.70567
2021-05-06,2021-05-06,402628.79828184,22693127412.178818
2021-05-07,2021-05-07,405653.17857368,23278408228.96087
2021-05-08,2021-05-08,409236.37440889,23991782164.734707
2021-05-09,2021-05-09,414402.78982717,24129810874.93562
2021-05-10,2021-05-10,417120.27408248,23354084663.80798
2021-05-11,2021-05-11,416303.96824324,23560484638.900013
2021-05-12,2021-05-12,425167.36326692,21463562601.136803
2021-05-13,2021-05-13,425449.51811746,21068036497.46763
2021-05-14,2021-05-14,430907.30020299,21595483778.78814
2021-05-15,2021-05-15,430910.54459616,20183406203.87723
2021-05-16,2021-05-16,431821.39134565,20063605960.80036
2021-05-17,2021-05-17,439617.14816367,19210699888.570385
2021-05-18,2021-05-18,441396.84330708,18860238171.48651
2021-05-19,2021-05-19,462713.18720854,17758399503.99757
2021-05-20,2021-05-20,464524.87449071,18818527265.10063
2021-05-21,2021-05-21,465741.59543121,17279983516.40275
2021-05-22,2021-05-22,468128.17845628,17609658848.166206
2021-05-23,2021-05-23,476564.26373921,16490158533.88288
2021-05-24,2021-05-24,467726.5172625,18084935132.378883
2021-05-25,2021-05-25,473114.370138,18063830015.482414
2021-05-26,2021-05-26,473630.94808672,18584189135.186592
2021-05-27,2021-05-27,472561.90831713,18237379231.214577
2021-05-28,2021-05-28,475874.40258611,16962459181.397556
2021-05-29,2021-05-29,479324.34441559,16560994824.881826
2021-05-30,2021-05-30,478611.49726453,17037896187.05932
2021-05-31,2021-05-31,474245.57060219,17690991369.18244
2021-06-01,2021-06-01,472930.58902078,17343260006.91957
2021-06-02,2021-06-02,474656.38091023,17875860734.49377
2021-06-03,2021-06-03,473248.47907128,18559580277.850853
2021-06-04,2021-06-04,472469.13277774,17418362508.757507
2021-06-05,2021-06-05,473484.98880978,16819917635.810966
2021-06-06,2021-06-06,474604.79673255,16978964941.840307
2021-06-07,2021-06-07,477358.2732058,15989454630.842562
2021-06-08,2021-06-08,477196.53060604,15970764509.538574
2021-06-09,2021-06-09,479005.34139793,17936768479.244728
2021-06-10,2021-06-10,484140.95054214,17850837840.670895
2021-06-11,2021-06-11,486945.30125332,18170023323.45769
2021-06-12,2021-06-12,487838.7427658,17341781847.291744
2021-06-13,2021-06-13,488245.3762902,19093635405.103752
2021-06-14,2021-06-14,490173.26309277,19808825484.064636
2021-06-15,2021-06-15,493784.07404811,19858986601.445473
2021-06-16,2021-06-16,496584.67832186,19026946180.90624
2021-06-17,2021-06-17,493721.90290643,18773655809.306305
2021-06-18,2021-06-18,492674.79032984,17498150097.13742
2021-06-19,2021-06-19,493690.11506896,17549636675.388096
2021-06-20,2021-06-20,494776.92219041,17631552234.020573
2021-06-21,2021-06-21,499645.87950881,15935525240.769764
2021-06-22,2021-06-22,496974.55022964,16055880175.143808
2021-06-23,2021-06-23,499529.28365169,16848116501.712503
2021-06-24,2021-06-24,503902.82613232,17416855356.573475
2021-06-25,2021-06-25,508595.31321964,16074377331.770796
2021-06-26,2021-06-26,505423.88714566,16250288860.1572
2021-06-27,2021-06-27,500633.45710896,17130807003.30573
2021-06-28,2021-06-28,496973.41709503,17129973232.292324
2021-06-29,2021-06-29,499305.39999759,17917434202.078964
2021-06-30,2021-06-30,497653.5039641,17344766496.419098
2021-07-01,2021-07-01,495375.76054162,16595446123.593927
2021-07-02,2021-07-02,493637.08248848,16669016558.529772
2021-07-03,2021-07-03,492680.68230255,17083547691.95086
2021-07-04,2021-07-04,495037.24621513,17545862527.71864
2021-07-05,2021-07-05,493945.60999136,16695350553.800491
2021-07-06,2021-07-06,493684.14564487,16863295876.118576
2021-07-07,2021-07-07,485115.77753523,16409197765.5006
2021-07-08,2021-07-08,485344.26351435,15937467671.33914
2021-07-09,2021-07-09,487435.50859551,16505882251.885614
2021-07-10,2021-07-10,487068.31938144,16324168378.817848
2021-07-11,2021-07-11,485984.22165464,16645911501.883837
2021-07-12,2021-07-12,486756.0088648,16135951336.415785
2021-07-13,2021-07-13,486834.92263009,15884630947.893578
2021-07-14,2021-07-14,485611.35930464,15930132073.51058
2021-07-15,2021-07-15,489778.03745506,15529176949.197435
2021-07-16,2021-07-16,491575.27065928,15454128177.790257
2021-07-17,2021-07-17,489435.31057551,15457933270.505993
2021-07-18,2021-07-18,485602.79839068,15440934648.832378
2021-07-19,2021-07-19,488188.72966806,15050271321.650915
2021-07-20,2021-07-20,485756.81586306,14492647592.383034
2021-07-21,2021-07-21,483936.51455939,15545246410.978771
2021-07-22,2021-07-22,485689.49321682,15714107737.049536
2021-07-23,2021-07-23,483442.77728063,16225018091.0267
2021-07-24,2021-07-24,482936.26819935,16549929149.472431
2021-07-25,2021-07-25,479190.95236054,16911902188.164942
2021-07-26,2021-07-26,477537.69721917,17843460650.141945
2021-07-27,2021-07-27,481568.11225311,18854931099.48996
2021-07-28,2021-07-28,460390.55141721,18404390252.901913
2021-07-29,2021-07-29,440162.73800824,17616264322.22002
2021-07-30,2021-07-30,440543.37729803,18543134419.31835
2021-07-31,2021-07-31,439371.96284646,18328257993.08543
2021-08-01,2021-08-01,442377.28343655,17655857573.159546
2021-08-02,2021-08-02,444179.44787464,17399745325.444405
2021-08-03,2021-08-03,442643.7754794,16961512064.589308
2021-08-04,2021-08-04,443467.47007155,17644573035.212376
2021-08-05,2021-08-05,442928.83539159,18082958943.179127
2021-08-06,2021-08-06,448356.01112044,19201862633.658607
2021-08-07,2021-08-07,446987.43195449,19964853092.0882
2021-08-08,2021-08-08,448327.16978465,19613988987.984203
2021-08-09,2021-08-09,451170.87749939,20832300778.42292
2021-08-10,2021-08-10,462923.26941942,21047124720.877052
2021-08-11,2021-08-11,450217.08828163,20572347702.54863
2021-08-12,2021-08-12,452014.0197185,20090517184.156097
2021-08-13,2021-08-13,453220.76090399,21671189896.57491
2021-08-14,2021-08-14,452531.90099706,21328073443.54508
2021-08-15,2021-08-15,452493.74227651,21310050445.483265
2021-08-16,2021-08-16,454966.72897657,20949803353.07412
2021-08-17,2021-08-17,453968.2641506,20281562972.44199
2021-08-18,2021-08-18,456043.12738753,20508406733.118427
2021-08-19,2021-08-19,454437.44632531,21190540515.518505
2021-08-20,2021-08-20,456079.82182249,22498993576.22431
2021-08-21,2021-08-21,468977.99030843,22969063417.8716
2021-08-22,2021-08-22,468746.8901558,23127482359.54209
2021-08-23,2021-08-23,468577.62455688,23246713013.26719
2021-08-24,2021-08-24,471698.19443228,22523413752.22444
2021-08-25,2021-08-25,467983.15188364,22904710781.467587
2021-08-26,2021-08-26,473426.26291605,22403053517.32131
2021-08-27,2021-08-27,472974.42580828,23203316022.625694
2021-08-28,2021-08-28,473846.15238401,23168670646.74779
2021-08-29,2021-08-29,473032.41530762,23153896228.10151
2021-08-30,2021-08-30,473086.0415655,22203141339.89798
2021-08-31,2021-08-31,472955.56621292,22301303638.646217
2021-09-01,2021-09-01,473793.0863072,23127820801.794376
2021-09-02,2021-09-02,474248.47637905,23407042386.019745
2021-09-03,2021-09-03,473577.50688328,23705861692.89073
2021-09-04,2021-09-04,473943.85651768,23671504423.709408
2021-09-05,2021-09-05,475024.63799837,24589341892.91058
2021-09-06,2021-09-06,470326.09862136,24782414707.394863
2021-09-07,2021-09-07,476540.0266151,22330114798.183376
2021-09-08,2021-09-08,477171.73198879,22113986817.625336
2021-09-09,2021-09-09,477213.090067,22123345313.737537
2021-09-10,2021-09-10,479330.59975368,21234542550.90872
2021-09-11,2021-09-11,477577.59667681,21526497890.65554
2021-09-12,2021-09-12,476528.81082255,21997363884.56739
2021-09-13,2021-09-13,472421.27239402,21230859188.786003
2021-09-14,2021-09-14,470857.3533366,22161106718.432716
2021-09-15,2021-09-15,469503.8041845,22594376586.73078
2021-09-16,2021-09-16,471439.61278573,22515295403.522
2021-09-17,2021-09-17,473173.3944143,22356218973.10972
2021-09-18,2021-09-18,474505.20832821,22831354589.726524
2021-09-19,2021-09-19,475881.96265104,22470067444.35867
2021-09-20,2021-09-20,478873.86981769,20580764821.14596
2021-09-21,2021-09-21,479214.74065141,19519580598.584877
2021-09-22,2021-09-22,478013.6040745,20803775326.451775
2021-09-23,2021-09-23,477391.6891485,21306899495.068012
2021-09-24,2021-09-24,475909.76356636,20384773204.437397
2021-09-25,2021-09-25,474173.56907575,20259942143.152397
2021-09-26,2021-09-26,475095.38984004,20545428002.997112
2021-09-27,2021-09-27,474086.97431338,20067362487.00557
2021-09-28,2021-09-28,475974.28148751,19492063808.839836
2021-09-29,2021-09-29,485008.65013957,20131023456.207493
2021-09-30,2021-09-30,487421.20660232,21320457304.07035
2021-10-01,2021-10-01,485234.46306052,23361350738.838737
2021-10-02,2021-10-02,483955.34764684,23235617380.366978
2021-10-03,2021-10-03,483041.1413845,23304641098.926556
2021-10-04,2021-10-04,481977.33641816,23802899254.707127
2021-10-05,2021-10-05,479967.56175954,24772311976.28086
2021-10-06,2021-10-06,482330.61628833,26785969891.75906
2021-10-07,2021-10-07,479021.70428371,25742299663.305008
2021-10-08,2021-10-08,477313.55241589,25747368622.47328
2021-10-09,2021-10-09,477866.89710465,26271965804.802288
2021-10-10,2021-10-10,479199.1957503,26170864231.73474
2021-10-11,2021-10-11,485232.03259759,27861162690.32356
2021-10-12,2021-10-12,485377.01942537,27244187693.827564
2021-10-13,2021-10-13,484835.61263019,27822021298.09645
2021-10-14,2021-10-14,484599.00687625,27788253599.212933
2021-10-15,2021-10-15,485645.44986747,29882739429.20234
2021-10-16,2021-10-16,490095.42878074,29867774507.709515
2021-10-17,2021-10-17,489632.35283517,30124985664.778538
2021-10-18,2021-10-18,491322.02900059,30460721633.88493
2021-10-19,2021-10-19,489062.71994259,31436840154.996517
2021-10-20,2021-10-20,492078.7001689,32485203636.562084
2021-10-21,2021-10-21,489513.96634151,30441488315.930508
2021-10-22,2021-10-22,485041.37741924,29435210667.73217
2021-10-23,2021-10-23,485817.43417112,29801120983.155796
2021-10-24,2021-10-24,486519.07181216,29629615585.91646
2021-10-25,2021-10-25,486348.12429717,30676851578.160576
2021-10-26,2021-10-26,488554.09639373,29471789367.028305
2021-10-27,2021-10-27,488196.96617434,28610259636.909264
2021-10-28,2021-10-28,491210.64308501,29776688738.70977
2021-10-29,2021-10-29,490474.31249553,30457560418.6427
2021-10-30,2021-10-30,491971.89131187,30388134385.285866
2021-10-31,2021-10-31,491481.11298205,30193808100.6615
2021-11-01,2021-11-01,492895.93302106,30097914252.947968
2021-11-02,2021-11-02,491602.74421759,31058003877.68496
2021-11-03,2021-11-03,487766.00130924,30681935318.367817
2021-11-04,2021-11-04,487663.46685297,29968221876.236267
2021-11-05,2021-11-05,489497.02844556,29881925122.961414
2021-11-06,2021-11-06,490219.57663474,30142596689.293697
2021-11-07,2021-11-07,491328.22083953,31086125206.505653
2021-11-08,2021-11-08,498602.27567269,33702751859.071125
2021-11-09,2021-11-09,501906.75238968,33701242072.821896
2021-11-10,2021-11-10,502518.44019624,32597735392.515705
2021-11-11,2021-11-11,502773.03430745,32600002876.48655
2021-11-12,2021-11-12,503309.41825919,32238221561.377983
2021-11-13,2021-11-13,502563.23667235,32409770819.54736
2021-11-14,2021-11-14,503063.55049948,32949810029.33865
2021-11-15,2021-11-15,504953.04651048,32220927661.42528
2021-11-16,2021-11-16,505463.14452334,30567235399.735695
2021-11-17,2021-11-17,506531.65932941,30390287117.38656
2021-11-18,2021-11-18,509220.37957478,28981937628.880432
2021-11-19,2021-11-19,511238.40393267,29713891497.770645
2021-11-20,2021-11-20,512961.11870247,30639456708.80624
2021-11-21,2021-11-21,513444.22098314,30132121140.569912
2021-11-22,2021-11-22,511625.75066069,28885269768.581104
2021-11-23,2021-11-23,514927.3695723,29685857920.76538
2021-11-24,2021-11-24,516732.07410235,29555900728.133987
2021-11-25,2021-11-25,513020.14347132,30240965755.64061
2021-11-26,2021-11-26,525333.43791825,28148582699.021366
2021-11-27,2021-11-27,528886.68356192,28902943759.058525
2021-11-28,2021-11-28,528978.04627011,30244252777.54039
2021-11-29,2021-11-29,528633.3340338,30586315750.670498
2021-11-30,2021-11-30,526967.04499698,30218360060.969055
2021-12-01,2021-12-01,527806.48186346,30189464401.42777
2021-12-02,2021-12-02,526265.44022191,29707852385.93176
2021-12-03,2021-12-03,527694.62116892,28283026995.08663
2021-12-04,2021-12-04,524656.17144255,25835263237.37692
2021-12-05,2021-12-05,520840.49981081,25725804942.751335
2021-12-06,2021-12-06,528361.76740121,26733346477.472256
2021-12-07,2021-12-07,511361.21356523,25944119659.5572
2021-12-08,2021-12-08,511050.80554427,25814559176.058907
2021-12-09,2021-12-09,514046.18450487,24643048727.213165
2021-12-10,2021-12-10,513513.19336909,24244404656.5114
2021-12-11,2021-12-11,522285.53529464,25755847594.773487
2021-12-12,2021-12-12,522364.96760404,26130662851.54986
2021-12-13,2021-12-13,523324.28592841,24448089787.826923
2021-12-14,2021-12-14,525287.26356506,25351057826.53722
2021-12-15,2021-12-15,528269.49087594,25782422819.700275
2021-12-16,2021-12-16,530278.61937783,25267758769.14905
2021-12-17,2021-12-17,532243.59053022,24646417807.016125
2021-12-18,2021-12-18,534404.14685012,25045999209.076942
2021-12-19,2021-12-19,535925.06579346,25014066955.333828
2021-12-20,2021-12-20,536643.60308762,25182788021.37674
2021-12-21,2021-12-21,537064.32100373,26292049426.494427
2021-12-22,2021-12-22,534176.61392551,25986257306.03365
2021-12-23,2021-12-23,534417.15467616,27089998711.64457
2021-12-24,2021-12-24,536215.49034194,27195893609.42574
2021-12-25,2021-12-25,539569.2637499,27326566556.03606
2021-12-26,2021-12-26,540155.44394407,27449402489.46052
2021-12-27,2021-12-27,543606.12579978,27541982757.73202
2021-12-28,2021-12-28,548013.30098734,26092017713.50292
2021-12-29,2021-12-29,544474.01059824,25295173264.107975
2021-12-30,2021-12-30,541450.70580475,25536121629.20742
2021-12-31,2021-12-31,543286.77361269,25089293530.328423
2022-01-01,2022-01-01,542277.1640556,25775085469.419193
2022-01-02,2022-01-02,542718.44370735,25687866976.09397
2022-01-03,2022-01-03,541677.14842848,25157818716.64597
2022-01-04,2022-01-04,501901.56711624,22987812434.232662
2022-01-05,2022-01-05,502264.41158424,21872718458.4898
2022-01-06,2022-01-06,509089.15126106,21952372679.82691
2022-01-07,2022-01-07,510435.50277961,21154842531.094395
2022-01-08,2022-01-08,511251.49817202,21397638889.82726
2022-01-09,2022-01-09,511409.34216777,21403776671.515846
2022-01-10,2022-01-10,510496.27053607,21361716136.423065
2022-01-11,2022-01-11,508001.11038584,21710615211.838192
2022-01-12,2022-01-12,507001.62303611,22294619212.076756
2022-01-13,2022-01-13,508994.25610462,21645558432.247795
2022-01-14,2022-01-14,507769.29396658,21881506463.951782
2022-01-15,2022-01-15,507403.88941872,21889818801.50729
2022-01-16,2022-01-16,506028.21250809,21805343060.22738
2022-01-17,2022-01-17,507161.68071654,21405024293.45407
2022-01-18,2022-01-18,506464.16464271,21451930887.315125
2022-01-19,2022-01-19,506081.30175216,21111463359.769653
2022-01-20,2022-01-20,505662.82233436,20555902971.294495
2022-01-21,2022-01-21,508277.8946016,18536939636.54796
2022-01-22,2022-01-22,505549.35327262,17703493171.903156
2022-01-23,2022-01-23,503460.99816143,18377860243.12516
2022-01-24,2022-01-24,505356.46475208,18528102814.647575
2022-01-25,2022-01-25,504396.23829773,18636247720.706985
2022-01-26,2022-01-26,502376.42132407,18496398557.28596
2022-01-27,2022-01-27,497215.91385695,18506802440.72644
2022-01-28,2022-01-28,497236.21543768,18784126123.58834
2022-01-29,2022-01-29,496226.15917685,18925576688.938168
2022-01-30,2022-01-30,496384.87633896,18848469741.205067
2022-01-31,2022-01-31,494596.34329366,19044731176.502094
2022-02-01,2022-02-01,494090.0946891,19153894285.257915
2022-02-02,2022-02-02,492389.46706022,18178890707.252537
2022-02-03,2022-02-03,496204.10642586,18364597084.77688
2022-02-04,2022-02-04,496697.77446837,20686979467.85339
2022-02-05,2022-02-05,495755.33643512,20539191463.282578
2022-02-06,2022-02-06,499254.04464093,21191591941.637653
2022-02-07,2022-02-07,497723.89292497,21850052150.863113
2022-02-08,2022-02-08,496909.03589866,21929028003.397717
2022-02-09,2022-02-09,495769.70533821,21972495346.14216
2022-02-10,2022-02-10,495841.10708676,21583063901.024406
2022-02-11,2022-02-11,495047.315771,20998843793.782345
2022-02-12,2022-02-12,496345.17363335,20910478618.357616
2022-02-13,2022-02-13,496042.24973311,20945472046.50776
2022-02-14,2022-02-14,495377.11446504,21133678558.557972
2022-02-15,2022-02-15,497312.08093364,22078294438.61408
2022-02-16,2022-02-16,495799.21385521,21894786569.929424
2022-02-17,2022-02-17,495427.55476559,20109281175.978104
2022-02-18,2022-02-18,494901.20178749,19811314987.988373
2022-02-19,2022-02-19,495941.2868207,19900824179.359055
2022-02-20,2022-02-20,495327.22978221,19155929616.24695
2022-02-21,2022-02-21,495059.43250693,18386226882.70343
2022-02-22,2022-02-22,495550.60717825,19019799432.726547
2022-02-23,2022-02-23,494954.80516438,18485356738.9872
2022-02-24,2022-02-24,494505.54731454,18960562844.562073
2022-02-25,2022-02-25,495764.279951,19443329624.04133
2022-02-26,2022-02-26,495474.16205903,19376347223.956543
2022-02-27,2022-02-27,495909.47848572,18715096800.443897
2022-02-28,2022-02-28,495590.87178376,21394205324.15645
2022-03-01,2022-03-01,495526.8104919,21994862776.037853
2022-03-02,2022-03-02,496256.3477693,21811160293.031593
2022-03-03,2022-03-03,498019.94152902,21167840030.053757
2022-03-04,2022-03-04,499503.19805575,19545861879.938255
2022-03-05,2022-03-05,498362.39909013,19619796580.289337
2022-03-06,2022-03-06,497812.61881437,19107880382.76069
2022-03-07,2022-03-07,498112.07513889,18886900072.94335
2022-03-08,2022-03-08,497952.16956446,19281954924.750267
2022-03-09,2022-03-09,497018.45914736,20859930648.829792
2022-03-10,2022-03-10,496713.05228366,19611953434.88531
2022-03-11,2022-03-11,498285.82423524,19314930822.352177
2022-03-12,2022-03-12,498544.43894291,19413604884.95662
2022-03-13,2022-03-13,498103.69401237,18838441118.203396
2022-03-14,2022-03-14,500350.23501224,19822371327.13165
2022-03-15,2022-03-15,503612.50673219,19847231103.948215
2022-03-16,2022-03-16,504623.52544161,20771824980.68871
2022-03-17,2022-03-17,505251.86509131,20701117384.354782
2022-03-18,2022-03-18,504717.25510952,21089195069.449978
2022-03-19,2022-03-19,502681.57616353,21227958540.002956
2022-03-20,2022-03-20,501772.90708112,20704180927.53216
2022-03-21,2022-03-21,501349.69426139,20593701858.30354
2022-03-22,2022-03-22,504372.78104674,21357429364.1281
2022-03-23,2022-03-23,500044.9984538,21466279531.321228
2022-03-24,2022-03-24,496394.89230829,21817500598.07691
2022-03-25,2022-03-25,494546.11486083,21959500246.087807
2022-03-26,2022-03-26,493714.44930133,22001459867.029507
2022-03-27,2022-03-27,493018.06996732,23102415550.262035
2022-03-28,2022-03-28,489741.38548664,23036917560.03935
2022-03-29,2022-03-29,490180.50153436,23290093361.553024
2022-03-30,2022-03-30,486473.96798391,22920812960.200317
2022-03-31,2022-03-31,489320.56787313,22188236131.348778
2022-04-01,2022-04-01,488602.13881343,22617902798.858585
2022-04-02,2022-04-02,486965.3873754,22372979390.58295
2022-04-03,2022-04-03,487328.52123708,22630702447.623356
2022-04-04,2022-04-04,489310.18929106,22820110363.411404
2022-04-05,2022-04-05,492628.11946394,22457561772.519196
2022-04-06,2022-04-06,491323.38875038,21286660234.472626
2022-04-07,2022-04-07,492273.51355054,21395574245.09843
2022-04-08,2022-04-08,488936.61128714,20681000367.93108
2022-04-09,2022-04-09,489737.76859449,20905161571.38147
2022-04-10,2022-04-10,486550.34523875,20618511591.05637
2022-04-11,2022-04-11,488983.21704366,19334901835.555428
2022-04-12,2022-04-12,485274.41949042,19448862093.576206
2022-04-13,2022-04-13,485195.70045882,19959163109.44915
2022-04-14,2022-04-14,485607.77970572,19374928446.774364
2022-04-15,2022-04-15,484145.05639588,19640959088.27064
2022-04-16,2022-04-16,484669.69257639,19577540230.69054
2022-04-17,2022-04-17,484206.46524395,19235272671.13402
2022-04-18,2022-04-18,484768.96172297,19774398177.508305
2022-04-19,2022-04-19,482725.9105244,20034486725.13106
2022-04-20,2022-04-20,483403.36969982,20022267391.298008
2022-04-21,2022-04-21,481354.72536911,19477062627.83594
2022-04-22,2022-04-22,481996.42259252,19143586045.44018
2022-04-23,2022-04-23,482354.13078774,19192237143.130547
2022-04-24,2022-04-24,481641.26654919,19005105826.579376
2022-04-25,2022-04-25,488565.77351711,19780862613.326218
2022-04-26,2022-04-26,488546.10566928,18617726193.86869
2022-04-27,2022-04-27,489362.62575494,19192410032.278812
2022-04-28,2022-04-28,489253.30794497,19449353036.173817
2022-04-29,2022-04-29,489562.75599271,18923100406.99546
2022-04-30,2022-04-30,490223.36726003,18466721276.69933
2022-05-01,2022-05-01,491567.11617552,18878240468.10485
2022-05-02,2022-05-02,492287.83163877,18961677030.863235
2022-05-03,2022-05-03,498996.90700915,18827560664.611137
2022-05-04,2022-05-04,499101.56592415,19799045833.654007
2022-05-05,2022-05-05,502127.14806602,18373618453.08816
2022-05-06,2022-05-06,502992.83355236,18115891995.002712
2022-05-07,2022-05-07,503314.28365842,17871870010.87808
2022-05-08,2022-05-08,513620.43232494,17506517611.90327
2022-05-09,2022-05-09,536308.96817025,16255645586.456224
2022-05-10,2022-05-10,551492.33897036,17079759464.418028
2022-05-11,2022-05-11,542181.20822092,15684843241.583046
2022-05-12,2022-05-12,531575.72279317,15449752507.7055
2022-05-13,2022-05-13,530325.42204492,15482951952.053228
2022-05-14,2022-05-14,530927.93317177,15955916152.12436
2022-05-15,2022-05-15,532249.86793898,16652062420.566742
2022-05-16,2022-05-16,531080.52104143,15860406368.83168
2022-05-17,2022-05-17,529817.45964096,16111974098.09862
2022-05-18,2022-05-18,533304.06924102,15343385356.466991
2022-05-19,2022-05-19,531988.18738193,16165324221.774029
2022-05-20,2022-05-20,534161.62244438,15598999980.019625
2022-05-21,2022-05-21,533208.94652192,15688338245.73319
2022-05-22,2022-05-22,532678.24805311,16151336087.730726
2022-05-23,2022-05-23,533944.15300987,15524924670.400717
2022-05-24,2022-05-24,534891.14184905,15853941791.58382
2022-05-25,2022-05-25,538439.45566276,15895548261.353052
2022-05-26,2022-05-26,541343.1528755,15833009453.127132
2022-05-27,2022-05-27,542516.44066768,15510616164.525702
2022-05-28,2022-05-28,539635.6277272,15691599262.70284
2022-05-29,2022-05-29,538396.72465658,15840470759.878448
2022-05-30,2022-05-30,537101.1446593,17046346658.515938
2022-05-31,2022-05-31,541306.54410276,17215514603.59027
2022-06-01,2022-06-01,541770.91631422,16132820057.291044
2022-06-02,2022-06-02,537703.25766025,16362913634.461784
2022-06-03,2022-06-03,535830.11197314,15907821144.14124
2022-06-04,2022-06-04,539920.00273707,16072404597.78608
2022-06-05,2022-06-05,537440.39186236,16062167197.096416
2022-06-06,2022-06-06,535340.73251222,16782657122.740412
2022-06-07,2022-06-07,534146.4169504,16619654248.777988
2022-06-08,2022-06-08,535469.28664188,16207502070.355991
2022-06-09,2022-06-09,536548.00072484,16142096380.455357
2022-06-10,2022-06-10,538307.62960518,15649847152.39847
2022-06-11,2022-06-11,539639.60616762,15289531974.866491
2022-06-12,2022-06-12,540390.40908882,14592091571.0738
2022-06-13,2022-06-13,539271.22444891,12083504705.339348
2022-06-14,2022-06-14,537961.78109191,11952243922.72962
2022-06-15,2022-06-15,544516.89305985,12247071490.495735
2022-06-16,2022-06-16,548364.06213119,11148706674.826511
2022-06-17,2022-06-17,550943.45254658,11276574039.84031
2022-06-18,2022-06-18,557394.42102015,10583135810.648544
2022-06-19,2022-06-19,560890.26877637,11517922907.158796
2022-06-20,2022-06-20,558034.44331223,11539132406.001932
2022-06-21,2022-06-21,554246.43570348,11422000782.487152
2022-06-22,2022-06-22,561365.84197183,11199572660.52945
2022-06-23,2022-06-23,560188.7954147,11804129853.88249
2022-06-24,2022-06-24,559187.04008723,11869653792.074522
2022-06-25,2022-06-25,559535.36989276,12031225883.761898
2022-06-26,2022-06-26,557956.4246116,11722328912.855648
2022-06-27,2022-06-27,557756.42749109,11550100679.26654
2022-06-28,2022-06-28,557035.88084749,11324496893.888365
2022-06-29,2022-06-29,557079.50876154,11164680392.883034
2022-06-30,2022-06-30,559241.88182151,10774522503.131607
2022-07-01,2022-07-01,558675.50067109,10837064410.06561
2022-07-02,2022-07-02,559517.49173879,10756608502.022385
2022-07-03,2022-07-03,560636.83596919,10815488679.713331
2022-07-04,2022-07-04,558000.46734169,11277864892.862322
2022-07-05,2022-07-05,554600.23510265,11183017755.942646
2022-07-06,2022-07-06,552837.64952996,11364343803.914415
2022-07-07,2022-07-07,551029.10670751,11933068413.864937
2022-07-08,2022-07-08,549294.64659298,12014248306.373323
2022-07-09,2022-07-09,549307.38966271,11856258799.01164
2022-07-10,2022-07-10,547392.92723945,11418305011.617727
2022-07-11,2022-07-11,551962.30037247,11032218366.384714
2022-07-12,2022-07-12,555691.31261502,10771454881.605627
2022-07-13,2022-07-13,556484.35562063,11199644016.175243
2022-07-14,2022-07-14,556768.96613296,11457966380.643547
2022-07-15,2022-07-15,557119.79617494,11609311549.626184
2022-07-16,2022-07-16,557718.44428831,11815771280.51561
2022-07-17,2022-07-17,573283.67163104,11914555040.5032
2022-07-18,2022-07-18,569736.17615565,12641657520.113398
2022-07-19,2022-07-19,568181.99224656,13274734725.044523
2022-07-20,2022-07-20,569748.29493193,13209123242.024298
2022-07-21,2022-07-21,570722.81192538,13225557951.875795
2022-07-22,2022-07-22,570034.42452074,12946521643.414864
2022-07-23,2022-07-23,569572.69323759,12788718903.464697
2022-07-24,2022-07-24,570452.19422785,12913475879.792858
2022-07-25,2022-07-25,569191.08357394,12302462936.193892
2022-07-26,2022-07-26,568325.04486003,12071907816.12
2022-07-27,2022-07-27,566046.81015693,12991403076.18724
2022-07-28,2022-07-28,566714.50286421,13498172677.229795
2022-07-29,2022-07-29,569924.58204292,13572114576.547855
2022-07-30,2022-07-30,570733.11889273,13488094232.390156
2022-07-31,2022-07-31,570994.83319745,13344496707.49066
2022-08-01,2022-08-01,571606.60201772,13370457614.622313
2022-08-02,2022-08-02,572439.32118155,13189899584.044825
2022-08-03,2022-08-03,571998.93257893,13071034636.36158
2022-08-04,2022-08-04,574415.59607759,13014417691.542233
2022-08-05,2022-08-05,571323.10957774,13265157498.649076
2022-08-06,2022-08-06,571260.39716957,13100252128.137856
2022-08-07,2022-08-07,571570.45761933,13212079514.068075
2022-08-08,2022-08-08,571112.07448291,13591083952.158257
2022-08-09,2022-08-09,570651.39651332,13215840494.38522
2022-08-10,2022-08-10,572801.07631614,13698260048.15495
2022-08-11,2022-08-11,573065.20433371,13703480183.017033
2022-08-12,2022-08-12,569680.4342489,13898650688.874544
2022-08-13,2022-08-13,569337.26979262,13899031170.132288
2022-08-14,2022-08-14,564789.87120437,13739936870.62887
2022-08-15,2022-08-15,565352.66793295,13659390274.423649
2022-08-16,2022-08-16,567583.45207541,13551062702.452047
2022-08-17,2022-08-17,570728.35596343,13308816559.31625
2022-08-18,2022-08-18,569621.73145667,13240447361.358202
2022-08-19,2022-08-19,565718.39228409,11791055403.3086
2022-08-20,2022-08-20,564833.80870119,11941305544.668917
2022-08-21,2022-08-21,562352.33552302,12124369436.157778
2022-08-22,2022-08-22,562592.26156904,12030253983.646072
2022-08-23,2022-08-23,562459.09075936,12121547146.462214
2022-08-24,2022-08-24,557867.86118064,11929031994.318253
2022-08-25,2022-08-25,558884.39675799,12075468610.406973
2022-08-26,2022-08-26,560881.23473788,11287058876.667892
2022-08-27,2022-08-27,563011.15921081,11288938551.706196
2022-08-28,2022-08-28,564539.99766266,11027221334.09505
2022-08-29,2022-08-29,563111.08883557,11415920059.823748
2022-08-30,2022-08-30,565388.44114447,11194755786.105053
2022-08-31,2022-08-31,568545.27620069,11393064011.059517
2022-09-01,2022-09-01,567090.94529081,11410897837.304752
2022-09-02,2022-09-02,573467.39235268,11456384023.999592
2022-09-03,2022-09-03,572708.9337937,11357924819.594114
2022-09-04,2022-09-04,570425.07143948,11406619086.88398
2022-09-05,2022-09-05,575263.06553858,11407454671.761295
2022-09-06,2022-09-06,568876.43381859,10724447830.521875
2022-09-07,2022-09-07,564813.58001927,10895556802.581957
2022-09-08,2022-09-08,564697.26821471,10905093738.122135
2022-09-09,2022-09-09,566987.30617121,12119381462.82119
2022-09-10,2022-09-10,567891.49461092,12316559356.167742
2022-09-11,2022-09-11,569445.78754617,12405128532.999191
2022-09-12,2022-09-12,575002.39758449,12854954569.92959
2022-09-13,2022-09-13,575879.46125075,11618879993.458952
2022-09-14,2022-09-14,574921.9903507,11635060922.823948
2022-09-15,2022-09-15,574319.51600901,11325423258.936363
2022-09-16,2022-09-16,575176.03765166,11379477895.84474
2022-09-17,2022-09-17,577466.59357671,11617702664.115969
2022-09-18,2022-09-18,579949.49208827,11253294622.61688
2022-09-19,2022-09-19,575520.59936853,11244880307.83805
2022-09-20,2022-09-20,573965.27382451,10833213430.800009
2022-09-21,2022-09-21,575610.85555988,10660836753.776522
2022-09-22,2022-09-22,579414.1407559,11256488435.332129
2022-09-23,2022-09-23,584257.30315724,11274082981.932264
2022-09-24,2022-09-24,585888.7257502,11092080562.20239
2022-09-25,2022-09-25,587249.2869315,11034317268.433968
2022-09-26,2022-09-26,586633.10626486,11256350163.938126
2022-09-27,2022-09-27,593002.07415364,11331177791.19064
2022-09-28,2022-09-28,599476.86146856,11656303360.507074
2022-09-29,2022-09-29,604979.60397441,11838134921.55735
2022-09-30,2022-09-30,603652.97236753,11744800268.34728
2022-10-01,2022-10-01,597554.84720953,11539416810.945358
2022-10-02,2022-10-02,596052.00219906,11364470812.757149
2022-10-03,2022-10-03,594907.05332201,11678492706.01508
2022-10-04,2022-10-04,589440.56756511,11988478225.885014
2022-10-05,2022-10-05,588238.47568705,11856980603.636295
2022-10-06,2022-10-06,582160.82749337,11618863063.125896
2022-10-07,2022-10-07,584387.86675964,11424364812.547403
2022-10-08,2022-10-08,585274.48226746,11363194906.997149
2022-10-09,2022-10-09,585640.23918137,11358010756.631084
2022-10-10,2022-10-10,586955.72179363,11228610645.433472
2022-10-11,2022-10-11,590289.49057175,11240680880.944242
2022-10-12,2022-10-12,590443.05478478,11310834749.788103
2022-10-13,2022-10-13,589360.90589983,11422665594.299768
2022-10-14,2022-10-14,592971.80247442,11376122115.162891
2022-10-15,2022-10-15,592988.85188014,11304414087.447624
2022-10-16,2022-10-16,592061.51481057,11394705822.248163
2022-10-17,2022-10-17,590624.11516491,11545792424.739244
2022-10-18,2022-10-18,590600.28579453,11431137625.142311
2022-10-19,2022-10-19,593726.64750939,11354669829.648611
2022-10-20,2022-10-20,592551.09471989,11275245664.843678
2022-10-21,2022-10-21,590029.76338071,11309890003.828669
2022-10-22,2022-10-22,590435.7734047,11344869064.471758
2022-10-23,2022-10-23,588516.5161587,11515513410.602983
2022-10-24,2022-10-24,587324.17981747,11362479010.869024
2022-10-25,2022-10-25,581755.99851041,11686154640.167805
2022-10-26,2022-10-26,578063.73896277,12023385521.045223
2022-10-27,2022-10-27,576710.95372405,11704195476.449589
2022-10-28,2022-10-28,574959.58017921,11846629411.609468
2022-10-29,2022-10-29,573506.77510876,11938275551.40057
2022-10-30,2022-10-30,573374.02900389,11832327626.808817
2022-10-31,2022-10-31,578204.82521748,11857477851.01822
2022-11-01,2022-11-01,577347.27627961,11829072490.112888
2022-11-02,2022-11-02,579689.16691031,11685839473.07484
2022-11-03,2022-11-03,582888.24854709,11775469771.615526
2022-11-04,2022-11-04,580692.56587289,12287931994.54297
2022-11-05,2022-11-05,582868.56840157,12411256660.29471
2022-11-06,2022-11-06,585459.63808685,12265378989.445017
2022-11-07,2022-11-07,598095.44745665,12321723765.248465
2022-11-08,2022-11-08,604845.25876594,11233819464.876177
2022-11-09,2022-11-09,591674.21613498,9402292194.494987
2022-11-10,2022-11-10,575594.66166187,10084731533.555588
2022-11-11,2022-11-11,565372.49045237,9652669005.578487
2022-11-12,2022-11-12,560783.04558453,9434314078.111216
2022-11-13,2022-11-13,554679.54113045,9045120572.618824
2022-11-14,2022-11-14,550556.55534998,9161458140.503782
2022-11-15,2022-11-15,544505.48021722,9196175905.022043
2022-11-16,2022-11-16,546199.54860562,9108429259.89014
2022-11-17,2022-11-17,539839.8227037,9015489891.706554
2022-11-18,2022-11-18,589835.5133619,9840398677.349062
2022-11-19,2022-11-19,590383.59794135,9864949683.62095
2022-11-20,2022-11-20,587056.48570719,9575542484.224035
2022-11-21,2022-11-21,589513.37537365,9310295463.96398
2022-11-22,2022-11-22,596026.66792177,9656649877.883425
2022-11-23,2022-11-23,599546.96863409,9978618104.469606
2022-11-24,2022-11-24,599266.92386529,9962469362.182531
2022-11-25,2022-11-25,601083.30409709,9930669090.299076
2022-11-26,2022-11-26,602319.52556285,9922282214.96528
2022-11-27,2022-11-27,604096.68156025,9929048177.210337
2022-11-28,2022-11-28,601098.96786421,9741680352.76354
2022-11-29,2022-11-29,604239.9846632,9932827299.43569
2022-11-30,2022-11-30,604655.2894099,10376196066.785408
2022-12-01,2022-12-01,607645.43955881,10307639007.99878
2022-12-02,2022-12-02,605448.14767708,10332940135.896194
2022-12-03,2022-12-03,604850.43314586,10216972114.805378
2022-12-04,2022-12-04,602629.99733624,10323314399.095264
2022-12-05,2022-12-05,604056.02570445,10247770357.41114
2022-12-06,2022-12-06,602304.66923908,10296684845.104343
2022-12-07,2022-12-07,602511.13966126,10129193600.966011
2022-12-08,2022-12-08,600663.46908429,10366240428.084835
2022-12-09,2022-12-09,596383.09877568,10223565433.01458
2022-12-10,2022-12-10,595207.19951659,10183602479.7679
2022-12-11,2022-12-11,593523.53445347,10144460706.389534
2022-12-12,2022-12-12,584152.77859131,10051191492.22375
2022-12-13,2022-12-13,543836.42181452,9663381006.098228
2022-12-14,2022-12-14,537562.54607065,9566083992.65668
2022-12-15,2022-12-15,534165.05142423,9268651105.88038
2022-12-16,2022-12-16,524976.23164381,8736010947.305056
2022-12-17,2022-12-17,514659.17013543,8638877174.390104
2022-12-18,2022-12-18,515119.91024379,8625159955.407372
2022-12-19,2022-12-19,516140.32022951,8478889495.07198
2022-12-20,2022-12-20,515963.15770435,8720511204.386965
2022-12-21,2022-12-21,516588.30421874,8681933448.014353
2022-12-22,2022-12-22,518031.73892537,8713719771.125786
2022-12-23,2022-12-23,521112.47879659,8744179603.83617
2022-12-24,2022-12-24,519173.03760509,8739021765.031307
2022-12-25,2022-12-25,518597.30863347,8730803777.187798
2022-12-26,2022-12-26,518179.00607184,8771360133.737211
2022-12-27,2022-12-27,522503.62126005,8725640675.969902
2022-12-28,2022-12-28,525933.74719289,8705102332.282734
2022-12-29,2022-12-29,529356.77245252,8811704457.361832
2022-12-30,2022-12-30,530355.51857014,8804550948.539648
2022-12-31,2022-12-31,535972.00336978,8856035812.009092
2023-01-01,2023-01-01,536345.85861172,8905489990.937355
2023-01-02,2023-01-02,536429.91130474,8947942990.310114
2023-01-03,2023-01-03,533785.87286106,8897331646.265312
2023-01-04,2023-01-04,549484.34667879,9263311753.494232
2023-01-05,2023-01-05,547210.67773127,9216361803.841412
2023-01-06,2023-01-06,545604.90488291,9247377154.94602
2023-01-07,2023-01-07,547386.60763714,9277827038.89657
2023-01-08,2023-01-08,547352.70709119,9327212828.197704
2023-01-09,2023-01-09,544613.40587565,9362454430.122206
2023-01-10,2023-01-10,542871.74070879,9466038252.157116
2023-01-11,2023-01-11,540227.34985537,9663062905.95433
2023-01-12,2023-01-12,544111.55689607,10261502866.859947
2023-01-13,2023-01-13,540290.58024218,10730435837.206696
2023-01-14,2023-01-14,544268.22764197,11425883756.772762
2023-01-15,2023-01-15,546888.15009855,11412350226.59124
2023-01-16,2023-01-16,545544.06633037,11543571445.43359
2023-01-17,2023-01-17,545677.38970714,11551719829.83255
2023-01-18,2023-01-18,547688.94918296,11323432768.51584
2023-01-19,2023-01-19,557177.28240627,11742889359.186811
2023-01-20,2023-01-20,544370.22151815,12349696258.195208
2023-01-21,2023-01-21,547695.9784638,12473280043.01826
2023-01-22,2023-01-22,548436.14921292,12453698912.022863
2023-01-23,2023-01-23,550414.57407228,12615307538.410124
2023-01-24,2023-01-24,547362.59305821,12371962751.20704
2023-01-25,2023-01-25,547331.97413951,12640408422.959145
2023-01-26,2023-01-26,547625.31440534,12605809954.717682
2023-01-27,2023-01-27,546790.68613415,12616758787.676643
2023-01-28,2023-01-28,547259.40853898,12585958728.87346
2023-01-29,2023-01-29,548554.6455085,13040162094.127544
2023-01-30,2023-01-30,554862.29012058,12636155070.055584
2023-01-31,2023-01-31,554668.33634455,12831242532.961355
2023-02-01,2023-02-01,555327.42252428,13159736091.029816
2023-02-02,2023-02-02,552310.44608466,12971434033.713612
2023-02-03,2023-02-03,550579.95750177,12903230981.44006
2023-02-04,2023-02-04,550434.36024411,12835194500.858007
2023-02-05,2023-02-05,550780.91668928,12634239515.08551
2023-02-06,2023-02-06,550465.01920832,12483567364.733397
2023-02-07,2023-02-07,549203.52424411,12774071805.890806
2023-02-08,2023-02-08,549501.82316988,12599236055.489285
2023-02-09,2023-02-09,550013.75362606,11990066641.559528
2023-02-10,2023-02-10,555615.81299848,12032522791.160627
2023-02-11,2023-02-11,557006.60294009,12161005958.05506
2023-02-12,2023-02-12,555755.78509663,12094064097.797115
2023-02-13,2023-02-13,550802.07030347,12012405466.132284
2023-02-14,2023-02-14,551833.14565216,12270842924.698467
2023-02-15,2023-02-15,553025.0331875,13456908917.486786
2023-02-16,2023-02-16,557852.75420813,13163209810.67958
2023-02-17,2023-02-17,555898.74399744,13650457237.098349
2023-02-18,2023-02-18,556615.92795368,13713953207.503834
2023-02-19,2023-02-19,557034.35643344,13552079842.9705
2023-02-20,2023-02-20,558459.48666361,13845266731.929996
2023-02-21,2023-02-21,562042.58737475,13739562955.375158
2023-02-22,2023-02-22,563099.61625599,13622634304.66963
2023-02-23,2023-02-23,560903.34862362,13393183120.113537
2023-02-24,2023-02-24,561688.97497717,13023268737.606562
2023-02-25,2023-02-25,562046.25040246,13019803493.21611
2023-02-26,2023-02-26,562330.85440336,13232207803.701971
2023-02-27,2023-02-27,562660.25721773,13228990919.025354
2023-02-28,2023-02-28,563690.24751155,13042988325.656614
2023-03-01,2023-03-01,562797.65759785,13311194147.732162
2023-03-02,2023-03-02,562879.92153269,13213562559.47952
2023-03-03,2023-03-03,559953.24498586,12515992262.341892
2023-03-04,2023-03-04,561456.33590279,12537865586.459091
2023-03-05,2023-03-05,563785.4095292,12623734877.589756
2023-03-06,2023-03-06,565760.1042723,12664575141.149103
2023-03-07,2023-03-07,568365.00637895,12629880275.886415
2023-03-08,2023-03-08,561078.91950557,12177665632.092669
2023-03-09,2023-03-09,563198.28232003,11447170247.61096
2023-03-10,2023-03-10,555862.00953883,11169802040.96086
2023-03-11,2023-03-11,550188.41262031,11185429902.173746
2023-03-12,2023-03-12,553887.45715014,12131242847.920883
2023-03-13,2023-03-13,577885.56846939,13957408602.228245
2023-03-14,2023-03-14,586468.35093469,14496608789.390926
2023-03-15,2023-03-15,587813.60879751,14243208078.298464
2023-03-16,2023-03-16,591191.27772566,14809624126.467403
2023-03-17,2023-03-17,593776.45781705,16234837701.921932
2023-03-18,2023-03-18,599760.02821296,16104791752.402462
2023-03-19,2023-03-19,599751.10739673,16877902156.548508
2023-03-20,2023-03-20,605388.57747304,16752499837.647474
2023-03-21,2023-03-21,603443.7058801,16962645187.871164
2023-03-22,2023-03-22,603370.79228301,16492697818.603365
2023-03-23,2023-03-23,604530.72714317,17104098509.087456
2023-03-24,2023-03-24,603809.04600934,16559377581.48564
2023-03-25,2023-03-25,603750.37253203,16579959809.672726
2023-03-26,2023-03-26,604663.73528542,16941098864.964235
2023-03-27,2023-03-27,600158.62161302,16288126272.156178
2023-03-28,2023-03-28,601868.77210314,16416495149.93212
2023-03-29,2023-03-29,601690.40007747,17057866935.543097
2023-03-30,2023-03-30,606104.6007556,16974729030.338093
2023-03-31,2023-03-31,606274.17187402,17263505880.421455
2023-04-01,2023-04-01,605705.90638493,17236794400.682964
2023-04-02,2023-04-02,606072.00957564,17089074886.610416
2023-04-03,2023-04-03,607862.38620253,16895459632.853294
2023-04-04,2023-04-04,607089.86195735,17076390647.38131
2023-04-05,2023-04-05,608145.19983929,17134511941.37526
2023-04-06,2023-04-06,609162.19279797,17080184535.367573
2023-04-07,2023-04-07,610401.31372135,17047346134.18257
2023-04-08,2023-04-08,611067.5233897,16975073360.51043
2023-04-09,2023-04-09,611923.36913015,17324573157.188267
2023-04-10,2023-04-10,613624.65628585,18171786506.430645
2023-04-11,2023-04-11,617707.6689667,18653379761.371532
2023-04-12,2023-04-12,621587.1390904,18586010504.37993
2023-04-13,2023-04-13,618788.91001458,18805985270.35037
2023-04-14,2023-04-14,616702.19602379,18799626580.779114
2023-04-15,2023-04-15,616246.93536992,18681866327.057755
2023-04-16,2023-04-16,618721.2178132,18727823133.49113
2023-04-17,2023-04-17,621092.06774432,18319239071.17812
2023-04-18,2023-04-18,621676.11132743,18856683276.747845
2023-04-19,2023-04-19,625959.44032178,18008193618.764683
2023-04-20,2023-04-20,630644.05034393,17808427226.680927
2023-04-21,2023-04-21,638432.85645353,17443764047.298885
2023-04-22,2023-04-22,641085.47475773,17846175292.441074
2023-04-23,2023-04-23,640231.2290618,17664704860.332508
2023-04-24,2023-04-24,643201.07576686,17683486596.91406
2023-04-25,2023-04-25,645960.5719813,18282181446.484356
2023-04-26,2023-04-26,648882.28870129,18441639009.015755
2023-04-27,2023-04-27,652559.26340619,19225777863.179893
2023-04-28,2023-04-28,651749.63068735,19081951934.720886
2023-04-29,2023-04-29,652463.61445892,19058182362.929848
2023-04-30,2023-04-30,654368.73318554,19194536294.508427
2023-05-01,2023-05-01,655039.41797381,18397784809.470123
2023-05-02,2023-05-02,652203.69871615,18690505277.3738
2023-05-03,2023-05-03,652424.28663655,18922183691.934105
2023-05-04,2023-05-04,650806.09775201,18804594506.441933
2023-05-05,2023-05-05,646355.86713854,19035547574.504578
2023-05-06,2023-05-06,646072.05015099,18505190734.26507
2023-05-07,2023-05-07,646028.69692159,18222059706.43126
2023-05-08,2023-05-08,639463.65459718,17461591784.46477
2023-05-09,2023-05-09,642118.38617774,17712024934.997543
2023-05-10,2023-05-10,642425.55673295,17741861361.31989
2023-05-11,2023-05-11,648053.7875701,17480692106.804268
2023-05-12,2023-05-12,650012.92005647,17423579638.882072
2023-05-13,2023-05-13,649575.76193678,17385220497.212013
2023-05-14,2023-05-14,650244.89115736,17512788055.795826
2023-05-15,2023-05-15,648777.33039844,17693166189.600464
2023-05-16,2023-05-16,650612.14430813,17583942579.539062
2023-05-17,2023-05-17,653470.31801906,17905752431.093437
2023-05-18,2023-05-18,655740.05201118,17586342230.96764
2023-05-19,2023-05-19,656289.01957847,17645910550.51408
2023-05-20,2023-05-20,655989.4096045,17795534612.86267
2023-05-21,2023-05-21,656494.25965934,17570146322.15607
2023-05-22,2023-05-22,656898.89951891,17636541108.89177
2023-05-23,2023-05-23,657923.16720125,17914327447.657135
2023-05-24,2023-05-24,659345.14711787,17371971475.939823
2023-05-25,2023-05-25,652227.13981436,17273630559.275955
2023-05-26,2023-05-26,651961.10094708,17420363415.51889
2023-05-27,2023-05-27,652229.58675011,17517517008.22495
2023-05-28,2023-05-28,653785.74625333,18368999096.598927
2023-05-29,2023-05-29,653102.92961578,18109854297.3783
2023-05-30,2023-05-30,651055.4350309,18046712154.83968
2023-05-31,2023-05-31,653974.43136309,17822689087.463863
2023-06-01,2023-06-01,655883.08245061,17575478834.732864
2023-06-02,2023-06-02,656522.99804884,17891547586.009956
2023-06-03,2023-06-03,658926.96143386,17836060309.563423
2023-06-04,2023-06-04,658842.6951487,17864250293.240097
2023-06-05,2023-06-05,646429.83636402,16655012621.007923
2023-06-06,2023-06-06,641994.29617786,17495319712.76488
2023-06-07,2023-06-07,628254.6306969,16617363857.954536
2023-06-08,2023-06-08,624128.94112867,16540987198.751074
2023-06-09,2023-06-09,622340.87647983,16472315621.481052
2023-06-10,2023-06-10,617185.86449769,15924637448.447706
2023-06-11,2023-06-11,613899.7152353,15896494502.652254
2023-06-12,2023-06-12,612930.3585295,15933185806.82942
2023-06-13,2023-06-13,613303.39883495,15806762728.81203
2023-06-14,2023-06-14,615314.024803,15541154326.898727
2023-06-15,2023-06-15,612080.06606864,15636329184.226278
2023-06-16,2023-06-16,608034.4283781,16019662570.802343
2023-06-17,2023-06-17,608908.41354983,16140289692.43965
2023-06-18,2023-06-18,607691.92253929,16027922520.944387
2023-06-19,2023-06-19,606552.46542961,16276736827.759403
2023-06-20,2023-06-20,602634.18050581,17063828384.094858
2023-06-21,2023-06-21,605438.33026061,18168841117.630753
2023-06-22,2023-06-22,605311.19757903,18126966652.606422
2023-06-23,2023-06-23,601954.76358717,18441976452.23761
2023-06-24,2023-06-24,604915.73784805,18444400997.062138
2023-06-25,2023-06-25,604779.80218222,18841631271.61968
2023-06-26,2023-06-26,606115.31386979,18311414979.808098
2023-06-27,2023-06-27,606676.45712722,18609351317.41263
2023-06-28,2023-06-28,604461.39139031,18195089646.610188
2023-06-29,2023-06-29,606164.77938881,18454633202.86673
2023-06-30,2023-06-30,609288.66849539,18738031682.502903
2023-07-01,2023-07-01,610236.38534251,18663153482.14094
2023-07-02,2023-07-02,609733.03845991,18570623961.222378
2023-07-03,2023-07-03,608794.63601811,18896186762.3682
2023-07-04,2023-07-04,606967.17068426,19513753200.39605
2023-07-05,2023-07-05,608183.67668391,18721311345.90789
2023-07-06,2023-07-06,606677.04417796,18191157708.736855
2023-07-07,2023-07-07,603781.59630127,18319148384.17583
2023-07-08,2023-07-08,603417.36831789,18419254015.071236
2023-07-09,2023-07-09,603328.56256556,18669151197.789513
2023-07-10,2023-07-10,603754.23216117,17612229754.779312
2023-07-11,2023-07-11,601963.18593431,18441339317.951897
2023-07-12,2023-07-12,601616.93707915,17466233156.1225
2023-07-13,2023-07-13,601854.47882658,19299406572.776066
2023-07-14,2023-07-14,601945.3104459,18194141202.13896
2023-07-15,2023-07-15,598349.88998689,18107774875.077003
2023-07-16,2023-07-16,599168.40096685,18101793948.55317
2023-07-17,2023-07-17,597815.97241699,17706322365.128403
2023-07-18,2023-07-18,597549.39915944,17828613842.096066
2023-07-19,2023-07-19,597706.76612026,17879304133.62217
2023-07-20,2023-07-20,597271.79096297,17186649223.8556
2023-07-21,2023-07-21,596486.3513365,17774915892.37656
2023-07-22,2023-07-22,596624.41694105,17730227857.705906
2023-07-23,2023-07-23,597011.41554025,17957436905.565937
2023-07-24,2023-07-24,599647.48882622,17499385914.476482
2023-07-25,2023-07-25,601421.53155928,17579901577.1481
2023-07-26,2023-07-26,601994.04311033,17658696300.301773
2023-07-27,2023-07-27,608487.43623072,17794795593.084846
2023-07-28,2023-07-28,609794.24445091,17872308031.40393
2023-07-29,2023-07-29,609654.74736515,17897030902.38083
2023-07-30,2023-07-30,609237.34886921,17834906071.431824
2023-07-31,2023-07-31,610732.19663767,17834158229.10062
2023-08-01,2023-08-01,613529.33246434,18200440180.69891
2023-08-02,2023-08-02,613134.44777163,17884036272.787014
2023-08-03,2023-08-03,611104.29479022,17879860028.0608
2023-08-04,2023-08-04,610592.07348474,17722017708.71195
2023-08-05,2023-08-05,613939.35790972,17841214962.988754
2023-08-06,2023-08-06,614211.13661926,17868311399.59141
2023-08-07,2023-08-07,614886.69027828,17940573816.65192
2023-08-08,2023-08-08,612624.33141996,18259385577.3758
2023-08-09,2023-08-09,612678.08083882,18138130189.794075
2023-08-10,2023-08-10,613217.60014899,18062845026.355427
2023-08-11,2023-08-11,614717.56295846,18094557828.63736
2023-08-12,2023-08-12,614409.67173176,18073646833.790867
2023-08-13,2023-08-13,614541.3527562,17994744914.1008
2023-08-14,2023-08-14,617610.70433214,18167285659.82599
2023-08-15,2023-08-15,618303.04868765,18040951552.664223
2023-08-16,2023-08-16,621963.72119856,17851360314.274124
2023-08-17,2023-08-17,624653.21088772,16647722405.742107
2023-08-18,2023-08-18,622701.3631251,16224149328.09068
2023-08-19,2023-08-19,620554.18907656,16186938783.366344
2023-08-20,2023-08-20,618505.42815437,16189769346.434052
2023-08-21,2023-08-21,614046.30079184,16041125018.529749
2023-08-22,2023-08-22,613107.94492743,15961141441.51919
2023-08-23,2023-08-23,610010.10447295,16124081205.474812
2023-08-24,2023-08-24,610910.74531117,15950166055.58125
2023-08-25,2023-08-25,611056.93500378,15906362448.75184
2023-08-26,2023-08-26,611725.7861319,15908673980.356735
2023-08-27,2023-08-27,611894.31414054,15954051440.49618
2023-08-28,2023-08-28,611215.32264409,15953014268.441658
2023-08-29,2023-08-29,605320.81167714,16734067853.971975
2023-08-30,2023-08-30,603093.98821949,16465315387.670156
2023-08-31,2023-08-31,606591.01149877,15736655837.28386
2023-09-01,2023-09-01,612395.13263256,15813147527.761717
2023-09-02,2023-09-02,612150.07876993,15829747020.67254
2023-09-03,2023-09-03,610147.38718893,15846573131.22757
2023-09-04,2023-09-04,609238.1088766,15733797894.119278
2023-09-05,2023-09-05,608996.57193024,15705962224.71748
2023-09-06,2023-09-06,608158.93499951,15675166190.112167
2023-09-07,2023-09-07,608577.3099961,15985026507.996307
2023-09-08,2023-09-08,604846.49163781,15672632904.98362
2023-09-09,2023-09-09,605876.09800261,15692974102.812136
2023-09-10,2023-09-10,606027.15166195,15652934052.807096
2023-09-11,2023-09-11,605887.81510454,15231656473.828444
2023-09-12,2023-09-12,603957.95725933,15609709626.635496
2023-09-13,2023-09-13,603509.12920702,15828134297.979986
2023-09-14,2023-09-14,602579.61251751,15972766087.881516
2023-09-15,2023-09-15,600979.58165001,16001183781.351418
2023-09-16,2023-09-16,600825.97175138,15953992215.625494
2023-09-17,2023-09-17,599977.95112589,15907914787.377272
2023-09-18,2023-09-18,597637.61043092,15988985704.199047
2023-09-19,2023-09-19,596673.94988067,16238668526.475883
2023-09-20,2023-09-20,597799.33781526,16230441631.056566
2023-09-21,2023-09-21,597745.96931198,15876314281.178225
2023-09-22,2023-09-22,600855.92860218,15969319294.213911
2023-09-23,2023-09-23,600580.21794211,15957623713.481482
2023-09-24,2023-09-24,600649.27590058,15784797276.34917
2023-09-25,2023-09-25,601419.96422937,15819578871.408413
2023-09-26,2023-09-26,603388.24437584,15792190921.507755
2023-09-27,2023-09-27,603995.35647402,15879881737.340715
2023-09-28,2023-09-28,603922.57804125,16326444374.526825
2023-09-29,2023-09-29,603268.54142882,16239120610.31089
2023-09-30,2023-09-30,602743.68356035,16261679600.423277
2023-10-01,2023-10-01,601230.54755775,16817176101.38995
2023-10-02,2023-10-02,598811.1656582,16533305947.368715
2023-10-03,2023-10-03,598881.11179677,16439908610.223402
2023-10-04,2023-10-04,595380.03247015,16543294073.078156
2023-10-05,2023-10-05,593126.97984294,16268196620.832085
2023-10-06,2023-10-06,591932.01116504,16530332820.155085
2023-10-07,2023-10-07,591522.02161608,16536501803.861908
2023-10-08,2023-10-08,590773.69275183,16498863139.92504
2023-10-09,2023-10-09,592872.67556974,16359127990.296164
2023-10-10,2023-10-10,592501.53652755,16233295974.256804
2023-10-11,2023-10-11,598403.45102676,16080252310.303877
2023-10-12,2023-10-12,603239.26090482,16128554668.970793
2023-10-13,2023-10-13,603185.33965928,16192319266.593988
2023-10-14,2023-10-14,601605.74259969,16160915851.717527
2023-10-15,2023-10-15,601430.21099296,16336735151.594875
2023-10-16,2023-10-16,597675.32855017,17047539083.560638
2023-10-17,2023-10-17,594115.89164652,16872194864.406614
2023-10-18,2023-10-18,594614.33526549,16846593518.286278
2023-10-19,2023-10-19,588888.08529176,16888565450.700636
2023-10-20,2023-10-20,586046.25633476,17402061526.491463
2023-10-21,2023-10-21,588111.57158173,17590452923.23929
2023-10-22,2023-10-22,588447.01288148,17650769788.54793
2023-10-23,2023-10-23,586247.98534068,19243745807.20208
2023-10-24,2023-10-24,595671.48488907,20140334093.47082
2023-10-25,2023-10-25,596258.15988557,20560839417.069813
2023-10-26,2023-10-26,595544.34999941,20345757712.78809
2023-10-27,2023-10-27,594281.53958834,20157158322.228992
2023-10-28,2023-10-28,595345.15386395,20286886482.243877
2023-10-29,2023-10-29,593847.28319258,20520075456.56753
2023-10-30,2023-10-30,592626.98314224,20438895322.94347
2023-10-31,2023-10-31,591940.48967133,20523301998.07604
2023-11-01,2023-11-01,591124.77829612,20941377960.046455
2023-11-02,2023-11-02,591515.18623475,20657579196.25228
2023-11-03,2023-11-03,586049.53881579,20330886060.48532
2023-11-04,2023-11-04,586107.09510498,20541190621.92269
2023-11-05,2023-11-05,586619.17232355,20576882051.76742
2023-11-06,2023-11-06,588291.79943532,20583074638.552753
2023-11-07,2023-11-07,581796.9909377,20602180474.284645
2023-11-08,2023-11-08,572282.01864039,20509378642.8076
2023-11-09,2023-11-09,566027.12415311,20784024081.29055
2023-11-10,2023-11-10,586814.41926148,21905468916.7846
2023-11-11,2023-11-11,586918.83967919,21664258524.86657
2023-11-12,2023-11-12,586999.34567881,21756244021.372276
2023-11-13,2023-11-13,586084.48850512,21425300750.06048
2023-11-14,2023-11-14,586712.27324786,20848368278.848087
2023-11-15,2023-11-15,584003.5975533,22072159960.109356
2023-11-16,2023-11-16,583791.53150479,21144449522.77614
2023-11-17,2023-11-17,585988.09611848,21419717792.471497
2023-11-18,2023-11-18,586479.61754092,21456616661.915455
2023-11-19,2023-11-19,585543.56656587,21962789272.697884
2023-11-20,2023-11-20,583255.87481961,21878282949.72112
2023-11-21,2023-11-21,580625.1036934,20827640344.688187
2023-11-22,2023-11-22,575757.18586925,21538412036.74454
2023-11-23,2023-11-23,574518.87058616,21447062115.74312
2023-11-24,2023-11-24,569974.14211189,21482992724.555607
2023-11-25,2023-11-25,569224.88531382,21513864929.96828
2023-11-26,2023-11-26,568143.64797994,21308885621.978058
2023-11-27,2023-11-27,568849.92268808,21121512638.097782
2023-11-28,2023-11-28,563590.25200525,21336520117.79576
2023-11-29,2023-11-29,562321.52700291,21271770175.90587
2023-11-30,2023-11-30,563010.95643288,21229388268.869
2023-12-01,2023-12-01,560201.44688874,21673815752.91429
2023-12-02,2023-12-02,558670.72721403,22049409861.598827
2023-12-03,2023-12-03,558555.71392313,22314732824.27299
2023-12-04,2023-12-04,562036.97052433,23531018626.524673
2023-12-05,2023-12-05,558591.1625083,24607757848.766037
2023-12-06,2023-12-06,564799.75227101,24733062574.94373
2023-12-07,2023-12-07,568411.45619288,24640882764.458023
2023-12-08,2023-12-08,567360.5755528,25062910985.783222
2023-12-09,2023-12-09,570384.3936128,24944609555.872353
2023-12-10,2023-12-10,572221.11896978,25054806260.142544
2023-12-11,2023-12-11,579598.34737564,23860483637.787777
2023-12-12,2023-12-12,582932.85825304,24203468236.426292
2023-12-13,2023-12-13,581057.45526343,24945034501.40912
2023-12-14,2023-12-14,578200.39974408,24943897860.51
2023-12-15,2023-12-15,578076.01849402,24253657487.50515
2023-12-16,2023-12-16,575782.76133732,24321493672.76511
2023-12-17,2023-12-17,579976.16636206,24009056419.57074
2023-12-18,2023-12-18,579932.12082822,24721970113.502983
2023-12-19,2023-12-19,580099.49102166,24510597739.33704
2023-12-20,2023-12-20,579966.95879684,25296929732.71169
2023-12-21,2023-12-21,578658.725278,25372589608.081177
2023-12-22,2023-12-22,573078.66827115,25222774814.81856
2023-12-23,2023-12-23,570746.05288875,24972958070.602077
2023-12-24,2023-12-24,565598.28715719,24319761017.37907
2023-12-25,2023-12-25,576671.77677632,25153897447.16258
2023-12-26,2023-12-26,574729.89241549,24446535336.079636
2023-12-27,2023-12-27,570170.08689476,24732997855.12909
2023-12-28,2023-12-28,565586.09252891,24101096420.437992
2023-12-29,2023-12-29,559660.41018475,23498744429.900185
2023-12-30,2023-12-30,574701.31495836,24258690083.328182
2023-12-31,2023-12-31,582168.30988459,24576393484.88252
2024-01-01,2024-01-01,579547.32549588,25563507917.225895
2024-01-02,2024-01-02,582661.68756851,26153815808.11008
2024-01-03,2024-01-03,586793.9070865,25143237831.409523
2024-01-04,2024-01-04,586516.74158119,25902068559.652523
2024-01-05,2024-01-05,586437.1268036,25861063813.88412
2024-01-06,2024-01-06,588811.86357341,25844495450.942604
2024-01-07,2024-01-07,589082.62978284,25886891772.69702
2024-01-08,2024-01-08,590415.58222378,27703852427.9066
2024-01-09,2024-01-09,590313.29737219,27189644889.75865
2024-01-10,2024-01-10,592870.23657497,27575646422.212376
2024-01-11,2024-01-11,596313.04090572,27678232620.672485
2024-01-12,2024-01-12,602443.90881711,25769930203.101757
2024-01-13,2024-01-13,600468.34388825,25724050800.867077
2024-01-14,2024-01-14,599510.52784246,25160056088.61475
2024-01-15,2024-01-15,602415.67611392,25653672479.94851
2024-01-16,2024-01-16,599195.51009516,25886033635.97018
2024-01-17,2024-01-17,600470.77450562,25644850441.83325
2024-01-18,2024-01-18,601834.04712924,24839749036.58717
2024-01-19,2024-01-19,602751.37810393,25100703773.26063
2024-01-20,2024-01-20,602472.38438211,25095586873.31312
2024-01-21,2024-01-21,601097.05804067,25006942393.070137
2024-01-22,2024-01-22,601884.57756769,23787655846.26365
2024-01-23,2024-01-23,602984.9220885,24054716721.034992
2024-01-24,2024-01-24,603361.95988291,24183400198.43604
2024-01-25,2024-01-25,603232.38865929,24086541953.81863
2024-01-26,2024-01-26,600715.10519784,25153762960.64858
2024-01-27,2024-01-27,599443.74404709,25253572714.7418
2024-01-28,2024-01-28,599508.3671688,25205008343.351944
2024-01-29,2024-01-29,600720.13857267,25900223483.374214
2024-01-30,2024-01-30,597187.79748548,25623644960.39976
2024-01-31,2024-01-31,596649.29090956,25421034303.809013
2024-02-01,2024-02-01,600129.57515664,25827848688.861137
2024-02-02,2024-02-02,596817.31783997,25750570150.91494
2024-02-03,2024-02-03,596807.39438141,25647624793.817623
2024-02-04,2024-02-04,598071.56884536,25454974184.30241
2024-02-05,2024-02-05,600970.9942406,25638758185.720745
2024-02-06,2024-02-06,600466.405051,25878410432.760796
2024-02-07,2024-02-07,595500.64272098,26363034438.97881
2024-02-08,2024-02-08,589799.85083504,26725375492.75151
2024-02-09,2024-02-09,586847.37292209,27655433574.84091
2024-02-10,2024-02-10,587125.61888205,28061302065.86251
2024-02-11,2024-02-11,591020.71907485,28485519527.269165
2024-02-12,2024-02-12,590889.63571474,29560655114.760952
2024-02-13,2024-02-13,584712.09676882,29110273352.570087
2024-02-14,2024-02-14,584429.04384997,30275836738.611668
2024-02-15,2024-02-15,577316.68129139,29987987618.28743
2024-02-16,2024-02-16,574564.93882292,29982032310.235447
2024-02-17,2024-02-17,574837.47964542,29712945982.405792
2024-02-18,2024-02-18,575623.23199031,30005917230.045876
2024-02-19,2024-02-19,575113.37830171,29776207385.72918
2024-02-20,2024-02-20,575034.50271705,30053737310.712944
2024-02-21,2024-02-21,579553.60058807,29917550736.536587
2024-02-22,2024-02-22,579256.05205817,29691222617.573406
2024-02-23,2024-02-23,580434.47362013,29448977485.696262
2024-02-24,2024-02-24,580243.43233075,29921660668.504684
2024-02-25,2024-02-25,579327.85622755,29984247169.66729
2024-02-26,2024-02-26,571717.72606674,31156303607.555157
2024-02-27,2024-02-27,573557.16200408,32721472681.08126
2024-02-28,2024-02-28,575654.85236371,35995798375.31298
2024-02-29,2024-02-29,575091.15833048,35304641390.23748
2024-03-01,2024-03-01,572987.74218464,35767780516.73171
2024-03-02,2024-03-02,573446.09188935,35596624531.28979
2024-03-03,2024-03-03,573311.11047719,36080598941.30432
2024-03-04,2024-03-04,572770.07106886,39131190116.53917
2024-03-05,2024-03-05,577641.57535359,37177027651.95067
2024-03-06,2024-03-06,580292.2189498,38359592178.09476
2024-03-07,2024-03-07,580216.92073148,38847678990.93016
2024-03-08,2024-03-08,576542.09067992,39328842947.10873
2024-03-09,2024-03-09,575752.41190413,39396306739.889404
2024-03-10,2024-03-10,577033.45549263,39823712362.95046
2024-03-11,2024-03-11,583209.75269132,42103791613.859314
2024-03-12,2024-03-12,584446.67603883,41742228027.16134
2024-03-13,2024-03-13,581213.31500833,42484508097.46813
2024-03-14,2024-03-14,578881.70126466,41348022878.55087
2024-03-15,2024-03-15,574353.17762167,39888643260.44787
2024-03-16,2024-03-16,576469.16637953,37662555253.504654
2024-03-17,2024-03-17,576966.92887056,39569133238.97016
2024-03-18,2024-03-18,575217.72730942,38990340942.55971
2024-03-19,2024-03-19,580677.37971935,36143012276.245155
2024-03-20,2024-03-20,578758.85871324,39283731097.07923
2024-03-21,2024-03-21,579860.97603257,37960819050.73644
2024-03-22,2024-03-22,577734.08839936,36736596066.00769
2024-03-23,2024-03-23,576803.81536418,37101771163.63125
2024-03-24,2024-03-24,576213.17970115,38800917193.10431
2024-03-25,2024-03-25,575592.37858206,40268819760.036606
2024-03-26,2024-03-26,579365.74769886,40522930224.25259
2024-03-27,2024-03-27,581655.9714616,40450312809.79913
2024-03-28,2024-03-28,579741.17172152,41016480904.39922
2024-03-29,2024-03-29,581169.74565439,40627636340.286934
2024-03-30,2024-03-30,582284.72191333,40574523239.036934
2024-03-31,2024-03-31,582676.99202484,41501386201.243126
2024-04-01,2024-04-01,581659.63499393,40622569075.73554
2024-04-02,2024-04-02,579668.85878587,37965228608.256
2024-04-03,2024-04-03,577636.29441629,38200682214.974846
2024-04-04,2024-04-04,573688.32516378,39264697306.78799
2024-04-05,2024-04-05,574613.40252449,38986548364.81448
2024-04-06,2024-04-06,574166.47557254,39590877445.67581
2024-04-07,2024-04-07,575142.9163302,39955846471.20856
2024-04-08,2024-04-08,577627.83043839,41376446709.84624
2024-04-09,2024-04-09,580178.93049641,40117311017.77574
2024-04-10,2024-04-10,579864.8217556,40943581938.56274
2024-04-11,2024-04-11,578827.44951316,40559850782.48737
2024-04-12,2024-04-12,582140.31475798,39144376899.80901
2024-04-13,2024-04-13,582756.74553079,37536411139.11323
2024-04-14,2024-04-14,585169.20476676,38468045878.01776
2024-04-15,2024-04-15,583906.81070442,37022286498.94366
2024-04-16,2024-04-16,586435.74039762,37368822242.896645
2024-04-17,2024-04-17,584938.4716188,35874382268.180435
2024-04-18,2024-04-18,582474.08413864,36964352537.06423
2024-04-19,2024-04-19,583121.16534698,37218878345.13653
2024-04-20,2024-04-20,582555.28270962,37800389017.594795
2024-04-21,2024-04-21,581799.14191485,37791325592.44071
2024-04-22,2024-04-22,577900.93727394,38630693399.37096
2024-04-23,2024-04-23,575539.77327995,38222817494.21242
2024-04-24,2024-04-24,584751.36961092,37614494830.769905
2024-04-25,2024-04-25,583830.33705571,37705943409.803825
2024-04-26,2024-04-26,582330.36715245,37151804419.487915
2024-04-27,2024-04-27,583394.49168635,36990662398.806755
2024-04-28,2024-04-28,585584.42285,36786491167.58312
2024-04-29,2024-04-29,584944.57811138,37349024504.42618
2024-04-30,2024-04-30,591449.83488304,35907858154.51518
2024-05-01,2024-05-01,591530.35437811,34511477652.977776
2024-05-02,2024-05-02,592607.19512787,35053586701.23718
2024-05-03,2024-05-03,589047.7048131,37232117021.820206
2024-05-04,2024-05-04,589286.32068711,37580603893.58566
2024-05-05,2024-05-05,588570.92709987,37698370052.78556
2024-05-06,2024-05-06,587466.47136396,37127038205.203896
2024-05-07,2024-05-07,588263.56114523,36667895685.46664
2024-05-08,2024-05-08,588795.8358567,36055121796.12413
2024-05-09,2024-05-09,587121.18270436,37043286926.18091
2024-05-10,2024-05-10,588749.02593179,35860773418.68585
2024-05-11,2024-05-11,588795.46438772,35784277103.138214
2024-05-12,2024-05-12,590178.77305498,36250375711.78853
2024-05-13,2024-05-13,590352.462673,37128212476.26129
2024-05-14,2024-05-14,591709.3500387,36436040027.93189
2024-05-15,2024-05-15,585086.04791055,38747521979.27177
2024-05-16,2024-05-16,584597.37959265,38159933039.37193
2024-05-17,2024-05-17,582754.10624158,39016646154.41222
2024-05-18,2024-05-18,582711.26617642,39046855258.77148
2024-05-19,2024-05-19,583400.0733063,38634860809.93887
2024-05-20,2024-05-20,580943.64527703,41498054998.91387
2024-05-21,2024-05-21,588383.22255328,41314242662.057335
2024-05-22,2024-05-22,585046.81804713,40451298666.06097
2024-05-23,2024-05-23,588461.80566757,39978668267.60402
2024-05-24,2024-05-24,587035.38582334,40313699718.31595
2024-05-25,2024-05-25,586913.72977017,40642367416.3255
2024-05-26,2024-05-26,586753.50776754,40193058648.07719
2024-05-27,2024-05-27,587812.07975285,40783722120.47398
2024-05-28,2024-05-28,588966.4789706,40301119391.3798
2024-05-29,2024-05-29,592373.56553644,40031926026.06416
2024-05-30,2024-05-30,590279.10006908,40343390896.86106
2024-05-31,2024-05-31,591309.32884989,39805306867.835175
2024-06-01,2024-06-01,592039.6383756,40088102654.5257
2024-06-02,2024-06-02,590859.89067262,40068792305.162895
2024-06-03,2024-06-03,588516.41773045,40477303033.51378
2024-06-04,2024-06-04,585244.23902543,41319421974.90174
2024-06-05,2024-06-05,583037.12530097,41455402139.14462
2024-06-06,2024-06-06,584575.57910257,41392363190.55279
2024-06-07,2024-06-07,581306.2961312,40302220159.532845
2024-06-08,2024-06-08,588545.03839597,40786828981.49688
2024-06-09,2024-06-09,589859.88596785,41078207970.69968
2024-06-10,2024-06-10,591056.96681231,41059186177.124985
2024-06-11,2024-06-11,593264.64307364,39941108705.7256
2024-06-12,2024-06-12,593380.39781478,40504391426.16659
2024-06-13,2024-06-13,592311.56637472,39545885234.31445
2024-06-14,2024-06-14,595306.89613831,39296571273.5256
2024-06-15,2024-06-15,597068.87221264,39534190118.38337
2024-06-16,2024-06-16,597031.9434113,39776488098.326454
2024-06-17,2024-06-17,598328.14552667,39757857239.96589
2024-06-18,2024-06-18,598699.87007478,39020300343.893555
2024-06-19,2024-06-19,595092.3478346,38628477785.01725
2024-06-20,2024-06-20,595775.18898082,38654926744.1609
2024-06-21,2024-06-21,596721.09096189,38236536714.717545
2024-06-22,2024-06-22,597128.45599379,38382547181.021706
2024-06-23,2024-06-23,597212.42979283,37725346024.23391
2024-06-24,2024-06-24,602889.1337556,36361596772.40603
2024-06-25,2024-06-25,601033.64860784,37126944921.03649
2024-06-26,2024-06-26,604544.41674146,36744870930.8431
2024-06-27,2024-06-27,607921.34084692,37448890863.33514
2024-06-28,2024-06-28,611157.33291149,36874985411.17388
2024-06-29,2024-06-29,612813.78400649,37342640319.45288
2024-06-30,2024-06-30,613666.79906485,38464542069.27798
2024-07-01,2024-07-01,616355.54838311,38773494197.26278
2024-07-02,2024-07-02,619139.07463727,38409522991.901474
2024-07-03,2024-07-03,620283.91201823,37402331149.19459
2024-07-04,2024-07-04,623789.70423359,35645719394.16305
2024-07-05,2024-07-05,622478.55866712,35331389632.63737
2024-07-06,2024-07-06,621560.52687791,36240985596.91776
2024-07-07,2024-07-07,620425.65926087,34684074803.73516
2024-07-08,2024-07-08,622736.30578219,35308752196.59353
2024-07-09,2024-07-09,624369.68350002,36244467905.765884
2024-07-10,2024-07-10,624356.82743401,36119801217.922
2024-07-11,2024-07-11,627393.69980326,35993794079.44404
2024-07-12,2024-07-12,626356.26615307,36266418422.67888
2024-07-13,2024-07-13,627902.4419444,37180502208.901024
2024-07-14,2024-07-14,627194.3799779,38103694695.0407
2024-07-15,2024-07-15,622312.51300209,40357766738.54762
2024-07-16,2024-07-16,619899.5405019,40370981946.51188
2024-07-17,2024-07-17,621407.41983386,39867982728.56637
2024-07-18,2024-07-18,620931.8233576,39708627413.00943
2024-07-19,2024-07-19,616367.16474494,41139711808.720665
2024-07-20,2024-07-20,616083.15308651,41393003409.48655
2024-07-21,2024-07-21,614735.42192747,41827930506.90363
2024-07-22,2024-07-22,614094.60755588,41567688016.74385
2024-07-23,2024-07-23,618891.2951153,40818482614.783035
2024-07-24,2024-07-24,621201.42783727,40591228390.95733
2024-07-25,2024-07-25,629674.34218081,41417175249.458015
2024-07-26,2024-07-26,628318.89836445,42661005781.590904
2024-07-27,2024-07-27,628397.21797264,42812293963.65671
2024-07-28,2024-07-28,628847.78274117,42894644562.44516
2024-07-29,2024-07-29,627186.00718304,41904317954.74534
2024-07-30,2024-07-30,624787.777012,41362952851.31636
2024-07-31,2024-07-31,623807.77633374,40347031040.75884
2024-08-01,2024-08-01,626383.20068751,40865934111.729645
2024-08-02,2024-08-02,628210.68733701,38673865037.07339
2024-08-03,2024-08-03,629628.97365176,38036872766.03433
2024-08-04,2024-08-04,630197.85823103,36612272385.80383
2024-08-05,2024-08-05,633725.39068748,34564563422.319
2024-08-06,2024-08-06,632014.83578903,35393127278.60362
2024-08-07,2024-08-07,632407.05054684,34817814102.87155
2024-08-08,2024-08-08,633712.64938998,39128710619.77219
2024-08-09,2024-08-09,634209.28547365,38528941170.99069
2024-08-10,2024-08-10,635016.66631577,38638701378.37895
2024-08-11,2024-08-11,634806.405041,37386460909.60457
2024-08-12,2024-08-12,637758.5149733,37948466450.72386
2024-08-13,2024-08-13,636391.88978354,38460273467.812225
2024-08-14,2024-08-14,634478.3219264,37285626380.98566
2024-08-15,2024-08-15,629682.94750071,36242918809.13533
2024-08-16,2024-08-16,626080.25397776,36909742469.14568
2024-08-17,2024-08-17,627022.82193165,37259540714.56488
2024-08-18,2024-08-18,627498.29527378,36881416978.06928
2024-08-19,2024-08-19,627171.62538068,37233434456.8617
2024-08-20,2024-08-20,626777.67721045,36986438155.70899
2024-08-21,2024-08-21,623720.78642194,38096929510.68996
2024-08-22,2024-08-22,623439.22479505,37642561893.737854
2024-08-23,2024-08-23,619616.18107699,39591754154.63016
2024-08-24,2024-08-24,620086.69398576,39637530067.41819
2024-08-25,2024-08-25,619136.6821672,39846661400.50766
2024-08-26,2024-08-26,619652.95279761,38963844818.48054
2024-08-27,2024-08-27,620463.81702884,36921793925.07012
2024-08-28,2024-08-28,621530.6054331,36682529785.244064
2024-08-29,2024-08-29,619546.25595749,36780733468.91005
2024-08-30,2024-08-30,620041.84455078,36663755725.6799
2024-08-31,2024-08-31,622410.49186473,36763929414.1888
2024-09-01,2024-09-01,622298.54898006,35663415288.909996
2024-09-02,2024-09-02,621773.85526555,36871742272.12161
2024-09-03,2024-09-03,623043.55497579,35892614381.66636
2024-09-04,2024-09-04,622227.59052732,36029368319.71084
2024-09-05,2024-09-05,624615.57943223,35079780074.047806
2024-09-06,2024-09-06,628085.53656355,33915083440.509056
2024-09-07,2024-09-07,627545.411342,33976025717.405125
2024-09-08,2024-09-08,626446.31976321,34373544003.74379
2024-09-09,2024-09-09,623150.97310228,35613247745.40155
2024-09-10,2024-09-10,621414.44819433,35785751934.91521
2024-09-11,2024-09-11,619528.73135181,35533014440.02327
2024-09-12,2024-09-12,618043.98179069,35940159066.11238
2024-09-13,2024-09-13,613550.57073846,37190371469.74518
2024-09-14,2024-09-14,612112.74150291,36717556556.19958
2024-09-15,2024-09-15,612586.35454582,36258763103.7429
2024-09-16,2024-09-16,615045.81088698,35790105417.32705
2024-09-17,2024-09-17,613812.49924786,36963352224.54687
2024-09-18,2024-09-18,614082.06018209,37678186243.016754
2024-09-19,2024-09-19,613148.28500645,38643580860.95019
2024-09-20,2024-09-20,613626.62947475,38785133629.658554
2024-09-21,2024-09-21,615132.24553135,39006945011.003
2024-09-22,2024-09-22,615785.88306492,39152375388.193535
2024-09-23,2024-09-23,618462.84570646,39169194644.527626
2024-09-24,2024-09-24,614123.2913617,39520457752.61182
2024-09-25,2024-09-25,612861.71967372,38701608059.97254
2024-09-26,2024-09-26,611000.20787052,39687848467.87557
2024-09-27,2024-09-27,608540.64658972,40063522754.04387
2024-09-28,2024-09-28,609217.91308587,40164573543.81593
2024-09-29,2024-09-29,609510.11182014,39998361723.82674
2024-09-30,2024-09-30,612048.73699294,38759817649.62886
2024-10-01,2024-10-01,617180.60258078,37611181838.55862
2024-10-02,2024-10-02,618565.05803931,37552970521.07788
2024-10-03,2024-10-03,619971.7529232,37674330308.4656
2024-10-04,2024-10-04,619082.47816007,38416288053.68905
2024-10-05,2024-10-05,617918.60995818,38366985171.343864
2024-10-06,2024-10-06,616469.69111647,38726058897.76808
2024-10-07,2024-10-07,613745.06701426,38290161619.189316
2024-10-08,2024-10-08,615107.0526509,38221654587.33565
2024-10-09,2024-10-09,617041.28374106,37390819376.52232
2024-10-10,2024-10-10,618451.99782762,37232467360.248215
2024-10-11,2024-10-11,614454.54359604,38375234952.69873
2024-10-12,2024-10-12,612838.10120658,38798962419.84776
2024-10-13,2024-10-13,612427.76333165,38498960617.551346
2024-10-14,2024-10-14,613454.76427439,40569424217.23391
2024-10-15,2024-10-15,610697.24956224,40943826691.84572
2024-10-16,2024-10-16,610552.68249929,41348949581.66728
2024-10-17,2024-10-17,613894.65970264,41349371089.39114
2024-10-18,2024-10-18,610724.45663516,41809321324.85807
2024-10-19,2024-10-19,611327.1559212,41790989621.316345
2024-10-20,2024-10-20,611243.78754822,42119990545.25187
2024-10-21,2024-10-21,613068.04974108,41326258299.31575
2024-10-22,2024-10-22,614635.12002684,41462906808.773735
2024-10-23,2024-10-23,616468.72883026,41064076444.79876
2024-10-24,2024-10-24,614333.01184114,41870928256.18389
2024-10-25,2024-10-25,613290.17373978,40626035916.90003
2024-10-26,2024-10-26,614186.4553328,41161628786.07837
2024-10-27,2024-10-27,615845.00290731,41842674846.87074
2024-10-28,2024-10-28,614770.48776253,42978160977.05218
2024-10-29,2024-10-29,617685.8409799,44899464261.18828
2024-10-30,2024-10-30,615603.73498657,44664696277.29516
2024-10-31,2024-10-31,619279.65081938,43490653982.3759
2024-11-01,2024-11-01,622227.04238775,43217838142.47619
2024-11-02,2024-11-02,621820.65037901,43030709503.049675
2024-11-03,2024-11-03,624231.13428843,42887574903.15732
2024-11-04,2024-11-04,628080.63641286,42634336389.74242
2024-11-05,2024-11-05,628504.94850506,43601649109.51898
2024-11-06,2024-11-06,619110.80024555,46832325583.19667
2024-11-07,2024-11-07,614500.87342109,46742701968.26706
2024-11-08,2024-11-08,607837.06897613,46521533860.35716
2024-11-09,2024-11-09,608431.81362935,46659347079.05422
2024-11-10,2024-11-10,610312.84901616,49073849304.394165
2024-11-11,2024-11-11,610013.22760104,54042514689.325806
2024-11-12,2024-11-12,611889.09249361,54089815204.00819
2024-11-13,2024-11-13,609930.2226326,55216247614.881744
2024-11-14,2024-11-14,612594.31547559,53529523748.86314
2024-11-15,2024-11-15,612067.24961472,55657709289.35114
2024-11-16,2024-11-16,613764.00113288,55590223276.3994
2024-11-17,2024-11-17,615149.34590809,55248423456.197655
2024-11-18,2024-11-18,615812.44725966,55751320868.7219
2024-11-19,2024-11-19,612560.2880318,56524359028.077896
2024-11-20,2024-11-20,605785.21711749,57056716082.59312
2024-11-21,2024-11-21,605599.47849636,59652788834.769775
2024-11-22,2024-11-22,599455.80387122,59225800224.13332
2024-11-23,2024-11-23,601218.01391808,58669767543.24924
2024-11-24,2024-11-24,601903.31891211,58807040310.567825
2024-11-25,2024-11-25,604762.21638471,56363573301.15347
2024-11-26,2024-11-26,607514.53473381,55891442298.07659
2024-11-27,2024-11-27,601508.80880363,57829085374.51193
2024-11-28,2024-11-28,600694.36078669,57446871339.1383
2024-11-29,2024-11-29,597379.90954024,58210917029.841545
